trigger,trigger_name,alpha,scenario,round,station_id,name,initial_load,load,capacity,load_ratio,overloaded,closes_next_round
56,Perth Stn,0.0,rail_only,0,1,North Fremantle Stn,169.0,29.0,169.0,0.17159763313609466,False,False
56,Perth Stn,0.0,rail_only,0,100,Warwick Stn,835.0,659.0,835.0,0.7892215568862275,False,False
56,Perth Stn,0.0,rail_only,0,101,Wellard Stn,409.0,329.0,409.0,0.80440097799511,False,False
56,Perth Stn,0.0,rail_only,0,102,Whitfords Stn,701.0,557.0,701.0,0.7945791726105563,False,False
56,Perth Stn,0.0,rail_only,0,12,Queens Park Stn,961.0,1203.0,961.0,1.2518210197710717,True,True
56,Perth Stn,0.0,rail_only,0,133,Butler Stn,331.0,267.0,331.0,0.8066465256797583,False,False
56,Perth Stn,0.0,rail_only,0,135,Elizabeth Quay Stn,721.0,917.0,721.0,1.2718446601941749,True,True
56,Perth Stn,0.0,rail_only,0,138,Aubin Grove Stn,559.0,447.0,559.0,0.7996422182468694,False,False
56,Perth Stn,0.0,rail_only,0,140,Perth Stadium Stn,1140.0,1103.0,1140.0,0.9675438596491228,False,False
56,Perth Stn,0.0,rail_only,0,147,Redcliffe Stn,251.0,203.0,251.0,0.8087649402390438,False,False
56,Perth Stn,0.0,rail_only,0,148,Airport Central Stn,169.0,137.0,169.0,0.8106508875739645,False,False
56,Perth Stn,0.0,rail_only,0,149,High Wycombe Stn,85.0,69.0,85.0,0.8117647058823529,False,False
56,Perth Stn,0.0,rail_only,0,15,West Leederville Stn,1079.0,29.0,1079.0,0.026876737720111215,False,False
56,Perth Stn,0.0,rail_only,0,150,Lakelands Stn,169.0,137.0,169.0,0.8106508875739645,False,False
56,Perth Stn,0.0,rail_only,0,153,Alkimos Stn,251.0,203.0,251.0,0.8087649402390438,False,False
56,Perth Stn,0.0,rail_only,0,154,Eglinton Stn,169.0,137.0,169.0,0.8106508875739645,False,False
56,Perth Stn,0.0,rail_only,0,155,Yanchep Stn,85.0,69.0,85.0,0.8117647058823529,False,False
56,Perth Stn,0.0,rail_only,0,156,Morley Stn,409.0,329.0,409.0,0.80440097799511,False,False
56,Perth Stn,0.0,rail_only,0,157,Noranda Stn,331.0,267.0,331.0,0.8066465256797583,False,False
56,Perth Stn,0.0,rail_only,0,158,Ballajura Stn,251.0,203.0,251.0,0.8087649402390438,False,False
56,Perth Stn,0.0,rail_only,0,159,Whiteman Park Stn,169.0,137.0,169.0,0.8106508875739645,False,False
56,Perth Stn,0.0,rail_only,0,16,Showgrounds Stn,701.0,71.0,701.0,0.10128388017118402,False,False
56,Perth Stn,0.0,rail_only,0,160,Ellenbrook Stn,85.0,69.0,85.0,0.8117647058823529,False,False
56,Perth Stn,0.0,rail_only,0,162,Nicholson Rd Stn,313.0,1229.0,313.0,3.926517571884984,True,True
56,Perth Stn,0.0,rail_only,0,163,Ranford Rd Stn,266.0,1217.0,266.0,4.575187969924812,True,True
56,Perth Stn,0.0,rail_only,0,164,Byford Stn,85.0,69.0,85.0,0.8117647058823529,False,False
56,Perth Stn,0.0,rail_only,0,17,Shenton Park Stn,899.0,59.0,899.0,0.06562847608453838,False,False
56,Perth Stn,0.0,rail_only,0,19,Grant Street Stn,485.0,65.0,485.0,0.13402061855670103,False,False
56,Perth Stn,0.0,rail_only,0,2,Challis Stn,331.0,267.0,331.0,0.8066465256797583,False,False
56,Perth Stn,0.0,rail_only,0,22,Mciver Stn,1682.0,69.0,1682.0,0.04102259215219976,False,False
56,Perth Stn,0.0,rail_only,0,23,Bayswater Stn,1206.0,950.0,1206.0,0.7877280265339967,False,False
56,Perth Stn,0.0,rail_only,0,24,Guildford Stn,331.0,267.0,331.0,0.8066465256797583,False,False
56,Perth Stn,0.0,rail_only,0,26,East Perth Stn,1339.0,1019.0,1339.0,0.7610156833457804,False,False
56,Perth Stn,0.0,rail_only,0,28,Beckenham Stn,999.0,1508.0,999.0,1.5095095095095095,True,True
56,Perth Stn,0.0,rail_only,0,30,Claremont Stn,631.0,71.0,631.0,0.11251980982567353,False,False
56,Perth Stn,0.0,rail_only,0,31,City West Stn,1135.0,15.0,1135.0,0.013215859030837005,False,False
56,Perth Stn,0.0,rail_only,0,32,Victoria Street Stn,251.0,41.0,251.0,0.16334661354581673,False,False
56,Perth Stn,0.0,rail_only,0,33,Burswood Stn,1108.0,1127.0,1108.0,1.0171480144404332,True,True
56,Perth Stn,0.0,rail_only,0,34,Success Hill Stn,409.0,329.0,409.0,0.80440097799511,False,False
56,Perth Stn,0.0,rail_only,0,36,Daglish Stn,961.0,51.0,961.0,0.053069719042663895,False,False
56,Perth Stn,0.0,rail_only,0,37,Meltham Stn,1189.0,917.0,1189.0,0.7712363330529857,False,False
56,Perth Stn,0.0,rail_only,0,38,Swanbourne Stn,559.0,69.0,559.0,0.12343470483005367,False,False
56,Perth Stn,0.0,rail_only,0,39,Bassendean Stn,485.0,389.0,485.0,0.8020618556701031,False,False
56,Perth Stn,0.0,rail_only,0,4,Currambine Stn,485.0,389.0,485.0,0.8020618556701031,False,False
56,Perth Stn,0.0,rail_only,0,41,Woodbridge Stn,169.0,137.0,169.0,0.8106508875739645,False,False
56,Perth Stn,0.0,rail_only,0,42,Loch Street Stn,769.0,69.0,769.0,0.08972691807542263,False,False
56,Perth Stn,0.0,rail_only,0,43,Armadale Stn,169.0,137.0,169.0,0.8106508875739645,False,False
56,Perth Stn,0.0,rail_only,0,44,Mt Lawley Stn,1291.0,987.0,1291.0,0.7645236250968241,False,False
56,Perth Stn,0.0,rail_only,0,46,Edgewater Stn,631.0,503.0,631.0,0.7971473851030111,False,False
56,Perth Stn,0.0,rail_only,0,48,Victoria Park Stn,1074.0,1149.0,1074.0,1.0698324022346368,True,True
56,Perth Stn,0.0,rail_only,0,49,Maylands Stn,1241.0,953.0,1241.0,0.7679290894439967,False,False
56,Perth Stn,0.0,rail_only,0,5,Mosman Park Stn,331.0,51.0,331.0,0.1540785498489426,False,False
56,Perth Stn,0.0,rail_only,0,50,Cottesloe Stn,409.0,59.0,409.0,0.14425427872860636,False,False
56,Perth Stn,0.0,rail_only,0,58,Carlisle Stn,1038.0,1169.0,1038.0,1.1262042389210019,True,True
56,Perth Stn,0.0,rail_only,0,59,East Guildford Stn,251.0,203.0,251.0,0.8087649402390438,False,False
56,Perth Stn,0.0,rail_only,0,6,Subiaco Stn,1021.0,41.0,1021.0,0.040156709108716944,False,False
56,Perth Stn,0.0,rail_only,0,64,Perth Underground Stn,1535.0,892.0,1535.0,0.5811074918566775,False,False
56,Perth Stn,0.0,rail_only,0,66,Sherwood Stn,251.0,203.0,251.0,0.8087649402390438,False,False
56,Perth Stn,0.0,rail_only,0,67,Seaforth Stn,485.0,389.0,485.0,0.8020618556701031,False,False
56,Perth Stn,0.0,rail_only,0,68,Maddington Stn,631.0,503.0,631.0,0.7971473851030111,False,False
56,Perth Stn,0.0,rail_only,0,7,Ashfield Stn,559.0,447.0,559.0,0.7996422182468694,False,False
56,Perth Stn,0.0,rail_only,0,72,Claisebrook Stn,2078.0,1097.0,2078.0,0.5279114533205005,False,False
56,Perth Stn,0.0,rail_only,0,73,Oats Street Stn,1000.0,1187.0,1000.0,1.187,True,True
56,Perth Stn,0.0,rail_only,0,74,Warnbro Stn,251.0,203.0,251.0,0.8087649402390438,False,False
56,Perth Stn,0.0,rail_only,0,76,Karrakatta Stn,835.0,65.0,835.0,0.07784431137724551,False,False
56,Perth Stn,0.0,rail_only,0,8,Leederville Stn,1021.0,797.0,1021.0,0.7806072477962782,False,False
56,Perth Stn,0.0,rail_only,0,82,Bull Creek Stn,612.0,987.0,612.0,1.6127450980392157,True,True
56,Perth Stn,0.0,rail_only,0,83,Canning Bridge Stn,661.0,953.0,661.0,1.4417549167927384,True,True
56,Perth Stn,0.0,rail_only,0,84,Cannington Stn,922.0,1217.0,922.0,1.3199566160520608,True,True
56,Perth Stn,0.0,rail_only,0,85,Clarkson Stn,409.0,329.0,409.0,0.80440097799511,False,False
56,Perth Stn,0.0,rail_only,0,86,Cockburn Central Stn,678.0,1343.0,678.0,1.980825958702065,True,True
56,Perth Stn,0.0,rail_only,0,87,Fremantle Stn,85.0,15.0,85.0,0.17647058823529413,False,False
56,Perth Stn,0.0,rail_only,0,88,Glendalough Stn,961.0,753.0,961.0,0.7835587929240374,False,False
56,Perth Stn,0.0,rail_only,0,89,Gosnells Stn,559.0,447.0,559.0,0.7996422182468694,False,False
56,Perth Stn,0.0,rail_only,0,9,Greenwood Stn,769.0,609.0,769.0,0.7919375812743823,False,False
56,Perth Stn,0.0,rail_only,0,90,Joondalup Stn,559.0,447.0,559.0,0.7996422182468694,False,False
56,Perth Stn,0.0,rail_only,0,91,Kelmscott Stn,409.0,329.0,409.0,0.80440097799511,False,False
56,Perth Stn,0.0,rail_only,0,92,Kenwick Stn,701.0,557.0,701.0,0.7945791726105563,False,False
56,Perth Stn,0.0,rail_only,0,93,Kwinana Stn,485.0,389.0,485.0,0.8020618556701031,False,False
56,Perth Stn,0.0,rail_only,0,94,Mandurah Stn,85.0,69.0,85.0,0.8117647058823529,False,False
56,Perth Stn,0.0,rail_only,0,95,Midland Stn,85.0,69.0,85.0,0.8117647058823529,False,False
56,Perth Stn,0.0,rail_only,0,96,Murdoch Stn,573.0,1019.0,573.0,1.7783595113438044,True,True
56,Perth Stn,0.0,rail_only,0,97,Rockingham Stn,331.0,267.0,331.0,0.8066465256797583,False,False
56,Perth Stn,0.0,rail_only,0,98,Stirling Stn,899.0,707.0,899.0,0.7864293659621802,False,False
56,Perth Stn,0.0,rail_only,0,99,Thornlie Stn,373.0,1239.0,373.0,3.32171581769437,True,True
56,Perth Stn,0.0,rail_only,1,1,North Fremantle Stn,169.0,29.0,169.0,0.17159763313609466,False,False
56,Perth Stn,0.0,rail_only,1,100,Warwick Stn,835.0,65.0,835.0,0.07784431137724551,False,False
56,Perth Stn,0.0,rail_only,1,101,Wellard Stn,409.0,14.0,409.0,0.034229828850855744,False,False
56,Perth Stn,0.0,rail_only,1,102,Whitfords Stn,701.0,71.0,701.0,0.10128388017118402,False,False
56,Perth Stn,0.0,rail_only,1,133,Butler Stn,331.0,51.0,331.0,0.1540785498489426,False,False
56,Perth Stn,0.0,rail_only,1,138,Aubin Grove Stn,559.0,6.0,559.0,0.01073345259391771,False,False
56,Perth Stn,0.0,rail_only,1,140,Perth Stadium Stn,1140.0,22.0,1140.0,0.01929824561403509,False,False
56,Perth Stn,0.0,rail_only,1,147,Redcliffe Stn,251.0,62.0,251.0,0.24701195219123506,False,False
56,Perth Stn,0.0,rail_only,1,148,Airport Central Stn,169.0,43.0,169.0,0.25443786982248523,False,False
56,Perth Stn,0.0,rail_only,1,149,High Wycombe Stn,85.0,22.0,85.0,0.25882352941176473,False,False
56,Perth Stn,0.0,rail_only,1,15,West Leederville Stn,1079.0,29.0,1079.0,0.026876737720111215,False,False
56,Perth Stn,0.0,rail_only,1,150,Lakelands Stn,169.0,11.0,169.0,0.0650887573964497,False,False
56,Perth Stn,0.0,rail_only,1,153,Alkimos Stn,251.0,41.0,251.0,0.16334661354581673,False,False
56,Perth Stn,0.0,rail_only,1,154,Eglinton Stn,169.0,29.0,169.0,0.17159763313609466,False,False
56,Perth Stn,0.0,rail_only,1,155,Yanchep Stn,85.0,15.0,85.0,0.17647058823529413,False,False
56,Perth Stn,0.0,rail_only,1,156,Morley Stn,409.0,94.0,409.0,0.22982885085574573,False,False
56,Perth Stn,0.0,rail_only,1,157,Noranda Stn,331.0,79.0,331.0,0.23867069486404835,False,False
56,Perth Stn,0.0,rail_only,1,158,Ballajura Stn,251.0,62.0,251.0,0.24701195219123506,False,False
56,Perth Stn,0.0,rail_only,1,159,Whiteman Park Stn,169.0,43.0,169.0,0.25443786982248523,False,False
56,Perth Stn,0.0,rail_only,1,16,Showgrounds Stn,701.0,71.0,701.0,0.10128388017118402,False,False
56,Perth Stn,0.0,rail_only,1,160,Ellenbrook Stn,85.0,22.0,85.0,0.25882352941176473,False,False
56,Perth Stn,0.0,rail_only,1,164,Byford Stn,85.0,8.0,85.0,0.09411764705882353,False,False
56,Perth Stn,0.0,rail_only,1,17,Shenton Park Stn,899.0,59.0,899.0,0.06562847608453838,False,False
56,Perth Stn,0.0,rail_only,1,19,Grant Street Stn,485.0,65.0,485.0,0.13402061855670103,False,False
56,Perth Stn,0.0,rail_only,1,2,Challis Stn,331.0,23.0,331.0,0.06948640483383686,False,False
56,Perth Stn,0.0,rail_only,1,22,Mciver Stn,1682.0,22.0,1682.0,0.013079667063020214,False,False
56,Perth Stn,0.0,rail_only,1,23,Bayswater Stn,1206.0,198.0,1206.0,0.16417910447761194,False,False
56,Perth Stn,0.0,rail_only,1,24,Guildford Stn,331.0,79.0,331.0,0.23867069486404835,False,False
56,Perth Stn,0.0,rail_only,1,26,East Perth Stn,1339.0,79.0,1339.0,0.05899925317401045,False,False
56,Perth Stn,0.0,rail_only,1,30,Claremont Stn,631.0,71.0,631.0,0.11251980982567353,False,False
56,Perth Stn,0.0,rail_only,1,31,City West Stn,1135.0,15.0,1135.0,0.013215859030837005,False,False
56,Perth Stn,0.0,rail_only,1,32,Victoria Street Stn,251.0,41.0,251.0,0.16334661354581673,False,False
56,Perth Stn,0.0,rail_only,1,34,Success Hill Stn,409.0,94.0,409.0,0.22982885085574573,False,False
56,Perth Stn,0.0,rail_only,1,36,Daglish Stn,961.0,51.0,961.0,0.053069719042663895,False,False
56,Perth Stn,0.0,rail_only,1,37,Meltham Stn,1189.0,118.0,1189.0,0.0992430613961312,False,False
56,Perth Stn,0.0,rail_only,1,38,Swanbourne Stn,559.0,69.0,559.0,0.12343470483005367,False,False
56,Perth Stn,0.0,rail_only,1,39,Bassendean Stn,485.0,107.0,485.0,0.22061855670103092,False,False
56,Perth Stn,0.0,rail_only,1,4,Currambine Stn,485.0,65.0,485.0,0.13402061855670103,False,False
56,Perth Stn,0.0,rail_only,1,41,Woodbridge Stn,169.0,43.0,169.0,0.25443786982248523,False,False
56,Perth Stn,0.0,rail_only,1,42,Loch Street Stn,769.0,69.0,769.0,0.08972691807542263,False,False
56,Perth Stn,0.0,rail_only,1,43,Armadale Stn,169.0,15.0,169.0,0.08875739644970414,False,False
56,Perth Stn,0.0,rail_only,1,44,Mt Lawley Stn,1291.0,94.0,1291.0,0.07281177381874517,False,False
56,Perth Stn,0.0,rail_only,1,46,Edgewater Stn,631.0,71.0,631.0,0.11251980982567353,False,False
56,Perth Stn,0.0,rail_only,1,49,Maylands Stn,1241.0,107.0,1241.0,0.0862207896857373,False,False
56,Perth Stn,0.0,rail_only,1,5,Mosman Park Stn,331.0,51.0,331.0,0.1540785498489426,False,False
56,Perth Stn,0.0,rail_only,1,50,Cottesloe Stn,409.0,59.0,409.0,0.14425427872860636,False,False
56,Perth Stn,0.0,rail_only,1,59,East Guildford Stn,251.0,62.0,251.0,0.24701195219123506,False,False
56,Perth Stn,0.0,rail_only,1,6,Subiaco Stn,1021.0,41.0,1021.0,0.040156709108716944,False,False
56,Perth Stn,0.0,rail_only,1,64,Perth Underground Stn,1535.0,28.0,1535.0,0.018241042345276872,False,False
56,Perth Stn,0.0,rail_only,1,66,Sherwood Stn,251.0,20.0,251.0,0.0796812749003984,False,False
56,Perth Stn,0.0,rail_only,1,67,Seaforth Stn,485.0,23.0,485.0,0.04742268041237113,False,False
56,Perth Stn,0.0,rail_only,1,68,Maddington Stn,631.0,15.0,631.0,0.02377179080824089,False,False
56,Perth Stn,0.0,rail_only,1,7,Ashfield Stn,559.0,118.0,559.0,0.2110912343470483,False,False
56,Perth Stn,0.0,rail_only,1,72,Claisebrook Stn,2078.0,63.0,2078.0,0.030317613089509143,False,False
56,Perth Stn,0.0,rail_only,1,74,Warnbro Stn,251.0,14.0,251.0,0.055776892430278883,False,False
56,Perth Stn,0.0,rail_only,1,76,Karrakatta Stn,835.0,65.0,835.0,0.07784431137724551,False,False
56,Perth Stn,0.0,rail_only,1,8,Leederville Stn,1021.0,41.0,1021.0,0.040156709108716944,False,False
56,Perth Stn,0.0,rail_only,1,85,Clarkson Stn,409.0,59.0,409.0,0.14425427872860636,False,False
56,Perth Stn,0.0,rail_only,1,87,Fremantle Stn,85.0,15.0,85.0,0.17647058823529413,False,False
56,Perth Stn,0.0,rail_only,1,88,Glendalough Stn,961.0,51.0,961.0,0.053069719042663895,False,False
56,Perth Stn,0.0,rail_only,1,89,Gosnells Stn,559.0,20.0,559.0,0.03577817531305903,False,False
56,Perth Stn,0.0,rail_only,1,9,Greenwood Stn,769.0,69.0,769.0,0.08972691807542263,False,False
56,Perth Stn,0.0,rail_only,1,90,Joondalup Stn,559.0,69.0,559.0,0.12343470483005367,False,False
56,Perth Stn,0.0,rail_only,1,91,Kelmscott Stn,409.0,24.0,409.0,0.05867970660146699,False,False
56,Perth Stn,0.0,rail_only,1,92,Kenwick Stn,701.0,8.0,701.0,0.011412268188302425,False,False
56,Perth Stn,0.0,rail_only,1,93,Kwinana Stn,485.0,11.0,485.0,0.02268041237113402,False,False
56,Perth Stn,0.0,rail_only,1,94,Mandurah Stn,85.0,6.0,85.0,0.07058823529411765,False,False
56,Perth Stn,0.0,rail_only,1,95,Midland Stn,85.0,22.0,85.0,0.25882352941176473,False,False
56,Perth Stn,0.0,rail_only,1,97,Rockingham Stn,331.0,15.0,331.0,0.045317220543806644,False,False
56,Perth Stn,0.0,rail_only,1,98,Stirling Stn,899.0,59.0,899.0,0.06562847608453838,False,False
56,Perth Stn,0.0,manual_bus,0,1,North Fremantle Stn,169.0,29.0,169.0,0.17159763313609466,False,False
56,Perth Stn,0.0,manual_bus,0,100,Warwick Stn,835.0,659.0,835.0,0.7892215568862275,False,False
56,Perth Stn,0.0,manual_bus,0,101,Wellard Stn,409.0,329.0,409.0,0.80440097799511,False,False
56,Perth Stn,0.0,manual_bus,0,102,Whitfords Stn,701.0,557.0,701.0,0.7945791726105563,False,False
56,Perth Stn,0.0,manual_bus,0,12,Queens Park Stn,961.0,727.0,961.0,0.7565036420395421,False,False
56,Perth Stn,0.0,manual_bus,0,133,Butler Stn,331.0,267.0,331.0,0.8066465256797583,False,False
56,Perth Stn,0.0,manual_bus,0,135,Elizabeth Quay Stn,721.0,476.0,721.0,0.6601941747572816,False,False
56,Perth Stn,0.0,manual_bus,0,138,Aubin Grove Stn,559.0,447.0,559.0,0.7996422182468694,False,False
56,Perth Stn,0.0,manual_bus,0,140,Perth Stadium Stn,1140.0,730.0,1140.0,0.6403508771929824,False,False
56,Perth Stn,0.0,manual_bus,0,147,Redcliffe Stn,251.0,203.0,251.0,0.8087649402390438,False,False
56,Perth Stn,0.0,manual_bus,0,148,Airport Central Stn,169.0,137.0,169.0,0.8106508875739645,False,False
56,Perth Stn,0.0,manual_bus,0,149,High Wycombe Stn,85.0,69.0,85.0,0.8117647058823529,False,False
56,Perth Stn,0.0,manual_bus,0,15,West Leederville Stn,1079.0,29.0,1079.0,0.026876737720111215,False,False
56,Perth Stn,0.0,manual_bus,0,150,Lakelands Stn,169.0,137.0,169.0,0.8106508875739645,False,False
56,Perth Stn,0.0,manual_bus,0,153,Alkimos Stn,251.0,203.0,251.0,0.8087649402390438,False,False
56,Perth Stn,0.0,manual_bus,0,154,Eglinton Stn,169.0,137.0,169.0,0.8106508875739645,False,False
56,Perth Stn,0.0,manual_bus,0,155,Yanchep Stn,85.0,69.0,85.0,0.8117647058823529,False,False
56,Perth Stn,0.0,manual_bus,0,156,Morley Stn,409.0,329.0,409.0,0.80440097799511,False,False
56,Perth Stn,0.0,manual_bus,0,157,Noranda Stn,331.0,267.0,331.0,0.8066465256797583,False,False
56,Perth Stn,0.0,manual_bus,0,158,Ballajura Stn,251.0,203.0,251.0,0.8087649402390438,False,False
56,Perth Stn,0.0,manual_bus,0,159,Whiteman Park Stn,169.0,137.0,169.0,0.8106508875739645,False,False
56,Perth Stn,0.0,manual_bus,0,16,Showgrounds Stn,701.0,71.0,701.0,0.10128388017118402,False,False
56,Perth Stn,0.0,manual_bus,0,160,Ellenbrook Stn,85.0,69.0,85.0,0.8117647058823529,False,False
56,Perth Stn,0.0,manual_bus,0,162,Nicholson Rd Stn,313.0,684.0,313.0,2.1853035143769968,True,True
56,Perth Stn,0.0,manual_bus,0,163,Ranford Rd Stn,266.0,672.0,266.0,2.526315789473684,True,True
56,Perth Stn,0.0,manual_bus,0,164,Byford Stn,85.0,69.0,85.0,0.8117647058823529,False,False
56,Perth Stn,0.0,manual_bus,0,17,Shenton Park Stn,899.0,59.0,899.0,0.06562847608453838,False,False
56,Perth Stn,0.0,manual_bus,0,19,Grant Street Stn,485.0,65.0,485.0,0.13402061855670103,False,False
56,Perth Stn,0.0,manual_bus,0,2,Challis Stn,331.0,267.0,331.0,0.8066465256797583,False,False
56,Perth Stn,0.0,manual_bus,0,22,Mciver Stn,1682.0,69.0,1682.0,0.04102259215219976,False,False
56,Perth Stn,0.0,manual_bus,0,23,Bayswater Stn,1206.0,1000.0,1206.0,0.8291873963515755,False,False
56,Perth Stn,0.0,manual_bus,0,24,Guildford Stn,331.0,267.0,331.0,0.8066465256797583,False,False
56,Perth Stn,0.0,manual_bus,0,26,East Perth Stn,1339.0,663.0,1339.0,0.49514563106796117,False,False
56,Perth Stn,0.0,manual_bus,0,28,Beckenham Stn,999.0,973.0,999.0,0.973973973973974,False,False
56,Perth Stn,0.0,manual_bus,0,30,Claremont Stn,631.0,71.0,631.0,0.11251980982567353,False,False
56,Perth Stn,0.0,manual_bus,0,31,City West Stn,1135.0,15.0,1135.0,0.013215859030837005,False,False
56,Perth Stn,0.0,manual_bus,0,32,Victoria Street Stn,251.0,41.0,251.0,0.16334661354581673,False,False
56,Perth Stn,0.0,manual_bus,0,33,Burswood Stn,1108.0,754.0,1108.0,0.6805054151624549,False,False
56,Perth Stn,0.0,manual_bus,0,34,Success Hill Stn,409.0,329.0,409.0,0.80440097799511,False,False
56,Perth Stn,0.0,manual_bus,0,36,Daglish Stn,961.0,51.0,961.0,0.053069719042663895,False,False
56,Perth Stn,0.0,manual_bus,0,37,Meltham Stn,1189.0,664.0,1189.0,0.5584524810765349,False,False
56,Perth Stn,0.0,manual_bus,0,38,Swanbourne Stn,559.0,69.0,559.0,0.12343470483005367,False,False
56,Perth Stn,0.0,manual_bus,0,39,Bassendean Stn,485.0,389.0,485.0,0.8020618556701031,False,False
56,Perth Stn,0.0,manual_bus,0,4,Currambine Stn,485.0,389.0,485.0,0.8020618556701031,False,False
56,Perth Stn,0.0,manual_bus,0,41,Woodbridge Stn,169.0,137.0,169.0,0.8106508875739645,False,False
56,Perth Stn,0.0,manual_bus,0,42,Loch Street Stn,769.0,69.0,769.0,0.08972691807542263,False,False
56,Perth Stn,0.0,manual_bus,0,43,Armadale Stn,169.0,137.0,169.0,0.8106508875739645,False,False
56,Perth Stn,0.0,manual_bus,0,44,Mt Lawley Stn,1291.0,665.0,1291.0,0.5151045701006971,False,False
56,Perth Stn,0.0,manual_bus,0,46,Edgewater Stn,631.0,503.0,631.0,0.7971473851030111,False,False
56,Perth Stn,0.0,manual_bus,0,48,Victoria Park Stn,1074.0,836.0,1074.0,0.7783985102420856,False,False
56,Perth Stn,0.0,manual_bus,0,49,Maylands Stn,1241.0,665.0,1241.0,0.5358581788879936,False,False
56,Perth Stn,0.0,manual_bus,0,5,Mosman Park Stn,331.0,51.0,331.0,0.1540785498489426,False,False
56,Perth Stn,0.0,manual_bus,0,50,Cottesloe Stn,409.0,59.0,409.0,0.14425427872860636,False,False
56,Perth Stn,0.0,manual_bus,0,58,Carlisle Stn,1038.0,771.0,1038.0,0.7427745664739884,False,False
56,Perth Stn,0.0,manual_bus,0,59,East Guildford Stn,251.0,203.0,251.0,0.8087649402390438,False,False
56,Perth Stn,0.0,manual_bus,0,6,Subiaco Stn,1021.0,41.0,1021.0,0.040156709108716944,False,False
56,Perth Stn,0.0,manual_bus,0,64,Perth Underground Stn,1535.0,885.0,1535.0,0.5765472312703583,False,False
56,Perth Stn,0.0,manual_bus,0,66,Sherwood Stn,251.0,203.0,251.0,0.8087649402390438,False,False
56,Perth Stn,0.0,manual_bus,0,67,Seaforth Stn,485.0,389.0,485.0,0.8020618556701031,False,False
56,Perth Stn,0.0,manual_bus,0,68,Maddington Stn,631.0,503.0,631.0,0.7971473851030111,False,False
56,Perth Stn,0.0,manual_bus,0,7,Ashfield Stn,559.0,447.0,559.0,0.7996422182468694,False,False
56,Perth Stn,0.0,manual_bus,0,72,Claisebrook Stn,2078.0,724.0,2078.0,0.3484119345524543,False,False
56,Perth Stn,0.0,manual_bus,0,73,Oats Street Stn,1000.0,754.0,1000.0,0.754,False,False
56,Perth Stn,0.0,manual_bus,0,74,Warnbro Stn,251.0,203.0,251.0,0.8087649402390438,False,False
56,Perth Stn,0.0,manual_bus,0,76,Karrakatta Stn,835.0,65.0,835.0,0.07784431137724551,False,False
56,Perth Stn,0.0,manual_bus,0,8,Leederville Stn,1021.0,797.0,1021.0,0.7806072477962782,False,False
56,Perth Stn,0.0,manual_bus,0,82,Bull Creek Stn,612.0,458.0,612.0,0.7483660130718954,False,False
56,Perth Stn,0.0,manual_bus,0,83,Canning Bridge Stn,661.0,457.0,661.0,0.6913767019667171,False,False
56,Perth Stn,0.0,manual_bus,0,84,Cannington Stn,922.0,708.0,922.0,0.7678958785249458,False,False
56,Perth Stn,0.0,manual_bus,0,85,Clarkson Stn,409.0,329.0,409.0,0.80440097799511,False,False
56,Perth Stn,0.0,manual_bus,0,86,Cockburn Central Stn,678.0,798.0,678.0,1.176991150442478,True,True
56,Perth Stn,0.0,manual_bus,0,87,Fremantle Stn,85.0,15.0,85.0,0.17647058823529413,False,False
56,Perth Stn,0.0,manual_bus,0,88,Glendalough Stn,961.0,753.0,961.0,0.7835587929240374,False,False
56,Perth Stn,0.0,manual_bus,0,89,Gosnells Stn,559.0,447.0,559.0,0.7996422182468694,False,False
56,Perth Stn,0.0,manual_bus,0,9,Greenwood Stn,769.0,609.0,769.0,0.7919375812743823,False,False
56,Perth Stn,0.0,manual_bus,0,90,Joondalup Stn,559.0,447.0,559.0,0.7996422182468694,False,False
56,Perth Stn,0.0,manual_bus,0,91,Kelmscott Stn,409.0,329.0,409.0,0.80440097799511,False,False
56,Perth Stn,0.0,manual_bus,0,92,Kenwick Stn,701.0,557.0,701.0,0.7945791726105563,False,False
56,Perth Stn,0.0,manual_bus,0,93,Kwinana Stn,485.0,389.0,485.0,0.8020618556701031,False,False
56,Perth Stn,0.0,manual_bus,0,94,Mandurah Stn,85.0,69.0,85.0,0.8117647058823529,False,False
56,Perth Stn,0.0,manual_bus,0,95,Midland Stn,85.0,69.0,85.0,0.8117647058823529,False,False
56,Perth Stn,0.0,manual_bus,0,96,Murdoch Stn,573.0,474.0,573.0,0.8272251308900523,False,False
56,Perth Stn,0.0,manual_bus,0,97,Rockingham Stn,331.0,267.0,331.0,0.8066465256797583,False,False
56,Perth Stn,0.0,manual_bus,0,98,Stirling Stn,899.0,707.0,899.0,0.7864293659621802,False,False
56,Perth Stn,0.0,manual_bus,0,99,Thornlie Stn,373.0,694.0,373.0,1.8605898123324396,True,True
56,Perth Stn,0.0,manual_bus,1,1,North Fremantle Stn,169.0,29.0,169.0,0.17159763313609466,False,False
56,Perth Stn,0.0,manual_bus,1,100,Warwick Stn,835.0,538.0,835.0,0.644311377245509,False,False
56,Perth Stn,0.0,manual_bus,1,101,Wellard Stn,409.0,14.0,409.0,0.034229828850855744,False,False
56,Perth Stn,0.0,manual_bus,1,102,Whitfords Stn,701.0,458.0,701.0,0.6533523537803139,False,False
56,Perth Stn,0.0,manual_bus,1,12,Queens Park Stn,961.0,575.0,961.0,0.5983350676378772,False,False
56,Perth Stn,0.0,manual_bus,1,133,Butler Stn,331.0,223.0,331.0,0.6737160120845922,False,False
56,Perth Stn,0.0,manual_bus,1,135,Elizabeth Quay Stn,721.0,159.0,721.0,0.22052704576976423,False,False
56,Perth Stn,0.0,manual_bus,1,138,Aubin Grove Stn,559.0,6.0,559.0,0.01073345259391771,False,False
56,Perth Stn,0.0,manual_bus,1,140,Perth Stadium Stn,1140.0,457.0,1140.0,0.40087719298245617,False,False
56,Perth Stn,0.0,manual_bus,1,147,Redcliffe Stn,251.0,170.0,251.0,0.6772908366533864,False,False
56,Perth Stn,0.0,manual_bus,1,148,Airport Central Stn,169.0,115.0,169.0,0.6804733727810651,False,False
56,Perth Stn,0.0,manual_bus,1,149,High Wycombe Stn,85.0,58.0,85.0,0.6823529411764706,False,False
56,Perth Stn,0.0,manual_bus,1,15,West Leederville Stn,1079.0,29.0,1079.0,0.026876737720111215,False,False
56,Perth Stn,0.0,manual_bus,1,150,Lakelands Stn,169.0,11.0,169.0,0.0650887573964497,False,False
56,Perth Stn,0.0,manual_bus,1,153,Alkimos Stn,251.0,170.0,251.0,0.6772908366533864,False,False
56,Perth Stn,0.0,manual_bus,1,154,Eglinton Stn,169.0,115.0,169.0,0.6804733727810651,False,False
56,Perth Stn,0.0,manual_bus,1,155,Yanchep Stn,85.0,58.0,85.0,0.6823529411764706,False,False
56,Perth Stn,0.0,manual_bus,1,156,Morley Stn,409.0,274.0,409.0,0.6699266503667481,False,False
56,Perth Stn,0.0,manual_bus,1,157,Noranda Stn,331.0,223.0,331.0,0.6737160120845922,False,False
56,Perth Stn,0.0,manual_bus,1,158,Ballajura Stn,251.0,170.0,251.0,0.6772908366533864,False,False
56,Perth Stn,0.0,manual_bus,1,159,Whiteman Park Stn,169.0,115.0,169.0,0.6804733727810651,False,False
56,Perth Stn,0.0,manual_bus,1,16,Showgrounds Stn,701.0,71.0,701.0,0.10128388017118402,False,False
56,Perth Stn,0.0,manual_bus,1,160,Ellenbrook Stn,85.0,58.0,85.0,0.6823529411764706,False,False
56,Perth Stn,0.0,manual_bus,1,164,Byford Stn,85.0,58.0,85.0,0.6823529411764706,False,False
56,Perth Stn,0.0,manual_bus,1,17,Shenton Park Stn,899.0,59.0,899.0,0.06562847608453838,False,False
56,Perth Stn,0.0,manual_bus,1,19,Grant Street Stn,485.0,65.0,485.0,0.13402061855670103,False,False
56,Perth Stn,0.0,manual_bus,1,2,Challis Stn,331.0,223.0,331.0,0.6737160120845922,False,False
56,Perth Stn,0.0,manual_bus,1,22,Mciver Stn,1682.0,58.0,1682.0,0.034482758620689655,False,False
56,Perth Stn,0.0,manual_bus,1,23,Bayswater Stn,1206.0,827.0,1206.0,0.685737976782753,False,False
56,Perth Stn,0.0,manual_bus,1,24,Guildford Stn,331.0,223.0,331.0,0.6737160120845922,False,False
56,Perth Stn,0.0,manual_bus,1,26,East Perth Stn,1339.0,423.0,1339.0,0.31590739357729647,False,False
56,Perth Stn,0.0,manual_bus,1,28,Beckenham Stn,999.0,499.0,999.0,0.4994994994994995,False,False
56,Perth Stn,0.0,manual_bus,1,30,Claremont Stn,631.0,71.0,631.0,0.11251980982567353,False,False
56,Perth Stn,0.0,manual_bus,1,31,City West Stn,1135.0,15.0,1135.0,0.013215859030837005,False,False
56,Perth Stn,0.0,manual_bus,1,32,Victoria Street Stn,251.0,41.0,251.0,0.16334661354581673,False,False
56,Perth Stn,0.0,manual_bus,1,33,Burswood Stn,1108.0,470.0,1108.0,0.42418772563176893,False,False
56,Perth Stn,0.0,manual_bus,1,34,Success Hill Stn,409.0,274.0,409.0,0.6699266503667481,False,False
56,Perth Stn,0.0,manual_bus,1,36,Daglish Stn,961.0,51.0,961.0,0.053069719042663895,False,False
56,Perth Stn,0.0,manual_bus,1,37,Meltham Stn,1189.0,463.0,1189.0,0.3894028595458368,False,False
56,Perth Stn,0.0,manual_bus,1,38,Swanbourne Stn,559.0,69.0,559.0,0.12343470483005367,False,False
56,Perth Stn,0.0,manual_bus,1,39,Bassendean Stn,485.0,323.0,485.0,0.6659793814432989,False,False
56,Perth Stn,0.0,manual_bus,1,4,Currambine Stn,485.0,323.0,485.0,0.6659793814432989,False,False
56,Perth Stn,0.0,manual_bus,1,41,Woodbridge Stn,169.0,115.0,169.0,0.6804733727810651,False,False
56,Perth Stn,0.0,manual_bus,1,42,Loch Street Stn,769.0,69.0,769.0,0.08972691807542263,False,False
56,Perth Stn,0.0,manual_bus,1,43,Armadale Stn,169.0,115.0,169.0,0.6804733727810651,False,False
56,Perth Stn,0.0,manual_bus,1,44,Mt Lawley Stn,1291.0,436.0,1291.0,0.337722695584818,False,False
56,Perth Stn,0.0,manual_bus,1,46,Edgewater Stn,631.0,415.0,631.0,0.6576862123613312,False,False
56,Perth Stn,0.0,manual_bus,1,48,Victoria Park Stn,1074.0,702.0,1074.0,0.6536312849162011,False,False
56,Perth Stn,0.0,manual_bus,1,49,Maylands Stn,1241.0,449.0,1241.0,0.36180499597099114,False,False
56,Perth Stn,0.0,manual_bus,1,5,Mosman Park Stn,331.0,51.0,331.0,0.1540785498489426,False,False
56,Perth Stn,0.0,manual_bus,1,50,Cottesloe Stn,409.0,59.0,409.0,0.14425427872860636,False,False
56,Perth Stn,0.0,manual_bus,1,58,Carlisle Stn,1038.0,626.0,1038.0,0.603082851637765,False,False
56,Perth Stn,0.0,manual_bus,1,59,East Guildford Stn,251.0,170.0,251.0,0.6772908366533864,False,False
56,Perth Stn,0.0,manual_bus,1,6,Subiaco Stn,1021.0,41.0,1021.0,0.040156709108716944,False,False
56,Perth Stn,0.0,manual_bus,1,64,Perth Underground Stn,1535.0,730.0,1535.0,0.4755700325732899,False,False
56,Perth Stn,0.0,manual_bus,1,66,Sherwood Stn,251.0,170.0,251.0,0.6772908366533864,False,False
56,Perth Stn,0.0,manual_bus,1,67,Seaforth Stn,485.0,323.0,485.0,0.6659793814432989,False,False
56,Perth Stn,0.0,manual_bus,1,68,Maddington Stn,631.0,415.0,631.0,0.6576862123613312,False,False
56,Perth Stn,0.0,manual_bus,1,7,Ashfield Stn,559.0,370.0,559.0,0.6618962432915921,False,False
56,Perth Stn,0.0,manual_bus,1,72,Claisebrook Stn,2078.0,462.0,2078.0,0.22232916265640038,False,False
56,Perth Stn,0.0,manual_bus,1,73,Oats Street Stn,1000.0,632.0,1000.0,0.632,False,False
56,Perth Stn,0.0,manual_bus,1,74,Warnbro Stn,251.0,14.0,251.0,0.055776892430278883,False,False
56,Perth Stn,0.0,manual_bus,1,76,Karrakatta Stn,835.0,65.0,835.0,0.07784431137724551,False,False
56,Perth Stn,0.0,manual_bus,1,8,Leederville Stn,1021.0,643.0,1021.0,0.6297747306562194,False,False
56,Perth Stn,0.0,manual_bus,1,82,Bull Creek Stn,612.0,115.0,612.0,0.18790849673202614,False,False
56,Perth Stn,0.0,manual_bus,1,83,Canning Bridge Stn,661.0,148.0,661.0,0.22390317700453857,False,False
56,Perth Stn,0.0,manual_bus,1,84,Cannington Stn,922.0,538.0,922.0,0.5835140997830802,False,False
56,Perth Stn,0.0,manual_bus,1,85,Clarkson Stn,409.0,274.0,409.0,0.6699266503667481,False,False
56,Perth Stn,0.0,manual_bus,1,87,Fremantle Stn,85.0,15.0,85.0,0.17647058823529413,False,False
56,Perth Stn,0.0,manual_bus,1,88,Glendalough Stn,961.0,610.0,961.0,0.6347554630593132,False,False
56,Perth Stn,0.0,manual_bus,1,89,Gosnells Stn,559.0,370.0,559.0,0.6618962432915921,False,False
56,Perth Stn,0.0,manual_bus,1,9,Greenwood Stn,769.0,499.0,769.0,0.6488946684005201,False,False
56,Perth Stn,0.0,manual_bus,1,90,Joondalup Stn,559.0,370.0,559.0,0.6618962432915921,False,False
56,Perth Stn,0.0,manual_bus,1,91,Kelmscott Stn,409.0,274.0,409.0,0.6699266503667481,False,False
56,Perth Stn,0.0,manual_bus,1,92,Kenwick Stn,701.0,458.0,701.0,0.6533523537803139,False,False
56,Perth Stn,0.0,manual_bus,1,93,Kwinana Stn,485.0,11.0,485.0,0.02268041237113402,False,False
56,Perth Stn,0.0,manual_bus,1,94,Mandurah Stn,85.0,6.0,85.0,0.07058823529411765,False,False
56,Perth Stn,0.0,manual_bus,1,95,Midland Stn,85.0,58.0,85.0,0.6823529411764706,False,False
56,Perth Stn,0.0,manual_bus,1,96,Murdoch Stn,573.0,58.0,573.0,0.1012216404886562,False,False
56,Perth Stn,0.0,manual_bus,1,97,Rockingham Stn,331.0,15.0,331.0,0.045317220543806644,False,False
56,Perth Stn,0.0,manual_bus,1,98,Stirling Stn,899.0,575.0,899.0,0.639599555061179,False,False
56,Perth Stn,0.0,candidate_bus,0,1,North Fremantle Stn,169.0,132.0,169.0,0.7810650887573964,False,False
56,Perth Stn,0.0,candidate_bus,0,100,Warwick Stn,835.0,820.0,835.0,0.9820359281437125,False,False
56,Perth Stn,0.0,candidate_bus,0,101,Wellard Stn,409.0,365.0,409.0,0.8924205378973105,False,False
56,Perth Stn,0.0,candidate_bus,0,102,Whitfords Stn,701.0,701.0,701.0,1.0,False,False
56,Perth Stn,0.0,candidate_bus,0,12,Queens Park Stn,961.0,846.0,961.0,0.8803329864724245,False,False
56,Perth Stn,0.0,candidate_bus,0,133,Butler Stn,331.0,331.0,331.0,1.0,False,False
56,Perth Stn,0.0,candidate_bus,0,135,Elizabeth Quay Stn,721.0,487.0,721.0,0.6754507628294036,False,False
56,Perth Stn,0.0,candidate_bus,0,138,Aubin Grove Stn,559.0,515.0,559.0,0.9212880143112702,False,False
56,Perth Stn,0.0,candidate_bus,0,140,Perth Stadium Stn,1140.0,1027.0,1140.0,0.9008771929824562,False,False
56,Perth Stn,0.0,candidate_bus,0,147,Redcliffe Stn,251.0,185.0,251.0,0.7370517928286853,False,False
56,Perth Stn,0.0,candidate_bus,0,148,Airport Central Stn,169.0,144.0,169.0,0.8520710059171598,False,False
56,Perth Stn,0.0,candidate_bus,0,149,High Wycombe Stn,85.0,84.0,85.0,0.9882352941176471,False,False
56,Perth Stn,0.0,candidate_bus,0,15,West Leederville Stn,1079.0,597.0,1079.0,0.5532900834105653,False,False
56,Perth Stn,0.0,candidate_bus,0,150,Lakelands Stn,169.0,169.0,169.0,1.0,False,False
56,Perth Stn,0.0,candidate_bus,0,153,Alkimos Stn,251.0,251.0,251.0,1.0,False,False
56,Perth Stn,0.0,candidate_bus,0,154,Eglinton Stn,169.0,169.0,169.0,1.0,False,False
56,Perth Stn,0.0,candidate_bus,0,155,Yanchep Stn,85.0,85.0,85.0,1.0,False,False
56,Perth Stn,0.0,candidate_bus,0,156,Morley Stn,409.0,348.0,409.0,0.8508557457212714,False,False
56,Perth Stn,0.0,candidate_bus,0,157,Noranda Stn,331.0,288.0,331.0,0.8700906344410876,False,False
56,Perth Stn,0.0,candidate_bus,0,158,Ballajura Stn,251.0,231.0,251.0,0.9203187250996016,False,False
56,Perth Stn,0.0,candidate_bus,0,159,Whiteman Park Stn,169.0,153.0,169.0,0.9053254437869822,False,False
56,Perth Stn,0.0,candidate_bus,0,16,Showgrounds Stn,701.0,615.0,701.0,0.8773181169757489,False,False
56,Perth Stn,0.0,candidate_bus,0,160,Ellenbrook Stn,85.0,75.0,85.0,0.8823529411764706,False,False
56,Perth Stn,0.0,candidate_bus,0,162,Nicholson Rd Stn,313.0,236.0,313.0,0.7539936102236422,False,False
56,Perth Stn,0.0,candidate_bus,0,163,Ranford Rd Stn,266.0,174.0,266.0,0.6541353383458647,False,False
56,Perth Stn,0.0,candidate_bus,0,164,Byford Stn,85.0,85.0,85.0,1.0,False,False
56,Perth Stn,0.0,candidate_bus,0,17,Shenton Park Stn,899.0,778.0,899.0,0.8654060066740823,False,False
56,Perth Stn,0.0,candidate_bus,0,19,Grant Street Stn,485.0,155.0,485.0,0.31958762886597936,False,False
56,Perth Stn,0.0,candidate_bus,0,2,Challis Stn,331.0,224.0,331.0,0.676737160120846,False,False
56,Perth Stn,0.0,candidate_bus,0,22,Mciver Stn,1682.0,663.0,1682.0,0.39417360285374553,False,False
56,Perth Stn,0.0,candidate_bus,0,23,Bayswater Stn,1206.0,1000.0,1206.0,0.8291873963515755,False,False
56,Perth Stn,0.0,candidate_bus,0,24,Guildford Stn,331.0,316.0,331.0,0.9546827794561934,False,False
56,Perth Stn,0.0,candidate_bus,0,26,East Perth Stn,1339.0,269.0,1339.0,0.20089619118745333,False,False
56,Perth Stn,0.0,candidate_bus,0,28,Beckenham Stn,999.0,853.0,999.0,0.8538538538538538,False,False
56,Perth Stn,0.0,candidate_bus,0,30,Claremont Stn,631.0,542.0,631.0,0.8589540412044374,False,False
56,Perth Stn,0.0,candidate_bus,0,31,City West Stn,1135.0,558.0,1135.0,0.49162995594713654,False,False
56,Perth Stn,0.0,candidate_bus,0,32,Victoria Street Stn,251.0,75.0,251.0,0.29880478087649404,False,False
56,Perth Stn,0.0,candidate_bus,0,33,Burswood Stn,1108.0,1009.0,1108.0,0.9106498194945848,False,False
56,Perth Stn,0.0,candidate_bus,0,34,Success Hill Stn,409.0,316.0,409.0,0.7726161369193154,False,False
56,Perth Stn,0.0,candidate_bus,0,36,Daglish Stn,961.0,683.0,961.0,0.7107180020811654,False,False
56,Perth Stn,0.0,candidate_bus,0,37,Meltham Stn,1189.0,1029.0,1189.0,0.8654331370899916,False,False
56,Perth Stn,0.0,candidate_bus,0,38,Swanbourne Stn,559.0,146.0,559.0,0.26118067978533094,False,False
56,Perth Stn,0.0,candidate_bus,0,39,Bassendean Stn,485.0,434.0,485.0,0.8948453608247423,False,False
56,Perth Stn,0.0,candidate_bus,0,4,Currambine Stn,485.0,485.0,485.0,1.0,False,False
56,Perth Stn,0.0,candidate_bus,0,41,Woodbridge Stn,169.0,0.0,169.0,0.0,False,False
56,Perth Stn,0.0,candidate_bus,0,42,Loch Street Stn,769.0,675.0,769.0,0.8777633289986996,False,False
56,Perth Stn,0.0,candidate_bus,0,43,Armadale Stn,169.0,107.0,169.0,0.6331360946745562,False,False
56,Perth Stn,0.0,candidate_bus,0,44,Mt Lawley Stn,1291.0,269.0,1291.0,0.20836560805577073,False,False
56,Perth Stn,0.0,candidate_bus,0,46,Edgewater Stn,631.0,631.0,631.0,1.0,False,False
56,Perth Stn,0.0,candidate_bus,0,48,Victoria Park Stn,1074.0,978.0,1074.0,0.9106145251396648,False,False
56,Perth Stn,0.0,candidate_bus,0,49,Maylands Stn,1241.0,1013.0,1241.0,0.8162771958098308,False,False
56,Perth Stn,0.0,candidate_bus,0,5,Mosman Park Stn,331.0,77.0,331.0,0.2326283987915408,False,False
56,Perth Stn,0.0,candidate_bus,0,50,Cottesloe Stn,409.0,79.0,409.0,0.19315403422982885,False,False
56,Perth Stn,0.0,candidate_bus,0,58,Carlisle Stn,1038.0,942.0,1038.0,0.9075144508670521,False,False
56,Perth Stn,0.0,candidate_bus,0,59,East Guildford Stn,251.0,0.0,251.0,0.0,False,False
56,Perth Stn,0.0,candidate_bus,0,6,Subiaco Stn,1021.0,610.0,1021.0,0.5974534769833496,False,False
56,Perth Stn,0.0,candidate_bus,0,64,Perth Underground Stn,1535.0,1001.0,1535.0,0.6521172638436482,False,False
56,Perth Stn,0.0,candidate_bus,0,66,Sherwood Stn,251.0,164.0,251.0,0.6533864541832669,False,False
56,Perth Stn,0.0,candidate_bus,0,67,Seaforth Stn,485.0,0.0,485.0,0.0,False,False
56,Perth Stn,0.0,candidate_bus,0,68,Maddington Stn,631.0,0.0,631.0,0.0,False,False
56,Perth Stn,0.0,candidate_bus,0,7,Ashfield Stn,559.0,513.0,559.0,0.9177101967799642,False,False
56,Perth Stn,0.0,candidate_bus,0,72,Claisebrook Stn,2078.0,1008.0,2078.0,0.4850818094321463,False,False
56,Perth Stn,0.0,candidate_bus,0,73,Oats Street Stn,1000.0,905.0,1000.0,0.905,False,False
56,Perth Stn,0.0,candidate_bus,0,74,Warnbro Stn,251.0,251.0,251.0,1.0,False,False
56,Perth Stn,0.0,candidate_bus,0,76,Karrakatta Stn,835.0,744.0,835.0,0.8910179640718563,False,False
56,Perth Stn,0.0,candidate_bus,0,8,Leederville Stn,1021.0,785.0,1021.0,0.7688540646425074,False,False
56,Perth Stn,0.0,candidate_bus,0,82,Bull Creek Stn,612.0,571.0,612.0,0.9330065359477124,False,False
56,Perth Stn,0.0,candidate_bus,0,83,Canning Bridge Stn,661.0,549.0,661.0,0.8305597579425114,False,False
56,Perth Stn,0.0,candidate_bus,0,84,Cannington Stn,922.0,802.0,922.0,0.8698481561822126,False,False
56,Perth Stn,0.0,candidate_bus,0,85,Clarkson Stn,409.0,409.0,409.0,1.0,False,False
56,Perth Stn,0.0,candidate_bus,0,86,Cockburn Central Stn,678.0,594.0,678.0,0.8761061946902655,False,False
56,Perth Stn,0.0,candidate_bus,0,87,Fremantle Stn,85.0,132.0,85.0,1.5529411764705883,True,True
56,Perth Stn,0.0,candidate_bus,0,88,Glendalough Stn,961.0,760.0,961.0,0.7908428720083247,False,False
56,Perth Stn,0.0,candidate_bus,0,89,Gosnells Stn,559.0,0.0,559.0,0.0,False,False
56,Perth Stn,0.0,candidate_bus,0,9,Greenwood Stn,769.0,760.0,769.0,0.988296488946684,False,False
56,Perth Stn,0.0,candidate_bus,0,90,Joondalup Stn,559.0,559.0,559.0,1.0,False,False
56,Perth Stn,0.0,candidate_bus,0,91,Kelmscott Stn,409.0,213.0,409.0,0.5207823960880196,False,False
56,Perth Stn,0.0,candidate_bus,0,92,Kenwick Stn,701.0,592.0,701.0,0.8445078459343794,False,False
56,Perth Stn,0.0,candidate_bus,0,93,Kwinana Stn,485.0,441.0,485.0,0.9092783505154639,False,False
56,Perth Stn,0.0,candidate_bus,0,94,Mandurah Stn,85.0,85.0,85.0,1.0,False,False
56,Perth Stn,0.0,candidate_bus,0,95,Midland Stn,85.0,0.0,85.0,0.0,False,False
56,Perth Stn,0.0,candidate_bus,0,96,Murdoch Stn,573.0,548.0,573.0,0.956369982547993,False,False
56,Perth Stn,0.0,candidate_bus,0,97,Rockingham Stn,331.0,320.0,331.0,0.9667673716012085,False,False
56,Perth Stn,0.0,candidate_bus,0,98,Stirling Stn,899.0,841.0,899.0,0.9354838709677419,False,False
56,Perth Stn,0.0,candidate_bus,0,99,Thornlie Stn,373.0,285.0,373.0,0.7640750670241286,False,False
56,Perth Stn,0.0,candidate_bus,1,1,North Fremantle Stn,169.0,0.0,169.0,0.0,False,False
56,Perth Stn,0.0,candidate_bus,1,100,Warwick Stn,835.0,820.0,835.0,0.9820359281437125,False,False
56,Perth Stn,0.0,candidate_bus,1,101,Wellard Stn,409.0,368.0,409.0,0.8997555012224939,False,False
56,Perth Stn,0.0,candidate_bus,1,102,Whitfords Stn,701.0,701.0,701.0,1.0,False,False
56,Perth Stn,0.0,candidate_bus,1,12,Queens Park Stn,961.0,846.0,961.0,0.8803329864724245,False,False
56,Perth Stn,0.0,candidate_bus,1,133,Butler Stn,331.0,331.0,331.0,1.0,False,False
56,Perth Stn,0.0,candidate_bus,1,135,Elizabeth Quay Stn,721.0,487.0,721.0,0.6754507628294036,False,False
56,Perth Stn,0.0,candidate_bus,1,138,Aubin Grove Stn,559.0,518.0,559.0,0.9266547406082289,False,False
56,Perth Stn,0.0,candidate_bus,1,140,Perth Stadium Stn,1140.0,1027.0,1140.0,0.9008771929824562,False,False
56,Perth Stn,0.0,candidate_bus,1,147,Redcliffe Stn,251.0,185.0,251.0,0.7370517928286853,False,False
56,Perth Stn,0.0,candidate_bus,1,148,Airport Central Stn,169.0,144.0,169.0,0.8520710059171598,False,False
56,Perth Stn,0.0,candidate_bus,1,149,High Wycombe Stn,85.0,84.0,85.0,0.9882352941176471,False,False
56,Perth Stn,0.0,candidate_bus,1,15,West Leederville Stn,1079.0,597.0,1079.0,0.5532900834105653,False,False
56,Perth Stn,0.0,candidate_bus,1,150,Lakelands Stn,169.0,169.0,169.0,1.0,False,False
56,Perth Stn,0.0,candidate_bus,1,153,Alkimos Stn,251.0,251.0,251.0,1.0,False,False
56,Perth Stn,0.0,candidate_bus,1,154,Eglinton Stn,169.0,169.0,169.0,1.0,False,False
56,Perth Stn,0.0,candidate_bus,1,155,Yanchep Stn,85.0,85.0,85.0,1.0,False,False
56,Perth Stn,0.0,candidate_bus,1,156,Morley Stn,409.0,348.0,409.0,0.8508557457212714,False,False
56,Perth Stn,0.0,candidate_bus,1,157,Noranda Stn,331.0,288.0,331.0,0.8700906344410876,False,False
56,Perth Stn,0.0,candidate_bus,1,158,Ballajura Stn,251.0,231.0,251.0,0.9203187250996016,False,False
56,Perth Stn,0.0,candidate_bus,1,159,Whiteman Park Stn,169.0,153.0,169.0,0.9053254437869822,False,False
56,Perth Stn,0.0,candidate_bus,1,16,Showgrounds Stn,701.0,612.0,701.0,0.8730385164051355,False,False
56,Perth Stn,0.0,candidate_bus,1,160,Ellenbrook Stn,85.0,75.0,85.0,0.8823529411764706,False,False
56,Perth Stn,0.0,candidate_bus,1,162,Nicholson Rd Stn,313.0,236.0,313.0,0.7539936102236422,False,False
56,Perth Stn,0.0,candidate_bus,1,163,Ranford Rd Stn,266.0,174.0,266.0,0.6541353383458647,False,False
56,Perth Stn,0.0,candidate_bus,1,164,Byford Stn,85.0,85.0,85.0,1.0,False,False
56,Perth Stn,0.0,candidate_bus,1,17,Shenton Park Stn,899.0,781.0,899.0,0.8687430478309233,False,False
56,Perth Stn,0.0,candidate_bus,1,19,Grant Street Stn,485.0,94.0,485.0,0.19381443298969073,False,False
56,Perth Stn,0.0,candidate_bus,1,2,Challis Stn,331.0,224.0,331.0,0.676737160120846,False,False
56,Perth Stn,0.0,candidate_bus,1,22,Mciver Stn,1682.0,663.0,1682.0,0.39417360285374553,False,False
56,Perth Stn,0.0,candidate_bus,1,23,Bayswater Stn,1206.0,1000.0,1206.0,0.8291873963515755,False,False
56,Perth Stn,0.0,candidate_bus,1,24,Guildford Stn,331.0,316.0,331.0,0.9546827794561934,False,False
56,Perth Stn,0.0,candidate_bus,1,26,East Perth Stn,1339.0,269.0,1339.0,0.20089619118745333,False,False
56,Perth Stn,0.0,candidate_bus,1,28,Beckenham Stn,999.0,853.0,999.0,0.8538538538538538,False,False
56,Perth Stn,0.0,candidate_bus,1,30,Claremont Stn,631.0,539.0,631.0,0.8541996830427893,False,False
56,Perth Stn,0.0,candidate_bus,1,31,City West Stn,1135.0,558.0,1135.0,0.49162995594713654,False,False
56,Perth Stn,0.0,candidate_bus,1,32,Victoria Street Stn,251.0,14.0,251.0,0.055776892430278883,False,False
56,Perth Stn,0.0,candidate_bus,1,33,Burswood Stn,1108.0,1009.0,1108.0,0.9106498194945848,False,False
56,Perth Stn,0.0,candidate_bus,1,34,Success Hill Stn,409.0,316.0,409.0,0.7726161369193154,False,False
56,Perth Stn,0.0,candidate_bus,1,36,Daglish Stn,961.0,686.0,961.0,0.7138397502601457,False,False
56,Perth Stn,0.0,candidate_bus,1,37,Meltham Stn,1189.0,1029.0,1189.0,0.8654331370899916,False,False
56,Perth Stn,0.0,candidate_bus,1,38,Swanbourne Stn,559.0,85.0,559.0,0.1520572450805009,False,False
56,Perth Stn,0.0,candidate_bus,1,39,Bassendean Stn,485.0,434.0,485.0,0.8948453608247423,False,False
56,Perth Stn,0.0,candidate_bus,1,4,Currambine Stn,485.0,485.0,485.0,1.0,False,False
56,Perth Stn,0.0,candidate_bus,1,41,Woodbridge Stn,169.0,0.0,169.0,0.0,False,False
56,Perth Stn,0.0,candidate_bus,1,42,Loch Street Stn,769.0,672.0,769.0,0.8738621586475943,False,False
56,Perth Stn,0.0,candidate_bus,1,43,Armadale Stn,169.0,107.0,169.0,0.6331360946745562,False,False
56,Perth Stn,0.0,candidate_bus,1,44,Mt Lawley Stn,1291.0,269.0,1291.0,0.20836560805577073,False,False
56,Perth Stn,0.0,candidate_bus,1,46,Edgewater Stn,631.0,631.0,631.0,1.0,False,False
56,Perth Stn,0.0,candidate_bus,1,48,Victoria Park Stn,1074.0,978.0,1074.0,0.9106145251396648,False,False
56,Perth Stn,0.0,candidate_bus,1,49,Maylands Stn,1241.0,1013.0,1241.0,0.8162771958098308,False,False
56,Perth Stn,0.0,candidate_bus,1,5,Mosman Park Stn,331.0,16.0,331.0,0.04833836858006042,False,False
56,Perth Stn,0.0,candidate_bus,1,50,Cottesloe Stn,409.0,18.0,409.0,0.044009779951100246,False,False
56,Perth Stn,0.0,candidate_bus,1,58,Carlisle Stn,1038.0,942.0,1038.0,0.9075144508670521,False,False
56,Perth Stn,0.0,candidate_bus,1,59,East Guildford Stn,251.0,0.0,251.0,0.0,False,False
56,Perth Stn,0.0,candidate_bus,1,6,Subiaco Stn,1021.0,610.0,1021.0,0.5974534769833496,False,False
56,Perth Stn,0.0,candidate_bus,1,64,Perth Underground Stn,1535.0,1001.0,1535.0,0.6521172638436482,False,False
56,Perth Stn,0.0,candidate_bus,1,66,Sherwood Stn,251.0,164.0,251.0,0.6533864541832669,False,False
56,Perth Stn,0.0,candidate_bus,1,67,Seaforth Stn,485.0,0.0,485.0,0.0,False,False
56,Perth Stn,0.0,candidate_bus,1,68,Maddington Stn,631.0,0.0,631.0,0.0,False,False
56,Perth Stn,0.0,candidate_bus,1,7,Ashfield Stn,559.0,513.0,559.0,0.9177101967799642,False,False
56,Perth Stn,0.0,candidate_bus,1,72,Claisebrook Stn,2078.0,1008.0,2078.0,0.4850818094321463,False,False
56,Perth Stn,0.0,candidate_bus,1,73,Oats Street Stn,1000.0,905.0,1000.0,0.905,False,False
56,Perth Stn,0.0,candidate_bus,1,74,Warnbro Stn,251.0,251.0,251.0,1.0,False,False
56,Perth Stn,0.0,candidate_bus,1,76,Karrakatta Stn,835.0,744.0,835.0,0.8910179640718563,False,False
56,Perth Stn,0.0,candidate_bus,1,8,Leederville Stn,1021.0,785.0,1021.0,0.7688540646425074,False,False
56,Perth Stn,0.0,candidate_bus,1,82,Bull Creek Stn,612.0,574.0,612.0,0.9379084967320261,False,False
56,Perth Stn,0.0,candidate_bus,1,83,Canning Bridge Stn,661.0,552.0,661.0,0.8350983358547656,False,False
56,Perth Stn,0.0,candidate_bus,1,84,Cannington Stn,922.0,802.0,922.0,0.8698481561822126,False,False
56,Perth Stn,0.0,candidate_bus,1,85,Clarkson Stn,409.0,409.0,409.0,1.0,False,False
56,Perth Stn,0.0,candidate_bus,1,86,Cockburn Central Stn,678.0,597.0,678.0,0.8805309734513275,False,False
56,Perth Stn,0.0,candidate_bus,1,88,Glendalough Stn,961.0,760.0,961.0,0.7908428720083247,False,False
56,Perth Stn,0.0,candidate_bus,1,89,Gosnells Stn,559.0,0.0,559.0,0.0,False,False
56,Perth Stn,0.0,candidate_bus,1,9,Greenwood Stn,769.0,760.0,769.0,0.988296488946684,False,False
56,Perth Stn,0.0,candidate_bus,1,90,Joondalup Stn,559.0,559.0,559.0,1.0,False,False
56,Perth Stn,0.0,candidate_bus,1,91,Kelmscott Stn,409.0,213.0,409.0,0.5207823960880196,False,False
56,Perth Stn,0.0,candidate_bus,1,92,Kenwick Stn,701.0,592.0,701.0,0.8445078459343794,False,False
56,Perth Stn,0.0,candidate_bus,1,93,Kwinana Stn,485.0,444.0,485.0,0.9154639175257732,False,False
56,Perth Stn,0.0,candidate_bus,1,94,Mandurah Stn,85.0,85.0,85.0,1.0,False,False
56,Perth Stn,0.0,candidate_bus,1,95,Midland Stn,85.0,0.0,85.0,0.0,False,False
56,Perth Stn,0.0,candidate_bus,1,96,Murdoch Stn,573.0,551.0,573.0,0.9616055846422339,False,False
56,Perth Stn,0.0,candidate_bus,1,97,Rockingham Stn,331.0,320.0,331.0,0.9667673716012085,False,False
56,Perth Stn,0.0,candidate_bus,1,98,Stirling Stn,899.0,841.0,899.0,0.9354838709677419,False,False
56,Perth Stn,0.0,candidate_bus,1,99,Thornlie Stn,373.0,285.0,373.0,0.7640750670241286,False,False
56,Perth Stn,0.2,rail_only,0,1,North Fremantle Stn,169.0,29.0,202.79999999999998,0.14299802761341224,False,False
56,Perth Stn,0.2,rail_only,0,100,Warwick Stn,835.0,659.0,1002.0,0.6576846307385229,False,False
56,Perth Stn,0.2,rail_only,0,101,Wellard Stn,409.0,329.0,490.79999999999995,0.6703341483292584,False,False
56,Perth Stn,0.2,rail_only,0,102,Whitfords Stn,701.0,557.0,841.1999999999999,0.662149310508797,False,False
56,Perth Stn,0.2,rail_only,0,12,Queens Park Stn,961.0,1203.0,1153.2,1.04318418314256,True,True
56,Perth Stn,0.2,rail_only,0,133,Butler Stn,331.0,267.0,397.2,0.6722054380664653,False,False
56,Perth Stn,0.2,rail_only,0,135,Elizabeth Quay Stn,721.0,917.0,865.1999999999999,1.0598705501618124,True,True
56,Perth Stn,0.2,rail_only,0,138,Aubin Grove Stn,559.0,447.0,670.8,0.6663685152057246,False,False
56,Perth Stn,0.2,rail_only,0,140,Perth Stadium Stn,1140.0,1103.0,1368.0,0.8062865497076024,False,False
56,Perth Stn,0.2,rail_only,0,147,Redcliffe Stn,251.0,203.0,301.2,0.6739707835325366,False,False
56,Perth Stn,0.2,rail_only,0,148,Airport Central Stn,169.0,137.0,202.79999999999998,0.6755424063116371,False,False
56,Perth Stn,0.2,rail_only,0,149,High Wycombe Stn,85.0,69.0,102.0,0.6764705882352942,False,False
56,Perth Stn,0.2,rail_only,0,15,West Leederville Stn,1079.0,29.0,1294.8,0.022397281433426012,False,False
56,Perth Stn,0.2,rail_only,0,150,Lakelands Stn,169.0,137.0,202.79999999999998,0.6755424063116371,False,False
56,Perth Stn,0.2,rail_only,0,153,Alkimos Stn,251.0,203.0,301.2,0.6739707835325366,False,False
56,Perth Stn,0.2,rail_only,0,154,Eglinton Stn,169.0,137.0,202.79999999999998,0.6755424063116371,False,False
56,Perth Stn,0.2,rail_only,0,155,Yanchep Stn,85.0,69.0,102.0,0.6764705882352942,False,False
56,Perth Stn,0.2,rail_only,0,156,Morley Stn,409.0,329.0,490.79999999999995,0.6703341483292584,False,False
56,Perth Stn,0.2,rail_only,0,157,Noranda Stn,331.0,267.0,397.2,0.6722054380664653,False,False
56,Perth Stn,0.2,rail_only,0,158,Ballajura Stn,251.0,203.0,301.2,0.6739707835325366,False,False
56,Perth Stn,0.2,rail_only,0,159,Whiteman Park Stn,169.0,137.0,202.79999999999998,0.6755424063116371,False,False
56,Perth Stn,0.2,rail_only,0,16,Showgrounds Stn,701.0,71.0,841.1999999999999,0.08440323347598669,False,False
56,Perth Stn,0.2,rail_only,0,160,Ellenbrook Stn,85.0,69.0,102.0,0.6764705882352942,False,False
56,Perth Stn,0.2,rail_only,0,162,Nicholson Rd Stn,313.0,1229.0,375.59999999999997,3.2720979765708202,True,True
56,Perth Stn,0.2,rail_only,0,163,Ranford Rd Stn,266.0,1217.0,319.2,3.81265664160401,True,True
56,Perth Stn,0.2,rail_only,0,164,Byford Stn,85.0,69.0,102.0,0.6764705882352942,False,False
56,Perth Stn,0.2,rail_only,0,17,Shenton Park Stn,899.0,59.0,1078.8,0.054690396737115315,False,False
56,Perth Stn,0.2,rail_only,0,19,Grant Street Stn,485.0,65.0,582.0,0.11168384879725086,False,False
56,Perth Stn,0.2,rail_only,0,2,Challis Stn,331.0,267.0,397.2,0.6722054380664653,False,False
56,Perth Stn,0.2,rail_only,0,22,Mciver Stn,1682.0,69.0,2018.3999999999999,0.03418549346016647,False,False
56,Perth Stn,0.2,rail_only,0,23,Bayswater Stn,1206.0,950.0,1447.2,0.6564400221116639,False,False
56,Perth Stn,0.2,rail_only,0,24,Guildford Stn,331.0,267.0,397.2,0.6722054380664653,False,False
56,Perth Stn,0.2,rail_only,0,26,East Perth Stn,1339.0,1019.0,1606.8,0.6341797361214837,False,False
56,Perth Stn,0.2,rail_only,0,28,Beckenham Stn,999.0,1508.0,1198.8,1.2579245912579247,True,True
56,Perth Stn,0.2,rail_only,0,30,Claremont Stn,631.0,71.0,757.1999999999999,0.09376650818806129,False,False
56,Perth Stn,0.2,rail_only,0,31,City West Stn,1135.0,15.0,1362.0,0.011013215859030838,False,False
56,Perth Stn,0.2,rail_only,0,32,Victoria Street Stn,251.0,41.0,301.2,0.1361221779548473,False,False
56,Perth Stn,0.2,rail_only,0,33,Burswood Stn,1108.0,1127.0,1329.6,0.8476233453670278,False,False
56,Perth Stn,0.2,rail_only,0,34,Success Hill Stn,409.0,329.0,490.79999999999995,0.6703341483292584,False,False
56,Perth Stn,0.2,rail_only,0,36,Daglish Stn,961.0,51.0,1153.2,0.04422476586888657,False,False
56,Perth Stn,0.2,rail_only,0,37,Meltham Stn,1189.0,917.0,1426.8,0.6426969442108215,False,False
56,Perth Stn,0.2,rail_only,0,38,Swanbourne Stn,559.0,69.0,670.8,0.10286225402504473,False,False
56,Perth Stn,0.2,rail_only,0,39,Bassendean Stn,485.0,389.0,582.0,0.6683848797250859,False,False
56,Perth Stn,0.2,rail_only,0,4,Currambine Stn,485.0,389.0,582.0,0.6683848797250859,False,False
56,Perth Stn,0.2,rail_only,0,41,Woodbridge Stn,169.0,137.0,202.79999999999998,0.6755424063116371,False,False
56,Perth Stn,0.2,rail_only,0,42,Loch Street Stn,769.0,69.0,922.8,0.07477243172951886,False,False
56,Perth Stn,0.2,rail_only,0,43,Armadale Stn,169.0,137.0,202.79999999999998,0.6755424063116371,False,False
56,Perth Stn,0.2,rail_only,0,44,Mt Lawley Stn,1291.0,987.0,1549.2,0.6371030209140202,False,False
56,Perth Stn,0.2,rail_only,0,46,Edgewater Stn,631.0,503.0,757.1999999999999,0.6642894875858426,False,False
56,Perth Stn,0.2,rail_only,0,48,Victoria Park Stn,1074.0,1149.0,1288.8,0.8915270018621975,False,False
56,Perth Stn,0.2,rail_only,0,49,Maylands Stn,1241.0,953.0,1489.2,0.6399409078699972,False,False
56,Perth Stn,0.2,rail_only,0,5,Mosman Park Stn,331.0,51.0,397.2,0.1283987915407855,False,False
56,Perth Stn,0.2,rail_only,0,50,Cottesloe Stn,409.0,59.0,490.79999999999995,0.12021189894050531,False,False
56,Perth Stn,0.2,rail_only,0,58,Carlisle Stn,1038.0,1169.0,1245.6,0.9385035324341683,False,False
56,Perth Stn,0.2,rail_only,0,59,East Guildford Stn,251.0,203.0,301.2,0.6739707835325366,False,False
56,Perth Stn,0.2,rail_only,0,6,Subiaco Stn,1021.0,41.0,1225.2,0.03346392425726412,False,False
56,Perth Stn,0.2,rail_only,0,64,Perth Underground Stn,1535.0,892.0,1842.0,0.48425624321389793,False,False
56,Perth Stn,0.2,rail_only,0,66,Sherwood Stn,251.0,203.0,301.2,0.6739707835325366,False,False
56,Perth Stn,0.2,rail_only,0,67,Seaforth Stn,485.0,389.0,582.0,0.6683848797250859,False,False
56,Perth Stn,0.2,rail_only,0,68,Maddington Stn,631.0,503.0,757.1999999999999,0.6642894875858426,False,False
56,Perth Stn,0.2,rail_only,0,7,Ashfield Stn,559.0,447.0,670.8,0.6663685152057246,False,False
56,Perth Stn,0.2,rail_only,0,72,Claisebrook Stn,2078.0,1097.0,2493.6,0.4399262111004171,False,False
56,Perth Stn,0.2,rail_only,0,73,Oats Street Stn,1000.0,1187.0,1200.0,0.9891666666666666,False,False
56,Perth Stn,0.2,rail_only,0,74,Warnbro Stn,251.0,203.0,301.2,0.6739707835325366,False,False
56,Perth Stn,0.2,rail_only,0,76,Karrakatta Stn,835.0,65.0,1002.0,0.06487025948103792,False,False
56,Perth Stn,0.2,rail_only,0,8,Leederville Stn,1021.0,797.0,1225.2,0.6505060398302318,False,False
56,Perth Stn,0.2,rail_only,0,82,Bull Creek Stn,612.0,987.0,734.4,1.3439542483660132,True,True
56,Perth Stn,0.2,rail_only,0,83,Canning Bridge Stn,661.0,953.0,793.1999999999999,1.2014624306606154,True,True
56,Perth Stn,0.2,rail_only,0,84,Cannington Stn,922.0,1217.0,1106.3999999999999,1.0999638467100508,True,True
56,Perth Stn,0.2,rail_only,0,85,Clarkson Stn,409.0,329.0,490.79999999999995,0.6703341483292584,False,False
56,Perth Stn,0.2,rail_only,0,86,Cockburn Central Stn,678.0,1343.0,813.6,1.6506882989183873,True,True
56,Perth Stn,0.2,rail_only,0,87,Fremantle Stn,85.0,15.0,102.0,0.14705882352941177,False,False
56,Perth Stn,0.2,rail_only,0,88,Glendalough Stn,961.0,753.0,1153.2,0.6529656607700312,False,False
56,Perth Stn,0.2,rail_only,0,89,Gosnells Stn,559.0,447.0,670.8,0.6663685152057246,False,False
56,Perth Stn,0.2,rail_only,0,9,Greenwood Stn,769.0,609.0,922.8,0.6599479843953187,False,False
56,Perth Stn,0.2,rail_only,0,90,Joondalup Stn,559.0,447.0,670.8,0.6663685152057246,False,False
56,Perth Stn,0.2,rail_only,0,91,Kelmscott Stn,409.0,329.0,490.79999999999995,0.6703341483292584,False,False
56,Perth Stn,0.2,rail_only,0,92,Kenwick Stn,701.0,557.0,841.1999999999999,0.662149310508797,False,False
56,Perth Stn,0.2,rail_only,0,93,Kwinana Stn,485.0,389.0,582.0,0.6683848797250859,False,False
56,Perth Stn,0.2,rail_only,0,94,Mandurah Stn,85.0,69.0,102.0,0.6764705882352942,False,False
56,Perth Stn,0.2,rail_only,0,95,Midland Stn,85.0,69.0,102.0,0.6764705882352942,False,False
56,Perth Stn,0.2,rail_only,0,96,Murdoch Stn,573.0,1019.0,687.6,1.4819662594531704,True,True
56,Perth Stn,0.2,rail_only,0,97,Rockingham Stn,331.0,267.0,397.2,0.6722054380664653,False,False
56,Perth Stn,0.2,rail_only,0,98,Stirling Stn,899.0,707.0,1078.8,0.6553578049684835,False,False
56,Perth Stn,0.2,rail_only,0,99,Thornlie Stn,373.0,1239.0,447.59999999999997,2.7680965147453085,True,True
56,Perth Stn,0.2,rail_only,1,1,North Fremantle Stn,169.0,29.0,202.79999999999998,0.14299802761341224,False,False
56,Perth Stn,0.2,rail_only,1,100,Warwick Stn,835.0,65.0,1002.0,0.06487025948103792,False,False
56,Perth Stn,0.2,rail_only,1,101,Wellard Stn,409.0,14.0,490.79999999999995,0.028524857375713124,False,False
56,Perth Stn,0.2,rail_only,1,102,Whitfords Stn,701.0,71.0,841.1999999999999,0.08440323347598669,False,False
56,Perth Stn,0.2,rail_only,1,133,Butler Stn,331.0,51.0,397.2,0.1283987915407855,False,False
56,Perth Stn,0.2,rail_only,1,138,Aubin Grove Stn,559.0,6.0,670.8,0.00894454382826476,False,False
56,Perth Stn,0.2,rail_only,1,140,Perth Stadium Stn,1140.0,114.0,1368.0,0.08333333333333333,False,False
56,Perth Stn,0.2,rail_only,1,147,Redcliffe Stn,251.0,74.0,301.2,0.2456839309428951,False,False
56,Perth Stn,0.2,rail_only,1,148,Airport Central Stn,169.0,51.0,202.79999999999998,0.2514792899408284,False,False
56,Perth Stn,0.2,rail_only,1,149,High Wycombe Stn,85.0,26.0,102.0,0.2549019607843137,False,False
56,Perth Stn,0.2,rail_only,1,15,West Leederville Stn,1079.0,29.0,1294.8,0.022397281433426012,False,False
56,Perth Stn,0.2,rail_only,1,150,Lakelands Stn,169.0,11.0,202.79999999999998,0.05424063116370809,False,False
56,Perth Stn,0.2,rail_only,1,153,Alkimos Stn,251.0,41.0,301.2,0.1361221779548473,False,False
56,Perth Stn,0.2,rail_only,1,154,Eglinton Stn,169.0,29.0,202.79999999999998,0.14299802761341224,False,False
56,Perth Stn,0.2,rail_only,1,155,Yanchep Stn,85.0,15.0,102.0,0.14705882352941177,False,False
56,Perth Stn,0.2,rail_only,1,156,Morley Stn,409.0,114.0,490.79999999999995,0.23227383863080686,False,False
56,Perth Stn,0.2,rail_only,1,157,Noranda Stn,331.0,95.0,397.2,0.2391742195367573,False,False
56,Perth Stn,0.2,rail_only,1,158,Ballajura Stn,251.0,74.0,301.2,0.2456839309428951,False,False
56,Perth Stn,0.2,rail_only,1,159,Whiteman Park Stn,169.0,51.0,202.79999999999998,0.2514792899408284,False,False
56,Perth Stn,0.2,rail_only,1,16,Showgrounds Stn,701.0,71.0,841.1999999999999,0.08440323347598669,False,False
56,Perth Stn,0.2,rail_only,1,160,Ellenbrook Stn,85.0,26.0,102.0,0.2549019607843137,False,False
56,Perth Stn,0.2,rail_only,1,164,Byford Stn,85.0,8.0,102.0,0.0784313725490196,False,False
56,Perth Stn,0.2,rail_only,1,17,Shenton Park Stn,899.0,59.0,1078.8,0.054690396737115315,False,False
56,Perth Stn,0.2,rail_only,1,19,Grant Street Stn,485.0,65.0,582.0,0.11168384879725086,False,False
56,Perth Stn,0.2,rail_only,1,2,Challis Stn,331.0,23.0,397.2,0.057905337361530716,False,False
56,Perth Stn,0.2,rail_only,1,22,Mciver Stn,1682.0,26.0,2018.3999999999999,0.01288149028933809,False,False
56,Perth Stn,0.2,rail_only,1,23,Bayswater Stn,1206.0,262.0,1447.2,0.1810392482034273,False,False
56,Perth Stn,0.2,rail_only,1,24,Guildford Stn,331.0,95.0,397.2,0.2391742195367573,False,False
56,Perth Stn,0.2,rail_only,1,26,East Perth Stn,1339.0,159.0,1606.8,0.09895444361463779,False,False
56,Perth Stn,0.2,rail_only,1,30,Claremont Stn,631.0,71.0,757.1999999999999,0.09376650818806129,False,False
56,Perth Stn,0.2,rail_only,1,31,City West Stn,1135.0,15.0,1362.0,0.011013215859030838,False,False
56,Perth Stn,0.2,rail_only,1,32,Victoria Street Stn,251.0,41.0,301.2,0.1361221779548473,False,False
56,Perth Stn,0.2,rail_only,1,33,Burswood Stn,1108.0,95.0,1329.6,0.07145006016847173,False,False
56,Perth Stn,0.2,rail_only,1,34,Success Hill Stn,409.0,114.0,490.79999999999995,0.23227383863080686,False,False
56,Perth Stn,0.2,rail_only,1,36,Daglish Stn,961.0,51.0,1153.2,0.04422476586888657,False,False
56,Perth Stn,0.2,rail_only,1,37,Meltham Stn,1189.0,186.0,1426.8,0.13036164844407064,False,False
56,Perth Stn,0.2,rail_only,1,38,Swanbourne Stn,559.0,69.0,670.8,0.10286225402504473,False,False
56,Perth Stn,0.2,rail_only,1,39,Bassendean Stn,485.0,131.0,582.0,0.22508591065292097,False,False
56,Perth Stn,0.2,rail_only,1,4,Currambine Stn,485.0,65.0,582.0,0.11168384879725086,False,False
56,Perth Stn,0.2,rail_only,1,41,Woodbridge Stn,169.0,51.0,202.79999999999998,0.2514792899408284,False,False
56,Perth Stn,0.2,rail_only,1,42,Loch Street Stn,769.0,69.0,922.8,0.07477243172951886,False,False
56,Perth Stn,0.2,rail_only,1,43,Armadale Stn,169.0,15.0,202.79999999999998,0.07396449704142012,False,False
56,Perth Stn,0.2,rail_only,1,44,Mt Lawley Stn,1291.0,170.0,1549.2,0.10973405628711592,False,False
56,Perth Stn,0.2,rail_only,1,46,Edgewater Stn,631.0,71.0,757.1999999999999,0.09376650818806129,False,False
56,Perth Stn,0.2,rail_only,1,48,Victoria Park Stn,1074.0,74.0,1288.8,0.05741775294847921,False,False
56,Perth Stn,0.2,rail_only,1,49,Maylands Stn,1241.0,179.0,1489.2,0.12019876443728175,False,False
56,Perth Stn,0.2,rail_only,1,5,Mosman Park Stn,331.0,51.0,397.2,0.1283987915407855,False,False
56,Perth Stn,0.2,rail_only,1,50,Cottesloe Stn,409.0,59.0,490.79999999999995,0.12021189894050531,False,False
56,Perth Stn,0.2,rail_only,1,58,Carlisle Stn,1038.0,51.0,1245.6,0.040944123314065516,False,False
56,Perth Stn,0.2,rail_only,1,59,East Guildford Stn,251.0,74.0,301.2,0.2456839309428951,False,False
56,Perth Stn,0.2,rail_only,1,6,Subiaco Stn,1021.0,41.0,1225.2,0.03346392425726412,False,False
56,Perth Stn,0.2,rail_only,1,64,Perth Underground Stn,1535.0,28.0,1842.0,0.01520086862106406,False,False
56,Perth Stn,0.2,rail_only,1,66,Sherwood Stn,251.0,20.0,301.2,0.06640106241699867,False,False
56,Perth Stn,0.2,rail_only,1,67,Seaforth Stn,485.0,23.0,582.0,0.03951890034364261,False,False
56,Perth Stn,0.2,rail_only,1,68,Maddington Stn,631.0,15.0,757.1999999999999,0.019809825673534075,False,False
56,Perth Stn,0.2,rail_only,1,7,Ashfield Stn,559.0,146.0,670.8,0.2176505664877758,False,False
56,Perth Stn,0.2,rail_only,1,72,Claisebrook Stn,2078.0,151.0,2493.6,0.06055502085338467,False,False
56,Perth Stn,0.2,rail_only,1,73,Oats Street Stn,1000.0,26.0,1200.0,0.021666666666666667,False,False
56,Perth Stn,0.2,rail_only,1,74,Warnbro Stn,251.0,14.0,301.2,0.04648074369189907,False,False
56,Perth Stn,0.2,rail_only,1,76,Karrakatta Stn,835.0,65.0,1002.0,0.06487025948103792,False,False
56,Perth Stn,0.2,rail_only,1,8,Leederville Stn,1021.0,41.0,1225.2,0.03346392425726412,False,False
56,Perth Stn,0.2,rail_only,1,85,Clarkson Stn,409.0,59.0,490.79999999999995,0.12021189894050531,False,False
56,Perth Stn,0.2,rail_only,1,87,Fremantle Stn,85.0,15.0,102.0,0.14705882352941177,False,False
56,Perth Stn,0.2,rail_only,1,88,Glendalough Stn,961.0,51.0,1153.2,0.04422476586888657,False,False
56,Perth Stn,0.2,rail_only,1,89,Gosnells Stn,559.0,20.0,670.8,0.029815146094215865,False,False
56,Perth Stn,0.2,rail_only,1,9,Greenwood Stn,769.0,69.0,922.8,0.07477243172951886,False,False
56,Perth Stn,0.2,rail_only,1,90,Joondalup Stn,559.0,69.0,670.8,0.10286225402504473,False,False
56,Perth Stn,0.2,rail_only,1,91,Kelmscott Stn,409.0,24.0,490.79999999999995,0.0488997555012225,False,False
56,Perth Stn,0.2,rail_only,1,92,Kenwick Stn,701.0,8.0,841.1999999999999,0.009510223490252021,False,False
56,Perth Stn,0.2,rail_only,1,93,Kwinana Stn,485.0,11.0,582.0,0.018900343642611683,False,False
56,Perth Stn,0.2,rail_only,1,94,Mandurah Stn,85.0,6.0,102.0,0.058823529411764705,False,False
56,Perth Stn,0.2,rail_only,1,95,Midland Stn,85.0,26.0,102.0,0.2549019607843137,False,False
56,Perth Stn,0.2,rail_only,1,97,Rockingham Stn,331.0,15.0,397.2,0.0377643504531722,False,False
56,Perth Stn,0.2,rail_only,1,98,Stirling Stn,899.0,59.0,1078.8,0.054690396737115315,False,False
56,Perth Stn,0.2,manual_bus,0,1,North Fremantle Stn,169.0,29.0,202.79999999999998,0.14299802761341224,False,False
56,Perth Stn,0.2,manual_bus,0,100,Warwick Stn,835.0,659.0,1002.0,0.6576846307385229,False,False
56,Perth Stn,0.2,manual_bus,0,101,Wellard Stn,409.0,329.0,490.79999999999995,0.6703341483292584,False,False
56,Perth Stn,0.2,manual_bus,0,102,Whitfords Stn,701.0,557.0,841.1999999999999,0.662149310508797,False,False
56,Perth Stn,0.2,manual_bus,0,12,Queens Park Stn,961.0,727.0,1153.2,0.6304197016996185,False,False
56,Perth Stn,0.2,manual_bus,0,133,Butler Stn,331.0,267.0,397.2,0.6722054380664653,False,False
56,Perth Stn,0.2,manual_bus,0,135,Elizabeth Quay Stn,721.0,476.0,865.1999999999999,0.5501618122977346,False,False
56,Perth Stn,0.2,manual_bus,0,138,Aubin Grove Stn,559.0,447.0,670.8,0.6663685152057246,False,False
56,Perth Stn,0.2,manual_bus,0,140,Perth Stadium Stn,1140.0,730.0,1368.0,0.533625730994152,False,False
56,Perth Stn,0.2,manual_bus,0,147,Redcliffe Stn,251.0,203.0,301.2,0.6739707835325366,False,False
56,Perth Stn,0.2,manual_bus,0,148,Airport Central Stn,169.0,137.0,202.79999999999998,0.6755424063116371,False,False
56,Perth Stn,0.2,manual_bus,0,149,High Wycombe Stn,85.0,69.0,102.0,0.6764705882352942,False,False
56,Perth Stn,0.2,manual_bus,0,15,West Leederville Stn,1079.0,29.0,1294.8,0.022397281433426012,False,False
56,Perth Stn,0.2,manual_bus,0,150,Lakelands Stn,169.0,137.0,202.79999999999998,0.6755424063116371,False,False
56,Perth Stn,0.2,manual_bus,0,153,Alkimos Stn,251.0,203.0,301.2,0.6739707835325366,False,False
56,Perth Stn,0.2,manual_bus,0,154,Eglinton Stn,169.0,137.0,202.79999999999998,0.6755424063116371,False,False
56,Perth Stn,0.2,manual_bus,0,155,Yanchep Stn,85.0,69.0,102.0,0.6764705882352942,False,False
56,Perth Stn,0.2,manual_bus,0,156,Morley Stn,409.0,329.0,490.79999999999995,0.6703341483292584,False,False
56,Perth Stn,0.2,manual_bus,0,157,Noranda Stn,331.0,267.0,397.2,0.6722054380664653,False,False
56,Perth Stn,0.2,manual_bus,0,158,Ballajura Stn,251.0,203.0,301.2,0.6739707835325366,False,False
56,Perth Stn,0.2,manual_bus,0,159,Whiteman Park Stn,169.0,137.0,202.79999999999998,0.6755424063116371,False,False
56,Perth Stn,0.2,manual_bus,0,16,Showgrounds Stn,701.0,71.0,841.1999999999999,0.08440323347598669,False,False
56,Perth Stn,0.2,manual_bus,0,160,Ellenbrook Stn,85.0,69.0,102.0,0.6764705882352942,False,False
56,Perth Stn,0.2,manual_bus,0,162,Nicholson Rd Stn,313.0,684.0,375.59999999999997,1.8210862619808308,True,True
56,Perth Stn,0.2,manual_bus,0,163,Ranford Rd Stn,266.0,672.0,319.2,2.1052631578947367,True,True
56,Perth Stn,0.2,manual_bus,0,164,Byford Stn,85.0,69.0,102.0,0.6764705882352942,False,False
56,Perth Stn,0.2,manual_bus,0,17,Shenton Park Stn,899.0,59.0,1078.8,0.054690396737115315,False,False
56,Perth Stn,0.2,manual_bus,0,19,Grant Street Stn,485.0,65.0,582.0,0.11168384879725086,False,False
56,Perth Stn,0.2,manual_bus,0,2,Challis Stn,331.0,267.0,397.2,0.6722054380664653,False,False
56,Perth Stn,0.2,manual_bus,0,22,Mciver Stn,1682.0,69.0,2018.3999999999999,0.03418549346016647,False,False
56,Perth Stn,0.2,manual_bus,0,23,Bayswater Stn,1206.0,1000.0,1447.2,0.6909894969596462,False,False
56,Perth Stn,0.2,manual_bus,0,24,Guildford Stn,331.0,267.0,397.2,0.6722054380664653,False,False
56,Perth Stn,0.2,manual_bus,0,26,East Perth Stn,1339.0,663.0,1606.8,0.412621359223301,False,False
56,Perth Stn,0.2,manual_bus,0,28,Beckenham Stn,999.0,973.0,1198.8,0.8116449783116451,False,False
56,Perth Stn,0.2,manual_bus,0,30,Claremont Stn,631.0,71.0,757.1999999999999,0.09376650818806129,False,False
56,Perth Stn,0.2,manual_bus,0,31,City West Stn,1135.0,15.0,1362.0,0.011013215859030838,False,False
56,Perth Stn,0.2,manual_bus,0,32,Victoria Street Stn,251.0,41.0,301.2,0.1361221779548473,False,False
56,Perth Stn,0.2,manual_bus,0,33,Burswood Stn,1108.0,754.0,1329.6,0.5670878459687124,False,False
56,Perth Stn,0.2,manual_bus,0,34,Success Hill Stn,409.0,329.0,490.79999999999995,0.6703341483292584,False,False
56,Perth Stn,0.2,manual_bus,0,36,Daglish Stn,961.0,51.0,1153.2,0.04422476586888657,False,False
56,Perth Stn,0.2,manual_bus,0,37,Meltham Stn,1189.0,664.0,1426.8,0.4653770675637791,False,False
56,Perth Stn,0.2,manual_bus,0,38,Swanbourne Stn,559.0,69.0,670.8,0.10286225402504473,False,False
56,Perth Stn,0.2,manual_bus,0,39,Bassendean Stn,485.0,389.0,582.0,0.6683848797250859,False,False
56,Perth Stn,0.2,manual_bus,0,4,Currambine Stn,485.0,389.0,582.0,0.6683848797250859,False,False
56,Perth Stn,0.2,manual_bus,0,41,Woodbridge Stn,169.0,137.0,202.79999999999998,0.6755424063116371,False,False
56,Perth Stn,0.2,manual_bus,0,42,Loch Street Stn,769.0,69.0,922.8,0.07477243172951886,False,False
56,Perth Stn,0.2,manual_bus,0,43,Armadale Stn,169.0,137.0,202.79999999999998,0.6755424063116371,False,False
56,Perth Stn,0.2,manual_bus,0,44,Mt Lawley Stn,1291.0,665.0,1549.2,0.4292538084172476,False,False
56,Perth Stn,0.2,manual_bus,0,46,Edgewater Stn,631.0,503.0,757.1999999999999,0.6642894875858426,False,False
56,Perth Stn,0.2,manual_bus,0,48,Victoria Park Stn,1074.0,836.0,1288.8,0.6486654252017381,False,False
56,Perth Stn,0.2,manual_bus,0,49,Maylands Stn,1241.0,665.0,1489.2,0.4465484824066613,False,False
56,Perth Stn,0.2,manual_bus,0,5,Mosman Park Stn,331.0,51.0,397.2,0.1283987915407855,False,False
56,Perth Stn,0.2,manual_bus,0,50,Cottesloe Stn,409.0,59.0,490.79999999999995,0.12021189894050531,False,False
56,Perth Stn,0.2,manual_bus,0,58,Carlisle Stn,1038.0,771.0,1245.6,0.6189788053949904,False,False
56,Perth Stn,0.2,manual_bus,0,59,East Guildford Stn,251.0,203.0,301.2,0.6739707835325366,False,False
56,Perth Stn,0.2,manual_bus,0,6,Subiaco Stn,1021.0,41.0,1225.2,0.03346392425726412,False,False
56,Perth Stn,0.2,manual_bus,0,64,Perth Underground Stn,1535.0,885.0,1842.0,0.4804560260586319,False,False
56,Perth Stn,0.2,manual_bus,0,66,Sherwood Stn,251.0,203.0,301.2,0.6739707835325366,False,False
56,Perth Stn,0.2,manual_bus,0,67,Seaforth Stn,485.0,389.0,582.0,0.6683848797250859,False,False
56,Perth Stn,0.2,manual_bus,0,68,Maddington Stn,631.0,503.0,757.1999999999999,0.6642894875858426,False,False
56,Perth Stn,0.2,manual_bus,0,7,Ashfield Stn,559.0,447.0,670.8,0.6663685152057246,False,False
56,Perth Stn,0.2,manual_bus,0,72,Claisebrook Stn,2078.0,724.0,2493.6,0.2903432787937119,False,False
56,Perth Stn,0.2,manual_bus,0,73,Oats Street Stn,1000.0,754.0,1200.0,0.6283333333333333,False,False
56,Perth Stn,0.2,manual_bus,0,74,Warnbro Stn,251.0,203.0,301.2,0.6739707835325366,False,False
56,Perth Stn,0.2,manual_bus,0,76,Karrakatta Stn,835.0,65.0,1002.0,0.06487025948103792,False,False
56,Perth Stn,0.2,manual_bus,0,8,Leederville Stn,1021.0,797.0,1225.2,0.6505060398302318,False,False
56,Perth Stn,0.2,manual_bus,0,82,Bull Creek Stn,612.0,458.0,734.4,0.6236383442265795,False,False
56,Perth Stn,0.2,manual_bus,0,83,Canning Bridge Stn,661.0,457.0,793.1999999999999,0.576147251638931,False,False
56,Perth Stn,0.2,manual_bus,0,84,Cannington Stn,922.0,708.0,1106.3999999999999,0.6399132321041215,False,False
56,Perth Stn,0.2,manual_bus,0,85,Clarkson Stn,409.0,329.0,490.79999999999995,0.6703341483292584,False,False
56,Perth Stn,0.2,manual_bus,0,86,Cockburn Central Stn,678.0,798.0,813.6,0.9808259587020649,False,False
56,Perth Stn,0.2,manual_bus,0,87,Fremantle Stn,85.0,15.0,102.0,0.14705882352941177,False,False
56,Perth Stn,0.2,manual_bus,0,88,Glendalough Stn,961.0,753.0,1153.2,0.6529656607700312,False,False
56,Perth Stn,0.2,manual_bus,0,89,Gosnells Stn,559.0,447.0,670.8,0.6663685152057246,False,False
56,Perth Stn,0.2,manual_bus,0,9,Greenwood Stn,769.0,609.0,922.8,0.6599479843953187,False,False
56,Perth Stn,0.2,manual_bus,0,90,Joondalup Stn,559.0,447.0,670.8,0.6663685152057246,False,False
56,Perth Stn,0.2,manual_bus,0,91,Kelmscott Stn,409.0,329.0,490.79999999999995,0.6703341483292584,False,False
56,Perth Stn,0.2,manual_bus,0,92,Kenwick Stn,701.0,557.0,841.1999999999999,0.662149310508797,False,False
56,Perth Stn,0.2,manual_bus,0,93,Kwinana Stn,485.0,389.0,582.0,0.6683848797250859,False,False
56,Perth Stn,0.2,manual_bus,0,94,Mandurah Stn,85.0,69.0,102.0,0.6764705882352942,False,False
56,Perth Stn,0.2,manual_bus,0,95,Midland Stn,85.0,69.0,102.0,0.6764705882352942,False,False
56,Perth Stn,0.2,manual_bus,0,96,Murdoch Stn,573.0,474.0,687.6,0.6893542757417103,False,False
56,Perth Stn,0.2,manual_bus,0,97,Rockingham Stn,331.0,267.0,397.2,0.6722054380664653,False,False
56,Perth Stn,0.2,manual_bus,0,98,Stirling Stn,899.0,707.0,1078.8,0.6553578049684835,False,False
56,Perth Stn,0.2,manual_bus,0,99,Thornlie Stn,373.0,694.0,447.59999999999997,1.5504915102770331,True,True
56,Perth Stn,0.2,manual_bus,1,1,North Fremantle Stn,169.0,29.0,202.79999999999998,0.14299802761341224,False,False
56,Perth Stn,0.2,manual_bus,1,100,Warwick Stn,835.0,626.0,1002.0,0.624750499001996,False,False
56,Perth Stn,0.2,manual_bus,1,101,Wellard Stn,409.0,314.0,490.79999999999995,0.6397718011409943,False,False
56,Perth Stn,0.2,manual_bus,1,102,Whitfords Stn,701.0,530.0,841.1999999999999,0.6300523062291964,False,False
56,Perth Stn,0.2,manual_bus,1,12,Queens Park Stn,961.0,671.0,1153.2,0.5818591744710371,False,False
56,Perth Stn,0.2,manual_bus,1,133,Butler Stn,331.0,255.0,397.2,0.6419939577039275,False,False
56,Perth Stn,0.2,manual_bus,1,135,Elizabeth Quay Stn,721.0,439.0,865.1999999999999,0.5073971336107259,False,False
56,Perth Stn,0.2,manual_bus,1,138,Aubin Grove Stn,559.0,426.0,670.8,0.6350626118067979,False,False
56,Perth Stn,0.2,manual_bus,1,140,Perth Stadium Stn,1140.0,497.0,1368.0,0.36330409356725146,False,False
56,Perth Stn,0.2,manual_bus,1,147,Redcliffe Stn,251.0,194.0,301.2,0.6440903054448871,False,False
56,Perth Stn,0.2,manual_bus,1,148,Airport Central Stn,169.0,131.0,202.79999999999998,0.6459566074950691,False,False
56,Perth Stn,0.2,manual_bus,1,149,High Wycombe Stn,85.0,66.0,102.0,0.6470588235294118,False,False
56,Perth Stn,0.2,manual_bus,1,15,West Leederville Stn,1079.0,29.0,1294.8,0.022397281433426012,False,False
56,Perth Stn,0.2,manual_bus,1,150,Lakelands Stn,169.0,131.0,202.79999999999998,0.6459566074950691,False,False
56,Perth Stn,0.2,manual_bus,1,153,Alkimos Stn,251.0,194.0,301.2,0.6440903054448871,False,False
56,Perth Stn,0.2,manual_bus,1,154,Eglinton Stn,169.0,131.0,202.79999999999998,0.6459566074950691,False,False
56,Perth Stn,0.2,manual_bus,1,155,Yanchep Stn,85.0,66.0,102.0,0.6470588235294118,False,False
56,Perth Stn,0.2,manual_bus,1,156,Morley Stn,409.0,314.0,490.79999999999995,0.6397718011409943,False,False
56,Perth Stn,0.2,manual_bus,1,157,Noranda Stn,331.0,255.0,397.2,0.6419939577039275,False,False
56,Perth Stn,0.2,manual_bus,1,158,Ballajura Stn,251.0,194.0,301.2,0.6440903054448871,False,False
56,Perth Stn,0.2,manual_bus,1,159,Whiteman Park Stn,169.0,131.0,202.79999999999998,0.6459566074950691,False,False
56,Perth Stn,0.2,manual_bus,1,16,Showgrounds Stn,701.0,71.0,841.1999999999999,0.08440323347598669,False,False
56,Perth Stn,0.2,manual_bus,1,160,Ellenbrook Stn,85.0,66.0,102.0,0.6470588235294118,False,False
56,Perth Stn,0.2,manual_bus,1,164,Byford Stn,85.0,66.0,102.0,0.6470588235294118,False,False
56,Perth Stn,0.2,manual_bus,1,17,Shenton Park Stn,899.0,59.0,1078.8,0.054690396737115315,False,False
56,Perth Stn,0.2,manual_bus,1,19,Grant Street Stn,485.0,65.0,582.0,0.11168384879725086,False,False
56,Perth Stn,0.2,manual_bus,1,2,Challis Stn,331.0,255.0,397.2,0.6419939577039275,False,False
56,Perth Stn,0.2,manual_bus,1,22,Mciver Stn,1682.0,66.0,2018.3999999999999,0.032699167657550536,False,False
56,Perth Stn,0.2,manual_bus,1,23,Bayswater Stn,1206.0,963.0,1447.2,0.6654228855721392,False,False
56,Perth Stn,0.2,manual_bus,1,24,Guildford Stn,331.0,255.0,397.2,0.6419939577039275,False,False
56,Perth Stn,0.2,manual_bus,1,26,East Perth Stn,1339.0,439.0,1606.8,0.27321384117500624,False,False
56,Perth Stn,0.2,manual_bus,1,28,Beckenham Stn,999.0,579.0,1198.8,0.482982982982983,False,False
56,Perth Stn,0.2,manual_bus,1,30,Claremont Stn,631.0,71.0,757.1999999999999,0.09376650818806129,False,False
56,Perth Stn,0.2,manual_bus,1,31,City West Stn,1135.0,15.0,1362.0,0.011013215859030838,False,False
56,Perth Stn,0.2,manual_bus,1,32,Victoria Street Stn,251.0,41.0,301.2,0.1361221779548473,False,False
56,Perth Stn,0.2,manual_bus,1,33,Burswood Stn,1108.0,518.0,1329.6,0.38959085439229846,False,False
56,Perth Stn,0.2,manual_bus,1,34,Success Hill Stn,409.0,314.0,490.79999999999995,0.6397718011409943,False,False
56,Perth Stn,0.2,manual_bus,1,36,Daglish Stn,961.0,51.0,1153.2,0.04422476586888657,False,False
56,Perth Stn,0.2,manual_bus,1,37,Meltham Stn,1189.0,479.0,1426.8,0.33571628819736477,False,False
56,Perth Stn,0.2,manual_bus,1,38,Swanbourne Stn,559.0,69.0,670.8,0.10286225402504473,False,False
56,Perth Stn,0.2,manual_bus,1,39,Bassendean Stn,485.0,371.0,582.0,0.6374570446735395,False,False
56,Perth Stn,0.2,manual_bus,1,4,Currambine Stn,485.0,371.0,582.0,0.6374570446735395,False,False
56,Perth Stn,0.2,manual_bus,1,41,Woodbridge Stn,169.0,131.0,202.79999999999998,0.6459566074950691,False,False
56,Perth Stn,0.2,manual_bus,1,42,Loch Street Stn,769.0,69.0,922.8,0.07477243172951886,False,False
56,Perth Stn,0.2,manual_bus,1,43,Armadale Stn,169.0,131.0,202.79999999999998,0.6459566074950691,False,False
56,Perth Stn,0.2,manual_bus,1,44,Mt Lawley Stn,1291.0,444.0,1549.2,0.2865995352439969,False,False
56,Perth Stn,0.2,manual_bus,1,46,Edgewater Stn,631.0,479.0,757.1999999999999,0.6325937665081881,False,False
56,Perth Stn,0.2,manual_bus,1,48,Victoria Park Stn,1074.0,758.0,1288.8,0.5881440099317194,False,False
56,Perth Stn,0.2,manual_bus,1,49,Maylands Stn,1241.0,457.0,1489.2,0.30687617512758525,False,False
56,Perth Stn,0.2,manual_bus,1,5,Mosman Park Stn,331.0,51.0,397.2,0.1283987915407855,False,False
56,Perth Stn,0.2,manual_bus,1,50,Cottesloe Stn,409.0,59.0,490.79999999999995,0.12021189894050531,False,False
56,Perth Stn,0.2,manual_bus,1,58,Carlisle Stn,1038.0,690.0,1245.6,0.5539499036608864,False,False
56,Perth Stn,0.2,manual_bus,1,59,East Guildford Stn,251.0,194.0,301.2,0.6440903054448871,False,False
56,Perth Stn,0.2,manual_bus,1,6,Subiaco Stn,1021.0,41.0,1225.2,0.03346392425726412,False,False
56,Perth Stn,0.2,manual_bus,1,64,Perth Underground Stn,1535.0,1002.0,1842.0,0.5439739413680782,False,False
56,Perth Stn,0.2,manual_bus,1,66,Sherwood Stn,251.0,194.0,301.2,0.6440903054448871,False,False
56,Perth Stn,0.2,manual_bus,1,67,Seaforth Stn,485.0,371.0,582.0,0.6374570446735395,False,False
56,Perth Stn,0.2,manual_bus,1,68,Maddington Stn,631.0,479.0,757.1999999999999,0.6325937665081881,False,False
56,Perth Stn,0.2,manual_bus,1,7,Ashfield Stn,559.0,426.0,670.8,0.6350626118067979,False,False
56,Perth Stn,0.2,manual_bus,1,72,Claisebrook Stn,2078.0,494.0,2493.6,0.19810715431504652,False,False
56,Perth Stn,0.2,manual_bus,1,73,Oats Street Stn,1000.0,792.0,1200.0,0.66,False,False
56,Perth Stn,0.2,manual_bus,1,74,Warnbro Stn,251.0,194.0,301.2,0.6440903054448871,False,False
56,Perth Stn,0.2,manual_bus,1,76,Karrakatta Stn,835.0,65.0,1002.0,0.06487025948103792,False,False
56,Perth Stn,0.2,manual_bus,1,8,Leederville Stn,1021.0,755.0,1225.2,0.6162259222984002,False,False
56,Perth Stn,0.2,manual_bus,1,82,Bull Creek Stn,612.0,579.0,734.4,0.7883986928104575,False,False
56,Perth Stn,0.2,manual_bus,1,83,Canning Bridge Stn,661.0,604.0,793.1999999999999,0.7614725163893092,False,False
56,Perth Stn,0.2,manual_bus,1,84,Cannington Stn,922.0,626.0,1106.3999999999999,0.5657989877078815,False,False
56,Perth Stn,0.2,manual_bus,1,85,Clarkson Stn,409.0,314.0,490.79999999999995,0.6397718011409943,False,False
56,Perth Stn,0.2,manual_bus,1,86,Cockburn Central Stn,678.0,479.0,813.6,0.5887413962635202,False,False
56,Perth Stn,0.2,manual_bus,1,87,Fremantle Stn,85.0,15.0,102.0,0.14705882352941177,False,False
56,Perth Stn,0.2,manual_bus,1,88,Glendalough Stn,961.0,714.0,1153.2,0.619146722164412,False,False
56,Perth Stn,0.2,manual_bus,1,89,Gosnells Stn,559.0,426.0,670.8,0.6350626118067979,False,False
56,Perth Stn,0.2,manual_bus,1,9,Greenwood Stn,769.0,579.0,922.8,0.6274382314694409,False,False
56,Perth Stn,0.2,manual_bus,1,90,Joondalup Stn,559.0,426.0,670.8,0.6350626118067979,False,False
56,Perth Stn,0.2,manual_bus,1,91,Kelmscott Stn,409.0,314.0,490.79999999999995,0.6397718011409943,False,False
56,Perth Stn,0.2,manual_bus,1,92,Kenwick Stn,701.0,530.0,841.1999999999999,0.6300523062291964,False,False
56,Perth Stn,0.2,manual_bus,1,93,Kwinana Stn,485.0,371.0,582.0,0.6374570446735395,False,False
56,Perth Stn,0.2,manual_bus,1,94,Mandurah Stn,85.0,66.0,102.0,0.6470588235294118,False,False
56,Perth Stn,0.2,manual_bus,1,95,Midland Stn,85.0,66.0,102.0,0.6470588235294118,False,False
56,Perth Stn,0.2,manual_bus,1,96,Murdoch Stn,573.0,530.0,687.6,0.7707969749854566,False,False
56,Perth Stn,0.2,manual_bus,1,97,Rockingham Stn,331.0,255.0,397.2,0.6419939577039275,False,False
56,Perth Stn,0.2,manual_bus,1,98,Stirling Stn,899.0,671.0,1078.8,0.6219873934000741,False,False
56,Perth Stn,0.2,candidate_bus,0,1,North Fremantle Stn,169.0,132.0,202.79999999999998,0.6508875739644971,False,False
56,Perth Stn,0.2,candidate_bus,0,100,Warwick Stn,835.0,820.0,1002.0,0.8183632734530938,False,False
56,Perth Stn,0.2,candidate_bus,0,101,Wellard Stn,409.0,365.0,490.79999999999995,0.7436837815810922,False,False
56,Perth Stn,0.2,candidate_bus,0,102,Whitfords Stn,701.0,701.0,841.1999999999999,0.8333333333333334,False,False
56,Perth Stn,0.2,candidate_bus,0,12,Queens Park Stn,961.0,846.0,1153.2,0.7336108220603538,False,False
56,Perth Stn,0.2,candidate_bus,0,133,Butler Stn,331.0,331.0,397.2,0.8333333333333334,False,False
56,Perth Stn,0.2,candidate_bus,0,135,Elizabeth Quay Stn,721.0,487.0,865.1999999999999,0.5628756356911697,False,False
56,Perth Stn,0.2,candidate_bus,0,138,Aubin Grove Stn,559.0,515.0,670.8,0.7677400119260585,False,False
56,Perth Stn,0.2,candidate_bus,0,140,Perth Stadium Stn,1140.0,1027.0,1368.0,0.7507309941520468,False,False
56,Perth Stn,0.2,candidate_bus,0,147,Redcliffe Stn,251.0,185.0,301.2,0.6142098273572377,False,False
56,Perth Stn,0.2,candidate_bus,0,148,Airport Central Stn,169.0,144.0,202.79999999999998,0.7100591715976332,False,False
56,Perth Stn,0.2,candidate_bus,0,149,High Wycombe Stn,85.0,84.0,102.0,0.8235294117647058,False,False
56,Perth Stn,0.2,candidate_bus,0,15,West Leederville Stn,1079.0,597.0,1294.8,0.46107506950880445,False,False
56,Perth Stn,0.2,candidate_bus,0,150,Lakelands Stn,169.0,169.0,202.79999999999998,0.8333333333333334,False,False
56,Perth Stn,0.2,candidate_bus,0,153,Alkimos Stn,251.0,251.0,301.2,0.8333333333333334,False,False
56,Perth Stn,0.2,candidate_bus,0,154,Eglinton Stn,169.0,169.0,202.79999999999998,0.8333333333333334,False,False
56,Perth Stn,0.2,candidate_bus,0,155,Yanchep Stn,85.0,85.0,102.0,0.8333333333333334,False,False
56,Perth Stn,0.2,candidate_bus,0,156,Morley Stn,409.0,348.0,490.79999999999995,0.7090464547677262,False,False
56,Perth Stn,0.2,candidate_bus,0,157,Noranda Stn,331.0,288.0,397.2,0.7250755287009064,False,False
56,Perth Stn,0.2,candidate_bus,0,158,Ballajura Stn,251.0,231.0,301.2,0.7669322709163346,False,False
56,Perth Stn,0.2,candidate_bus,0,159,Whiteman Park Stn,169.0,153.0,202.79999999999998,0.7544378698224853,False,False
56,Perth Stn,0.2,candidate_bus,0,16,Showgrounds Stn,701.0,615.0,841.1999999999999,0.7310984308131242,False,False
56,Perth Stn,0.2,candidate_bus,0,160,Ellenbrook Stn,85.0,75.0,102.0,0.7352941176470589,False,False
56,Perth Stn,0.2,candidate_bus,0,162,Nicholson Rd Stn,313.0,236.0,375.59999999999997,0.6283280085197018,False,False
56,Perth Stn,0.2,candidate_bus,0,163,Ranford Rd Stn,266.0,174.0,319.2,0.5451127819548872,False,False
56,Perth Stn,0.2,candidate_bus,0,164,Byford Stn,85.0,85.0,102.0,0.8333333333333334,False,False
56,Perth Stn,0.2,candidate_bus,0,17,Shenton Park Stn,899.0,778.0,1078.8,0.721171672228402,False,False
56,Perth Stn,0.2,candidate_bus,0,19,Grant Street Stn,485.0,155.0,582.0,0.2663230240549828,False,False
56,Perth Stn,0.2,candidate_bus,0,2,Challis Stn,331.0,224.0,397.2,0.5639476334340383,False,False
56,Perth Stn,0.2,candidate_bus,0,22,Mciver Stn,1682.0,663.0,2018.3999999999999,0.3284780023781213,False,False
56,Perth Stn,0.2,candidate_bus,0,23,Bayswater Stn,1206.0,1000.0,1447.2,0.6909894969596462,False,False
56,Perth Stn,0.2,candidate_bus,0,24,Guildford Stn,331.0,316.0,397.2,0.7955689828801612,False,False
56,Perth Stn,0.2,candidate_bus,0,26,East Perth Stn,1339.0,269.0,1606.8,0.1674134926562111,False,False
56,Perth Stn,0.2,candidate_bus,0,28,Beckenham Stn,999.0,853.0,1198.8,0.7115448782115449,False,False
56,Perth Stn,0.2,candidate_bus,0,30,Claremont Stn,631.0,542.0,757.1999999999999,0.7157950343370312,False,False
56,Perth Stn,0.2,candidate_bus,0,31,City West Stn,1135.0,558.0,1362.0,0.40969162995594716,False,False
56,Perth Stn,0.2,candidate_bus,0,32,Victoria Street Stn,251.0,75.0,301.2,0.24900398406374502,False,False
56,Perth Stn,0.2,candidate_bus,0,33,Burswood Stn,1108.0,1009.0,1329.6,0.7588748495788208,False,False
56,Perth Stn,0.2,candidate_bus,0,34,Success Hill Stn,409.0,316.0,490.79999999999995,0.6438467807660962,False,False
56,Perth Stn,0.2,candidate_bus,0,36,Daglish Stn,961.0,683.0,1153.2,0.5922650017343045,False,False
56,Perth Stn,0.2,candidate_bus,0,37,Meltham Stn,1189.0,1029.0,1426.8,0.7211942809083264,False,False
56,Perth Stn,0.2,candidate_bus,0,38,Swanbourne Stn,559.0,146.0,670.8,0.2176505664877758,False,False
56,Perth Stn,0.2,candidate_bus,0,39,Bassendean Stn,485.0,434.0,582.0,0.7457044673539519,False,False
56,Perth Stn,0.2,candidate_bus,0,4,Currambine Stn,485.0,485.0,582.0,0.8333333333333334,False,False
56,Perth Stn,0.2,candidate_bus,0,41,Woodbridge Stn,169.0,0.0,202.79999999999998,0.0,False,False
56,Perth Stn,0.2,candidate_bus,0,42,Loch Street Stn,769.0,675.0,922.8,0.7314694408322497,False,False
56,Perth Stn,0.2,candidate_bus,0,43,Armadale Stn,169.0,107.0,202.79999999999998,0.5276134122287969,False,False
56,Perth Stn,0.2,candidate_bus,0,44,Mt Lawley Stn,1291.0,269.0,1549.2,0.17363800671314225,False,False
56,Perth Stn,0.2,candidate_bus,0,46,Edgewater Stn,631.0,631.0,757.1999999999999,0.8333333333333334,False,False
56,Perth Stn,0.2,candidate_bus,0,48,Victoria Park Stn,1074.0,978.0,1288.8,0.7588454376163873,False,False
56,Perth Stn,0.2,candidate_bus,0,49,Maylands Stn,1241.0,1013.0,1489.2,0.6802309965081923,False,False
56,Perth Stn,0.2,candidate_bus,0,5,Mosman Park Stn,331.0,77.0,397.2,0.19385699899295067,False,False
56,Perth Stn,0.2,candidate_bus,0,50,Cottesloe Stn,409.0,79.0,490.79999999999995,0.16096169519152406,False,False
56,Perth Stn,0.2,candidate_bus,0,58,Carlisle Stn,1038.0,942.0,1245.6,0.75626204238921,False,False
56,Perth Stn,0.2,candidate_bus,0,59,East Guildford Stn,251.0,0.0,301.2,0.0,False,False
56,Perth Stn,0.2,candidate_bus,0,6,Subiaco Stn,1021.0,610.0,1225.2,0.4978778974861247,False,False
56,Perth Stn,0.2,candidate_bus,0,64,Perth Underground Stn,1535.0,1001.0,1842.0,0.5434310532030402,False,False
56,Perth Stn,0.2,candidate_bus,0,66,Sherwood Stn,251.0,164.0,301.2,0.5444887118193892,False,False
56,Perth Stn,0.2,candidate_bus,0,67,Seaforth Stn,485.0,0.0,582.0,0.0,False,False
56,Perth Stn,0.2,candidate_bus,0,68,Maddington Stn,631.0,0.0,757.1999999999999,0.0,False,False
56,Perth Stn,0.2,candidate_bus,0,7,Ashfield Stn,559.0,513.0,670.8,0.7647584973166369,False,False
56,Perth Stn,0.2,candidate_bus,0,72,Claisebrook Stn,2078.0,1008.0,2493.6,0.40423484119345526,False,False
56,Perth Stn,0.2,candidate_bus,0,73,Oats Street Stn,1000.0,905.0,1200.0,0.7541666666666667,False,False
56,Perth Stn,0.2,candidate_bus,0,74,Warnbro Stn,251.0,251.0,301.2,0.8333333333333334,False,False
56,Perth Stn,0.2,candidate_bus,0,76,Karrakatta Stn,835.0,744.0,1002.0,0.7425149700598802,False,False
56,Perth Stn,0.2,candidate_bus,0,8,Leederville Stn,1021.0,785.0,1225.2,0.6407117205354228,False,False
56,Perth Stn,0.2,candidate_bus,0,82,Bull Creek Stn,612.0,571.0,734.4,0.7775054466230937,False,False
56,Perth Stn,0.2,candidate_bus,0,83,Canning Bridge Stn,661.0,549.0,793.1999999999999,0.6921331316187596,False,False
56,Perth Stn,0.2,candidate_bus,0,84,Cannington Stn,922.0,802.0,1106.3999999999999,0.7248734634851772,False,False
56,Perth Stn,0.2,candidate_bus,0,85,Clarkson Stn,409.0,409.0,490.79999999999995,0.8333333333333334,False,False
56,Perth Stn,0.2,candidate_bus,0,86,Cockburn Central Stn,678.0,594.0,813.6,0.7300884955752213,False,False
56,Perth Stn,0.2,candidate_bus,0,87,Fremantle Stn,85.0,132.0,102.0,1.2941176470588236,True,True
56,Perth Stn,0.2,candidate_bus,0,88,Glendalough Stn,961.0,760.0,1153.2,0.6590357266736039,False,False
56,Perth Stn,0.2,candidate_bus,0,89,Gosnells Stn,559.0,0.0,670.8,0.0,False,False
56,Perth Stn,0.2,candidate_bus,0,9,Greenwood Stn,769.0,760.0,922.8,0.82358040745557,False,False
56,Perth Stn,0.2,candidate_bus,0,90,Joondalup Stn,559.0,559.0,670.8,0.8333333333333334,False,False
56,Perth Stn,0.2,candidate_bus,0,91,Kelmscott Stn,409.0,213.0,490.79999999999995,0.43398533007334966,False,False
56,Perth Stn,0.2,candidate_bus,0,92,Kenwick Stn,701.0,592.0,841.1999999999999,0.7037565382786496,False,False
56,Perth Stn,0.2,candidate_bus,0,93,Kwinana Stn,485.0,441.0,582.0,0.7577319587628866,False,False
56,Perth Stn,0.2,candidate_bus,0,94,Mandurah Stn,85.0,85.0,102.0,0.8333333333333334,False,False
56,Perth Stn,0.2,candidate_bus,0,95,Midland Stn,85.0,0.0,102.0,0.0,False,False
56,Perth Stn,0.2,candidate_bus,0,96,Murdoch Stn,573.0,548.0,687.6,0.7969749854566608,False,False
56,Perth Stn,0.2,candidate_bus,0,97,Rockingham Stn,331.0,320.0,397.2,0.8056394763343404,False,False
56,Perth Stn,0.2,candidate_bus,0,98,Stirling Stn,899.0,841.0,1078.8,0.7795698924731184,False,False
56,Perth Stn,0.2,candidate_bus,0,99,Thornlie Stn,373.0,285.0,447.59999999999997,0.6367292225201073,False,False
56,Perth Stn,0.2,candidate_bus,1,1,North Fremantle Stn,169.0,0.0,202.79999999999998,0.0,False,False
56,Perth Stn,0.2,candidate_bus,1,100,Warwick Stn,835.0,820.0,1002.0,0.8183632734530938,False,False
56,Perth Stn,0.2,candidate_bus,1,101,Wellard Stn,409.0,368.0,490.79999999999995,0.749796251018745,False,False
56,Perth Stn,0.2,candidate_bus,1,102,Whitfords Stn,701.0,701.0,841.1999999999999,0.8333333333333334,False,False
56,Perth Stn,0.2,candidate_bus,1,12,Queens Park Stn,961.0,846.0,1153.2,0.7336108220603538,False,False
56,Perth Stn,0.2,candidate_bus,1,133,Butler Stn,331.0,331.0,397.2,0.8333333333333334,False,False
56,Perth Stn,0.2,candidate_bus,1,135,Elizabeth Quay Stn,721.0,487.0,865.1999999999999,0.5628756356911697,False,False
56,Perth Stn,0.2,candidate_bus,1,138,Aubin Grove Stn,559.0,518.0,670.8,0.7722122838401909,False,False
56,Perth Stn,0.2,candidate_bus,1,140,Perth Stadium Stn,1140.0,1027.0,1368.0,0.7507309941520468,False,False
56,Perth Stn,0.2,candidate_bus,1,147,Redcliffe Stn,251.0,185.0,301.2,0.6142098273572377,False,False
56,Perth Stn,0.2,candidate_bus,1,148,Airport Central Stn,169.0,144.0,202.79999999999998,0.7100591715976332,False,False
56,Perth Stn,0.2,candidate_bus,1,149,High Wycombe Stn,85.0,84.0,102.0,0.8235294117647058,False,False
56,Perth Stn,0.2,candidate_bus,1,15,West Leederville Stn,1079.0,597.0,1294.8,0.46107506950880445,False,False
56,Perth Stn,0.2,candidate_bus,1,150,Lakelands Stn,169.0,169.0,202.79999999999998,0.8333333333333334,False,False
56,Perth Stn,0.2,candidate_bus,1,153,Alkimos Stn,251.0,251.0,301.2,0.8333333333333334,False,False
56,Perth Stn,0.2,candidate_bus,1,154,Eglinton Stn,169.0,169.0,202.79999999999998,0.8333333333333334,False,False
56,Perth Stn,0.2,candidate_bus,1,155,Yanchep Stn,85.0,85.0,102.0,0.8333333333333334,False,False
56,Perth Stn,0.2,candidate_bus,1,156,Morley Stn,409.0,348.0,490.79999999999995,0.7090464547677262,False,False
56,Perth Stn,0.2,candidate_bus,1,157,Noranda Stn,331.0,288.0,397.2,0.7250755287009064,False,False
56,Perth Stn,0.2,candidate_bus,1,158,Ballajura Stn,251.0,231.0,301.2,0.7669322709163346,False,False
56,Perth Stn,0.2,candidate_bus,1,159,Whiteman Park Stn,169.0,153.0,202.79999999999998,0.7544378698224853,False,False
56,Perth Stn,0.2,candidate_bus,1,16,Showgrounds Stn,701.0,612.0,841.1999999999999,0.7275320970042797,False,False
56,Perth Stn,0.2,candidate_bus,1,160,Ellenbrook Stn,85.0,75.0,102.0,0.7352941176470589,False,False
56,Perth Stn,0.2,candidate_bus,1,162,Nicholson Rd Stn,313.0,236.0,375.59999999999997,0.6283280085197018,False,False
56,Perth Stn,0.2,candidate_bus,1,163,Ranford Rd Stn,266.0,174.0,319.2,0.5451127819548872,False,False
56,Perth Stn,0.2,candidate_bus,1,164,Byford Stn,85.0,85.0,102.0,0.8333333333333334,False,False
56,Perth Stn,0.2,candidate_bus,1,17,Shenton Park Stn,899.0,781.0,1078.8,0.7239525398591027,False,False
56,Perth Stn,0.2,candidate_bus,1,19,Grant Street Stn,485.0,94.0,582.0,0.16151202749140894,False,False
56,Perth Stn,0.2,candidate_bus,1,2,Challis Stn,331.0,224.0,397.2,0.5639476334340383,False,False
56,Perth Stn,0.2,candidate_bus,1,22,Mciver Stn,1682.0,663.0,2018.3999999999999,0.3284780023781213,False,False
56,Perth Stn,0.2,candidate_bus,1,23,Bayswater Stn,1206.0,1000.0,1447.2,0.6909894969596462,False,False
56,Perth Stn,0.2,candidate_bus,1,24,Guildford Stn,331.0,316.0,397.2,0.7955689828801612,False,False
56,Perth Stn,0.2,candidate_bus,1,26,East Perth Stn,1339.0,269.0,1606.8,0.1674134926562111,False,False
56,Perth Stn,0.2,candidate_bus,1,28,Beckenham Stn,999.0,853.0,1198.8,0.7115448782115449,False,False
56,Perth Stn,0.2,candidate_bus,1,30,Claremont Stn,631.0,539.0,757.1999999999999,0.7118330692023244,False,False
56,Perth Stn,0.2,candidate_bus,1,31,City West Stn,1135.0,558.0,1362.0,0.40969162995594716,False,False
56,Perth Stn,0.2,candidate_bus,1,32,Victoria Street Stn,251.0,14.0,301.2,0.04648074369189907,False,False
56,Perth Stn,0.2,candidate_bus,1,33,Burswood Stn,1108.0,1009.0,1329.6,0.7588748495788208,False,False
56,Perth Stn,0.2,candidate_bus,1,34,Success Hill Stn,409.0,316.0,490.79999999999995,0.6438467807660962,False,False
56,Perth Stn,0.2,candidate_bus,1,36,Daglish Stn,961.0,686.0,1153.2,0.5948664585501213,False,False
56,Perth Stn,0.2,candidate_bus,1,37,Meltham Stn,1189.0,1029.0,1426.8,0.7211942809083264,False,False
56,Perth Stn,0.2,candidate_bus,1,38,Swanbourne Stn,559.0,85.0,670.8,0.12671437090041743,False,False
56,Perth Stn,0.2,candidate_bus,1,39,Bassendean Stn,485.0,434.0,582.0,0.7457044673539519,False,False
56,Perth Stn,0.2,candidate_bus,1,4,Currambine Stn,485.0,485.0,582.0,0.8333333333333334,False,False
56,Perth Stn,0.2,candidate_bus,1,41,Woodbridge Stn,169.0,0.0,202.79999999999998,0.0,False,False
56,Perth Stn,0.2,candidate_bus,1,42,Loch Street Stn,769.0,672.0,922.8,0.728218465539662,False,False
56,Perth Stn,0.2,candidate_bus,1,43,Armadale Stn,169.0,107.0,202.79999999999998,0.5276134122287969,False,False
56,Perth Stn,0.2,candidate_bus,1,44,Mt Lawley Stn,1291.0,269.0,1549.2,0.17363800671314225,False,False
56,Perth Stn,0.2,candidate_bus,1,46,Edgewater Stn,631.0,631.0,757.1999999999999,0.8333333333333334,False,False
56,Perth Stn,0.2,candidate_bus,1,48,Victoria Park Stn,1074.0,978.0,1288.8,0.7588454376163873,False,False
56,Perth Stn,0.2,candidate_bus,1,49,Maylands Stn,1241.0,1013.0,1489.2,0.6802309965081923,False,False
56,Perth Stn,0.2,candidate_bus,1,5,Mosman Park Stn,331.0,16.0,397.2,0.04028197381671702,False,False
56,Perth Stn,0.2,candidate_bus,1,50,Cottesloe Stn,409.0,18.0,490.79999999999995,0.03667481662591687,False,False
56,Perth Stn,0.2,candidate_bus,1,58,Carlisle Stn,1038.0,942.0,1245.6,0.75626204238921,False,False
56,Perth Stn,0.2,candidate_bus,1,59,East Guildford Stn,251.0,0.0,301.2,0.0,False,False
56,Perth Stn,0.2,candidate_bus,1,6,Subiaco Stn,1021.0,610.0,1225.2,0.4978778974861247,False,False
56,Perth Stn,0.2,candidate_bus,1,64,Perth Underground Stn,1535.0,1001.0,1842.0,0.5434310532030402,False,False
56,Perth Stn,0.2,candidate_bus,1,66,Sherwood Stn,251.0,164.0,301.2,0.5444887118193892,False,False
56,Perth Stn,0.2,candidate_bus,1,67,Seaforth Stn,485.0,0.0,582.0,0.0,False,False
56,Perth Stn,0.2,candidate_bus,1,68,Maddington Stn,631.0,0.0,757.1999999999999,0.0,False,False
56,Perth Stn,0.2,candidate_bus,1,7,Ashfield Stn,559.0,513.0,670.8,0.7647584973166369,False,False
56,Perth Stn,0.2,candidate_bus,1,72,Claisebrook Stn,2078.0,1008.0,2493.6,0.40423484119345526,False,False
56,Perth Stn,0.2,candidate_bus,1,73,Oats Street Stn,1000.0,905.0,1200.0,0.7541666666666667,False,False
56,Perth Stn,0.2,candidate_bus,1,74,Warnbro Stn,251.0,251.0,301.2,0.8333333333333334,False,False
56,Perth Stn,0.2,candidate_bus,1,76,Karrakatta Stn,835.0,744.0,1002.0,0.7425149700598802,False,False
56,Perth Stn,0.2,candidate_bus,1,8,Leederville Stn,1021.0,785.0,1225.2,0.6407117205354228,False,False
56,Perth Stn,0.2,candidate_bus,1,82,Bull Creek Stn,612.0,574.0,734.4,0.7815904139433552,False,False
56,Perth Stn,0.2,candidate_bus,1,83,Canning Bridge Stn,661.0,552.0,793.1999999999999,0.6959152798789713,False,False
56,Perth Stn,0.2,candidate_bus,1,84,Cannington Stn,922.0,802.0,1106.3999999999999,0.7248734634851772,False,False
56,Perth Stn,0.2,candidate_bus,1,85,Clarkson Stn,409.0,409.0,490.79999999999995,0.8333333333333334,False,False
56,Perth Stn,0.2,candidate_bus,1,86,Cockburn Central Stn,678.0,597.0,813.6,0.7337758112094395,False,False
56,Perth Stn,0.2,candidate_bus,1,88,Glendalough Stn,961.0,760.0,1153.2,0.6590357266736039,False,False
56,Perth Stn,0.2,candidate_bus,1,89,Gosnells Stn,559.0,0.0,670.8,0.0,False,False
56,Perth Stn,0.2,candidate_bus,1,9,Greenwood Stn,769.0,760.0,922.8,0.82358040745557,False,False
56,Perth Stn,0.2,candidate_bus,1,90,Joondalup Stn,559.0,559.0,670.8,0.8333333333333334,False,False
56,Perth Stn,0.2,candidate_bus,1,91,Kelmscott Stn,409.0,213.0,490.79999999999995,0.43398533007334966,False,False
56,Perth Stn,0.2,candidate_bus,1,92,Kenwick Stn,701.0,592.0,841.1999999999999,0.7037565382786496,False,False
56,Perth Stn,0.2,candidate_bus,1,93,Kwinana Stn,485.0,444.0,582.0,0.7628865979381443,False,False
56,Perth Stn,0.2,candidate_bus,1,94,Mandurah Stn,85.0,85.0,102.0,0.8333333333333334,False,False
56,Perth Stn,0.2,candidate_bus,1,95,Midland Stn,85.0,0.0,102.0,0.0,False,False
56,Perth Stn,0.2,candidate_bus,1,96,Murdoch Stn,573.0,551.0,687.6,0.8013379872018616,False,False
56,Perth Stn,0.2,candidate_bus,1,97,Rockingham Stn,331.0,320.0,397.2,0.8056394763343404,False,False
56,Perth Stn,0.2,candidate_bus,1,98,Stirling Stn,899.0,841.0,1078.8,0.7795698924731184,False,False
56,Perth Stn,0.2,candidate_bus,1,99,Thornlie Stn,373.0,285.0,447.59999999999997,0.6367292225201073,False,False
23,Bayswater Stn,0.0,rail_only,0,1,North Fremantle Stn,169.0,137.0,169.0,0.8106508875739645,False,False
23,Bayswater Stn,0.0,rail_only,0,100,Warwick Stn,835.0,659.0,835.0,0.7892215568862275,False,False
23,Bayswater Stn,0.0,rail_only,0,101,Wellard Stn,409.0,329.0,409.0,0.80440097799511,False,False
23,Bayswater Stn,0.0,rail_only,0,102,Whitfords Stn,701.0,557.0,701.0,0.7945791726105563,False,False
23,Bayswater Stn,0.0,rail_only,0,12,Queens Park Stn,961.0,721.0,961.0,0.7502601456815817,False,False
23,Bayswater Stn,0.0,rail_only,0,133,Butler Stn,331.0,267.0,331.0,0.8066465256797583,False,False
23,Bayswater Stn,0.0,rail_only,0,135,Elizabeth Quay Stn,721.0,529.0,721.0,0.7337031900138696,False,False
23,Bayswater Stn,0.0,rail_only,0,138,Aubin Grove Stn,559.0,447.0,559.0,0.7996422182468694,False,False
23,Bayswater Stn,0.0,rail_only,0,140,Perth Stadium Stn,1140.0,820.0,1140.0,0.7192982456140351,False,False
23,Bayswater Stn,0.0,rail_only,0,147,Redcliffe Stn,251.0,2.0,251.0,0.00796812749003984,False,False
23,Bayswater Stn,0.0,rail_only,0,148,Airport Central Stn,169.0,3.0,169.0,0.01775147928994083,False,False
23,Bayswater Stn,0.0,rail_only,0,149,High Wycombe Stn,85.0,2.0,85.0,0.023529411764705882,False,False
23,Bayswater Stn,0.0,rail_only,0,15,West Leederville Stn,1079.0,839.0,1079.0,0.7775718257645968,False,False
23,Bayswater Stn,0.0,rail_only,0,150,Lakelands Stn,169.0,137.0,169.0,0.8106508875739645,False,False
23,Bayswater Stn,0.0,rail_only,0,153,Alkimos Stn,251.0,203.0,251.0,0.8087649402390438,False,False
23,Bayswater Stn,0.0,rail_only,0,154,Eglinton Stn,169.0,137.0,169.0,0.8106508875739645,False,False
23,Bayswater Stn,0.0,rail_only,0,155,Yanchep Stn,85.0,69.0,85.0,0.8117647058823529,False,False
23,Bayswater Stn,0.0,rail_only,0,156,Morley Stn,409.0,4.0,409.0,0.009779951100244499,False,False
23,Bayswater Stn,0.0,rail_only,0,157,Noranda Stn,331.0,7.0,331.0,0.021148036253776436,False,False
23,Bayswater Stn,0.0,rail_only,0,158,Ballajura Stn,251.0,8.0,251.0,0.03187250996015936,False,False
23,Bayswater Stn,0.0,rail_only,0,159,Whiteman Park Stn,169.0,7.0,169.0,0.04142011834319527,False,False
23,Bayswater Stn,0.0,rail_only,0,16,Showgrounds Stn,701.0,557.0,701.0,0.7945791726105563,False,False
23,Bayswater Stn,0.0,rail_only,0,160,Ellenbrook Stn,85.0,4.0,85.0,0.047058823529411764,False,False
23,Bayswater Stn,0.0,rail_only,0,162,Nicholson Rd Stn,313.0,281.0,313.0,0.8977635782747604,False,False
23,Bayswater Stn,0.0,rail_only,0,163,Ranford Rd Stn,266.0,250.0,266.0,0.9398496240601504,False,False
23,Bayswater Stn,0.0,rail_only,0,164,Byford Stn,85.0,69.0,85.0,0.8117647058823529,False,False
23,Bayswater Stn,0.0,rail_only,0,17,Shenton Park Stn,899.0,707.0,899.0,0.7864293659621802,False,False
23,Bayswater Stn,0.0,rail_only,0,19,Grant Street Stn,485.0,389.0,485.0,0.8020618556701031,False,False
23,Bayswater Stn,0.0,rail_only,0,2,Challis Stn,331.0,267.0,331.0,0.8066465256797583,False,False
23,Bayswater Stn,0.0,rail_only,0,22,Mciver Stn,1682.0,962.0,1682.0,0.5719381688466112,False,False
23,Bayswater Stn,0.0,rail_only,0,24,Guildford Stn,331.0,15.0,331.0,0.045317220543806644,False,False
23,Bayswater Stn,0.0,rail_only,0,26,East Perth Stn,1339.0,267.0,1339.0,0.19940253920836445,False,False
23,Bayswater Stn,0.0,rail_only,0,28,Beckenham Stn,999.0,791.0,999.0,0.7917917917917918,False,False
23,Bayswater Stn,0.0,rail_only,0,30,Claremont Stn,631.0,503.0,631.0,0.7971473851030111,False,False
23,Bayswater Stn,0.0,rail_only,0,31,City West Stn,1135.0,879.0,1135.0,0.7744493392070485,False,False
23,Bayswater Stn,0.0,rail_only,0,32,Victoria Street Stn,251.0,203.0,251.0,0.8087649402390438,False,False
23,Bayswater Stn,0.0,rail_only,0,33,Burswood Stn,1108.0,804.0,1108.0,0.7256317689530686,False,False
23,Bayswater Stn,0.0,rail_only,0,34,Success Hill Stn,409.0,14.0,409.0,0.034229828850855744,False,False
23,Bayswater Stn,0.0,rail_only,0,36,Daglish Stn,961.0,753.0,961.0,0.7835587929240374,False,False
23,Bayswater Stn,0.0,rail_only,0,37,Meltham Stn,1189.0,69.0,1189.0,0.05803195962994113,False,False
23,Bayswater Stn,0.0,rail_only,0,38,Swanbourne Stn,559.0,447.0,559.0,0.7996422182468694,False,False
23,Bayswater Stn,0.0,rail_only,0,39,Bassendean Stn,485.0,11.0,485.0,0.02268041237113402,False,False
23,Bayswater Stn,0.0,rail_only,0,4,Currambine Stn,485.0,389.0,485.0,0.8020618556701031,False,False
23,Bayswater Stn,0.0,rail_only,0,41,Woodbridge Stn,169.0,11.0,169.0,0.0650887573964497,False,False
23,Bayswater Stn,0.0,rail_only,0,42,Loch Street Stn,769.0,609.0,769.0,0.7919375812743823,False,False
23,Bayswater Stn,0.0,rail_only,0,43,Armadale Stn,169.0,137.0,169.0,0.8106508875739645,False,False
23,Bayswater Stn,0.0,rail_only,0,44,Mt Lawley Stn,1291.0,203.0,1291.0,0.15724244771494966,False,False
23,Bayswater Stn,0.0,rail_only,0,46,Edgewater Stn,631.0,503.0,631.0,0.7971473851030111,False,False
23,Bayswater Stn,0.0,rail_only,0,48,Victoria Park Stn,1074.0,786.0,1074.0,0.7318435754189944,False,False
23,Bayswater Stn,0.0,rail_only,0,49,Maylands Stn,1241.0,137.0,1241.0,0.11039484286865431,False,False
23,Bayswater Stn,0.0,rail_only,0,5,Mosman Park Stn,331.0,267.0,331.0,0.8066465256797583,False,False
23,Bayswater Stn,0.0,rail_only,0,50,Cottesloe Stn,409.0,329.0,409.0,0.80440097799511,False,False
23,Bayswater Stn,0.0,rail_only,0,56,Perth Stn,2089.0,1385.0,2089.0,0.6629966491144088,False,False
23,Bayswater Stn,0.0,rail_only,0,58,Carlisle Stn,1038.0,766.0,1038.0,0.7379576107899807,False,False
23,Bayswater Stn,0.0,rail_only,0,59,East Guildford Stn,251.0,14.0,251.0,0.055776892430278883,False,False
23,Bayswater Stn,0.0,rail_only,0,6,Subiaco Stn,1021.0,797.0,1021.0,0.7806072477962782,False,False
23,Bayswater Stn,0.0,rail_only,0,64,Perth Underground Stn,1535.0,1119.0,1535.0,0.7289902280130293,False,False
23,Bayswater Stn,0.0,rail_only,0,66,Sherwood Stn,251.0,203.0,251.0,0.8087649402390438,False,False
23,Bayswater Stn,0.0,rail_only,0,67,Seaforth Stn,485.0,389.0,485.0,0.8020618556701031,False,False
23,Bayswater Stn,0.0,rail_only,0,68,Maddington Stn,631.0,503.0,631.0,0.7971473851030111,False,False
23,Bayswater Stn,0.0,rail_only,0,7,Ashfield Stn,559.0,6.0,559.0,0.01073345259391771,False,False
23,Bayswater Stn,0.0,rail_only,0,72,Claisebrook Stn,2078.0,1022.0,2078.0,0.4918190567853705,False,False
23,Bayswater Stn,0.0,rail_only,0,73,Oats Street Stn,1000.0,744.0,1000.0,0.744,False,False
23,Bayswater Stn,0.0,rail_only,0,74,Warnbro Stn,251.0,203.0,251.0,0.8087649402390438,False,False
23,Bayswater Stn,0.0,rail_only,0,76,Karrakatta Stn,835.0,659.0,835.0,0.7892215568862275,False,False
23,Bayswater Stn,0.0,rail_only,0,8,Leederville Stn,1021.0,797.0,1021.0,0.7806072477962782,False,False
23,Bayswater Stn,0.0,rail_only,0,82,Bull Creek Stn,612.0,452.0,612.0,0.738562091503268,False,False
23,Bayswater Stn,0.0,rail_only,0,83,Canning Bridge Stn,661.0,485.0,661.0,0.7337367624810892,False,False
23,Bayswater Stn,0.0,rail_only,0,84,Cannington Stn,922.0,698.0,922.0,0.7570498915401301,False,False
23,Bayswater Stn,0.0,rail_only,0,85,Clarkson Stn,409.0,329.0,409.0,0.80440097799511,False,False
23,Bayswater Stn,0.0,rail_only,0,86,Cockburn Central Stn,678.0,550.0,678.0,0.8112094395280236,False,False
23,Bayswater Stn,0.0,rail_only,0,87,Fremantle Stn,85.0,69.0,85.0,0.8117647058823529,False,False
23,Bayswater Stn,0.0,rail_only,0,88,Glendalough Stn,961.0,753.0,961.0,0.7835587929240374,False,False
23,Bayswater Stn,0.0,rail_only,0,89,Gosnells Stn,559.0,447.0,559.0,0.7996422182468694,False,False
23,Bayswater Stn,0.0,rail_only,0,9,Greenwood Stn,769.0,609.0,769.0,0.7919375812743823,False,False
23,Bayswater Stn,0.0,rail_only,0,90,Joondalup Stn,559.0,447.0,559.0,0.7996422182468694,False,False
23,Bayswater Stn,0.0,rail_only,0,91,Kelmscott Stn,409.0,329.0,409.0,0.80440097799511,False,False
23,Bayswater Stn,0.0,rail_only,0,92,Kenwick Stn,701.0,557.0,701.0,0.7945791726105563,False,False
23,Bayswater Stn,0.0,rail_only,0,93,Kwinana Stn,485.0,389.0,485.0,0.8020618556701031,False,False
23,Bayswater Stn,0.0,rail_only,0,94,Mandurah Stn,85.0,69.0,85.0,0.8117647058823529,False,False
23,Bayswater Stn,0.0,rail_only,0,95,Midland Stn,85.0,6.0,85.0,0.07058823529411765,False,False
23,Bayswater Stn,0.0,rail_only,0,96,Murdoch Stn,573.0,429.0,573.0,0.7486910994764397,False,False
23,Bayswater Stn,0.0,rail_only,0,97,Rockingham Stn,331.0,267.0,331.0,0.8066465256797583,False,False
23,Bayswater Stn,0.0,rail_only,0,98,Stirling Stn,899.0,707.0,899.0,0.7864293659621802,False,False
23,Bayswater Stn,0.0,rail_only,0,99,Thornlie Stn,373.0,325.0,373.0,0.871313672922252,False,False
23,Bayswater Stn,0.0,manual_bus,0,1,North Fremantle Stn,169.0,139.0,169.0,0.8224852071005917,False,False
23,Bayswater Stn,0.0,manual_bus,0,100,Warwick Stn,835.0,670.0,835.0,0.8023952095808383,False,False
23,Bayswater Stn,0.0,manual_bus,0,101,Wellard Stn,409.0,334.0,409.0,0.8166259168704156,False,False
23,Bayswater Stn,0.0,manual_bus,0,102,Whitfords Stn,701.0,566.0,701.0,0.8074179743223966,False,False
23,Bayswater Stn,0.0,manual_bus,0,12,Queens Park Stn,961.0,736.0,961.0,0.7658688865764828,False,False
23,Bayswater Stn,0.0,manual_bus,0,133,Butler Stn,331.0,271.0,331.0,0.8187311178247734,False,False
23,Bayswater Stn,0.0,manual_bus,0,135,Elizabeth Quay Stn,721.0,541.0,721.0,0.7503467406380028,False,False
23,Bayswater Stn,0.0,manual_bus,0,138,Aubin Grove Stn,559.0,454.0,559.0,0.8121645796064401,False,False
23,Bayswater Stn,0.0,manual_bus,0,140,Perth Stadium Stn,1140.0,840.0,1140.0,0.7368421052631579,False,False
23,Bayswater Stn,0.0,manual_bus,0,147,Redcliffe Stn,251.0,2.0,251.0,0.00796812749003984,False,False
23,Bayswater Stn,0.0,manual_bus,0,148,Airport Central Stn,169.0,3.0,169.0,0.01775147928994083,False,False
23,Bayswater Stn,0.0,manual_bus,0,149,High Wycombe Stn,85.0,2.0,85.0,0.023529411764705882,False,False
23,Bayswater Stn,0.0,manual_bus,0,15,West Leederville Stn,1079.0,854.0,1079.0,0.7914735866543096,False,False
23,Bayswater Stn,0.0,manual_bus,0,150,Lakelands Stn,169.0,139.0,169.0,0.8224852071005917,False,False
23,Bayswater Stn,0.0,manual_bus,0,153,Alkimos Stn,251.0,206.0,251.0,0.8207171314741036,False,False
23,Bayswater Stn,0.0,manual_bus,0,154,Eglinton Stn,169.0,139.0,169.0,0.8224852071005917,False,False
23,Bayswater Stn,0.0,manual_bus,0,155,Yanchep Stn,85.0,70.0,85.0,0.8235294117647058,False,False
23,Bayswater Stn,0.0,manual_bus,0,156,Morley Stn,409.0,4.0,409.0,0.009779951100244499,False,False
23,Bayswater Stn,0.0,manual_bus,0,157,Noranda Stn,331.0,7.0,331.0,0.021148036253776436,False,False
23,Bayswater Stn,0.0,manual_bus,0,158,Ballajura Stn,251.0,8.0,251.0,0.03187250996015936,False,False
23,Bayswater Stn,0.0,manual_bus,0,159,Whiteman Park Stn,169.0,7.0,169.0,0.04142011834319527,False,False
23,Bayswater Stn,0.0,manual_bus,0,16,Showgrounds Stn,701.0,566.0,701.0,0.8074179743223966,False,False
23,Bayswater Stn,0.0,manual_bus,0,160,Ellenbrook Stn,85.0,4.0,85.0,0.047058823529411764,False,False
23,Bayswater Stn,0.0,manual_bus,0,162,Nicholson Rd Stn,313.0,283.0,313.0,0.9041533546325878,False,False
23,Bayswater Stn,0.0,manual_bus,0,163,Ranford Rd Stn,266.0,251.0,266.0,0.943609022556391,False,False
23,Bayswater Stn,0.0,manual_bus,0,164,Byford Stn,85.0,70.0,85.0,0.8235294117647058,False,False
23,Bayswater Stn,0.0,manual_bus,0,17,Shenton Park Stn,899.0,719.0,899.0,0.7997775305895439,False,False
23,Bayswater Stn,0.0,manual_bus,0,19,Grant Street Stn,485.0,395.0,485.0,0.8144329896907216,False,False
23,Bayswater Stn,0.0,manual_bus,0,2,Challis Stn,331.0,271.0,331.0,0.8187311178247734,False,False
23,Bayswater Stn,0.0,manual_bus,0,22,Mciver Stn,1682.0,988.0,1682.0,0.5873959571938169,False,False
23,Bayswater Stn,0.0,manual_bus,0,24,Guildford Stn,331.0,15.0,331.0,0.045317220543806644,False,False
23,Bayswater Stn,0.0,manual_bus,0,26,East Perth Stn,1339.0,271.0,1339.0,0.20238984316654218,False,False
23,Bayswater Stn,0.0,manual_bus,0,28,Beckenham Stn,999.0,804.0,999.0,0.8048048048048048,False,False
23,Bayswater Stn,0.0,manual_bus,0,30,Claremont Stn,631.0,511.0,631.0,0.8098256735340729,False,False
23,Bayswater Stn,0.0,manual_bus,0,31,City West Stn,1135.0,895.0,1135.0,0.788546255506608,False,False
23,Bayswater Stn,0.0,manual_bus,0,32,Victoria Street Stn,251.0,206.0,251.0,0.8207171314741036,False,False
23,Bayswater Stn,0.0,manual_bus,0,33,Burswood Stn,1108.0,823.0,1108.0,0.7427797833935018,False,False
23,Bayswater Stn,0.0,manual_bus,0,34,Success Hill Stn,409.0,14.0,409.0,0.034229828850855744,False,False
23,Bayswater Stn,0.0,manual_bus,0,36,Daglish Stn,961.0,766.0,961.0,0.7970863683662851,False,False
23,Bayswater Stn,0.0,manual_bus,0,37,Meltham Stn,1189.0,70.0,1189.0,0.05887300252312868,False,False
23,Bayswater Stn,0.0,manual_bus,0,38,Swanbourne Stn,559.0,454.0,559.0,0.8121645796064401,False,False
23,Bayswater Stn,0.0,manual_bus,0,39,Bassendean Stn,485.0,11.0,485.0,0.02268041237113402,False,False
23,Bayswater Stn,0.0,manual_bus,0,4,Currambine Stn,485.0,395.0,485.0,0.8144329896907216,False,False
23,Bayswater Stn,0.0,manual_bus,0,41,Woodbridge Stn,169.0,11.0,169.0,0.0650887573964497,False,False
23,Bayswater Stn,0.0,manual_bus,0,42,Loch Street Stn,769.0,619.0,769.0,0.8049414824447334,False,False
23,Bayswater Stn,0.0,manual_bus,0,43,Armadale Stn,169.0,139.0,169.0,0.8224852071005917,False,False
23,Bayswater Stn,0.0,manual_bus,0,44,Mt Lawley Stn,1291.0,206.0,1291.0,0.15956622773044152,False,False
23,Bayswater Stn,0.0,manual_bus,0,46,Edgewater Stn,631.0,511.0,631.0,0.8098256735340729,False,False
23,Bayswater Stn,0.0,manual_bus,0,48,Victoria Park Stn,1074.0,804.0,1074.0,0.7486033519553073,False,False
23,Bayswater Stn,0.0,manual_bus,0,49,Maylands Stn,1241.0,139.0,1241.0,0.11200644641418211,False,False
23,Bayswater Stn,0.0,manual_bus,0,5,Mosman Park Stn,331.0,271.0,331.0,0.8187311178247734,False,False
23,Bayswater Stn,0.0,manual_bus,0,50,Cottesloe Stn,409.0,334.0,409.0,0.8166259168704156,False,False
23,Bayswater Stn,0.0,manual_bus,0,56,Perth Stn,2089.0,1427.0,2089.0,0.6831019626615605,False,False
23,Bayswater Stn,0.0,manual_bus,0,58,Carlisle Stn,1038.0,783.0,1038.0,0.7543352601156069,False,False
23,Bayswater Stn,0.0,manual_bus,0,59,East Guildford Stn,251.0,14.0,251.0,0.055776892430278883,False,False
23,Bayswater Stn,0.0,manual_bus,0,6,Subiaco Stn,1021.0,811.0,1021.0,0.7943192948090108,False,False
23,Bayswater Stn,0.0,manual_bus,0,64,Perth Underground Stn,1535.0,1145.0,1535.0,0.745928338762215,False,False
23,Bayswater Stn,0.0,manual_bus,0,66,Sherwood Stn,251.0,206.0,251.0,0.8207171314741036,False,False
23,Bayswater Stn,0.0,manual_bus,0,67,Seaforth Stn,485.0,395.0,485.0,0.8144329896907216,False,False
23,Bayswater Stn,0.0,manual_bus,0,68,Maddington Stn,631.0,511.0,631.0,0.8098256735340729,False,False
23,Bayswater Stn,0.0,manual_bus,0,7,Ashfield Stn,559.0,6.0,559.0,0.01073345259391771,False,False
23,Bayswater Stn,0.0,manual_bus,0,72,Claisebrook Stn,2078.0,1047.0,2078.0,0.5038498556304138,False,False
23,Bayswater Stn,0.0,manual_bus,0,73,Oats Street Stn,1000.0,760.0,1000.0,0.76,False,False
23,Bayswater Stn,0.0,manual_bus,0,74,Warnbro Stn,251.0,206.0,251.0,0.8207171314741036,False,False
23,Bayswater Stn,0.0,manual_bus,0,76,Karrakatta Stn,835.0,670.0,835.0,0.8023952095808383,False,False
23,Bayswater Stn,0.0,manual_bus,0,8,Leederville Stn,1021.0,811.0,1021.0,0.7943192948090108,False,False
23,Bayswater Stn,0.0,manual_bus,0,82,Bull Creek Stn,612.0,462.0,612.0,0.7549019607843137,False,False
23,Bayswater Stn,0.0,manual_bus,0,83,Canning Bridge Stn,661.0,496.0,661.0,0.7503782148260212,False,False
23,Bayswater Stn,0.0,manual_bus,0,84,Cannington Stn,922.0,712.0,922.0,0.7722342733188721,False,False
23,Bayswater Stn,0.0,manual_bus,0,85,Clarkson Stn,409.0,334.0,409.0,0.8166259168704156,False,False
23,Bayswater Stn,0.0,manual_bus,0,86,Cockburn Central Stn,678.0,558.0,678.0,0.8230088495575221,False,False
23,Bayswater Stn,0.0,manual_bus,0,87,Fremantle Stn,85.0,70.0,85.0,0.8235294117647058,False,False
23,Bayswater Stn,0.0,manual_bus,0,88,Glendalough Stn,961.0,766.0,961.0,0.7970863683662851,False,False
23,Bayswater Stn,0.0,manual_bus,0,89,Gosnells Stn,559.0,454.0,559.0,0.8121645796064401,False,False
23,Bayswater Stn,0.0,manual_bus,0,9,Greenwood Stn,769.0,619.0,769.0,0.8049414824447334,False,False
23,Bayswater Stn,0.0,manual_bus,0,90,Joondalup Stn,559.0,454.0,559.0,0.8121645796064401,False,False
23,Bayswater Stn,0.0,manual_bus,0,91,Kelmscott Stn,409.0,334.0,409.0,0.8166259168704156,False,False
23,Bayswater Stn,0.0,manual_bus,0,92,Kenwick Stn,701.0,566.0,701.0,0.8074179743223966,False,False
23,Bayswater Stn,0.0,manual_bus,0,93,Kwinana Stn,485.0,395.0,485.0,0.8144329896907216,False,False
23,Bayswater Stn,0.0,manual_bus,0,94,Mandurah Stn,85.0,70.0,85.0,0.8235294117647058,False,False
23,Bayswater Stn,0.0,manual_bus,0,95,Midland Stn,85.0,6.0,85.0,0.07058823529411765,False,False
23,Bayswater Stn,0.0,manual_bus,0,96,Murdoch Stn,573.0,438.0,573.0,0.7643979057591623,False,False
23,Bayswater Stn,0.0,manual_bus,0,97,Rockingham Stn,331.0,271.0,331.0,0.8187311178247734,False,False
23,Bayswater Stn,0.0,manual_bus,0,98,Stirling Stn,899.0,719.0,899.0,0.7997775305895439,False,False
23,Bayswater Stn,0.0,manual_bus,0,99,Thornlie Stn,373.0,328.0,373.0,0.8793565683646113,False,False
23,Bayswater Stn,0.0,candidate_bus,0,1,North Fremantle Stn,169.0,134.0,169.0,0.7928994082840237,False,False
23,Bayswater Stn,0.0,candidate_bus,0,100,Warwick Stn,835.0,820.0,835.0,0.9820359281437125,False,False
23,Bayswater Stn,0.0,candidate_bus,0,101,Wellard Stn,409.0,365.0,409.0,0.8924205378973105,False,False
23,Bayswater Stn,0.0,candidate_bus,0,102,Whitfords Stn,701.0,701.0,701.0,1.0,False,False
23,Bayswater Stn,0.0,candidate_bus,0,12,Queens Park Stn,961.0,862.0,961.0,0.8969823100936525,False,False
23,Bayswater Stn,0.0,candidate_bus,0,133,Butler Stn,331.0,331.0,331.0,1.0,False,False
23,Bayswater Stn,0.0,candidate_bus,0,135,Elizabeth Quay Stn,721.0,466.0,721.0,0.6463245492371706,False,False
23,Bayswater Stn,0.0,candidate_bus,0,138,Aubin Grove Stn,559.0,515.0,559.0,0.9212880143112702,False,False
23,Bayswater Stn,0.0,candidate_bus,0,140,Perth Stadium Stn,1140.0,1082.0,1140.0,0.9491228070175438,False,False
23,Bayswater Stn,0.0,candidate_bus,0,147,Redcliffe Stn,251.0,118.0,251.0,0.4701195219123506,False,False
23,Bayswater Stn,0.0,candidate_bus,0,148,Airport Central Stn,169.0,143.0,169.0,0.8461538461538461,False,False
23,Bayswater Stn,0.0,candidate_bus,0,149,High Wycombe Stn,85.0,84.0,85.0,0.9882352941176471,False,False
23,Bayswater Stn,0.0,candidate_bus,0,15,West Leederville Stn,1079.0,684.0,1079.0,0.633920296570899,False,False
23,Bayswater Stn,0.0,candidate_bus,0,150,Lakelands Stn,169.0,169.0,169.0,1.0,False,False
23,Bayswater Stn,0.0,candidate_bus,0,153,Alkimos Stn,251.0,251.0,251.0,1.0,False,False
23,Bayswater Stn,0.0,candidate_bus,0,154,Eglinton Stn,169.0,169.0,169.0,1.0,False,False
23,Bayswater Stn,0.0,candidate_bus,0,155,Yanchep Stn,85.0,85.0,85.0,1.0,False,False
23,Bayswater Stn,0.0,candidate_bus,0,156,Morley Stn,409.0,289.0,409.0,0.706601466992665,False,False
23,Bayswater Stn,0.0,candidate_bus,0,157,Noranda Stn,331.0,304.0,331.0,0.918429003021148,False,False
23,Bayswater Stn,0.0,candidate_bus,0,158,Ballajura Stn,251.0,252.0,251.0,1.00398406374502,True,True
23,Bayswater Stn,0.0,candidate_bus,0,159,Whiteman Park Stn,169.0,91.0,169.0,0.5384615384615384,False,False
23,Bayswater Stn,0.0,candidate_bus,0,16,Showgrounds Stn,701.0,619.0,701.0,0.8830242510699001,False,False
23,Bayswater Stn,0.0,candidate_bus,0,160,Ellenbrook Stn,85.0,75.0,85.0,0.8823529411764706,False,False
23,Bayswater Stn,0.0,candidate_bus,0,162,Nicholson Rd Stn,313.0,254.0,313.0,0.8115015974440895,False,False
23,Bayswater Stn,0.0,candidate_bus,0,163,Ranford Rd Stn,266.0,191.0,266.0,0.7180451127819549,False,False
23,Bayswater Stn,0.0,candidate_bus,0,164,Byford Stn,85.0,85.0,85.0,1.0,False,False
23,Bayswater Stn,0.0,candidate_bus,0,17,Shenton Park Stn,899.0,782.0,899.0,0.8698553948832035,False,False
23,Bayswater Stn,0.0,candidate_bus,0,19,Grant Street Stn,485.0,158.0,485.0,0.32577319587628867,False,False
23,Bayswater Stn,0.0,candidate_bus,0,2,Challis Stn,331.0,224.0,331.0,0.676737160120846,False,False
23,Bayswater Stn,0.0,candidate_bus,0,22,Mciver Stn,1682.0,1001.0,1682.0,0.5951248513674198,False,False
23,Bayswater Stn,0.0,candidate_bus,0,24,Guildford Stn,331.0,261.0,331.0,0.7885196374622356,False,False
23,Bayswater Stn,0.0,candidate_bus,0,26,East Perth Stn,1339.0,37.0,1339.0,0.027632561613144136,False,False
23,Bayswater Stn,0.0,candidate_bus,0,28,Beckenham Stn,999.0,875.0,999.0,0.8758758758758759,False,False
23,Bayswater Stn,0.0,candidate_bus,0,30,Claremont Stn,631.0,546.0,631.0,0.8652931854199684,False,False
23,Bayswater Stn,0.0,candidate_bus,0,31,City West Stn,1135.0,689.0,1135.0,0.6070484581497797,False,False
23,Bayswater Stn,0.0,candidate_bus,0,32,Victoria Street Stn,251.0,78.0,251.0,0.3107569721115538,False,False
23,Bayswater Stn,0.0,candidate_bus,0,33,Burswood Stn,1108.0,1151.0,1108.0,1.038808664259928,True,True
23,Bayswater Stn,0.0,candidate_bus,0,34,Success Hill Stn,409.0,261.0,409.0,0.6381418092909535,False,False
23,Bayswater Stn,0.0,candidate_bus,0,36,Daglish Stn,961.0,687.0,961.0,0.7148803329864725,False,False
23,Bayswater Stn,0.0,candidate_bus,0,37,Meltham Stn,1189.0,85.0,1189.0,0.07148864592094197,False,False
23,Bayswater Stn,0.0,candidate_bus,0,38,Swanbourne Stn,559.0,149.0,559.0,0.26654740608228983,False,False
23,Bayswater Stn,0.0,candidate_bus,0,39,Bassendean Stn,485.0,85.0,485.0,0.17525773195876287,False,False
23,Bayswater Stn,0.0,candidate_bus,0,4,Currambine Stn,485.0,485.0,485.0,1.0,False,False
23,Bayswater Stn,0.0,candidate_bus,0,41,Woodbridge Stn,169.0,0.0,169.0,0.0,False,False
23,Bayswater Stn,0.0,candidate_bus,0,42,Loch Street Stn,769.0,679.0,769.0,0.88296488946684,False,False
23,Bayswater Stn,0.0,candidate_bus,0,43,Armadale Stn,169.0,107.0,169.0,0.6331360946745562,False,False
23,Bayswater Stn,0.0,candidate_bus,0,44,Mt Lawley Stn,1291.0,37.0,1291.0,0.02865995352439969,False,False
23,Bayswater Stn,0.0,candidate_bus,0,46,Edgewater Stn,631.0,631.0,631.0,1.0,False,False
23,Bayswater Stn,0.0,candidate_bus,0,48,Victoria Park Stn,1074.0,994.0,1074.0,0.925512104283054,False,False
23,Bayswater Stn,0.0,candidate_bus,0,49,Maylands Stn,1241.0,85.0,1241.0,0.0684931506849315,False,False
23,Bayswater Stn,0.0,candidate_bus,0,5,Mosman Park Stn,331.0,80.0,331.0,0.24169184290030213,False,False
23,Bayswater Stn,0.0,candidate_bus,0,50,Cottesloe Stn,409.0,82.0,409.0,0.20048899755501223,False,False
23,Bayswater Stn,0.0,candidate_bus,0,56,Perth Stn,2089.0,685.0,2089.0,0.32790808999521304,False,False
23,Bayswater Stn,0.0,candidate_bus,0,58,Carlisle Stn,1038.0,958.0,1038.0,0.9229287090558767,False,False
23,Bayswater Stn,0.0,candidate_bus,0,59,East Guildford Stn,251.0,0.0,251.0,0.0,False,False
23,Bayswater Stn,0.0,candidate_bus,0,6,Subiaco Stn,1021.0,656.0,1021.0,0.6425073457394711,False,False
23,Bayswater Stn,0.0,candidate_bus,0,64,Perth Underground Stn,1535.0,886.0,1535.0,0.5771986970684039,False,False
23,Bayswater Stn,0.0,candidate_bus,0,66,Sherwood Stn,251.0,164.0,251.0,0.6533864541832669,False,False
23,Bayswater Stn,0.0,candidate_bus,0,67,Seaforth Stn,485.0,0.0,485.0,0.0,False,False
23,Bayswater Stn,0.0,candidate_bus,0,68,Maddington Stn,631.0,0.0,631.0,0.0,False,False
23,Bayswater Stn,0.0,candidate_bus,0,7,Ashfield Stn,559.0,85.0,559.0,0.1520572450805009,False,False
23,Bayswater Stn,0.0,candidate_bus,0,72,Claisebrook Stn,2078.0,1266.0,2078.0,0.6092396535129933,False,False
23,Bayswater Stn,0.0,candidate_bus,0,73,Oats Street Stn,1000.0,921.0,1000.0,0.921,False,False
23,Bayswater Stn,0.0,candidate_bus,0,74,Warnbro Stn,251.0,251.0,251.0,1.0,False,False
23,Bayswater Stn,0.0,candidate_bus,0,76,Karrakatta Stn,835.0,748.0,835.0,0.895808383233533,False,False
23,Bayswater Stn,0.0,candidate_bus,0,8,Leederville Stn,1021.0,691.0,1021.0,0.6767874632713027,False,False
23,Bayswater Stn,0.0,candidate_bus,0,82,Bull Creek Stn,612.0,550.0,612.0,0.8986928104575164,False,False
23,Bayswater Stn,0.0,candidate_bus,0,83,Canning Bridge Stn,661.0,528.0,661.0,0.7987897125567323,False,False
23,Bayswater Stn,0.0,candidate_bus,0,84,Cannington Stn,922.0,827.0,922.0,0.8969631236442517,False,False
23,Bayswater Stn,0.0,candidate_bus,0,85,Clarkson Stn,409.0,409.0,409.0,1.0,False,False
23,Bayswater Stn,0.0,candidate_bus,0,86,Cockburn Central Stn,678.0,594.0,678.0,0.8761061946902655,False,False
23,Bayswater Stn,0.0,candidate_bus,0,87,Fremantle Stn,85.0,134.0,85.0,1.576470588235294,True,True
23,Bayswater Stn,0.0,candidate_bus,0,88,Glendalough Stn,961.0,669.0,961.0,0.696149843912591,False,False
23,Bayswater Stn,0.0,candidate_bus,0,89,Gosnells Stn,559.0,0.0,559.0,0.0,False,False
23,Bayswater Stn,0.0,candidate_bus,0,9,Greenwood Stn,769.0,760.0,769.0,0.988296488946684,False,False
23,Bayswater Stn,0.0,candidate_bus,0,90,Joondalup Stn,559.0,559.0,559.0,1.0,False,False
23,Bayswater Stn,0.0,candidate_bus,0,91,Kelmscott Stn,409.0,213.0,409.0,0.5207823960880196,False,False
23,Bayswater Stn,0.0,candidate_bus,0,92,Kenwick Stn,701.0,592.0,701.0,0.8445078459343794,False,False
23,Bayswater Stn,0.0,candidate_bus,0,93,Kwinana Stn,485.0,441.0,485.0,0.9092783505154639,False,False
23,Bayswater Stn,0.0,candidate_bus,0,94,Mandurah Stn,85.0,85.0,85.0,1.0,False,False
23,Bayswater Stn,0.0,candidate_bus,0,95,Midland Stn,85.0,0.0,85.0,0.0,False,False
23,Bayswater Stn,0.0,candidate_bus,0,96,Murdoch Stn,573.0,527.0,573.0,0.9197207678883071,False,False
23,Bayswater Stn,0.0,candidate_bus,0,97,Rockingham Stn,331.0,320.0,331.0,0.9667673716012085,False,False
23,Bayswater Stn,0.0,candidate_bus,0,98,Stirling Stn,899.0,757.0,899.0,0.8420467185761957,False,False
23,Bayswater Stn,0.0,candidate_bus,0,99,Thornlie Stn,373.0,304.0,373.0,0.8150134048257373,False,False
23,Bayswater Stn,0.0,candidate_bus,1,1,North Fremantle Stn,169.0,0.0,169.0,0.0,False,False
23,Bayswater Stn,0.0,candidate_bus,1,100,Warwick Stn,835.0,809.0,835.0,0.9688622754491018,False,False
23,Bayswater Stn,0.0,candidate_bus,1,101,Wellard Stn,409.0,368.0,409.0,0.8997555012224939,False,False
23,Bayswater Stn,0.0,candidate_bus,1,102,Whitfords Stn,701.0,705.0,701.0,1.005706134094151,True,True
23,Bayswater Stn,0.0,candidate_bus,1,12,Queens Park Stn,961.0,689.0,961.0,0.7169614984391259,False,False
23,Bayswater Stn,0.0,candidate_bus,1,133,Butler Stn,331.0,331.0,331.0,1.0,False,False
23,Bayswater Stn,0.0,candidate_bus,1,135,Elizabeth Quay Stn,721.0,518.0,721.0,0.7184466019417476,False,False
23,Bayswater Stn,0.0,candidate_bus,1,138,Aubin Grove Stn,559.0,518.0,559.0,0.9266547406082289,False,False
23,Bayswater Stn,0.0,candidate_bus,1,140,Perth Stadium Stn,1140.0,85.0,1140.0,0.07456140350877193,False,False
23,Bayswater Stn,0.0,candidate_bus,1,147,Redcliffe Stn,251.0,267.0,251.0,1.0637450199203187,True,True
23,Bayswater Stn,0.0,candidate_bus,1,148,Airport Central Stn,169.0,295.0,169.0,1.7455621301775148,True,True
23,Bayswater Stn,0.0,candidate_bus,1,149,High Wycombe Stn,85.0,84.0,85.0,0.9882352941176471,False,False
23,Bayswater Stn,0.0,candidate_bus,1,15,West Leederville Stn,1079.0,597.0,1079.0,0.5532900834105653,False,False
23,Bayswater Stn,0.0,candidate_bus,1,150,Lakelands Stn,169.0,169.0,169.0,1.0,False,False
23,Bayswater Stn,0.0,candidate_bus,1,153,Alkimos Stn,251.0,251.0,251.0,1.0,False,False
23,Bayswater Stn,0.0,candidate_bus,1,154,Eglinton Stn,169.0,169.0,169.0,1.0,False,False
23,Bayswater Stn,0.0,candidate_bus,1,155,Yanchep Stn,85.0,85.0,85.0,1.0,False,False
23,Bayswater Stn,0.0,candidate_bus,1,156,Morley Stn,409.0,85.0,409.0,0.2078239608801956,False,False
23,Bayswater Stn,0.0,candidate_bus,1,157,Noranda Stn,331.0,85.0,331.0,0.256797583081571,False,False
23,Bayswater Stn,0.0,candidate_bus,1,159,Whiteman Park Stn,169.0,83.0,169.0,0.4911242603550296,False,False
23,Bayswater Stn,0.0,candidate_bus,1,16,Showgrounds Stn,701.0,602.0,701.0,0.8587731811697575,False,False
23,Bayswater Stn,0.0,candidate_bus,1,160,Ellenbrook Stn,85.0,83.0,85.0,0.9764705882352941,False,False
23,Bayswater Stn,0.0,candidate_bus,1,162,Nicholson Rd Stn,313.0,260.0,313.0,0.8306709265175719,False,False
23,Bayswater Stn,0.0,candidate_bus,1,163,Ranford Rd Stn,266.0,199.0,266.0,0.7481203007518797,False,False
23,Bayswater Stn,0.0,candidate_bus,1,164,Byford Stn,85.0,85.0,85.0,1.0,False,False
23,Bayswater Stn,0.0,candidate_bus,1,17,Shenton Park Stn,899.0,767.0,899.0,0.8531701890989989,False,False
23,Bayswater Stn,0.0,candidate_bus,1,19,Grant Street Stn,485.0,94.0,485.0,0.19381443298969073,False,False
23,Bayswater Stn,0.0,candidate_bus,1,2,Challis Stn,331.0,223.0,331.0,0.6737160120845922,False,False
23,Bayswater Stn,0.0,candidate_bus,1,22,Mciver Stn,1682.0,524.0,1682.0,0.31153388822829964,False,False
23,Bayswater Stn,0.0,candidate_bus,1,24,Guildford Stn,331.0,355.0,331.0,1.0725075528700907,True,True
23,Bayswater Stn,0.0,candidate_bus,1,26,East Perth Stn,1339.0,16.0,1339.0,0.01194921583271098,False,False
23,Bayswater Stn,0.0,candidate_bus,1,28,Beckenham Stn,999.0,848.0,999.0,0.8488488488488488,False,False
23,Bayswater Stn,0.0,candidate_bus,1,30,Claremont Stn,631.0,529.0,631.0,0.838351822503962,False,False
23,Bayswater Stn,0.0,candidate_bus,1,31,City West Stn,1135.0,560.0,1135.0,0.4933920704845815,False,False
23,Bayswater Stn,0.0,candidate_bus,1,32,Victoria Street Stn,251.0,14.0,251.0,0.055776892430278883,False,False
23,Bayswater Stn,0.0,candidate_bus,1,34,Success Hill Stn,409.0,355.0,409.0,0.8679706601466992,False,False
23,Bayswater Stn,0.0,candidate_bus,1,36,Daglish Stn,961.0,668.0,961.0,0.6951092611862643,False,False
23,Bayswater Stn,0.0,candidate_bus,1,37,Meltham Stn,1189.0,85.0,1189.0,0.07148864592094197,False,False
23,Bayswater Stn,0.0,candidate_bus,1,38,Swanbourne Stn,559.0,85.0,559.0,0.1520572450805009,False,False
23,Bayswater Stn,0.0,candidate_bus,1,39,Bassendean Stn,485.0,85.0,485.0,0.17525773195876287,False,False
23,Bayswater Stn,0.0,candidate_bus,1,4,Currambine Stn,485.0,485.0,485.0,1.0,False,False
23,Bayswater Stn,0.0,candidate_bus,1,41,Woodbridge Stn,169.0,0.0,169.0,0.0,False,False
23,Bayswater Stn,0.0,candidate_bus,1,42,Loch Street Stn,769.0,662.0,769.0,0.8608582574772432,False,False
23,Bayswater Stn,0.0,candidate_bus,1,43,Armadale Stn,169.0,107.0,169.0,0.6331360946745562,False,False
23,Bayswater Stn,0.0,candidate_bus,1,44,Mt Lawley Stn,1291.0,16.0,1291.0,0.012393493415956624,False,False
23,Bayswater Stn,0.0,candidate_bus,1,46,Edgewater Stn,631.0,631.0,631.0,1.0,False,False
23,Bayswater Stn,0.0,candidate_bus,1,48,Victoria Park Stn,1074.0,85.0,1074.0,0.07914338919925512,False,False
23,Bayswater Stn,0.0,candidate_bus,1,49,Maylands Stn,1241.0,85.0,1241.0,0.0684931506849315,False,False
23,Bayswater Stn,0.0,candidate_bus,1,5,Mosman Park Stn,331.0,16.0,331.0,0.04833836858006042,False,False
23,Bayswater Stn,0.0,candidate_bus,1,50,Cottesloe Stn,409.0,18.0,409.0,0.044009779951100246,False,False
23,Bayswater Stn,0.0,candidate_bus,1,56,Perth Stn,2089.0,535.0,2089.0,0.25610339875538535,False,False
23,Bayswater Stn,0.0,candidate_bus,1,58,Carlisle Stn,1038.0,773.0,1038.0,0.7447013487475915,False,False
23,Bayswater Stn,0.0,candidate_bus,1,59,East Guildford Stn,251.0,0.0,251.0,0.0,False,False
23,Bayswater Stn,0.0,candidate_bus,1,6,Subiaco Stn,1021.0,590.0,1021.0,0.5778648383937316,False,False
23,Bayswater Stn,0.0,candidate_bus,1,64,Perth Underground Stn,1535.0,959.0,1535.0,0.6247557003257329,False,False
23,Bayswater Stn,0.0,candidate_bus,1,66,Sherwood Stn,251.0,163.0,251.0,0.649402390438247,False,False
23,Bayswater Stn,0.0,candidate_bus,1,67,Seaforth Stn,485.0,0.0,485.0,0.0,False,False
23,Bayswater Stn,0.0,candidate_bus,1,68,Maddington Stn,631.0,0.0,631.0,0.0,False,False
23,Bayswater Stn,0.0,candidate_bus,1,7,Ashfield Stn,559.0,85.0,559.0,0.1520572450805009,False,False
23,Bayswater Stn,0.0,candidate_bus,1,72,Claisebrook Stn,2078.0,310.0,2078.0,0.14918190567853706,False,False
23,Bayswater Stn,0.0,candidate_bus,1,73,Oats Street Stn,1000.0,740.0,1000.0,0.74,False,False
23,Bayswater Stn,0.0,candidate_bus,1,74,Warnbro Stn,251.0,251.0,251.0,1.0,False,False
23,Bayswater Stn,0.0,candidate_bus,1,76,Karrakatta Stn,835.0,734.0,835.0,0.8790419161676647,False,False
23,Bayswater Stn,0.0,candidate_bus,1,8,Leederville Stn,1021.0,772.0,1021.0,0.7561214495592556,False,False
23,Bayswater Stn,0.0,candidate_bus,1,82,Bull Creek Stn,612.0,567.0,612.0,0.9264705882352942,False,False
23,Bayswater Stn,0.0,candidate_bus,1,83,Canning Bridge Stn,661.0,545.0,661.0,0.8245083207261724,False,False
23,Bayswater Stn,0.0,candidate_bus,1,84,Cannington Stn,922.0,794.0,922.0,0.8611713665943601,False,False
23,Bayswater Stn,0.0,candidate_bus,1,85,Clarkson Stn,409.0,409.0,409.0,1.0,False,False
23,Bayswater Stn,0.0,candidate_bus,1,86,Cockburn Central Stn,678.0,599.0,678.0,0.883480825958702,False,False
23,Bayswater Stn,0.0,candidate_bus,1,88,Glendalough Stn,961.0,741.0,961.0,0.7710718002081165,False,False
23,Bayswater Stn,0.0,candidate_bus,1,89,Gosnells Stn,559.0,0.0,559.0,0.0,False,False
23,Bayswater Stn,0.0,candidate_bus,1,9,Greenwood Stn,769.0,755.0,769.0,0.9817945383615084,False,False
23,Bayswater Stn,0.0,candidate_bus,1,90,Joondalup Stn,559.0,559.0,559.0,1.0,False,False
23,Bayswater Stn,0.0,candidate_bus,1,91,Kelmscott Stn,409.0,212.0,409.0,0.5183374083129584,False,False
23,Bayswater Stn,0.0,candidate_bus,1,92,Kenwick Stn,701.0,586.0,701.0,0.8359486447931527,False,False
23,Bayswater Stn,0.0,candidate_bus,1,93,Kwinana Stn,485.0,444.0,485.0,0.9154639175257732,False,False
23,Bayswater Stn,0.0,candidate_bus,1,94,Mandurah Stn,85.0,85.0,85.0,1.0,False,False
23,Bayswater Stn,0.0,candidate_bus,1,95,Midland Stn,85.0,0.0,85.0,0.0,False,False
23,Bayswater Stn,0.0,candidate_bus,1,96,Murdoch Stn,573.0,546.0,573.0,0.9528795811518325,False,False
23,Bayswater Stn,0.0,candidate_bus,1,97,Rockingham Stn,331.0,320.0,331.0,0.9667673716012085,False,False
23,Bayswater Stn,0.0,candidate_bus,1,98,Stirling Stn,899.0,826.0,899.0,0.9187986651835373,False,False
23,Bayswater Stn,0.0,candidate_bus,1,99,Thornlie Stn,373.0,307.0,373.0,0.8230563002680965,False,False
23,Bayswater Stn,0.0,candidate_bus,2,1,North Fremantle Stn,169.0,0.0,169.0,0.0,False,False
23,Bayswater Stn,0.0,candidate_bus,2,100,Warwick Stn,835.0,731.0,835.0,0.8754491017964072,False,False
23,Bayswater Stn,0.0,candidate_bus,2,101,Wellard Stn,409.0,368.0,409.0,0.8997555012224939,False,False
23,Bayswater Stn,0.0,candidate_bus,2,12,Queens Park Stn,961.0,771.0,961.0,0.8022892819979188,False,False
23,Bayswater Stn,0.0,candidate_bus,2,133,Butler Stn,331.0,331.0,331.0,1.0,False,False
23,Bayswater Stn,0.0,candidate_bus,2,135,Elizabeth Quay Stn,721.0,496.0,721.0,0.6879334257975035,False,False
23,Bayswater Stn,0.0,candidate_bus,2,138,Aubin Grove Stn,559.0,518.0,559.0,0.9266547406082289,False,False
23,Bayswater Stn,0.0,candidate_bus,2,140,Perth Stadium Stn,1140.0,85.0,1140.0,0.07456140350877193,False,False
23,Bayswater Stn,0.0,candidate_bus,2,149,High Wycombe Stn,85.0,0.0,85.0,0.0,False,False
23,Bayswater Stn,0.0,candidate_bus,2,15,West Leederville Stn,1079.0,551.0,1079.0,0.5106580166821131,False,False
23,Bayswater Stn,0.0,candidate_bus,2,150,Lakelands Stn,169.0,169.0,169.0,1.0,False,False
23,Bayswater Stn,0.0,candidate_bus,2,153,Alkimos Stn,251.0,251.0,251.0,1.0,False,False
23,Bayswater Stn,0.0,candidate_bus,2,154,Eglinton Stn,169.0,169.0,169.0,1.0,False,False
23,Bayswater Stn,0.0,candidate_bus,2,155,Yanchep Stn,85.0,85.0,85.0,1.0,False,False
23,Bayswater Stn,0.0,candidate_bus,2,156,Morley Stn,409.0,85.0,409.0,0.2078239608801956,False,False
23,Bayswater Stn,0.0,candidate_bus,2,157,Noranda Stn,331.0,85.0,331.0,0.256797583081571,False,False
23,Bayswater Stn,0.0,candidate_bus,2,159,Whiteman Park Stn,169.0,109.0,169.0,0.6449704142011834,False,False
23,Bayswater Stn,0.0,candidate_bus,2,16,Showgrounds Stn,701.0,599.0,701.0,0.854493580599144,False,False
23,Bayswater Stn,0.0,candidate_bus,2,160,Ellenbrook Stn,85.0,109.0,85.0,1.2823529411764707,True,True
23,Bayswater Stn,0.0,candidate_bus,2,162,Nicholson Rd Stn,313.0,247.0,313.0,0.7891373801916933,False,False
23,Bayswater Stn,0.0,candidate_bus,2,163,Ranford Rd Stn,266.0,186.0,266.0,0.6992481203007519,False,False
23,Bayswater Stn,0.0,candidate_bus,2,164,Byford Stn,85.0,85.0,85.0,1.0,False,False
23,Bayswater Stn,0.0,candidate_bus,2,17,Shenton Park Stn,899.0,761.0,899.0,0.8464961067853171,False,False
23,Bayswater Stn,0.0,candidate_bus,2,19,Grant Street Stn,485.0,94.0,485.0,0.19381443298969073,False,False
23,Bayswater Stn,0.0,candidate_bus,2,2,Challis Stn,331.0,223.0,331.0,0.6737160120845922,False,False
23,Bayswater Stn,0.0,candidate_bus,2,22,Mciver Stn,1682.0,482.0,1682.0,0.28656361474435194,False,False
23,Bayswater Stn,0.0,candidate_bus,2,26,East Perth Stn,1339.0,16.0,1339.0,0.01194921583271098,False,False
23,Bayswater Stn,0.0,candidate_bus,2,28,Beckenham Stn,999.0,844.0,999.0,0.8448448448448449,False,False
23,Bayswater Stn,0.0,candidate_bus,2,30,Claremont Stn,631.0,526.0,631.0,0.8335974643423137,False,False
23,Bayswater Stn,0.0,candidate_bus,2,31,City West Stn,1135.0,514.0,1135.0,0.452863436123348,False,False
23,Bayswater Stn,0.0,candidate_bus,2,32,Victoria Street Stn,251.0,14.0,251.0,0.055776892430278883,False,False
23,Bayswater Stn,0.0,candidate_bus,2,34,Success Hill Stn,409.0,0.0,409.0,0.0,False,False
23,Bayswater Stn,0.0,candidate_bus,2,36,Daglish Stn,961.0,659.0,961.0,0.6857440166493236,False,False
23,Bayswater Stn,0.0,candidate_bus,2,37,Meltham Stn,1189.0,85.0,1189.0,0.07148864592094197,False,False
23,Bayswater Stn,0.0,candidate_bus,2,38,Swanbourne Stn,559.0,85.0,559.0,0.1520572450805009,False,False
23,Bayswater Stn,0.0,candidate_bus,2,39,Bassendean Stn,485.0,85.0,485.0,0.17525773195876287,False,False
23,Bayswater Stn,0.0,candidate_bus,2,4,Currambine Stn,485.0,485.0,485.0,1.0,False,False
23,Bayswater Stn,0.0,candidate_bus,2,41,Woodbridge Stn,169.0,0.0,169.0,0.0,False,False
23,Bayswater Stn,0.0,candidate_bus,2,42,Loch Street Stn,769.0,659.0,769.0,0.8569570871261378,False,False
23,Bayswater Stn,0.0,candidate_bus,2,43,Armadale Stn,169.0,107.0,169.0,0.6331360946745562,False,False
23,Bayswater Stn,0.0,candidate_bus,2,44,Mt Lawley Stn,1291.0,16.0,1291.0,0.012393493415956624,False,False
23,Bayswater Stn,0.0,candidate_bus,2,46,Edgewater Stn,631.0,85.0,631.0,0.1347068145800317,False,False
23,Bayswater Stn,0.0,candidate_bus,2,48,Victoria Park Stn,1074.0,85.0,1074.0,0.07914338919925512,False,False
23,Bayswater Stn,0.0,candidate_bus,2,49,Maylands Stn,1241.0,85.0,1241.0,0.0684931506849315,False,False
23,Bayswater Stn,0.0,candidate_bus,2,5,Mosman Park Stn,331.0,16.0,331.0,0.04833836858006042,False,False
23,Bayswater Stn,0.0,candidate_bus,2,50,Cottesloe Stn,409.0,18.0,409.0,0.044009779951100246,False,False
23,Bayswater Stn,0.0,candidate_bus,2,56,Perth Stn,2089.0,489.0,2089.0,0.2340832934418382,False,False
23,Bayswater Stn,0.0,candidate_bus,2,58,Carlisle Stn,1038.0,897.0,1038.0,0.8641618497109826,False,False
23,Bayswater Stn,0.0,candidate_bus,2,59,East Guildford Stn,251.0,0.0,251.0,0.0,False,False
23,Bayswater Stn,0.0,candidate_bus,2,6,Subiaco Stn,1021.0,548.0,1021.0,0.5367286973555337,False,False
23,Bayswater Stn,0.0,candidate_bus,2,64,Perth Underground Stn,1535.0,877.0,1535.0,0.5713355048859935,False,False
23,Bayswater Stn,0.0,candidate_bus,2,66,Sherwood Stn,251.0,163.0,251.0,0.649402390438247,False,False
23,Bayswater Stn,0.0,candidate_bus,2,67,Seaforth Stn,485.0,0.0,485.0,0.0,False,False
23,Bayswater Stn,0.0,candidate_bus,2,68,Maddington Stn,631.0,0.0,631.0,0.0,False,False
23,Bayswater Stn,0.0,candidate_bus,2,7,Ashfield Stn,559.0,85.0,559.0,0.1520572450805009,False,False
23,Bayswater Stn,0.0,candidate_bus,2,72,Claisebrook Stn,2078.0,250.0,2078.0,0.12030798845043311,False,False
23,Bayswater Stn,0.0,candidate_bus,2,73,Oats Street Stn,1000.0,865.0,1000.0,0.865,False,False
23,Bayswater Stn,0.0,candidate_bus,2,74,Warnbro Stn,251.0,251.0,251.0,1.0,False,False
23,Bayswater Stn,0.0,candidate_bus,2,76,Karrakatta Stn,835.0,731.0,835.0,0.8754491017964072,False,False
23,Bayswater Stn,0.0,candidate_bus,2,8,Leederville Stn,1021.0,730.0,1021.0,0.7149853085210578,False,False
23,Bayswater Stn,0.0,candidate_bus,2,82,Bull Creek Stn,612.0,578.0,612.0,0.9444444444444444,False,False
23,Bayswater Stn,0.0,candidate_bus,2,83,Canning Bridge Stn,661.0,556.0,661.0,0.8411497730711044,False,False
23,Bayswater Stn,0.0,candidate_bus,2,84,Cannington Stn,922.0,790.0,922.0,0.8568329718004338,False,False
23,Bayswater Stn,0.0,candidate_bus,2,85,Clarkson Stn,409.0,409.0,409.0,1.0,False,False
23,Bayswater Stn,0.0,candidate_bus,2,86,Cockburn Central Stn,678.0,599.0,678.0,0.883480825958702,False,False
23,Bayswater Stn,0.0,candidate_bus,2,88,Glendalough Stn,961.0,692.0,961.0,0.7200832466181062,False,False
23,Bayswater Stn,0.0,candidate_bus,2,89,Gosnells Stn,559.0,0.0,559.0,0.0,False,False
23,Bayswater Stn,0.0,candidate_bus,2,9,Greenwood Stn,769.0,85.0,769.0,0.11053315994798439,False,False
23,Bayswater Stn,0.0,candidate_bus,2,90,Joondalup Stn,559.0,559.0,559.0,1.0,False,False
23,Bayswater Stn,0.0,candidate_bus,2,91,Kelmscott Stn,409.0,212.0,409.0,0.5183374083129584,False,False
23,Bayswater Stn,0.0,candidate_bus,2,92,Kenwick Stn,701.0,586.0,701.0,0.8359486447931527,False,False
23,Bayswater Stn,0.0,candidate_bus,2,93,Kwinana Stn,485.0,444.0,485.0,0.9154639175257732,False,False
23,Bayswater Stn,0.0,candidate_bus,2,94,Mandurah Stn,85.0,85.0,85.0,1.0,False,False
23,Bayswater Stn,0.0,candidate_bus,2,95,Midland Stn,85.0,0.0,85.0,0.0,False,False
23,Bayswater Stn,0.0,candidate_bus,2,96,Murdoch Stn,573.0,559.0,573.0,0.9755671902268761,False,False
23,Bayswater Stn,0.0,candidate_bus,2,97,Rockingham Stn,331.0,320.0,331.0,0.9667673716012085,False,False
23,Bayswater Stn,0.0,candidate_bus,2,98,Stirling Stn,899.0,776.0,899.0,0.8631813125695217,False,False
23,Bayswater Stn,0.0,candidate_bus,2,99,Thornlie Stn,373.0,294.0,373.0,0.7882037533512064,False,False
23,Bayswater Stn,0.0,candidate_bus,3,1,North Fremantle Stn,169.0,0.0,169.0,0.0,False,False
23,Bayswater Stn,0.0,candidate_bus,3,100,Warwick Stn,835.0,750.0,835.0,0.8982035928143712,False,False
23,Bayswater Stn,0.0,candidate_bus,3,101,Wellard Stn,409.0,368.0,409.0,0.8997555012224939,False,False
23,Bayswater Stn,0.0,candidate_bus,3,12,Queens Park Stn,961.0,771.0,961.0,0.8022892819979188,False,False
23,Bayswater Stn,0.0,candidate_bus,3,133,Butler Stn,331.0,331.0,331.0,1.0,False,False
23,Bayswater Stn,0.0,candidate_bus,3,135,Elizabeth Quay Stn,721.0,514.0,721.0,0.7128987517337032,False,False
23,Bayswater Stn,0.0,candidate_bus,3,138,Aubin Grove Stn,559.0,518.0,559.0,0.9266547406082289,False,False
23,Bayswater Stn,0.0,candidate_bus,3,140,Perth Stadium Stn,1140.0,85.0,1140.0,0.07456140350877193,False,False
23,Bayswater Stn,0.0,candidate_bus,3,149,High Wycombe Stn,85.0,0.0,85.0,0.0,False,False
23,Bayswater Stn,0.0,candidate_bus,3,15,West Leederville Stn,1079.0,551.0,1079.0,0.5106580166821131,False,False
23,Bayswater Stn,0.0,candidate_bus,3,150,Lakelands Stn,169.0,169.0,169.0,1.0,False,False
23,Bayswater Stn,0.0,candidate_bus,3,153,Alkimos Stn,251.0,251.0,251.0,1.0,False,False
23,Bayswater Stn,0.0,candidate_bus,3,154,Eglinton Stn,169.0,169.0,169.0,1.0,False,False
23,Bayswater Stn,0.0,candidate_bus,3,155,Yanchep Stn,85.0,85.0,85.0,1.0,False,False
23,Bayswater Stn,0.0,candidate_bus,3,156,Morley Stn,409.0,85.0,409.0,0.2078239608801956,False,False
23,Bayswater Stn,0.0,candidate_bus,3,157,Noranda Stn,331.0,85.0,331.0,0.256797583081571,False,False
23,Bayswater Stn,0.0,candidate_bus,3,159,Whiteman Park Stn,169.0,0.0,169.0,0.0,False,False
23,Bayswater Stn,0.0,candidate_bus,3,16,Showgrounds Stn,701.0,599.0,701.0,0.854493580599144,False,False
23,Bayswater Stn,0.0,candidate_bus,3,162,Nicholson Rd Stn,313.0,247.0,313.0,0.7891373801916933,False,False
23,Bayswater Stn,0.0,candidate_bus,3,163,Ranford Rd Stn,266.0,186.0,266.0,0.6992481203007519,False,False
23,Bayswater Stn,0.0,candidate_bus,3,164,Byford Stn,85.0,85.0,85.0,1.0,False,False
23,Bayswater Stn,0.0,candidate_bus,3,17,Shenton Park Stn,899.0,761.0,899.0,0.8464961067853171,False,False
23,Bayswater Stn,0.0,candidate_bus,3,19,Grant Street Stn,485.0,94.0,485.0,0.19381443298969073,False,False
23,Bayswater Stn,0.0,candidate_bus,3,2,Challis Stn,331.0,223.0,331.0,0.6737160120845922,False,False
23,Bayswater Stn,0.0,candidate_bus,3,22,Mciver Stn,1682.0,482.0,1682.0,0.28656361474435194,False,False
23,Bayswater Stn,0.0,candidate_bus,3,26,East Perth Stn,1339.0,16.0,1339.0,0.01194921583271098,False,False
23,Bayswater Stn,0.0,candidate_bus,3,28,Beckenham Stn,999.0,844.0,999.0,0.8448448448448449,False,False
23,Bayswater Stn,0.0,candidate_bus,3,30,Claremont Stn,631.0,526.0,631.0,0.8335974643423137,False,False
23,Bayswater Stn,0.0,candidate_bus,3,31,City West Stn,1135.0,514.0,1135.0,0.452863436123348,False,False
23,Bayswater Stn,0.0,candidate_bus,3,32,Victoria Street Stn,251.0,14.0,251.0,0.055776892430278883,False,False
23,Bayswater Stn,0.0,candidate_bus,3,34,Success Hill Stn,409.0,0.0,409.0,0.0,False,False
23,Bayswater Stn,0.0,candidate_bus,3,36,Daglish Stn,961.0,659.0,961.0,0.6857440166493236,False,False
23,Bayswater Stn,0.0,candidate_bus,3,37,Meltham Stn,1189.0,85.0,1189.0,0.07148864592094197,False,False
23,Bayswater Stn,0.0,candidate_bus,3,38,Swanbourne Stn,559.0,85.0,559.0,0.1520572450805009,False,False
23,Bayswater Stn,0.0,candidate_bus,3,39,Bassendean Stn,485.0,85.0,485.0,0.17525773195876287,False,False
23,Bayswater Stn,0.0,candidate_bus,3,4,Currambine Stn,485.0,485.0,485.0,1.0,False,False
23,Bayswater Stn,0.0,candidate_bus,3,41,Woodbridge Stn,169.0,0.0,169.0,0.0,False,False
23,Bayswater Stn,0.0,candidate_bus,3,42,Loch Street Stn,769.0,659.0,769.0,0.8569570871261378,False,False
23,Bayswater Stn,0.0,candidate_bus,3,43,Armadale Stn,169.0,107.0,169.0,0.6331360946745562,False,False
23,Bayswater Stn,0.0,candidate_bus,3,44,Mt Lawley Stn,1291.0,16.0,1291.0,0.012393493415956624,False,False
23,Bayswater Stn,0.0,candidate_bus,3,46,Edgewater Stn,631.0,85.0,631.0,0.1347068145800317,False,False
23,Bayswater Stn,0.0,candidate_bus,3,48,Victoria Park Stn,1074.0,85.0,1074.0,0.07914338919925512,False,False
23,Bayswater Stn,0.0,candidate_bus,3,49,Maylands Stn,1241.0,85.0,1241.0,0.0684931506849315,False,False
23,Bayswater Stn,0.0,candidate_bus,3,5,Mosman Park Stn,331.0,16.0,331.0,0.04833836858006042,False,False
23,Bayswater Stn,0.0,candidate_bus,3,50,Cottesloe Stn,409.0,18.0,409.0,0.044009779951100246,False,False
23,Bayswater Stn,0.0,candidate_bus,3,56,Perth Stn,2089.0,489.0,2089.0,0.2340832934418382,False,False
23,Bayswater Stn,0.0,candidate_bus,3,58,Carlisle Stn,1038.0,897.0,1038.0,0.8641618497109826,False,False
23,Bayswater Stn,0.0,candidate_bus,3,59,East Guildford Stn,251.0,0.0,251.0,0.0,False,False
23,Bayswater Stn,0.0,candidate_bus,3,6,Subiaco Stn,1021.0,548.0,1021.0,0.5367286973555337,False,False
23,Bayswater Stn,0.0,candidate_bus,3,64,Perth Underground Stn,1535.0,894.0,1535.0,0.5824104234527687,False,False
23,Bayswater Stn,0.0,candidate_bus,3,66,Sherwood Stn,251.0,163.0,251.0,0.649402390438247,False,False
23,Bayswater Stn,0.0,candidate_bus,3,67,Seaforth Stn,485.0,0.0,485.0,0.0,False,False
23,Bayswater Stn,0.0,candidate_bus,3,68,Maddington Stn,631.0,0.0,631.0,0.0,False,False
23,Bayswater Stn,0.0,candidate_bus,3,7,Ashfield Stn,559.0,85.0,559.0,0.1520572450805009,False,False
23,Bayswater Stn,0.0,candidate_bus,3,72,Claisebrook Stn,2078.0,250.0,2078.0,0.12030798845043311,False,False
23,Bayswater Stn,0.0,candidate_bus,3,73,Oats Street Stn,1000.0,865.0,1000.0,0.865,False,False
23,Bayswater Stn,0.0,candidate_bus,3,74,Warnbro Stn,251.0,251.0,251.0,1.0,False,False
23,Bayswater Stn,0.0,candidate_bus,3,76,Karrakatta Stn,835.0,731.0,835.0,0.8754491017964072,False,False
23,Bayswater Stn,0.0,candidate_bus,3,8,Leederville Stn,1021.0,747.0,1021.0,0.7316356513222331,False,False
23,Bayswater Stn,0.0,candidate_bus,3,82,Bull Creek Stn,612.0,578.0,612.0,0.9444444444444444,False,False
23,Bayswater Stn,0.0,candidate_bus,3,83,Canning Bridge Stn,661.0,556.0,661.0,0.8411497730711044,False,False
23,Bayswater Stn,0.0,candidate_bus,3,84,Cannington Stn,922.0,790.0,922.0,0.8568329718004338,False,False
23,Bayswater Stn,0.0,candidate_bus,3,85,Clarkson Stn,409.0,409.0,409.0,1.0,False,False
23,Bayswater Stn,0.0,candidate_bus,3,86,Cockburn Central Stn,678.0,599.0,678.0,0.883480825958702,False,False
23,Bayswater Stn,0.0,candidate_bus,3,88,Glendalough Stn,961.0,710.0,961.0,0.7388137356919875,False,False
23,Bayswater Stn,0.0,candidate_bus,3,89,Gosnells Stn,559.0,0.0,559.0,0.0,False,False
23,Bayswater Stn,0.0,candidate_bus,3,9,Greenwood Stn,769.0,85.0,769.0,0.11053315994798439,False,False
23,Bayswater Stn,0.0,candidate_bus,3,90,Joondalup Stn,559.0,559.0,559.0,1.0,False,False
23,Bayswater Stn,0.0,candidate_bus,3,91,Kelmscott Stn,409.0,212.0,409.0,0.5183374083129584,False,False
23,Bayswater Stn,0.0,candidate_bus,3,92,Kenwick Stn,701.0,586.0,701.0,0.8359486447931527,False,False
23,Bayswater Stn,0.0,candidate_bus,3,93,Kwinana Stn,485.0,444.0,485.0,0.9154639175257732,False,False
23,Bayswater Stn,0.0,candidate_bus,3,94,Mandurah Stn,85.0,85.0,85.0,1.0,False,False
23,Bayswater Stn,0.0,candidate_bus,3,95,Midland Stn,85.0,0.0,85.0,0.0,False,False
23,Bayswater Stn,0.0,candidate_bus,3,96,Murdoch Stn,573.0,559.0,573.0,0.9755671902268761,False,False
23,Bayswater Stn,0.0,candidate_bus,3,97,Rockingham Stn,331.0,320.0,331.0,0.9667673716012085,False,False
23,Bayswater Stn,0.0,candidate_bus,3,98,Stirling Stn,899.0,795.0,899.0,0.8843159065628476,False,False
23,Bayswater Stn,0.0,candidate_bus,3,99,Thornlie Stn,373.0,294.0,373.0,0.7882037533512064,False,False
23,Bayswater Stn,0.2,rail_only,0,1,North Fremantle Stn,169.0,137.0,202.79999999999998,0.6755424063116371,False,False
23,Bayswater Stn,0.2,rail_only,0,100,Warwick Stn,835.0,659.0,1002.0,0.6576846307385229,False,False
23,Bayswater Stn,0.2,rail_only,0,101,Wellard Stn,409.0,329.0,490.79999999999995,0.6703341483292584,False,False
23,Bayswater Stn,0.2,rail_only,0,102,Whitfords Stn,701.0,557.0,841.1999999999999,0.662149310508797,False,False
23,Bayswater Stn,0.2,rail_only,0,12,Queens Park Stn,961.0,721.0,1153.2,0.6252167880679848,False,False
23,Bayswater Stn,0.2,rail_only,0,133,Butler Stn,331.0,267.0,397.2,0.6722054380664653,False,False
23,Bayswater Stn,0.2,rail_only,0,135,Elizabeth Quay Stn,721.0,529.0,865.1999999999999,0.611419325011558,False,False
23,Bayswater Stn,0.2,rail_only,0,138,Aubin Grove Stn,559.0,447.0,670.8,0.6663685152057246,False,False
23,Bayswater Stn,0.2,rail_only,0,140,Perth Stadium Stn,1140.0,820.0,1368.0,0.5994152046783626,False,False
23,Bayswater Stn,0.2,rail_only,0,147,Redcliffe Stn,251.0,2.0,301.2,0.006640106241699867,False,False
23,Bayswater Stn,0.2,rail_only,0,148,Airport Central Stn,169.0,3.0,202.79999999999998,0.014792899408284025,False,False
23,Bayswater Stn,0.2,rail_only,0,149,High Wycombe Stn,85.0,2.0,102.0,0.0196078431372549,False,False
23,Bayswater Stn,0.2,rail_only,0,15,West Leederville Stn,1079.0,839.0,1294.8,0.6479765214704974,False,False
23,Bayswater Stn,0.2,rail_only,0,150,Lakelands Stn,169.0,137.0,202.79999999999998,0.6755424063116371,False,False
23,Bayswater Stn,0.2,rail_only,0,153,Alkimos Stn,251.0,203.0,301.2,0.6739707835325366,False,False
23,Bayswater Stn,0.2,rail_only,0,154,Eglinton Stn,169.0,137.0,202.79999999999998,0.6755424063116371,False,False
23,Bayswater Stn,0.2,rail_only,0,155,Yanchep Stn,85.0,69.0,102.0,0.6764705882352942,False,False
23,Bayswater Stn,0.2,rail_only,0,156,Morley Stn,409.0,4.0,490.79999999999995,0.00814995925020375,False,False
23,Bayswater Stn,0.2,rail_only,0,157,Noranda Stn,331.0,7.0,397.2,0.017623363544813697,False,False
23,Bayswater Stn,0.2,rail_only,0,158,Ballajura Stn,251.0,8.0,301.2,0.02656042496679947,False,False
23,Bayswater Stn,0.2,rail_only,0,159,Whiteman Park Stn,169.0,7.0,202.79999999999998,0.03451676528599606,False,False
23,Bayswater Stn,0.2,rail_only,0,16,Showgrounds Stn,701.0,557.0,841.1999999999999,0.662149310508797,False,False
23,Bayswater Stn,0.2,rail_only,0,160,Ellenbrook Stn,85.0,4.0,102.0,0.0392156862745098,False,False
23,Bayswater Stn,0.2,rail_only,0,162,Nicholson Rd Stn,313.0,281.0,375.59999999999997,0.7481363152289671,False,False
23,Bayswater Stn,0.2,rail_only,0,163,Ranford Rd Stn,266.0,250.0,319.2,0.7832080200501254,False,False
23,Bayswater Stn,0.2,rail_only,0,164,Byford Stn,85.0,69.0,102.0,0.6764705882352942,False,False
23,Bayswater Stn,0.2,rail_only,0,17,Shenton Park Stn,899.0,707.0,1078.8,0.6553578049684835,False,False
23,Bayswater Stn,0.2,rail_only,0,19,Grant Street Stn,485.0,389.0,582.0,0.6683848797250859,False,False
23,Bayswater Stn,0.2,rail_only,0,2,Challis Stn,331.0,267.0,397.2,0.6722054380664653,False,False
23,Bayswater Stn,0.2,rail_only,0,22,Mciver Stn,1682.0,962.0,2018.3999999999999,0.47661514070550937,False,False
23,Bayswater Stn,0.2,rail_only,0,24,Guildford Stn,331.0,15.0,397.2,0.0377643504531722,False,False
23,Bayswater Stn,0.2,rail_only,0,26,East Perth Stn,1339.0,267.0,1606.8,0.16616878267363705,False,False
23,Bayswater Stn,0.2,rail_only,0,28,Beckenham Stn,999.0,791.0,1198.8,0.6598264931598266,False,False
23,Bayswater Stn,0.2,rail_only,0,30,Claremont Stn,631.0,503.0,757.1999999999999,0.6642894875858426,False,False
23,Bayswater Stn,0.2,rail_only,0,31,City West Stn,1135.0,879.0,1362.0,0.6453744493392071,False,False
23,Bayswater Stn,0.2,rail_only,0,32,Victoria Street Stn,251.0,203.0,301.2,0.6739707835325366,False,False
23,Bayswater Stn,0.2,rail_only,0,33,Burswood Stn,1108.0,804.0,1329.6,0.6046931407942239,False,False
23,Bayswater Stn,0.2,rail_only,0,34,Success Hill Stn,409.0,14.0,490.79999999999995,0.028524857375713124,False,False
23,Bayswater Stn,0.2,rail_only,0,36,Daglish Stn,961.0,753.0,1153.2,0.6529656607700312,False,False
23,Bayswater Stn,0.2,rail_only,0,37,Meltham Stn,1189.0,69.0,1426.8,0.048359966358284275,False,False
23,Bayswater Stn,0.2,rail_only,0,38,Swanbourne Stn,559.0,447.0,670.8,0.6663685152057246,False,False
23,Bayswater Stn,0.2,rail_only,0,39,Bassendean Stn,485.0,11.0,582.0,0.018900343642611683,False,False
23,Bayswater Stn,0.2,rail_only,0,4,Currambine Stn,485.0,389.0,582.0,0.6683848797250859,False,False
23,Bayswater Stn,0.2,rail_only,0,41,Woodbridge Stn,169.0,11.0,202.79999999999998,0.05424063116370809,False,False
23,Bayswater Stn,0.2,rail_only,0,42,Loch Street Stn,769.0,609.0,922.8,0.6599479843953187,False,False
23,Bayswater Stn,0.2,rail_only,0,43,Armadale Stn,169.0,137.0,202.79999999999998,0.6755424063116371,False,False
23,Bayswater Stn,0.2,rail_only,0,44,Mt Lawley Stn,1291.0,203.0,1549.2,0.13103537309579139,False,False
23,Bayswater Stn,0.2,rail_only,0,46,Edgewater Stn,631.0,503.0,757.1999999999999,0.6642894875858426,False,False
23,Bayswater Stn,0.2,rail_only,0,48,Victoria Park Stn,1074.0,786.0,1288.8,0.6098696461824954,False,False
23,Bayswater Stn,0.2,rail_only,0,49,Maylands Stn,1241.0,137.0,1489.2,0.09199570239054526,False,False
23,Bayswater Stn,0.2,rail_only,0,5,Mosman Park Stn,331.0,267.0,397.2,0.6722054380664653,False,False
23,Bayswater Stn,0.2,rail_only,0,50,Cottesloe Stn,409.0,329.0,490.79999999999995,0.6703341483292584,False,False
23,Bayswater Stn,0.2,rail_only,0,56,Perth Stn,2089.0,1385.0,2506.7999999999997,0.5524972075953407,False,False
23,Bayswater Stn,0.2,rail_only,0,58,Carlisle Stn,1038.0,766.0,1245.6,0.6149646756583174,False,False
23,Bayswater Stn,0.2,rail_only,0,59,East Guildford Stn,251.0,14.0,301.2,0.04648074369189907,False,False
23,Bayswater Stn,0.2,rail_only,0,6,Subiaco Stn,1021.0,797.0,1225.2,0.6505060398302318,False,False
23,Bayswater Stn,0.2,rail_only,0,64,Perth Underground Stn,1535.0,1119.0,1842.0,0.6074918566775245,False,False
23,Bayswater Stn,0.2,rail_only,0,66,Sherwood Stn,251.0,203.0,301.2,0.6739707835325366,False,False
23,Bayswater Stn,0.2,rail_only,0,67,Seaforth Stn,485.0,389.0,582.0,0.6683848797250859,False,False
23,Bayswater Stn,0.2,rail_only,0,68,Maddington Stn,631.0,503.0,757.1999999999999,0.6642894875858426,False,False
23,Bayswater Stn,0.2,rail_only,0,7,Ashfield Stn,559.0,6.0,670.8,0.00894454382826476,False,False
23,Bayswater Stn,0.2,rail_only,0,72,Claisebrook Stn,2078.0,1022.0,2493.6,0.4098492139878088,False,False
23,Bayswater Stn,0.2,rail_only,0,73,Oats Street Stn,1000.0,744.0,1200.0,0.62,False,False
23,Bayswater Stn,0.2,rail_only,0,74,Warnbro Stn,251.0,203.0,301.2,0.6739707835325366,False,False
23,Bayswater Stn,0.2,rail_only,0,76,Karrakatta Stn,835.0,659.0,1002.0,0.6576846307385229,False,False
23,Bayswater Stn,0.2,rail_only,0,8,Leederville Stn,1021.0,797.0,1225.2,0.6505060398302318,False,False
23,Bayswater Stn,0.2,rail_only,0,82,Bull Creek Stn,612.0,452.0,734.4,0.6154684095860566,False,False
23,Bayswater Stn,0.2,rail_only,0,83,Canning Bridge Stn,661.0,485.0,793.1999999999999,0.6114473020675745,False,False
23,Bayswater Stn,0.2,rail_only,0,84,Cannington Stn,922.0,698.0,1106.3999999999999,0.6308749096167752,False,False
23,Bayswater Stn,0.2,rail_only,0,85,Clarkson Stn,409.0,329.0,490.79999999999995,0.6703341483292584,False,False
23,Bayswater Stn,0.2,rail_only,0,86,Cockburn Central Stn,678.0,550.0,813.6,0.676007866273353,False,False
23,Bayswater Stn,0.2,rail_only,0,87,Fremantle Stn,85.0,69.0,102.0,0.6764705882352942,False,False
23,Bayswater Stn,0.2,rail_only,0,88,Glendalough Stn,961.0,753.0,1153.2,0.6529656607700312,False,False
23,Bayswater Stn,0.2,rail_only,0,89,Gosnells Stn,559.0,447.0,670.8,0.6663685152057246,False,False
23,Bayswater Stn,0.2,rail_only,0,9,Greenwood Stn,769.0,609.0,922.8,0.6599479843953187,False,False
23,Bayswater Stn,0.2,rail_only,0,90,Joondalup Stn,559.0,447.0,670.8,0.6663685152057246,False,False
23,Bayswater Stn,0.2,rail_only,0,91,Kelmscott Stn,409.0,329.0,490.79999999999995,0.6703341483292584,False,False
23,Bayswater Stn,0.2,rail_only,0,92,Kenwick Stn,701.0,557.0,841.1999999999999,0.662149310508797,False,False
23,Bayswater Stn,0.2,rail_only,0,93,Kwinana Stn,485.0,389.0,582.0,0.6683848797250859,False,False
23,Bayswater Stn,0.2,rail_only,0,94,Mandurah Stn,85.0,69.0,102.0,0.6764705882352942,False,False
23,Bayswater Stn,0.2,rail_only,0,95,Midland Stn,85.0,6.0,102.0,0.058823529411764705,False,False
23,Bayswater Stn,0.2,rail_only,0,96,Murdoch Stn,573.0,429.0,687.6,0.6239092495636998,False,False
23,Bayswater Stn,0.2,rail_only,0,97,Rockingham Stn,331.0,267.0,397.2,0.6722054380664653,False,False
23,Bayswater Stn,0.2,rail_only,0,98,Stirling Stn,899.0,707.0,1078.8,0.6553578049684835,False,False
23,Bayswater Stn,0.2,rail_only,0,99,Thornlie Stn,373.0,325.0,447.59999999999997,0.7260947274352101,False,False
23,Bayswater Stn,0.2,manual_bus,0,1,North Fremantle Stn,169.0,139.0,202.79999999999998,0.6854043392504932,False,False
23,Bayswater Stn,0.2,manual_bus,0,100,Warwick Stn,835.0,670.0,1002.0,0.6686626746506986,False,False
23,Bayswater Stn,0.2,manual_bus,0,101,Wellard Stn,409.0,334.0,490.79999999999995,0.6805215973920131,False,False
23,Bayswater Stn,0.2,manual_bus,0,102,Whitfords Stn,701.0,566.0,841.1999999999999,0.6728483119353306,False,False
23,Bayswater Stn,0.2,manual_bus,0,12,Queens Park Stn,961.0,736.0,1153.2,0.638224072147069,False,False
23,Bayswater Stn,0.2,manual_bus,0,133,Butler Stn,331.0,271.0,397.2,0.6822759315206446,False,False
23,Bayswater Stn,0.2,manual_bus,0,135,Elizabeth Quay Stn,721.0,541.0,865.1999999999999,0.625288950531669,False,False
23,Bayswater Stn,0.2,manual_bus,0,138,Aubin Grove Stn,559.0,454.0,670.8,0.6768038163387001,False,False
23,Bayswater Stn,0.2,manual_bus,0,140,Perth Stadium Stn,1140.0,840.0,1368.0,0.6140350877192983,False,False
23,Bayswater Stn,0.2,manual_bus,0,147,Redcliffe Stn,251.0,2.0,301.2,0.006640106241699867,False,False
23,Bayswater Stn,0.2,manual_bus,0,148,Airport Central Stn,169.0,3.0,202.79999999999998,0.014792899408284025,False,False
23,Bayswater Stn,0.2,manual_bus,0,149,High Wycombe Stn,85.0,2.0,102.0,0.0196078431372549,False,False
23,Bayswater Stn,0.2,manual_bus,0,15,West Leederville Stn,1079.0,854.0,1294.8,0.6595613222119246,False,False
23,Bayswater Stn,0.2,manual_bus,0,150,Lakelands Stn,169.0,139.0,202.79999999999998,0.6854043392504932,False,False
23,Bayswater Stn,0.2,manual_bus,0,153,Alkimos Stn,251.0,206.0,301.2,0.6839309428950864,False,False
23,Bayswater Stn,0.2,manual_bus,0,154,Eglinton Stn,169.0,139.0,202.79999999999998,0.6854043392504932,False,False
23,Bayswater Stn,0.2,manual_bus,0,155,Yanchep Stn,85.0,70.0,102.0,0.6862745098039216,False,False
23,Bayswater Stn,0.2,manual_bus,0,156,Morley Stn,409.0,4.0,490.79999999999995,0.00814995925020375,False,False
23,Bayswater Stn,0.2,manual_bus,0,157,Noranda Stn,331.0,7.0,397.2,0.017623363544813697,False,False
23,Bayswater Stn,0.2,manual_bus,0,158,Ballajura Stn,251.0,8.0,301.2,0.02656042496679947,False,False
23,Bayswater Stn,0.2,manual_bus,0,159,Whiteman Park Stn,169.0,7.0,202.79999999999998,0.03451676528599606,False,False
23,Bayswater Stn,0.2,manual_bus,0,16,Showgrounds Stn,701.0,566.0,841.1999999999999,0.6728483119353306,False,False
23,Bayswater Stn,0.2,manual_bus,0,160,Ellenbrook Stn,85.0,4.0,102.0,0.0392156862745098,False,False
23,Bayswater Stn,0.2,manual_bus,0,162,Nicholson Rd Stn,313.0,283.0,375.59999999999997,0.75346112886049,False,False
23,Bayswater Stn,0.2,manual_bus,0,163,Ranford Rd Stn,266.0,251.0,319.2,0.7863408521303259,False,False
23,Bayswater Stn,0.2,manual_bus,0,164,Byford Stn,85.0,70.0,102.0,0.6862745098039216,False,False
23,Bayswater Stn,0.2,manual_bus,0,17,Shenton Park Stn,899.0,719.0,1078.8,0.6664812754912867,False,False
23,Bayswater Stn,0.2,manual_bus,0,19,Grant Street Stn,485.0,395.0,582.0,0.6786941580756014,False,False
23,Bayswater Stn,0.2,manual_bus,0,2,Challis Stn,331.0,271.0,397.2,0.6822759315206446,False,False
23,Bayswater Stn,0.2,manual_bus,0,22,Mciver Stn,1682.0,988.0,2018.3999999999999,0.4894966309948474,False,False
23,Bayswater Stn,0.2,manual_bus,0,24,Guildford Stn,331.0,15.0,397.2,0.0377643504531722,False,False
23,Bayswater Stn,0.2,manual_bus,0,26,East Perth Stn,1339.0,271.0,1606.8,0.16865820263878517,False,False
23,Bayswater Stn,0.2,manual_bus,0,28,Beckenham Stn,999.0,804.0,1198.8,0.6706706706706707,False,False
23,Bayswater Stn,0.2,manual_bus,0,30,Claremont Stn,631.0,511.0,757.1999999999999,0.6748547279450609,False,False
23,Bayswater Stn,0.2,manual_bus,0,31,City West Stn,1135.0,895.0,1362.0,0.6571218795888399,False,False
23,Bayswater Stn,0.2,manual_bus,0,32,Victoria Street Stn,251.0,206.0,301.2,0.6839309428950864,False,False
23,Bayswater Stn,0.2,manual_bus,0,33,Burswood Stn,1108.0,823.0,1329.6,0.6189831528279182,False,False
23,Bayswater Stn,0.2,manual_bus,0,34,Success Hill Stn,409.0,14.0,490.79999999999995,0.028524857375713124,False,False
23,Bayswater Stn,0.2,manual_bus,0,36,Daglish Stn,961.0,766.0,1153.2,0.6642386403052376,False,False
23,Bayswater Stn,0.2,manual_bus,0,37,Meltham Stn,1189.0,70.0,1426.8,0.049060835435940565,False,False
23,Bayswater Stn,0.2,manual_bus,0,38,Swanbourne Stn,559.0,454.0,670.8,0.6768038163387001,False,False
23,Bayswater Stn,0.2,manual_bus,0,39,Bassendean Stn,485.0,11.0,582.0,0.018900343642611683,False,False
23,Bayswater Stn,0.2,manual_bus,0,4,Currambine Stn,485.0,395.0,582.0,0.6786941580756014,False,False
23,Bayswater Stn,0.2,manual_bus,0,41,Woodbridge Stn,169.0,11.0,202.79999999999998,0.05424063116370809,False,False
23,Bayswater Stn,0.2,manual_bus,0,42,Loch Street Stn,769.0,619.0,922.8,0.6707845687039445,False,False
23,Bayswater Stn,0.2,manual_bus,0,43,Armadale Stn,169.0,139.0,202.79999999999998,0.6854043392504932,False,False
23,Bayswater Stn,0.2,manual_bus,0,44,Mt Lawley Stn,1291.0,206.0,1549.2,0.1329718564420346,False,False
23,Bayswater Stn,0.2,manual_bus,0,46,Edgewater Stn,631.0,511.0,757.1999999999999,0.6748547279450609,False,False
23,Bayswater Stn,0.2,manual_bus,0,48,Victoria Park Stn,1074.0,804.0,1288.8,0.6238361266294228,False,False
23,Bayswater Stn,0.2,manual_bus,0,49,Maylands Stn,1241.0,139.0,1489.2,0.09333870534515176,False,False
23,Bayswater Stn,0.2,manual_bus,0,5,Mosman Park Stn,331.0,271.0,397.2,0.6822759315206446,False,False
23,Bayswater Stn,0.2,manual_bus,0,50,Cottesloe Stn,409.0,334.0,490.79999999999995,0.6805215973920131,False,False
23,Bayswater Stn,0.2,manual_bus,0,56,Perth Stn,2089.0,1427.0,2506.7999999999997,0.5692516355513005,False,False
23,Bayswater Stn,0.2,manual_bus,0,58,Carlisle Stn,1038.0,783.0,1245.6,0.6286127167630058,False,False
23,Bayswater Stn,0.2,manual_bus,0,59,East Guildford Stn,251.0,14.0,301.2,0.04648074369189907,False,False
23,Bayswater Stn,0.2,manual_bus,0,6,Subiaco Stn,1021.0,811.0,1225.2,0.6619327456741756,False,False
23,Bayswater Stn,0.2,manual_bus,0,64,Perth Underground Stn,1535.0,1145.0,1842.0,0.6216069489685125,False,False
23,Bayswater Stn,0.2,manual_bus,0,66,Sherwood Stn,251.0,206.0,301.2,0.6839309428950864,False,False
23,Bayswater Stn,0.2,manual_bus,0,67,Seaforth Stn,485.0,395.0,582.0,0.6786941580756014,False,False
23,Bayswater Stn,0.2,manual_bus,0,68,Maddington Stn,631.0,511.0,757.1999999999999,0.6748547279450609,False,False
23,Bayswater Stn,0.2,manual_bus,0,7,Ashfield Stn,559.0,6.0,670.8,0.00894454382826476,False,False
23,Bayswater Stn,0.2,manual_bus,0,72,Claisebrook Stn,2078.0,1047.0,2493.6,0.41987487969201154,False,False
23,Bayswater Stn,0.2,manual_bus,0,73,Oats Street Stn,1000.0,760.0,1200.0,0.6333333333333333,False,False
23,Bayswater Stn,0.2,manual_bus,0,74,Warnbro Stn,251.0,206.0,301.2,0.6839309428950864,False,False
23,Bayswater Stn,0.2,manual_bus,0,76,Karrakatta Stn,835.0,670.0,1002.0,0.6686626746506986,False,False
23,Bayswater Stn,0.2,manual_bus,0,8,Leederville Stn,1021.0,811.0,1225.2,0.6619327456741756,False,False
23,Bayswater Stn,0.2,manual_bus,0,82,Bull Creek Stn,612.0,462.0,734.4,0.6290849673202614,False,False
23,Bayswater Stn,0.2,manual_bus,0,83,Canning Bridge Stn,661.0,496.0,793.1999999999999,0.6253151790216843,False,False
23,Bayswater Stn,0.2,manual_bus,0,84,Cannington Stn,922.0,712.0,1106.3999999999999,0.6435285610990601,False,False
23,Bayswater Stn,0.2,manual_bus,0,85,Clarkson Stn,409.0,334.0,490.79999999999995,0.6805215973920131,False,False
23,Bayswater Stn,0.2,manual_bus,0,86,Cockburn Central Stn,678.0,558.0,813.6,0.6858407079646017,False,False
23,Bayswater Stn,0.2,manual_bus,0,87,Fremantle Stn,85.0,70.0,102.0,0.6862745098039216,False,False
23,Bayswater Stn,0.2,manual_bus,0,88,Glendalough Stn,961.0,766.0,1153.2,0.6642386403052376,False,False
23,Bayswater Stn,0.2,manual_bus,0,89,Gosnells Stn,559.0,454.0,670.8,0.6768038163387001,False,False
23,Bayswater Stn,0.2,manual_bus,0,9,Greenwood Stn,769.0,619.0,922.8,0.6707845687039445,False,False
23,Bayswater Stn,0.2,manual_bus,0,90,Joondalup Stn,559.0,454.0,670.8,0.6768038163387001,False,False
23,Bayswater Stn,0.2,manual_bus,0,91,Kelmscott Stn,409.0,334.0,490.79999999999995,0.6805215973920131,False,False
23,Bayswater Stn,0.2,manual_bus,0,92,Kenwick Stn,701.0,566.0,841.1999999999999,0.6728483119353306,False,False
23,Bayswater Stn,0.2,manual_bus,0,93,Kwinana Stn,485.0,395.0,582.0,0.6786941580756014,False,False
23,Bayswater Stn,0.2,manual_bus,0,94,Mandurah Stn,85.0,70.0,102.0,0.6862745098039216,False,False
23,Bayswater Stn,0.2,manual_bus,0,95,Midland Stn,85.0,6.0,102.0,0.058823529411764705,False,False
23,Bayswater Stn,0.2,manual_bus,0,96,Murdoch Stn,573.0,438.0,687.6,0.6369982547993019,False,False
23,Bayswater Stn,0.2,manual_bus,0,97,Rockingham Stn,331.0,271.0,397.2,0.6822759315206446,False,False
23,Bayswater Stn,0.2,manual_bus,0,98,Stirling Stn,899.0,719.0,1078.8,0.6664812754912867,False,False
23,Bayswater Stn,0.2,manual_bus,0,99,Thornlie Stn,373.0,328.0,447.59999999999997,0.7327971403038428,False,False
23,Bayswater Stn,0.2,candidate_bus,0,1,North Fremantle Stn,169.0,134.0,202.79999999999998,0.6607495069033531,False,False
23,Bayswater Stn,0.2,candidate_bus,0,100,Warwick Stn,835.0,820.0,1002.0,0.8183632734530938,False,False
23,Bayswater Stn,0.2,candidate_bus,0,101,Wellard Stn,409.0,365.0,490.79999999999995,0.7436837815810922,False,False
23,Bayswater Stn,0.2,candidate_bus,0,102,Whitfords Stn,701.0,701.0,841.1999999999999,0.8333333333333334,False,False
23,Bayswater Stn,0.2,candidate_bus,0,12,Queens Park Stn,961.0,862.0,1153.2,0.747485258411377,False,False
23,Bayswater Stn,0.2,candidate_bus,0,133,Butler Stn,331.0,331.0,397.2,0.8333333333333334,False,False
23,Bayswater Stn,0.2,candidate_bus,0,135,Elizabeth Quay Stn,721.0,466.0,865.1999999999999,0.5386037910309756,False,False
23,Bayswater Stn,0.2,candidate_bus,0,138,Aubin Grove Stn,559.0,515.0,670.8,0.7677400119260585,False,False
23,Bayswater Stn,0.2,candidate_bus,0,140,Perth Stadium Stn,1140.0,1082.0,1368.0,0.7909356725146199,False,False
23,Bayswater Stn,0.2,candidate_bus,0,147,Redcliffe Stn,251.0,118.0,301.2,0.3917662682602922,False,False
23,Bayswater Stn,0.2,candidate_bus,0,148,Airport Central Stn,169.0,143.0,202.79999999999998,0.7051282051282052,False,False
23,Bayswater Stn,0.2,candidate_bus,0,149,High Wycombe Stn,85.0,84.0,102.0,0.8235294117647058,False,False
23,Bayswater Stn,0.2,candidate_bus,0,15,West Leederville Stn,1079.0,684.0,1294.8,0.5282669138090825,False,False
23,Bayswater Stn,0.2,candidate_bus,0,150,Lakelands Stn,169.0,169.0,202.79999999999998,0.8333333333333334,False,False
23,Bayswater Stn,0.2,candidate_bus,0,153,Alkimos Stn,251.0,251.0,301.2,0.8333333333333334,False,False
23,Bayswater Stn,0.2,candidate_bus,0,154,Eglinton Stn,169.0,169.0,202.79999999999998,0.8333333333333334,False,False
23,Bayswater Stn,0.2,candidate_bus,0,155,Yanchep Stn,85.0,85.0,102.0,0.8333333333333334,False,False
23,Bayswater Stn,0.2,candidate_bus,0,156,Morley Stn,409.0,289.0,490.79999999999995,0.5888345558272209,False,False
23,Bayswater Stn,0.2,candidate_bus,0,157,Noranda Stn,331.0,304.0,397.2,0.7653575025176234,False,False
23,Bayswater Stn,0.2,candidate_bus,0,158,Ballajura Stn,251.0,252.0,301.2,0.8366533864541833,False,False
23,Bayswater Stn,0.2,candidate_bus,0,159,Whiteman Park Stn,169.0,91.0,202.79999999999998,0.44871794871794873,False,False
23,Bayswater Stn,0.2,candidate_bus,0,16,Showgrounds Stn,701.0,619.0,841.1999999999999,0.7358535425582502,False,False
23,Bayswater Stn,0.2,candidate_bus,0,160,Ellenbrook Stn,85.0,75.0,102.0,0.7352941176470589,False,False
23,Bayswater Stn,0.2,candidate_bus,0,162,Nicholson Rd Stn,313.0,254.0,375.59999999999997,0.676251331203408,False,False
23,Bayswater Stn,0.2,candidate_bus,0,163,Ranford Rd Stn,266.0,191.0,319.2,0.5983709273182958,False,False
23,Bayswater Stn,0.2,candidate_bus,0,164,Byford Stn,85.0,85.0,102.0,0.8333333333333334,False,False
23,Bayswater Stn,0.2,candidate_bus,0,17,Shenton Park Stn,899.0,782.0,1078.8,0.724879495736003,False,False
23,Bayswater Stn,0.2,candidate_bus,0,19,Grant Street Stn,485.0,158.0,582.0,0.27147766323024053,False,False
23,Bayswater Stn,0.2,candidate_bus,0,2,Challis Stn,331.0,224.0,397.2,0.5639476334340383,False,False
23,Bayswater Stn,0.2,candidate_bus,0,22,Mciver Stn,1682.0,1001.0,2018.3999999999999,0.4959373761395165,False,False
23,Bayswater Stn,0.2,candidate_bus,0,24,Guildford Stn,331.0,261.0,397.2,0.6570996978851964,False,False
23,Bayswater Stn,0.2,candidate_bus,0,26,East Perth Stn,1339.0,37.0,1606.8,0.023027134677620114,False,False
23,Bayswater Stn,0.2,candidate_bus,0,28,Beckenham Stn,999.0,875.0,1198.8,0.7298965632298966,False,False
23,Bayswater Stn,0.2,candidate_bus,0,30,Claremont Stn,631.0,546.0,757.1999999999999,0.7210776545166403,False,False
23,Bayswater Stn,0.2,candidate_bus,0,31,City West Stn,1135.0,689.0,1362.0,0.5058737151248165,False,False
23,Bayswater Stn,0.2,candidate_bus,0,32,Victoria Street Stn,251.0,78.0,301.2,0.2589641434262948,False,False
23,Bayswater Stn,0.2,candidate_bus,0,33,Burswood Stn,1108.0,1151.0,1329.6,0.8656738868832732,False,False
23,Bayswater Stn,0.2,candidate_bus,0,34,Success Hill Stn,409.0,261.0,490.79999999999995,0.5317848410757947,False,False
23,Bayswater Stn,0.2,candidate_bus,0,36,Daglish Stn,961.0,687.0,1153.2,0.5957336108220603,False,False
23,Bayswater Stn,0.2,candidate_bus,0,37,Meltham Stn,1189.0,85.0,1426.8,0.05957387160078498,False,False
23,Bayswater Stn,0.2,candidate_bus,0,38,Swanbourne Stn,559.0,149.0,670.8,0.2221228384019082,False,False
23,Bayswater Stn,0.2,candidate_bus,0,39,Bassendean Stn,485.0,85.0,582.0,0.14604810996563575,False,False
23,Bayswater Stn,0.2,candidate_bus,0,4,Currambine Stn,485.0,485.0,582.0,0.8333333333333334,False,False
23,Bayswater Stn,0.2,candidate_bus,0,41,Woodbridge Stn,169.0,0.0,202.79999999999998,0.0,False,False
23,Bayswater Stn,0.2,candidate_bus,0,42,Loch Street Stn,769.0,679.0,922.8,0.7358040745557001,False,False
23,Bayswater Stn,0.2,candidate_bus,0,43,Armadale Stn,169.0,107.0,202.79999999999998,0.5276134122287969,False,False
23,Bayswater Stn,0.2,candidate_bus,0,44,Mt Lawley Stn,1291.0,37.0,1549.2,0.023883294603666408,False,False
23,Bayswater Stn,0.2,candidate_bus,0,46,Edgewater Stn,631.0,631.0,757.1999999999999,0.8333333333333334,False,False
23,Bayswater Stn,0.2,candidate_bus,0,48,Victoria Park Stn,1074.0,994.0,1288.8,0.771260086902545,False,False
23,Bayswater Stn,0.2,candidate_bus,0,49,Maylands Stn,1241.0,85.0,1489.2,0.05707762557077625,False,False
23,Bayswater Stn,0.2,candidate_bus,0,5,Mosman Park Stn,331.0,80.0,397.2,0.2014098690835851,False,False
23,Bayswater Stn,0.2,candidate_bus,0,50,Cottesloe Stn,409.0,82.0,490.79999999999995,0.16707416462917687,False,False
23,Bayswater Stn,0.2,candidate_bus,0,56,Perth Stn,2089.0,685.0,2506.7999999999997,0.27325674166267755,False,False
23,Bayswater Stn,0.2,candidate_bus,0,58,Carlisle Stn,1038.0,958.0,1245.6,0.769107257546564,False,False
23,Bayswater Stn,0.2,candidate_bus,0,59,East Guildford Stn,251.0,0.0,301.2,0.0,False,False
23,Bayswater Stn,0.2,candidate_bus,0,6,Subiaco Stn,1021.0,656.0,1225.2,0.5354227881162259,False,False
23,Bayswater Stn,0.2,candidate_bus,0,64,Perth Underground Stn,1535.0,886.0,1842.0,0.4809989142236699,False,False
23,Bayswater Stn,0.2,candidate_bus,0,66,Sherwood Stn,251.0,164.0,301.2,0.5444887118193892,False,False
23,Bayswater Stn,0.2,candidate_bus,0,67,Seaforth Stn,485.0,0.0,582.0,0.0,False,False
23,Bayswater Stn,0.2,candidate_bus,0,68,Maddington Stn,631.0,0.0,757.1999999999999,0.0,False,False
23,Bayswater Stn,0.2,candidate_bus,0,7,Ashfield Stn,559.0,85.0,670.8,0.12671437090041743,False,False
23,Bayswater Stn,0.2,candidate_bus,0,72,Claisebrook Stn,2078.0,1266.0,2493.6,0.5076997112608277,False,False
23,Bayswater Stn,0.2,candidate_bus,0,73,Oats Street Stn,1000.0,921.0,1200.0,0.7675,False,False
23,Bayswater Stn,0.2,candidate_bus,0,74,Warnbro Stn,251.0,251.0,301.2,0.8333333333333334,False,False
23,Bayswater Stn,0.2,candidate_bus,0,76,Karrakatta Stn,835.0,748.0,1002.0,0.7465069860279441,False,False
23,Bayswater Stn,0.2,candidate_bus,0,8,Leederville Stn,1021.0,691.0,1225.2,0.5639895527260855,False,False
23,Bayswater Stn,0.2,candidate_bus,0,82,Bull Creek Stn,612.0,550.0,734.4,0.7489106753812637,False,False
23,Bayswater Stn,0.2,candidate_bus,0,83,Canning Bridge Stn,661.0,528.0,793.1999999999999,0.6656580937972769,False,False
23,Bayswater Stn,0.2,candidate_bus,0,84,Cannington Stn,922.0,827.0,1106.3999999999999,0.7474692697035431,False,False
23,Bayswater Stn,0.2,candidate_bus,0,85,Clarkson Stn,409.0,409.0,490.79999999999995,0.8333333333333334,False,False
23,Bayswater Stn,0.2,candidate_bus,0,86,Cockburn Central Stn,678.0,594.0,813.6,0.7300884955752213,False,False
23,Bayswater Stn,0.2,candidate_bus,0,87,Fremantle Stn,85.0,134.0,102.0,1.3137254901960784,True,True
23,Bayswater Stn,0.2,candidate_bus,0,88,Glendalough Stn,961.0,669.0,1153.2,0.5801248699271592,False,False
23,Bayswater Stn,0.2,candidate_bus,0,89,Gosnells Stn,559.0,0.0,670.8,0.0,False,False
23,Bayswater Stn,0.2,candidate_bus,0,9,Greenwood Stn,769.0,760.0,922.8,0.82358040745557,False,False
23,Bayswater Stn,0.2,candidate_bus,0,90,Joondalup Stn,559.0,559.0,670.8,0.8333333333333334,False,False
23,Bayswater Stn,0.2,candidate_bus,0,91,Kelmscott Stn,409.0,213.0,490.79999999999995,0.43398533007334966,False,False
23,Bayswater Stn,0.2,candidate_bus,0,92,Kenwick Stn,701.0,592.0,841.1999999999999,0.7037565382786496,False,False
23,Bayswater Stn,0.2,candidate_bus,0,93,Kwinana Stn,485.0,441.0,582.0,0.7577319587628866,False,False
23,Bayswater Stn,0.2,candidate_bus,0,94,Mandurah Stn,85.0,85.0,102.0,0.8333333333333334,False,False
23,Bayswater Stn,0.2,candidate_bus,0,95,Midland Stn,85.0,0.0,102.0,0.0,False,False
23,Bayswater Stn,0.2,candidate_bus,0,96,Murdoch Stn,573.0,527.0,687.6,0.766433973240256,False,False
23,Bayswater Stn,0.2,candidate_bus,0,97,Rockingham Stn,331.0,320.0,397.2,0.8056394763343404,False,False
23,Bayswater Stn,0.2,candidate_bus,0,98,Stirling Stn,899.0,757.0,1078.8,0.7017055988134965,False,False
23,Bayswater Stn,0.2,candidate_bus,0,99,Thornlie Stn,373.0,304.0,447.59999999999997,0.6791778373547811,False,False
23,Bayswater Stn,0.2,candidate_bus,1,1,North Fremantle Stn,169.0,0.0,202.79999999999998,0.0,False,False
23,Bayswater Stn,0.2,candidate_bus,1,100,Warwick Stn,835.0,820.0,1002.0,0.8183632734530938,False,False
23,Bayswater Stn,0.2,candidate_bus,1,101,Wellard Stn,409.0,368.0,490.79999999999995,0.749796251018745,False,False
23,Bayswater Stn,0.2,candidate_bus,1,102,Whitfords Stn,701.0,701.0,841.1999999999999,0.8333333333333334,False,False
23,Bayswater Stn,0.2,candidate_bus,1,12,Queens Park Stn,961.0,859.0,1153.2,0.7448838015955601,False,False
23,Bayswater Stn,0.2,candidate_bus,1,133,Butler Stn,331.0,331.0,397.2,0.8333333333333334,False,False
23,Bayswater Stn,0.2,candidate_bus,1,135,Elizabeth Quay Stn,721.0,466.0,865.1999999999999,0.5386037910309756,False,False
23,Bayswater Stn,0.2,candidate_bus,1,138,Aubin Grove Stn,559.0,518.0,670.8,0.7722122838401909,False,False
23,Bayswater Stn,0.2,candidate_bus,1,140,Perth Stadium Stn,1140.0,1079.0,1368.0,0.7887426900584795,False,False
23,Bayswater Stn,0.2,candidate_bus,1,147,Redcliffe Stn,251.0,118.0,301.2,0.3917662682602922,False,False
23,Bayswater Stn,0.2,candidate_bus,1,148,Airport Central Stn,169.0,143.0,202.79999999999998,0.7051282051282052,False,False
23,Bayswater Stn,0.2,candidate_bus,1,149,High Wycombe Stn,85.0,84.0,102.0,0.8235294117647058,False,False
23,Bayswater Stn,0.2,candidate_bus,1,15,West Leederville Stn,1079.0,681.0,1294.8,0.525949953660797,False,False
23,Bayswater Stn,0.2,candidate_bus,1,150,Lakelands Stn,169.0,169.0,202.79999999999998,0.8333333333333334,False,False
23,Bayswater Stn,0.2,candidate_bus,1,153,Alkimos Stn,251.0,251.0,301.2,0.8333333333333334,False,False
23,Bayswater Stn,0.2,candidate_bus,1,154,Eglinton Stn,169.0,169.0,202.79999999999998,0.8333333333333334,False,False
23,Bayswater Stn,0.2,candidate_bus,1,155,Yanchep Stn,85.0,85.0,102.0,0.8333333333333334,False,False
23,Bayswater Stn,0.2,candidate_bus,1,156,Morley Stn,409.0,289.0,490.79999999999995,0.5888345558272209,False,False
23,Bayswater Stn,0.2,candidate_bus,1,157,Noranda Stn,331.0,304.0,397.2,0.7653575025176234,False,False
23,Bayswater Stn,0.2,candidate_bus,1,158,Ballajura Stn,251.0,252.0,301.2,0.8366533864541833,False,False
23,Bayswater Stn,0.2,candidate_bus,1,159,Whiteman Park Stn,169.0,91.0,202.79999999999998,0.44871794871794873,False,False
23,Bayswater Stn,0.2,candidate_bus,1,16,Showgrounds Stn,701.0,613.0,841.1999999999999,0.7287208749405611,False,False
23,Bayswater Stn,0.2,candidate_bus,1,160,Ellenbrook Stn,85.0,75.0,102.0,0.7352941176470589,False,False
23,Bayswater Stn,0.2,candidate_bus,1,162,Nicholson Rd Stn,313.0,257.0,375.59999999999997,0.6842385516506923,False,False
23,Bayswater Stn,0.2,candidate_bus,1,163,Ranford Rd Stn,266.0,194.0,319.2,0.6077694235588973,False,False
23,Bayswater Stn,0.2,candidate_bus,1,164,Byford Stn,85.0,85.0,102.0,0.8333333333333334,False,False
23,Bayswater Stn,0.2,candidate_bus,1,17,Shenton Park Stn,899.0,782.0,1078.8,0.724879495736003,False,False
23,Bayswater Stn,0.2,candidate_bus,1,19,Grant Street Stn,485.0,94.0,582.0,0.16151202749140894,False,False
23,Bayswater Stn,0.2,candidate_bus,1,2,Challis Stn,331.0,224.0,397.2,0.5639476334340383,False,False
23,Bayswater Stn,0.2,candidate_bus,1,22,Mciver Stn,1682.0,998.0,2018.3999999999999,0.49445105033690057,False,False
23,Bayswater Stn,0.2,candidate_bus,1,24,Guildford Stn,331.0,261.0,397.2,0.6570996978851964,False,False
23,Bayswater Stn,0.2,candidate_bus,1,26,East Perth Stn,1339.0,37.0,1606.8,0.023027134677620114,False,False
23,Bayswater Stn,0.2,candidate_bus,1,28,Beckenham Stn,999.0,875.0,1198.8,0.7298965632298966,False,False
23,Bayswater Stn,0.2,candidate_bus,1,30,Claremont Stn,631.0,540.0,757.1999999999999,0.7131537242472267,False,False
23,Bayswater Stn,0.2,candidate_bus,1,31,City West Stn,1135.0,686.0,1362.0,0.5036710719530103,False,False
23,Bayswater Stn,0.2,candidate_bus,1,32,Victoria Street Stn,251.0,14.0,301.2,0.04648074369189907,False,False
23,Bayswater Stn,0.2,candidate_bus,1,33,Burswood Stn,1108.0,1148.0,1329.6,0.8634175691937426,False,False
23,Bayswater Stn,0.2,candidate_bus,1,34,Success Hill Stn,409.0,261.0,490.79999999999995,0.5317848410757947,False,False
23,Bayswater Stn,0.2,candidate_bus,1,36,Daglish Stn,961.0,687.0,1153.2,0.5957336108220603,False,False
23,Bayswater Stn,0.2,candidate_bus,1,37,Meltham Stn,1189.0,85.0,1426.8,0.05957387160078498,False,False
23,Bayswater Stn,0.2,candidate_bus,1,38,Swanbourne Stn,559.0,85.0,670.8,0.12671437090041743,False,False
23,Bayswater Stn,0.2,candidate_bus,1,39,Bassendean Stn,485.0,85.0,582.0,0.14604810996563575,False,False
23,Bayswater Stn,0.2,candidate_bus,1,4,Currambine Stn,485.0,485.0,582.0,0.8333333333333334,False,False
23,Bayswater Stn,0.2,candidate_bus,1,41,Woodbridge Stn,169.0,0.0,202.79999999999998,0.0,False,False
23,Bayswater Stn,0.2,candidate_bus,1,42,Loch Street Stn,769.0,673.0,922.8,0.7293021239705245,False,False
23,Bayswater Stn,0.2,candidate_bus,1,43,Armadale Stn,169.0,107.0,202.79999999999998,0.5276134122287969,False,False
23,Bayswater Stn,0.2,candidate_bus,1,44,Mt Lawley Stn,1291.0,37.0,1549.2,0.023883294603666408,False,False
23,Bayswater Stn,0.2,candidate_bus,1,46,Edgewater Stn,631.0,631.0,757.1999999999999,0.8333333333333334,False,False
23,Bayswater Stn,0.2,candidate_bus,1,48,Victoria Park Stn,1074.0,991.0,1288.8,0.7689323401613904,False,False
23,Bayswater Stn,0.2,candidate_bus,1,49,Maylands Stn,1241.0,85.0,1489.2,0.05707762557077625,False,False
23,Bayswater Stn,0.2,candidate_bus,1,5,Mosman Park Stn,331.0,16.0,397.2,0.04028197381671702,False,False
23,Bayswater Stn,0.2,candidate_bus,1,50,Cottesloe Stn,409.0,18.0,490.79999999999995,0.03667481662591687,False,False
23,Bayswater Stn,0.2,candidate_bus,1,56,Perth Stn,2089.0,682.0,2506.7999999999997,0.2720599968086804,False,False
23,Bayswater Stn,0.2,candidate_bus,1,58,Carlisle Stn,1038.0,955.0,1245.6,0.7666987797045601,False,False
23,Bayswater Stn,0.2,candidate_bus,1,59,East Guildford Stn,251.0,0.0,301.2,0.0,False,False
23,Bayswater Stn,0.2,candidate_bus,1,6,Subiaco Stn,1021.0,653.0,1225.2,0.5329742082925236,False,False
23,Bayswater Stn,0.2,candidate_bus,1,64,Perth Underground Stn,1535.0,886.0,1842.0,0.4809989142236699,False,False
23,Bayswater Stn,0.2,candidate_bus,1,66,Sherwood Stn,251.0,164.0,301.2,0.5444887118193892,False,False
23,Bayswater Stn,0.2,candidate_bus,1,67,Seaforth Stn,485.0,0.0,582.0,0.0,False,False
23,Bayswater Stn,0.2,candidate_bus,1,68,Maddington Stn,631.0,0.0,757.1999999999999,0.0,False,False
23,Bayswater Stn,0.2,candidate_bus,1,7,Ashfield Stn,559.0,85.0,670.8,0.12671437090041743,False,False
23,Bayswater Stn,0.2,candidate_bus,1,72,Claisebrook Stn,2078.0,1263.0,2493.6,0.5064966313763234,False,False
23,Bayswater Stn,0.2,candidate_bus,1,73,Oats Street Stn,1000.0,918.0,1200.0,0.765,False,False
23,Bayswater Stn,0.2,candidate_bus,1,74,Warnbro Stn,251.0,251.0,301.2,0.8333333333333334,False,False
23,Bayswater Stn,0.2,candidate_bus,1,76,Karrakatta Stn,835.0,745.0,1002.0,0.7435129740518962,False,False
23,Bayswater Stn,0.2,candidate_bus,1,8,Leederville Stn,1021.0,691.0,1225.2,0.5639895527260855,False,False
23,Bayswater Stn,0.2,candidate_bus,1,82,Bull Creek Stn,612.0,553.0,734.4,0.7529956427015251,False,False
23,Bayswater Stn,0.2,candidate_bus,1,83,Canning Bridge Stn,661.0,531.0,793.1999999999999,0.6694402420574888,False,False
23,Bayswater Stn,0.2,candidate_bus,1,84,Cannington Stn,922.0,824.0,1106.3999999999999,0.7447577729573392,False,False
23,Bayswater Stn,0.2,candidate_bus,1,85,Clarkson Stn,409.0,409.0,490.79999999999995,0.8333333333333334,False,False
23,Bayswater Stn,0.2,candidate_bus,1,86,Cockburn Central Stn,678.0,597.0,813.6,0.7337758112094395,False,False
23,Bayswater Stn,0.2,candidate_bus,1,88,Glendalough Stn,961.0,669.0,1153.2,0.5801248699271592,False,False
23,Bayswater Stn,0.2,candidate_bus,1,89,Gosnells Stn,559.0,0.0,670.8,0.0,False,False
23,Bayswater Stn,0.2,candidate_bus,1,9,Greenwood Stn,769.0,760.0,922.8,0.82358040745557,False,False
23,Bayswater Stn,0.2,candidate_bus,1,90,Joondalup Stn,559.0,559.0,670.8,0.8333333333333334,False,False
23,Bayswater Stn,0.2,candidate_bus,1,91,Kelmscott Stn,409.0,213.0,490.79999999999995,0.43398533007334966,False,False
23,Bayswater Stn,0.2,candidate_bus,1,92,Kenwick Stn,701.0,592.0,841.1999999999999,0.7037565382786496,False,False
23,Bayswater Stn,0.2,candidate_bus,1,93,Kwinana Stn,485.0,444.0,582.0,0.7628865979381443,False,False
23,Bayswater Stn,0.2,candidate_bus,1,94,Mandurah Stn,85.0,85.0,102.0,0.8333333333333334,False,False
23,Bayswater Stn,0.2,candidate_bus,1,95,Midland Stn,85.0,0.0,102.0,0.0,False,False
23,Bayswater Stn,0.2,candidate_bus,1,96,Murdoch Stn,573.0,530.0,687.6,0.7707969749854566,False,False
23,Bayswater Stn,0.2,candidate_bus,1,97,Rockingham Stn,331.0,320.0,397.2,0.8056394763343404,False,False
23,Bayswater Stn,0.2,candidate_bus,1,98,Stirling Stn,899.0,757.0,1078.8,0.7017055988134965,False,False
23,Bayswater Stn,0.2,candidate_bus,1,99,Thornlie Stn,373.0,307.0,447.59999999999997,0.6858802502234138,False,False
28,Beckenham Stn,0.0,rail_only,0,1,North Fremantle Stn,169.0,149.0,169.0,0.8816568047337278,False,False
28,Beckenham Stn,0.0,rail_only,0,100,Warwick Stn,835.0,725.0,835.0,0.8682634730538922,False,False
28,Beckenham Stn,0.0,rail_only,0,101,Wellard Stn,409.0,359.0,409.0,0.8777506112469438,False,False
28,Beckenham Stn,0.0,rail_only,0,102,Whitfords Stn,701.0,611.0,701.0,0.8716119828815977,False,False
28,Beckenham Stn,0.0,rail_only,0,12,Queens Park Stn,961.0,149.0,961.0,0.1550468262226847,False,False
28,Beckenham Stn,0.0,rail_only,0,133,Butler Stn,331.0,291.0,331.0,0.879154078549849,False,False
28,Beckenham Stn,0.0,rail_only,0,135,Elizabeth Quay Stn,721.0,929.0,721.0,1.288488210818308,True,True
28,Beckenham Stn,0.0,rail_only,0,138,Aubin Grove Stn,559.0,489.0,559.0,0.8747763864042933,False,False
28,Beckenham Stn,0.0,rail_only,0,140,Perth Stadium Stn,1140.0,489.0,1140.0,0.42894736842105263,False,False
28,Beckenham Stn,0.0,rail_only,0,147,Redcliffe Stn,251.0,221.0,251.0,0.8804780876494024,False,False
28,Beckenham Stn,0.0,rail_only,0,148,Airport Central Stn,169.0,149.0,169.0,0.8816568047337278,False,False
28,Beckenham Stn,0.0,rail_only,0,149,High Wycombe Stn,85.0,75.0,85.0,0.8823529411764706,False,False
28,Beckenham Stn,0.0,rail_only,0,15,West Leederville Stn,1079.0,929.0,1079.0,0.860982391102873,False,False
28,Beckenham Stn,0.0,rail_only,0,150,Lakelands Stn,169.0,149.0,169.0,0.8816568047337278,False,False
28,Beckenham Stn,0.0,rail_only,0,153,Alkimos Stn,251.0,221.0,251.0,0.8804780876494024,False,False
28,Beckenham Stn,0.0,rail_only,0,154,Eglinton Stn,169.0,149.0,169.0,0.8816568047337278,False,False
28,Beckenham Stn,0.0,rail_only,0,155,Yanchep Stn,85.0,75.0,85.0,0.8823529411764706,False,False
28,Beckenham Stn,0.0,rail_only,0,156,Morley Stn,409.0,359.0,409.0,0.8777506112469438,False,False
28,Beckenham Stn,0.0,rail_only,0,157,Noranda Stn,331.0,291.0,331.0,0.879154078549849,False,False
28,Beckenham Stn,0.0,rail_only,0,158,Ballajura Stn,251.0,221.0,251.0,0.8804780876494024,False,False
28,Beckenham Stn,0.0,rail_only,0,159,Whiteman Park Stn,169.0,149.0,169.0,0.8816568047337278,False,False
28,Beckenham Stn,0.0,rail_only,0,16,Showgrounds Stn,701.0,611.0,701.0,0.8716119828815977,False,False
28,Beckenham Stn,0.0,rail_only,0,160,Ellenbrook Stn,85.0,75.0,85.0,0.8823529411764706,False,False
28,Beckenham Stn,0.0,rail_only,0,162,Nicholson Rd Stn,313.0,149.0,313.0,0.476038338658147,False,False
28,Beckenham Stn,0.0,rail_only,0,163,Ranford Rd Stn,266.0,221.0,266.0,0.8308270676691729,False,False
28,Beckenham Stn,0.0,rail_only,0,164,Byford Stn,85.0,8.0,85.0,0.09411764705882353,False,False
28,Beckenham Stn,0.0,rail_only,0,17,Shenton Park Stn,899.0,779.0,899.0,0.8665183537263627,False,False
28,Beckenham Stn,0.0,rail_only,0,19,Grant Street Stn,485.0,425.0,485.0,0.8762886597938144,False,False
28,Beckenham Stn,0.0,rail_only,0,2,Challis Stn,331.0,23.0,331.0,0.06948640483383686,False,False
28,Beckenham Stn,0.0,rail_only,0,22,Mciver Stn,1682.0,1391.0,1682.0,0.8269916765755053,False,False
28,Beckenham Stn,0.0,rail_only,0,23,Bayswater Stn,1206.0,1046.0,1206.0,0.867330016583748,False,False
28,Beckenham Stn,0.0,rail_only,0,24,Guildford Stn,331.0,291.0,331.0,0.879154078549849,False,False
28,Beckenham Stn,0.0,rail_only,0,26,East Perth Stn,1339.0,1139.0,1339.0,0.8506348020911128,False,False
28,Beckenham Stn,0.0,rail_only,0,30,Claremont Stn,631.0,551.0,631.0,0.873217115689382,False,False
28,Beckenham Stn,0.0,rail_only,0,31,City West Stn,1135.0,975.0,1135.0,0.8590308370044053,False,False
28,Beckenham Stn,0.0,rail_only,0,32,Victoria Street Stn,251.0,221.0,251.0,0.8804780876494024,False,False
28,Beckenham Stn,0.0,rail_only,0,33,Burswood Stn,1108.0,425.0,1108.0,0.3835740072202166,False,False
28,Beckenham Stn,0.0,rail_only,0,34,Success Hill Stn,409.0,359.0,409.0,0.8777506112469438,False,False
28,Beckenham Stn,0.0,rail_only,0,36,Daglish Stn,961.0,831.0,961.0,0.8647242455775234,False,False
28,Beckenham Stn,0.0,rail_only,0,37,Meltham Stn,1189.0,1019.0,1189.0,0.8570227081581161,False,False
28,Beckenham Stn,0.0,rail_only,0,38,Swanbourne Stn,559.0,489.0,559.0,0.8747763864042933,False,False
28,Beckenham Stn,0.0,rail_only,0,39,Bassendean Stn,485.0,425.0,485.0,0.8762886597938144,False,False
28,Beckenham Stn,0.0,rail_only,0,4,Currambine Stn,485.0,425.0,485.0,0.8762886597938144,False,False
28,Beckenham Stn,0.0,rail_only,0,41,Woodbridge Stn,169.0,149.0,169.0,0.8816568047337278,False,False
28,Beckenham Stn,0.0,rail_only,0,42,Loch Street Stn,769.0,669.0,769.0,0.8699609882964889,False,False
28,Beckenham Stn,0.0,rail_only,0,43,Armadale Stn,169.0,15.0,169.0,0.08875739644970414,False,False
28,Beckenham Stn,0.0,rail_only,0,44,Mt Lawley Stn,1291.0,1101.0,1291.0,0.8528272656855151,False,False
28,Beckenham Stn,0.0,rail_only,0,46,Edgewater Stn,631.0,551.0,631.0,0.873217115689382,False,False
28,Beckenham Stn,0.0,rail_only,0,48,Victoria Park Stn,1074.0,359.0,1074.0,0.33426443202979517,False,False
28,Beckenham Stn,0.0,rail_only,0,49,Maylands Stn,1241.0,1061.0,1241.0,0.854955680902498,False,False
28,Beckenham Stn,0.0,rail_only,0,5,Mosman Park Stn,331.0,291.0,331.0,0.879154078549849,False,False
28,Beckenham Stn,0.0,rail_only,0,50,Cottesloe Stn,409.0,359.0,409.0,0.8777506112469438,False,False
28,Beckenham Stn,0.0,rail_only,0,56,Perth Stn,2089.0,1859.0,2089.0,0.8898994734322643,False,False
28,Beckenham Stn,0.0,rail_only,0,58,Carlisle Stn,1038.0,291.0,1038.0,0.28034682080924855,False,False
28,Beckenham Stn,0.0,rail_only,0,59,East Guildford Stn,251.0,221.0,251.0,0.8804780876494024,False,False
28,Beckenham Stn,0.0,rail_only,0,6,Subiaco Stn,1021.0,881.0,1021.0,0.8628795298726738,False,False
28,Beckenham Stn,0.0,rail_only,0,64,Perth Underground Stn,1535.0,1573.0,1535.0,1.0247557003257328,True,True
28,Beckenham Stn,0.0,rail_only,0,66,Sherwood Stn,251.0,20.0,251.0,0.0796812749003984,False,False
28,Beckenham Stn,0.0,rail_only,0,67,Seaforth Stn,485.0,23.0,485.0,0.04742268041237113,False,False
28,Beckenham Stn,0.0,rail_only,0,68,Maddington Stn,631.0,15.0,631.0,0.02377179080824089,False,False
28,Beckenham Stn,0.0,rail_only,0,7,Ashfield Stn,559.0,489.0,559.0,0.8747763864042933,False,False
28,Beckenham Stn,0.0,rail_only,0,72,Claisebrook Stn,2078.0,1511.0,2078.0,0.7271414821944177,False,False
28,Beckenham Stn,0.0,rail_only,0,73,Oats Street Stn,1000.0,221.0,1000.0,0.221,False,False
28,Beckenham Stn,0.0,rail_only,0,74,Warnbro Stn,251.0,221.0,251.0,0.8804780876494024,False,False
28,Beckenham Stn,0.0,rail_only,0,76,Karrakatta Stn,835.0,725.0,835.0,0.8682634730538922,False,False
28,Beckenham Stn,0.0,rail_only,0,8,Leederville Stn,1021.0,881.0,1021.0,0.8628795298726738,False,False
28,Beckenham Stn,0.0,rail_only,0,82,Bull Creek Stn,612.0,831.0,612.0,1.357843137254902,True,True
28,Beckenham Stn,0.0,rail_only,0,83,Canning Bridge Stn,661.0,881.0,661.0,1.3328290468986383,True,True
28,Beckenham Stn,0.0,rail_only,0,84,Cannington Stn,922.0,75.0,922.0,0.08134490238611713,False,False
28,Beckenham Stn,0.0,rail_only,0,85,Clarkson Stn,409.0,359.0,409.0,0.8777506112469438,False,False
28,Beckenham Stn,0.0,rail_only,0,86,Cockburn Central Stn,678.0,746.0,678.0,1.1002949852507375,True,True
28,Beckenham Stn,0.0,rail_only,0,87,Fremantle Stn,85.0,75.0,85.0,0.8823529411764706,False,False
28,Beckenham Stn,0.0,rail_only,0,88,Glendalough Stn,961.0,831.0,961.0,0.8647242455775234,False,False
28,Beckenham Stn,0.0,rail_only,0,89,Gosnells Stn,559.0,20.0,559.0,0.03577817531305903,False,False
28,Beckenham Stn,0.0,rail_only,0,9,Greenwood Stn,769.0,669.0,769.0,0.8699609882964889,False,False
28,Beckenham Stn,0.0,rail_only,0,90,Joondalup Stn,559.0,489.0,559.0,0.8747763864042933,False,False
28,Beckenham Stn,0.0,rail_only,0,91,Kelmscott Stn,409.0,24.0,409.0,0.05867970660146699,False,False
28,Beckenham Stn,0.0,rail_only,0,92,Kenwick Stn,701.0,8.0,701.0,0.011412268188302425,False,False
28,Beckenham Stn,0.0,rail_only,0,93,Kwinana Stn,485.0,425.0,485.0,0.8762886597938144,False,False
28,Beckenham Stn,0.0,rail_only,0,94,Mandurah Stn,85.0,75.0,85.0,0.8823529411764706,False,False
28,Beckenham Stn,0.0,rail_only,0,95,Midland Stn,85.0,75.0,85.0,0.8823529411764706,False,False
28,Beckenham Stn,0.0,rail_only,0,96,Murdoch Stn,573.0,779.0,573.0,1.3595113438045374,True,True
28,Beckenham Stn,0.0,rail_only,0,97,Rockingham Stn,331.0,291.0,331.0,0.879154078549849,False,False
28,Beckenham Stn,0.0,rail_only,0,98,Stirling Stn,899.0,779.0,899.0,0.8665183537263627,False,False
28,Beckenham Stn,0.0,rail_only,0,99,Thornlie Stn,373.0,75.0,373.0,0.20107238605898123,False,False
28,Beckenham Stn,0.0,rail_only,1,1,North Fremantle Stn,169.0,91.0,169.0,0.5384615384615384,False,False
28,Beckenham Stn,0.0,rail_only,1,100,Warwick Stn,835.0,43.0,835.0,0.05149700598802395,False,False
28,Beckenham Stn,0.0,rail_only,1,101,Wellard Stn,409.0,14.0,409.0,0.034229828850855744,False,False
28,Beckenham Stn,0.0,rail_only,1,102,Whitfords Stn,701.0,53.0,701.0,0.07560627674750357,False,False
28,Beckenham Stn,0.0,rail_only,1,12,Queens Park Stn,961.0,91.0,961.0,0.09469302809573361,False,False
28,Beckenham Stn,0.0,rail_only,1,133,Butler Stn,331.0,43.0,331.0,0.1299093655589124,False,False
28,Beckenham Stn,0.0,rail_only,1,138,Aubin Grove Stn,559.0,6.0,559.0,0.01073345259391771,False,False
28,Beckenham Stn,0.0,rail_only,1,140,Perth Stadium Stn,1140.0,286.0,1140.0,0.25087719298245614,False,False
28,Beckenham Stn,0.0,rail_only,1,147,Redcliffe Stn,251.0,134.0,251.0,0.5338645418326693,False,False
28,Beckenham Stn,0.0,rail_only,1,148,Airport Central Stn,169.0,91.0,169.0,0.5384615384615384,False,False
28,Beckenham Stn,0.0,rail_only,1,149,High Wycombe Stn,85.0,46.0,85.0,0.5411764705882353,False,False
28,Beckenham Stn,0.0,rail_only,1,15,West Leederville Stn,1079.0,494.0,1079.0,0.4578313253012048,False,False
28,Beckenham Stn,0.0,rail_only,1,150,Lakelands Stn,169.0,11.0,169.0,0.0650887573964497,False,False
28,Beckenham Stn,0.0,rail_only,1,153,Alkimos Stn,251.0,35.0,251.0,0.1394422310756972,False,False
28,Beckenham Stn,0.0,rail_only,1,154,Eglinton Stn,169.0,25.0,169.0,0.14792899408284024,False,False
28,Beckenham Stn,0.0,rail_only,1,155,Yanchep Stn,85.0,13.0,85.0,0.15294117647058825,False,False
28,Beckenham Stn,0.0,rail_only,1,156,Morley Stn,409.0,214.0,409.0,0.5232273838630807,False,False
28,Beckenham Stn,0.0,rail_only,1,157,Noranda Stn,331.0,175.0,331.0,0.5287009063444109,False,False
28,Beckenham Stn,0.0,rail_only,1,158,Ballajura Stn,251.0,134.0,251.0,0.5338645418326693,False,False
28,Beckenham Stn,0.0,rail_only,1,159,Whiteman Park Stn,169.0,91.0,169.0,0.5384615384615384,False,False
28,Beckenham Stn,0.0,rail_only,1,16,Showgrounds Stn,701.0,350.0,701.0,0.4992867332382311,False,False
28,Beckenham Stn,0.0,rail_only,1,160,Ellenbrook Stn,85.0,46.0,85.0,0.5411764705882353,False,False
28,Beckenham Stn,0.0,rail_only,1,162,Nicholson Rd Stn,313.0,3.0,313.0,0.009584664536741214,False,False
28,Beckenham Stn,0.0,rail_only,1,163,Ranford Rd Stn,266.0,2.0,266.0,0.007518796992481203,False,False
28,Beckenham Stn,0.0,rail_only,1,164,Byford Stn,85.0,8.0,85.0,0.09411764705882353,False,False
28,Beckenham Stn,0.0,rail_only,1,17,Shenton Park Stn,899.0,431.0,899.0,0.4794215795328142,False,False
28,Beckenham Stn,0.0,rail_only,1,19,Grant Street Stn,485.0,251.0,485.0,0.5175257731958763,False,False
28,Beckenham Stn,0.0,rail_only,1,2,Challis Stn,331.0,23.0,331.0,0.06948640483383686,False,False
28,Beckenham Stn,0.0,rail_only,1,22,Mciver Stn,1682.0,550.0,1682.0,0.3269916765755054,False,False
28,Beckenham Stn,0.0,rail_only,1,23,Bayswater Stn,1206.0,582.0,1206.0,0.48258706467661694,False,False
28,Beckenham Stn,0.0,rail_only,1,24,Guildford Stn,331.0,175.0,331.0,0.5287009063444109,False,False
28,Beckenham Stn,0.0,rail_only,1,26,East Perth Stn,1339.0,559.0,1339.0,0.4174757281553398,False,False
28,Beckenham Stn,0.0,rail_only,1,30,Claremont Stn,631.0,319.0,631.0,0.5055467511885895,False,False
28,Beckenham Stn,0.0,rail_only,1,31,City West Stn,1135.0,511.0,1135.0,0.4502202643171806,False,False
28,Beckenham Stn,0.0,rail_only,1,32,Victoria Street Stn,251.0,134.0,251.0,0.5338645418326693,False,False
28,Beckenham Stn,0.0,rail_only,1,33,Burswood Stn,1108.0,251.0,1108.0,0.22653429602888087,False,False
28,Beckenham Stn,0.0,rail_only,1,34,Success Hill Stn,409.0,214.0,409.0,0.5232273838630807,False,False
28,Beckenham Stn,0.0,rail_only,1,36,Daglish Stn,961.0,454.0,961.0,0.4724245577523413,False,False
28,Beckenham Stn,0.0,rail_only,1,37,Meltham Stn,1189.0,526.0,1189.0,0.44238856181665265,False,False
28,Beckenham Stn,0.0,rail_only,1,38,Swanbourne Stn,559.0,286.0,559.0,0.5116279069767442,False,False
28,Beckenham Stn,0.0,rail_only,1,39,Bassendean Stn,485.0,251.0,485.0,0.5175257731958763,False,False
28,Beckenham Stn,0.0,rail_only,1,4,Currambine Stn,485.0,53.0,485.0,0.10927835051546392,False,False
28,Beckenham Stn,0.0,rail_only,1,41,Woodbridge Stn,169.0,91.0,169.0,0.5384615384615384,False,False
28,Beckenham Stn,0.0,rail_only,1,42,Loch Street Stn,769.0,379.0,769.0,0.4928478543563069,False,False
28,Beckenham Stn,0.0,rail_only,1,43,Armadale Stn,169.0,15.0,169.0,0.08875739644970414,False,False
28,Beckenham Stn,0.0,rail_only,1,44,Mt Lawley Stn,1291.0,550.0,1291.0,0.42602633617350893,False,False
28,Beckenham Stn,0.0,rail_only,1,46,Edgewater Stn,631.0,55.0,631.0,0.08716323296354993,False,False
28,Beckenham Stn,0.0,rail_only,1,48,Victoria Park Stn,1074.0,214.0,1074.0,0.19925512104283055,False,False
28,Beckenham Stn,0.0,rail_only,1,49,Maylands Stn,1241.0,539.0,1241.0,0.43432715551974216,False,False
28,Beckenham Stn,0.0,rail_only,1,5,Mosman Park Stn,331.0,175.0,331.0,0.5287009063444109,False,False
28,Beckenham Stn,0.0,rail_only,1,50,Cottesloe Stn,409.0,214.0,409.0,0.5232273838630807,False,False
28,Beckenham Stn,0.0,rail_only,1,56,Perth Stn,2089.0,554.0,2089.0,0.2651986596457635,False,False
28,Beckenham Stn,0.0,rail_only,1,58,Carlisle Stn,1038.0,175.0,1038.0,0.16859344894026976,False,False
28,Beckenham Stn,0.0,rail_only,1,59,East Guildford Stn,251.0,134.0,251.0,0.5338645418326693,False,False
28,Beckenham Stn,0.0,rail_only,1,6,Subiaco Stn,1021.0,475.0,1021.0,0.465230166503428,False,False
28,Beckenham Stn,0.0,rail_only,1,66,Sherwood Stn,251.0,20.0,251.0,0.0796812749003984,False,False
28,Beckenham Stn,0.0,rail_only,1,67,Seaforth Stn,485.0,23.0,485.0,0.04742268041237113,False,False
28,Beckenham Stn,0.0,rail_only,1,68,Maddington Stn,631.0,15.0,631.0,0.02377179080824089,False,False
28,Beckenham Stn,0.0,rail_only,1,7,Ashfield Stn,559.0,286.0,559.0,0.5116279069767442,False,False
28,Beckenham Stn,0.0,rail_only,1,72,Claisebrook Stn,2078.0,699.0,2078.0,0.33638113570741096,False,False
28,Beckenham Stn,0.0,rail_only,1,73,Oats Street Stn,1000.0,134.0,1000.0,0.134,False,False
28,Beckenham Stn,0.0,rail_only,1,74,Warnbro Stn,251.0,14.0,251.0,0.055776892430278883,False,False
28,Beckenham Stn,0.0,rail_only,1,76,Karrakatta Stn,835.0,406.0,835.0,0.48622754491017967,False,False
28,Beckenham Stn,0.0,rail_only,1,8,Leederville Stn,1021.0,13.0,1021.0,0.012732615083251714,False,False
28,Beckenham Stn,0.0,rail_only,1,84,Cannington Stn,922.0,46.0,922.0,0.049891540130151846,False,False
28,Beckenham Stn,0.0,rail_only,1,85,Clarkson Stn,409.0,49.0,409.0,0.1198044009779951,False,False
28,Beckenham Stn,0.0,rail_only,1,87,Fremantle Stn,85.0,46.0,85.0,0.5411764705882353,False,False
28,Beckenham Stn,0.0,rail_only,1,88,Glendalough Stn,961.0,25.0,961.0,0.026014568158168574,False,False
28,Beckenham Stn,0.0,rail_only,1,89,Gosnells Stn,559.0,20.0,559.0,0.03577817531305903,False,False
28,Beckenham Stn,0.0,rail_only,1,9,Greenwood Stn,769.0,49.0,769.0,0.06371911573472042,False,False
28,Beckenham Stn,0.0,rail_only,1,90,Joondalup Stn,559.0,55.0,559.0,0.09838998211091235,False,False
28,Beckenham Stn,0.0,rail_only,1,91,Kelmscott Stn,409.0,24.0,409.0,0.05867970660146699,False,False
28,Beckenham Stn,0.0,rail_only,1,92,Kenwick Stn,701.0,8.0,701.0,0.011412268188302425,False,False
28,Beckenham Stn,0.0,rail_only,1,93,Kwinana Stn,485.0,11.0,485.0,0.02268041237113402,False,False
28,Beckenham Stn,0.0,rail_only,1,94,Mandurah Stn,85.0,6.0,85.0,0.07058823529411765,False,False
28,Beckenham Stn,0.0,rail_only,1,95,Midland Stn,85.0,46.0,85.0,0.5411764705882353,False,False
28,Beckenham Stn,0.0,rail_only,1,97,Rockingham Stn,331.0,15.0,331.0,0.045317220543806644,False,False
28,Beckenham Stn,0.0,rail_only,1,98,Stirling Stn,899.0,35.0,899.0,0.0389321468298109,False,False
28,Beckenham Stn,0.0,rail_only,1,99,Thornlie Stn,373.0,2.0,373.0,0.005361930294906166,False,False
28,Beckenham Stn,0.0,manual_bus,0,1,North Fremantle Stn,169.0,149.0,169.0,0.8816568047337278,False,False
28,Beckenham Stn,0.0,manual_bus,0,100,Warwick Stn,835.0,725.0,835.0,0.8682634730538922,False,False
28,Beckenham Stn,0.0,manual_bus,0,101,Wellard Stn,409.0,359.0,409.0,0.8777506112469438,False,False
28,Beckenham Stn,0.0,manual_bus,0,102,Whitfords Stn,701.0,611.0,701.0,0.8716119828815977,False,False
28,Beckenham Stn,0.0,manual_bus,0,12,Queens Park Stn,961.0,149.0,961.0,0.1550468262226847,False,False
28,Beckenham Stn,0.0,manual_bus,0,133,Butler Stn,331.0,291.0,331.0,0.879154078549849,False,False
28,Beckenham Stn,0.0,manual_bus,0,135,Elizabeth Quay Stn,721.0,929.0,721.0,1.288488210818308,True,True
28,Beckenham Stn,0.0,manual_bus,0,138,Aubin Grove Stn,559.0,489.0,559.0,0.8747763864042933,False,False
28,Beckenham Stn,0.0,manual_bus,0,140,Perth Stadium Stn,1140.0,489.0,1140.0,0.42894736842105263,False,False
28,Beckenham Stn,0.0,manual_bus,0,147,Redcliffe Stn,251.0,221.0,251.0,0.8804780876494024,False,False
28,Beckenham Stn,0.0,manual_bus,0,148,Airport Central Stn,169.0,149.0,169.0,0.8816568047337278,False,False
28,Beckenham Stn,0.0,manual_bus,0,149,High Wycombe Stn,85.0,75.0,85.0,0.8823529411764706,False,False
28,Beckenham Stn,0.0,manual_bus,0,15,West Leederville Stn,1079.0,929.0,1079.0,0.860982391102873,False,False
28,Beckenham Stn,0.0,manual_bus,0,150,Lakelands Stn,169.0,149.0,169.0,0.8816568047337278,False,False
28,Beckenham Stn,0.0,manual_bus,0,153,Alkimos Stn,251.0,221.0,251.0,0.8804780876494024,False,False
28,Beckenham Stn,0.0,manual_bus,0,154,Eglinton Stn,169.0,149.0,169.0,0.8816568047337278,False,False
28,Beckenham Stn,0.0,manual_bus,0,155,Yanchep Stn,85.0,75.0,85.0,0.8823529411764706,False,False
28,Beckenham Stn,0.0,manual_bus,0,156,Morley Stn,409.0,359.0,409.0,0.8777506112469438,False,False
28,Beckenham Stn,0.0,manual_bus,0,157,Noranda Stn,331.0,291.0,331.0,0.879154078549849,False,False
28,Beckenham Stn,0.0,manual_bus,0,158,Ballajura Stn,251.0,221.0,251.0,0.8804780876494024,False,False
28,Beckenham Stn,0.0,manual_bus,0,159,Whiteman Park Stn,169.0,149.0,169.0,0.8816568047337278,False,False
28,Beckenham Stn,0.0,manual_bus,0,16,Showgrounds Stn,701.0,611.0,701.0,0.8716119828815977,False,False
28,Beckenham Stn,0.0,manual_bus,0,160,Ellenbrook Stn,85.0,75.0,85.0,0.8823529411764706,False,False
28,Beckenham Stn,0.0,manual_bus,0,162,Nicholson Rd Stn,313.0,149.0,313.0,0.476038338658147,False,False
28,Beckenham Stn,0.0,manual_bus,0,163,Ranford Rd Stn,266.0,221.0,266.0,0.8308270676691729,False,False
28,Beckenham Stn,0.0,manual_bus,0,164,Byford Stn,85.0,8.0,85.0,0.09411764705882353,False,False
28,Beckenham Stn,0.0,manual_bus,0,17,Shenton Park Stn,899.0,779.0,899.0,0.8665183537263627,False,False
28,Beckenham Stn,0.0,manual_bus,0,19,Grant Street Stn,485.0,425.0,485.0,0.8762886597938144,False,False
28,Beckenham Stn,0.0,manual_bus,0,2,Challis Stn,331.0,23.0,331.0,0.06948640483383686,False,False
28,Beckenham Stn,0.0,manual_bus,0,22,Mciver Stn,1682.0,1391.0,1682.0,0.8269916765755053,False,False
28,Beckenham Stn,0.0,manual_bus,0,23,Bayswater Stn,1206.0,1046.0,1206.0,0.867330016583748,False,False
28,Beckenham Stn,0.0,manual_bus,0,24,Guildford Stn,331.0,291.0,331.0,0.879154078549849,False,False
28,Beckenham Stn,0.0,manual_bus,0,26,East Perth Stn,1339.0,1139.0,1339.0,0.8506348020911128,False,False
28,Beckenham Stn,0.0,manual_bus,0,30,Claremont Stn,631.0,551.0,631.0,0.873217115689382,False,False
28,Beckenham Stn,0.0,manual_bus,0,31,City West Stn,1135.0,975.0,1135.0,0.8590308370044053,False,False
28,Beckenham Stn,0.0,manual_bus,0,32,Victoria Street Stn,251.0,221.0,251.0,0.8804780876494024,False,False
28,Beckenham Stn,0.0,manual_bus,0,33,Burswood Stn,1108.0,425.0,1108.0,0.3835740072202166,False,False
28,Beckenham Stn,0.0,manual_bus,0,34,Success Hill Stn,409.0,359.0,409.0,0.8777506112469438,False,False
28,Beckenham Stn,0.0,manual_bus,0,36,Daglish Stn,961.0,831.0,961.0,0.8647242455775234,False,False
28,Beckenham Stn,0.0,manual_bus,0,37,Meltham Stn,1189.0,1019.0,1189.0,0.8570227081581161,False,False
28,Beckenham Stn,0.0,manual_bus,0,38,Swanbourne Stn,559.0,489.0,559.0,0.8747763864042933,False,False
28,Beckenham Stn,0.0,manual_bus,0,39,Bassendean Stn,485.0,425.0,485.0,0.8762886597938144,False,False
28,Beckenham Stn,0.0,manual_bus,0,4,Currambine Stn,485.0,425.0,485.0,0.8762886597938144,False,False
28,Beckenham Stn,0.0,manual_bus,0,41,Woodbridge Stn,169.0,149.0,169.0,0.8816568047337278,False,False
28,Beckenham Stn,0.0,manual_bus,0,42,Loch Street Stn,769.0,669.0,769.0,0.8699609882964889,False,False
28,Beckenham Stn,0.0,manual_bus,0,43,Armadale Stn,169.0,15.0,169.0,0.08875739644970414,False,False
28,Beckenham Stn,0.0,manual_bus,0,44,Mt Lawley Stn,1291.0,1101.0,1291.0,0.8528272656855151,False,False
28,Beckenham Stn,0.0,manual_bus,0,46,Edgewater Stn,631.0,551.0,631.0,0.873217115689382,False,False
28,Beckenham Stn,0.0,manual_bus,0,48,Victoria Park Stn,1074.0,359.0,1074.0,0.33426443202979517,False,False
28,Beckenham Stn,0.0,manual_bus,0,49,Maylands Stn,1241.0,1061.0,1241.0,0.854955680902498,False,False
28,Beckenham Stn,0.0,manual_bus,0,5,Mosman Park Stn,331.0,291.0,331.0,0.879154078549849,False,False
28,Beckenham Stn,0.0,manual_bus,0,50,Cottesloe Stn,409.0,359.0,409.0,0.8777506112469438,False,False
28,Beckenham Stn,0.0,manual_bus,0,56,Perth Stn,2089.0,1859.0,2089.0,0.8898994734322643,False,False
28,Beckenham Stn,0.0,manual_bus,0,58,Carlisle Stn,1038.0,291.0,1038.0,0.28034682080924855,False,False
28,Beckenham Stn,0.0,manual_bus,0,59,East Guildford Stn,251.0,221.0,251.0,0.8804780876494024,False,False
28,Beckenham Stn,0.0,manual_bus,0,6,Subiaco Stn,1021.0,881.0,1021.0,0.8628795298726738,False,False
28,Beckenham Stn,0.0,manual_bus,0,64,Perth Underground Stn,1535.0,1573.0,1535.0,1.0247557003257328,True,True
28,Beckenham Stn,0.0,manual_bus,0,66,Sherwood Stn,251.0,20.0,251.0,0.0796812749003984,False,False
28,Beckenham Stn,0.0,manual_bus,0,67,Seaforth Stn,485.0,23.0,485.0,0.04742268041237113,False,False
28,Beckenham Stn,0.0,manual_bus,0,68,Maddington Stn,631.0,15.0,631.0,0.02377179080824089,False,False
28,Beckenham Stn,0.0,manual_bus,0,7,Ashfield Stn,559.0,489.0,559.0,0.8747763864042933,False,False
28,Beckenham Stn,0.0,manual_bus,0,72,Claisebrook Stn,2078.0,1511.0,2078.0,0.7271414821944177,False,False
28,Beckenham Stn,0.0,manual_bus,0,73,Oats Street Stn,1000.0,221.0,1000.0,0.221,False,False
28,Beckenham Stn,0.0,manual_bus,0,74,Warnbro Stn,251.0,221.0,251.0,0.8804780876494024,False,False
28,Beckenham Stn,0.0,manual_bus,0,76,Karrakatta Stn,835.0,725.0,835.0,0.8682634730538922,False,False
28,Beckenham Stn,0.0,manual_bus,0,8,Leederville Stn,1021.0,881.0,1021.0,0.8628795298726738,False,False
28,Beckenham Stn,0.0,manual_bus,0,82,Bull Creek Stn,612.0,831.0,612.0,1.357843137254902,True,True
28,Beckenham Stn,0.0,manual_bus,0,83,Canning Bridge Stn,661.0,881.0,661.0,1.3328290468986383,True,True
28,Beckenham Stn,0.0,manual_bus,0,84,Cannington Stn,922.0,75.0,922.0,0.08134490238611713,False,False
28,Beckenham Stn,0.0,manual_bus,0,85,Clarkson Stn,409.0,359.0,409.0,0.8777506112469438,False,False
28,Beckenham Stn,0.0,manual_bus,0,86,Cockburn Central Stn,678.0,746.0,678.0,1.1002949852507375,True,True
28,Beckenham Stn,0.0,manual_bus,0,87,Fremantle Stn,85.0,75.0,85.0,0.8823529411764706,False,False
28,Beckenham Stn,0.0,manual_bus,0,88,Glendalough Stn,961.0,831.0,961.0,0.8647242455775234,False,False
28,Beckenham Stn,0.0,manual_bus,0,89,Gosnells Stn,559.0,20.0,559.0,0.03577817531305903,False,False
28,Beckenham Stn,0.0,manual_bus,0,9,Greenwood Stn,769.0,669.0,769.0,0.8699609882964889,False,False
28,Beckenham Stn,0.0,manual_bus,0,90,Joondalup Stn,559.0,489.0,559.0,0.8747763864042933,False,False
28,Beckenham Stn,0.0,manual_bus,0,91,Kelmscott Stn,409.0,24.0,409.0,0.05867970660146699,False,False
28,Beckenham Stn,0.0,manual_bus,0,92,Kenwick Stn,701.0,8.0,701.0,0.011412268188302425,False,False
28,Beckenham Stn,0.0,manual_bus,0,93,Kwinana Stn,485.0,425.0,485.0,0.8762886597938144,False,False
28,Beckenham Stn,0.0,manual_bus,0,94,Mandurah Stn,85.0,75.0,85.0,0.8823529411764706,False,False
28,Beckenham Stn,0.0,manual_bus,0,95,Midland Stn,85.0,75.0,85.0,0.8823529411764706,False,False
28,Beckenham Stn,0.0,manual_bus,0,96,Murdoch Stn,573.0,779.0,573.0,1.3595113438045374,True,True
28,Beckenham Stn,0.0,manual_bus,0,97,Rockingham Stn,331.0,291.0,331.0,0.879154078549849,False,False
28,Beckenham Stn,0.0,manual_bus,0,98,Stirling Stn,899.0,779.0,899.0,0.8665183537263627,False,False
28,Beckenham Stn,0.0,manual_bus,0,99,Thornlie Stn,373.0,75.0,373.0,0.20107238605898123,False,False
28,Beckenham Stn,0.0,manual_bus,1,1,North Fremantle Stn,169.0,121.0,169.0,0.7159763313609467,False,False
28,Beckenham Stn,0.0,manual_bus,1,100,Warwick Stn,835.0,571.0,835.0,0.6838323353293413,False,False
28,Beckenham Stn,0.0,manual_bus,1,101,Wellard Stn,409.0,14.0,409.0,0.034229828850855744,False,False
28,Beckenham Stn,0.0,manual_bus,1,102,Whitfords Stn,701.0,485.0,701.0,0.6918687589158345,False,False
28,Beckenham Stn,0.0,manual_bus,1,12,Queens Park Stn,961.0,121.0,961.0,0.1259105098855359,False,False
28,Beckenham Stn,0.0,manual_bus,1,133,Butler Stn,331.0,235.0,331.0,0.7099697885196374,False,False
28,Beckenham Stn,0.0,manual_bus,1,138,Aubin Grove Stn,559.0,6.0,559.0,0.01073345259391771,False,False
28,Beckenham Stn,0.0,manual_bus,1,140,Perth Stadium Stn,1140.0,439.0,1140.0,0.3850877192982456,False,False
28,Beckenham Stn,0.0,manual_bus,1,147,Redcliffe Stn,251.0,179.0,251.0,0.7131474103585658,False,False
28,Beckenham Stn,0.0,manual_bus,1,148,Airport Central Stn,169.0,121.0,169.0,0.7159763313609467,False,False
28,Beckenham Stn,0.0,manual_bus,1,149,High Wycombe Stn,85.0,61.0,85.0,0.7176470588235294,False,False
28,Beckenham Stn,0.0,manual_bus,1,15,West Leederville Stn,1079.0,719.0,1079.0,0.6663577386468953,False,False
28,Beckenham Stn,0.0,manual_bus,1,150,Lakelands Stn,169.0,11.0,169.0,0.0650887573964497,False,False
28,Beckenham Stn,0.0,manual_bus,1,153,Alkimos Stn,251.0,179.0,251.0,0.7131474103585658,False,False
28,Beckenham Stn,0.0,manual_bus,1,154,Eglinton Stn,169.0,121.0,169.0,0.7159763313609467,False,False
28,Beckenham Stn,0.0,manual_bus,1,155,Yanchep Stn,85.0,61.0,85.0,0.7176470588235294,False,False
28,Beckenham Stn,0.0,manual_bus,1,156,Morley Stn,409.0,289.0,409.0,0.706601466992665,False,False
28,Beckenham Stn,0.0,manual_bus,1,157,Noranda Stn,331.0,235.0,331.0,0.7099697885196374,False,False
28,Beckenham Stn,0.0,manual_bus,1,158,Ballajura Stn,251.0,179.0,251.0,0.7131474103585658,False,False
28,Beckenham Stn,0.0,manual_bus,1,159,Whiteman Park Stn,169.0,121.0,169.0,0.7159763313609467,False,False
28,Beckenham Stn,0.0,manual_bus,1,16,Showgrounds Stn,701.0,485.0,701.0,0.6918687589158345,False,False
28,Beckenham Stn,0.0,manual_bus,1,160,Ellenbrook Stn,85.0,61.0,85.0,0.7176470588235294,False,False
28,Beckenham Stn,0.0,manual_bus,1,162,Nicholson Rd Stn,313.0,3.0,313.0,0.009584664536741214,False,False
28,Beckenham Stn,0.0,manual_bus,1,163,Ranford Rd Stn,266.0,2.0,266.0,0.007518796992481203,False,False
28,Beckenham Stn,0.0,manual_bus,1,164,Byford Stn,85.0,8.0,85.0,0.09411764705882353,False,False
28,Beckenham Stn,0.0,manual_bus,1,17,Shenton Park Stn,899.0,611.0,899.0,0.6796440489432704,False,False
28,Beckenham Stn,0.0,manual_bus,1,19,Grant Street Stn,485.0,341.0,485.0,0.7030927835051546,False,False
28,Beckenham Stn,0.0,manual_bus,1,2,Challis Stn,331.0,23.0,331.0,0.06948640483383686,False,False
28,Beckenham Stn,0.0,manual_bus,1,22,Mciver Stn,1682.0,989.0,1682.0,0.5879904875148633,False,False
28,Beckenham Stn,0.0,manual_bus,1,23,Bayswater Stn,1206.0,822.0,1206.0,0.681592039800995,False,False
28,Beckenham Stn,0.0,manual_bus,1,24,Guildford Stn,331.0,235.0,331.0,0.7099697885196374,False,False
28,Beckenham Stn,0.0,manual_bus,1,26,East Perth Stn,1339.0,859.0,1339.0,0.6415235250186706,False,False
28,Beckenham Stn,0.0,manual_bus,1,30,Claremont Stn,631.0,439.0,631.0,0.6957210776545166,False,False
28,Beckenham Stn,0.0,manual_bus,1,31,City West Stn,1135.0,751.0,1135.0,0.6616740088105727,False,False
28,Beckenham Stn,0.0,manual_bus,1,32,Victoria Street Stn,251.0,179.0,251.0,0.7131474103585658,False,False
28,Beckenham Stn,0.0,manual_bus,1,33,Burswood Stn,1108.0,391.0,1108.0,0.3528880866425993,False,False
28,Beckenham Stn,0.0,manual_bus,1,34,Success Hill Stn,409.0,289.0,409.0,0.706601466992665,False,False
28,Beckenham Stn,0.0,manual_bus,1,36,Daglish Stn,961.0,649.0,961.0,0.6753381893860562,False,False
28,Beckenham Stn,0.0,manual_bus,1,37,Meltham Stn,1189.0,781.0,1189.0,0.6568544995794785,False,False
28,Beckenham Stn,0.0,manual_bus,1,38,Swanbourne Stn,559.0,391.0,559.0,0.6994633273703041,False,False
28,Beckenham Stn,0.0,manual_bus,1,39,Bassendean Stn,485.0,341.0,485.0,0.7030927835051546,False,False
28,Beckenham Stn,0.0,manual_bus,1,4,Currambine Stn,485.0,341.0,485.0,0.7030927835051546,False,False
28,Beckenham Stn,0.0,manual_bus,1,41,Woodbridge Stn,169.0,121.0,169.0,0.7159763313609467,False,False
28,Beckenham Stn,0.0,manual_bus,1,42,Loch Street Stn,769.0,529.0,769.0,0.6879063719115734,False,False
28,Beckenham Stn,0.0,manual_bus,1,43,Armadale Stn,169.0,15.0,169.0,0.08875739644970414,False,False
28,Beckenham Stn,0.0,manual_bus,1,44,Mt Lawley Stn,1291.0,835.0,1291.0,0.6467854376452362,False,False
28,Beckenham Stn,0.0,manual_bus,1,46,Edgewater Stn,631.0,439.0,631.0,0.6957210776545166,False,False
28,Beckenham Stn,0.0,manual_bus,1,48,Victoria Park Stn,1074.0,341.0,1074.0,0.31750465549348234,False,False
28,Beckenham Stn,0.0,manual_bus,1,49,Maylands Stn,1241.0,809.0,1241.0,0.6518936341659952,False,False
28,Beckenham Stn,0.0,manual_bus,1,5,Mosman Park Stn,331.0,235.0,331.0,0.7099697885196374,False,False
28,Beckenham Stn,0.0,manual_bus,1,50,Cottesloe Stn,409.0,289.0,409.0,0.706601466992665,False,False
28,Beckenham Stn,0.0,manual_bus,1,56,Perth Stn,2089.0,1216.0,2089.0,0.582096696984203,False,False
28,Beckenham Stn,0.0,manual_bus,1,58,Carlisle Stn,1038.0,289.0,1038.0,0.27842003853564545,False,False
28,Beckenham Stn,0.0,manual_bus,1,59,East Guildford Stn,251.0,179.0,251.0,0.7131474103585658,False,False
28,Beckenham Stn,0.0,manual_bus,1,6,Subiaco Stn,1021.0,685.0,1021.0,0.6709108716944172,False,False
28,Beckenham Stn,0.0,manual_bus,1,66,Sherwood Stn,251.0,20.0,251.0,0.0796812749003984,False,False
28,Beckenham Stn,0.0,manual_bus,1,67,Seaforth Stn,485.0,23.0,485.0,0.04742268041237113,False,False
28,Beckenham Stn,0.0,manual_bus,1,68,Maddington Stn,631.0,15.0,631.0,0.02377179080824089,False,False
28,Beckenham Stn,0.0,manual_bus,1,7,Ashfield Stn,559.0,391.0,559.0,0.6994633273703041,False,False
28,Beckenham Stn,0.0,manual_bus,1,72,Claisebrook Stn,2078.0,1145.0,2078.0,0.5510105871029837,False,False
28,Beckenham Stn,0.0,manual_bus,1,73,Oats Street Stn,1000.0,236.0,1000.0,0.236,False,False
28,Beckenham Stn,0.0,manual_bus,1,74,Warnbro Stn,251.0,14.0,251.0,0.055776892430278883,False,False
28,Beckenham Stn,0.0,manual_bus,1,76,Karrakatta Stn,835.0,571.0,835.0,0.6838323353293413,False,False
28,Beckenham Stn,0.0,manual_bus,1,8,Leederville Stn,1021.0,61.0,1021.0,0.059745347698334964,False,False
28,Beckenham Stn,0.0,manual_bus,1,84,Cannington Stn,922.0,61.0,922.0,0.06616052060737528,False,False
28,Beckenham Stn,0.0,manual_bus,1,85,Clarkson Stn,409.0,289.0,409.0,0.706601466992665,False,False
28,Beckenham Stn,0.0,manual_bus,1,87,Fremantle Stn,85.0,61.0,85.0,0.7176470588235294,False,False
28,Beckenham Stn,0.0,manual_bus,1,88,Glendalough Stn,961.0,649.0,961.0,0.6753381893860562,False,False
28,Beckenham Stn,0.0,manual_bus,1,89,Gosnells Stn,559.0,20.0,559.0,0.03577817531305903,False,False
28,Beckenham Stn,0.0,manual_bus,1,9,Greenwood Stn,769.0,529.0,769.0,0.6879063719115734,False,False
28,Beckenham Stn,0.0,manual_bus,1,90,Joondalup Stn,559.0,391.0,559.0,0.6994633273703041,False,False
28,Beckenham Stn,0.0,manual_bus,1,91,Kelmscott Stn,409.0,24.0,409.0,0.05867970660146699,False,False
28,Beckenham Stn,0.0,manual_bus,1,92,Kenwick Stn,701.0,8.0,701.0,0.011412268188302425,False,False
28,Beckenham Stn,0.0,manual_bus,1,93,Kwinana Stn,485.0,11.0,485.0,0.02268041237113402,False,False
28,Beckenham Stn,0.0,manual_bus,1,94,Mandurah Stn,85.0,6.0,85.0,0.07058823529411765,False,False
28,Beckenham Stn,0.0,manual_bus,1,95,Midland Stn,85.0,61.0,85.0,0.7176470588235294,False,False
28,Beckenham Stn,0.0,manual_bus,1,97,Rockingham Stn,331.0,15.0,331.0,0.045317220543806644,False,False
28,Beckenham Stn,0.0,manual_bus,1,98,Stirling Stn,899.0,611.0,899.0,0.6796440489432704,False,False
28,Beckenham Stn,0.0,manual_bus,1,99,Thornlie Stn,373.0,2.0,373.0,0.005361930294906166,False,False
28,Beckenham Stn,0.0,candidate_bus,0,1,North Fremantle Stn,169.0,140.0,169.0,0.8284023668639053,False,False
28,Beckenham Stn,0.0,candidate_bus,0,100,Warwick Stn,835.0,820.0,835.0,0.9820359281437125,False,False
28,Beckenham Stn,0.0,candidate_bus,0,101,Wellard Stn,409.0,365.0,409.0,0.8924205378973105,False,False
28,Beckenham Stn,0.0,candidate_bus,0,102,Whitfords Stn,701.0,701.0,701.0,1.0,False,False
28,Beckenham Stn,0.0,candidate_bus,0,12,Queens Park Stn,961.0,816.0,961.0,0.8491155046826223,False,False
28,Beckenham Stn,0.0,candidate_bus,0,133,Butler Stn,331.0,331.0,331.0,1.0,False,False
28,Beckenham Stn,0.0,candidate_bus,0,135,Elizabeth Quay Stn,721.0,513.0,721.0,0.7115117891816921,False,False
28,Beckenham Stn,0.0,candidate_bus,0,138,Aubin Grove Stn,559.0,515.0,559.0,0.9212880143112702,False,False
28,Beckenham Stn,0.0,candidate_bus,0,140,Perth Stadium Stn,1140.0,1032.0,1140.0,0.9052631578947369,False,False
28,Beckenham Stn,0.0,candidate_bus,0,147,Redcliffe Stn,251.0,194.0,251.0,0.7729083665338645,False,False
28,Beckenham Stn,0.0,candidate_bus,0,148,Airport Central Stn,169.0,152.0,169.0,0.8994082840236687,False,False
28,Beckenham Stn,0.0,candidate_bus,0,149,High Wycombe Stn,85.0,84.0,85.0,0.9882352941176471,False,False
28,Beckenham Stn,0.0,candidate_bus,0,15,West Leederville Stn,1079.0,676.0,1079.0,0.6265060240963856,False,False
28,Beckenham Stn,0.0,candidate_bus,0,150,Lakelands Stn,169.0,169.0,169.0,1.0,False,False
28,Beckenham Stn,0.0,candidate_bus,0,153,Alkimos Stn,251.0,251.0,251.0,1.0,False,False
28,Beckenham Stn,0.0,candidate_bus,0,154,Eglinton Stn,169.0,169.0,169.0,1.0,False,False
28,Beckenham Stn,0.0,candidate_bus,0,155,Yanchep Stn,85.0,85.0,85.0,1.0,False,False
28,Beckenham Stn,0.0,candidate_bus,0,156,Morley Stn,409.0,348.0,409.0,0.8508557457212714,False,False
28,Beckenham Stn,0.0,candidate_bus,0,157,Noranda Stn,331.0,288.0,331.0,0.8700906344410876,False,False
28,Beckenham Stn,0.0,candidate_bus,0,158,Ballajura Stn,251.0,231.0,251.0,0.9203187250996016,False,False
28,Beckenham Stn,0.0,candidate_bus,0,159,Whiteman Park Stn,169.0,153.0,169.0,0.9053254437869822,False,False
28,Beckenham Stn,0.0,candidate_bus,0,16,Showgrounds Stn,701.0,611.0,701.0,0.8716119828815977,False,False
28,Beckenham Stn,0.0,candidate_bus,0,160,Ellenbrook Stn,85.0,75.0,85.0,0.8823529411764706,False,False
28,Beckenham Stn,0.0,candidate_bus,0,162,Nicholson Rd Stn,313.0,128.0,313.0,0.40894568690095845,False,False
28,Beckenham Stn,0.0,candidate_bus,0,163,Ranford Rd Stn,266.0,144.0,266.0,0.5413533834586466,False,False
28,Beckenham Stn,0.0,candidate_bus,0,164,Byford Stn,85.0,85.0,85.0,1.0,False,False
28,Beckenham Stn,0.0,candidate_bus,0,17,Shenton Park Stn,899.0,774.0,899.0,0.8609566184649611,False,False
28,Beckenham Stn,0.0,candidate_bus,0,19,Grant Street Stn,485.0,157.0,485.0,0.3237113402061856,False,False
28,Beckenham Stn,0.0,candidate_bus,0,2,Challis Stn,331.0,222.0,331.0,0.6706948640483383,False,False
28,Beckenham Stn,0.0,candidate_bus,0,22,Mciver Stn,1682.0,998.0,1682.0,0.5933412604042806,False,False
28,Beckenham Stn,0.0,candidate_bus,0,23,Bayswater Stn,1206.0,1024.0,1206.0,0.8490878938640133,False,False
28,Beckenham Stn,0.0,candidate_bus,0,24,Guildford Stn,331.0,316.0,331.0,0.9546827794561934,False,False
28,Beckenham Stn,0.0,candidate_bus,0,26,East Perth Stn,1339.0,524.0,1339.0,0.39133681852128455,False,False
28,Beckenham Stn,0.0,candidate_bus,0,30,Claremont Stn,631.0,538.0,631.0,0.8526148969889065,False,False
28,Beckenham Stn,0.0,candidate_bus,0,31,City West Stn,1135.0,675.0,1135.0,0.5947136563876652,False,False
28,Beckenham Stn,0.0,candidate_bus,0,32,Victoria Street Stn,251.0,77.0,251.0,0.30677290836653387,False,False
28,Beckenham Stn,0.0,candidate_bus,0,33,Burswood Stn,1108.0,1004.0,1108.0,0.9061371841155235,False,False
28,Beckenham Stn,0.0,candidate_bus,0,34,Success Hill Stn,409.0,316.0,409.0,0.7726161369193154,False,False
28,Beckenham Stn,0.0,candidate_bus,0,36,Daglish Stn,961.0,679.0,961.0,0.7065556711758585,False,False
28,Beckenham Stn,0.0,candidate_bus,0,37,Meltham Stn,1189.0,1053.0,1189.0,0.8856181665264928,False,False
28,Beckenham Stn,0.0,candidate_bus,0,38,Swanbourne Stn,559.0,148.0,559.0,0.26475849731663686,False,False
28,Beckenham Stn,0.0,candidate_bus,0,39,Bassendean Stn,485.0,434.0,485.0,0.8948453608247423,False,False
28,Beckenham Stn,0.0,candidate_bus,0,4,Currambine Stn,485.0,485.0,485.0,1.0,False,False
28,Beckenham Stn,0.0,candidate_bus,0,41,Woodbridge Stn,169.0,0.0,169.0,0.0,False,False
28,Beckenham Stn,0.0,candidate_bus,0,42,Loch Street Stn,769.0,671.0,769.0,0.8725617685305592,False,False
28,Beckenham Stn,0.0,candidate_bus,0,43,Armadale Stn,169.0,107.0,169.0,0.6331360946745562,False,False
28,Beckenham Stn,0.0,candidate_bus,0,44,Mt Lawley Stn,1291.0,524.0,1291.0,0.4058869093725794,False,False
28,Beckenham Stn,0.0,candidate_bus,0,46,Edgewater Stn,631.0,631.0,631.0,1.0,False,False
28,Beckenham Stn,0.0,candidate_bus,0,48,Victoria Park Stn,1074.0,957.0,1074.0,0.8910614525139665,False,False
28,Beckenham Stn,0.0,candidate_bus,0,49,Maylands Stn,1241.0,1037.0,1241.0,0.8356164383561644,False,False
28,Beckenham Stn,0.0,candidate_bus,0,5,Mosman Park Stn,331.0,79.0,331.0,0.23867069486404835,False,False
28,Beckenham Stn,0.0,candidate_bus,0,50,Cottesloe Stn,409.0,81.0,409.0,0.1980440097799511,False,False
28,Beckenham Stn,0.0,candidate_bus,0,56,Perth Stn,2089.0,668.0,2089.0,0.31977022498803254,False,False
28,Beckenham Stn,0.0,candidate_bus,0,58,Carlisle Stn,1038.0,913.0,1038.0,0.8795761078998073,False,False
28,Beckenham Stn,0.0,candidate_bus,0,59,East Guildford Stn,251.0,0.0,251.0,0.0,False,False
28,Beckenham Stn,0.0,candidate_bus,0,6,Subiaco Stn,1021.0,648.0,1021.0,0.6346718903036239,False,False
28,Beckenham Stn,0.0,candidate_bus,0,64,Perth Underground Stn,1535.0,1027.0,1535.0,0.6690553745928339,False,False
28,Beckenham Stn,0.0,candidate_bus,0,66,Sherwood Stn,251.0,162.0,251.0,0.6454183266932271,False,False
28,Beckenham Stn,0.0,candidate_bus,0,67,Seaforth Stn,485.0,0.0,485.0,0.0,False,False
28,Beckenham Stn,0.0,candidate_bus,0,68,Maddington Stn,631.0,0.0,631.0,0.0,False,False
28,Beckenham Stn,0.0,candidate_bus,0,7,Ashfield Stn,559.0,513.0,559.0,0.9177101967799642,False,False
28,Beckenham Stn,0.0,candidate_bus,0,72,Claisebrook Stn,2078.0,1329.0,2078.0,0.6395572666025024,False,False
28,Beckenham Stn,0.0,candidate_bus,0,73,Oats Street Stn,1000.0,875.0,1000.0,0.875,False,False
28,Beckenham Stn,0.0,candidate_bus,0,74,Warnbro Stn,251.0,251.0,251.0,1.0,False,False
28,Beckenham Stn,0.0,candidate_bus,0,76,Karrakatta Stn,835.0,740.0,835.0,0.8862275449101796,False,False
28,Beckenham Stn,0.0,candidate_bus,0,8,Leederville Stn,1021.0,785.0,1021.0,0.7688540646425074,False,False
28,Beckenham Stn,0.0,candidate_bus,0,82,Bull Creek Stn,612.0,602.0,612.0,0.9836601307189542,False,False
28,Beckenham Stn,0.0,candidate_bus,0,83,Canning Bridge Stn,661.0,581.0,661.0,0.8789712556732224,False,False
28,Beckenham Stn,0.0,candidate_bus,0,84,Cannington Stn,922.0,0.0,922.0,0.0,False,False
28,Beckenham Stn,0.0,candidate_bus,0,85,Clarkson Stn,409.0,409.0,409.0,1.0,False,False
28,Beckenham Stn,0.0,candidate_bus,0,86,Cockburn Central Stn,678.0,598.0,678.0,0.8820058997050148,False,False
28,Beckenham Stn,0.0,candidate_bus,0,87,Fremantle Stn,85.0,140.0,85.0,1.6470588235294117,True,True
28,Beckenham Stn,0.0,candidate_bus,0,88,Glendalough Stn,961.0,760.0,961.0,0.7908428720083247,False,False
28,Beckenham Stn,0.0,candidate_bus,0,89,Gosnells Stn,559.0,0.0,559.0,0.0,False,False
28,Beckenham Stn,0.0,candidate_bus,0,9,Greenwood Stn,769.0,760.0,769.0,0.988296488946684,False,False
28,Beckenham Stn,0.0,candidate_bus,0,90,Joondalup Stn,559.0,559.0,559.0,1.0,False,False
28,Beckenham Stn,0.0,candidate_bus,0,91,Kelmscott Stn,409.0,211.0,409.0,0.5158924205378973,False,False
28,Beckenham Stn,0.0,candidate_bus,0,92,Kenwick Stn,701.0,0.0,701.0,0.0,False,False
28,Beckenham Stn,0.0,candidate_bus,0,93,Kwinana Stn,485.0,441.0,485.0,0.9092783505154639,False,False
28,Beckenham Stn,0.0,candidate_bus,0,94,Mandurah Stn,85.0,85.0,85.0,1.0,False,False
28,Beckenham Stn,0.0,candidate_bus,0,95,Midland Stn,85.0,0.0,85.0,0.0,False,False
28,Beckenham Stn,0.0,candidate_bus,0,96,Murdoch Stn,573.0,583.0,573.0,1.0174520069808028,True,True
28,Beckenham Stn,0.0,candidate_bus,0,97,Rockingham Stn,331.0,320.0,331.0,0.9667673716012085,False,False
28,Beckenham Stn,0.0,candidate_bus,0,98,Stirling Stn,899.0,841.0,899.0,0.9354838709677419,False,False
28,Beckenham Stn,0.0,candidate_bus,0,99,Thornlie Stn,373.0,59.0,373.0,0.1581769436997319,False,False
28,Beckenham Stn,0.0,candidate_bus,1,1,North Fremantle Stn,169.0,0.0,169.0,0.0,False,False
28,Beckenham Stn,0.0,candidate_bus,1,100,Warwick Stn,835.0,820.0,835.0,0.9820359281437125,False,False
28,Beckenham Stn,0.0,candidate_bus,1,101,Wellard Stn,409.0,289.0,409.0,0.706601466992665,False,False
28,Beckenham Stn,0.0,candidate_bus,1,102,Whitfords Stn,701.0,701.0,701.0,1.0,False,False
28,Beckenham Stn,0.0,candidate_bus,1,12,Queens Park Stn,961.0,1063.0,961.0,1.1061394380853278,True,True
28,Beckenham Stn,0.0,candidate_bus,1,133,Butler Stn,331.0,331.0,331.0,1.0,False,False
28,Beckenham Stn,0.0,candidate_bus,1,135,Elizabeth Quay Stn,721.0,192.0,721.0,0.26629680998613037,False,False
28,Beckenham Stn,0.0,candidate_bus,1,138,Aubin Grove Stn,559.0,428.0,559.0,0.7656529516994633,False,False
28,Beckenham Stn,0.0,candidate_bus,1,140,Perth Stadium Stn,1140.0,1226.0,1140.0,1.075438596491228,True,True
28,Beckenham Stn,0.0,candidate_bus,1,147,Redcliffe Stn,251.0,169.0,251.0,0.6733067729083665,False,False
28,Beckenham Stn,0.0,candidate_bus,1,148,Airport Central Stn,169.0,144.0,169.0,0.8520710059171598,False,False
28,Beckenham Stn,0.0,candidate_bus,1,149,High Wycombe Stn,85.0,84.0,85.0,0.9882352941176471,False,False
28,Beckenham Stn,0.0,candidate_bus,1,15,West Leederville Stn,1079.0,712.0,1079.0,0.659870250231696,False,False
28,Beckenham Stn,0.0,candidate_bus,1,150,Lakelands Stn,169.0,169.0,169.0,1.0,False,False
28,Beckenham Stn,0.0,candidate_bus,1,153,Alkimos Stn,251.0,251.0,251.0,1.0,False,False
28,Beckenham Stn,0.0,candidate_bus,1,154,Eglinton Stn,169.0,169.0,169.0,1.0,False,False
28,Beckenham Stn,0.0,candidate_bus,1,155,Yanchep Stn,85.0,85.0,85.0,1.0,False,False
28,Beckenham Stn,0.0,candidate_bus,1,156,Morley Stn,409.0,348.0,409.0,0.8508557457212714,False,False
28,Beckenham Stn,0.0,candidate_bus,1,157,Noranda Stn,331.0,288.0,331.0,0.8700906344410876,False,False
28,Beckenham Stn,0.0,candidate_bus,1,158,Ballajura Stn,251.0,231.0,251.0,0.9203187250996016,False,False
28,Beckenham Stn,0.0,candidate_bus,1,159,Whiteman Park Stn,169.0,153.0,169.0,0.9053254437869822,False,False
28,Beckenham Stn,0.0,candidate_bus,1,16,Showgrounds Stn,701.0,675.0,701.0,0.9629101283880172,False,False
28,Beckenham Stn,0.0,candidate_bus,1,160,Ellenbrook Stn,85.0,75.0,85.0,0.8823529411764706,False,False
28,Beckenham Stn,0.0,candidate_bus,1,162,Nicholson Rd Stn,313.0,392.0,313.0,1.2523961661341854,True,True
28,Beckenham Stn,0.0,candidate_bus,1,163,Ranford Rd Stn,266.0,480.0,266.0,1.8045112781954886,True,True
28,Beckenham Stn,0.0,candidate_bus,1,164,Byford Stn,85.0,85.0,85.0,1.0,False,False
28,Beckenham Stn,0.0,candidate_bus,1,17,Shenton Park Stn,899.0,822.0,899.0,0.914349276974416,False,False
28,Beckenham Stn,0.0,candidate_bus,1,19,Grant Street Stn,485.0,100.0,485.0,0.20618556701030927,False,False
28,Beckenham Stn,0.0,candidate_bus,1,2,Challis Stn,331.0,229.0,331.0,0.6918429003021148,False,False
28,Beckenham Stn,0.0,candidate_bus,1,22,Mciver Stn,1682.0,1021.0,1682.0,0.6070154577883472,False,False
28,Beckenham Stn,0.0,candidate_bus,1,23,Bayswater Stn,1206.0,1008.0,1206.0,0.835820895522388,False,False
28,Beckenham Stn,0.0,candidate_bus,1,24,Guildford Stn,331.0,316.0,331.0,0.9546827794561934,False,False
28,Beckenham Stn,0.0,candidate_bus,1,26,East Perth Stn,1339.0,650.0,1339.0,0.4854368932038835,False,False
28,Beckenham Stn,0.0,candidate_bus,1,30,Claremont Stn,631.0,608.0,631.0,0.9635499207606973,False,False
28,Beckenham Stn,0.0,candidate_bus,1,31,City West Stn,1135.0,703.0,1135.0,0.6193832599118942,False,False
28,Beckenham Stn,0.0,candidate_bus,1,32,Victoria Street Stn,251.0,26.0,251.0,0.10358565737051793,False,False
28,Beckenham Stn,0.0,candidate_bus,1,33,Burswood Stn,1108.0,1225.0,1108.0,1.105595667870036,True,True
28,Beckenham Stn,0.0,candidate_bus,1,34,Success Hill Stn,409.0,316.0,409.0,0.7726161369193154,False,False
28,Beckenham Stn,0.0,candidate_bus,1,36,Daglish Stn,961.0,679.0,961.0,0.7065556711758585,False,False
28,Beckenham Stn,0.0,candidate_bus,1,37,Meltham Stn,1189.0,1037.0,1189.0,0.872161480235492,False,False
28,Beckenham Stn,0.0,candidate_bus,1,38,Swanbourne Stn,559.0,85.0,559.0,0.1520572450805009,False,False
28,Beckenham Stn,0.0,candidate_bus,1,39,Bassendean Stn,485.0,434.0,485.0,0.8948453608247423,False,False
28,Beckenham Stn,0.0,candidate_bus,1,4,Currambine Stn,485.0,485.0,485.0,1.0,False,False
28,Beckenham Stn,0.0,candidate_bus,1,41,Woodbridge Stn,169.0,0.0,169.0,0.0,False,False
28,Beckenham Stn,0.0,candidate_bus,1,42,Loch Street Stn,769.0,723.0,769.0,0.9401820546163849,False,False
28,Beckenham Stn,0.0,candidate_bus,1,43,Armadale Stn,169.0,103.0,169.0,0.6094674556213018,False,False
28,Beckenham Stn,0.0,candidate_bus,1,44,Mt Lawley Stn,1291.0,650.0,1291.0,0.5034856700232379,False,False
28,Beckenham Stn,0.0,candidate_bus,1,46,Edgewater Stn,631.0,631.0,631.0,1.0,False,False
28,Beckenham Stn,0.0,candidate_bus,1,48,Victoria Park Stn,1074.0,1196.0,1074.0,1.1135940409683427,True,True
28,Beckenham Stn,0.0,candidate_bus,1,49,Maylands Stn,1241.0,1021.0,1241.0,0.8227236099919419,False,False
28,Beckenham Stn,0.0,candidate_bus,1,5,Mosman Park Stn,331.0,28.0,331.0,0.08459214501510574,False,False
28,Beckenham Stn,0.0,candidate_bus,1,50,Cottesloe Stn,409.0,30.0,409.0,0.07334963325183375,False,False
28,Beckenham Stn,0.0,candidate_bus,1,56,Perth Stn,2089.0,700.0,2089.0,0.3350885591191958,False,False
28,Beckenham Stn,0.0,candidate_bus,1,58,Carlisle Stn,1038.0,1162.0,1038.0,1.1194605009633911,True,True
28,Beckenham Stn,0.0,candidate_bus,1,59,East Guildford Stn,251.0,0.0,251.0,0.0,False,False
28,Beckenham Stn,0.0,candidate_bus,1,6,Subiaco Stn,1021.0,684.0,1021.0,0.6699314397649363,False,False
28,Beckenham Stn,0.0,candidate_bus,1,64,Perth Underground Stn,1535.0,706.0,1535.0,0.45993485342019547,False,False
28,Beckenham Stn,0.0,candidate_bus,1,66,Sherwood Stn,251.0,165.0,251.0,0.6573705179282868,False,False
28,Beckenham Stn,0.0,candidate_bus,1,67,Seaforth Stn,485.0,0.0,485.0,0.0,False,False
28,Beckenham Stn,0.0,candidate_bus,1,68,Maddington Stn,631.0,0.0,631.0,0.0,False,False
28,Beckenham Stn,0.0,candidate_bus,1,7,Ashfield Stn,559.0,513.0,559.0,0.9177101967799642,False,False
28,Beckenham Stn,0.0,candidate_bus,1,72,Claisebrook Stn,2078.0,1514.0,2078.0,0.7285851780558229,False,False
28,Beckenham Stn,0.0,candidate_bus,1,73,Oats Street Stn,1000.0,1125.0,1000.0,1.125,True,True
28,Beckenham Stn,0.0,candidate_bus,1,74,Warnbro Stn,251.0,251.0,251.0,1.0,False,False
28,Beckenham Stn,0.0,candidate_bus,1,76,Karrakatta Stn,835.0,788.0,835.0,0.9437125748502994,False,False
28,Beckenham Stn,0.0,candidate_bus,1,8,Leederville Stn,1021.0,716.0,1021.0,0.7012732615083251,False,False
28,Beckenham Stn,0.0,candidate_bus,1,82,Bull Creek Stn,612.0,207.0,612.0,0.3382352941176471,False,False
28,Beckenham Stn,0.0,candidate_bus,1,83,Canning Bridge Stn,661.0,207.0,661.0,0.31316187594553707,False,False
28,Beckenham Stn,0.0,candidate_bus,1,84,Cannington Stn,922.0,0.0,922.0,0.0,False,False
28,Beckenham Stn,0.0,candidate_bus,1,85,Clarkson Stn,409.0,409.0,409.0,1.0,False,False
28,Beckenham Stn,0.0,candidate_bus,1,86,Cockburn Central Stn,678.0,484.0,678.0,0.7138643067846607,False,False
28,Beckenham Stn,0.0,candidate_bus,1,88,Glendalough Stn,961.0,712.0,961.0,0.740894901144641,False,False
28,Beckenham Stn,0.0,candidate_bus,1,89,Gosnells Stn,559.0,0.0,559.0,0.0,False,False
28,Beckenham Stn,0.0,candidate_bus,1,9,Greenwood Stn,769.0,760.0,769.0,0.988296488946684,False,False
28,Beckenham Stn,0.0,candidate_bus,1,90,Joondalup Stn,559.0,559.0,559.0,1.0,False,False
28,Beckenham Stn,0.0,candidate_bus,1,91,Kelmscott Stn,409.0,218.0,409.0,0.5330073349633252,False,False
28,Beckenham Stn,0.0,candidate_bus,1,92,Kenwick Stn,701.0,0.0,701.0,0.0,False,False
28,Beckenham Stn,0.0,candidate_bus,1,93,Kwinana Stn,485.0,354.0,485.0,0.7298969072164948,False,False
28,Beckenham Stn,0.0,candidate_bus,1,94,Mandurah Stn,85.0,85.0,85.0,1.0,False,False
28,Beckenham Stn,0.0,candidate_bus,1,95,Midland Stn,85.0,0.0,85.0,0.0,False,False
28,Beckenham Stn,0.0,candidate_bus,1,97,Rockingham Stn,331.0,312.0,331.0,0.9425981873111783,False,False
28,Beckenham Stn,0.0,candidate_bus,1,98,Stirling Stn,899.0,837.0,899.0,0.9310344827586207,False,False
28,Beckenham Stn,0.0,candidate_bus,1,99,Thornlie Stn,373.0,67.0,373.0,0.17962466487935658,False,False
28,Beckenham Stn,0.0,candidate_bus,2,1,North Fremantle Stn,169.0,0.0,169.0,0.0,False,False
28,Beckenham Stn,0.0,candidate_bus,2,100,Warwick Stn,835.0,809.0,835.0,0.9688622754491018,False,False
28,Beckenham Stn,0.0,candidate_bus,2,101,Wellard Stn,409.0,168.0,409.0,0.41075794621026895,False,False
28,Beckenham Stn,0.0,candidate_bus,2,102,Whitfords Stn,701.0,692.0,701.0,0.9871611982881597,False,False
28,Beckenham Stn,0.0,candidate_bus,2,133,Butler Stn,331.0,327.0,331.0,0.9879154078549849,False,False
28,Beckenham Stn,0.0,candidate_bus,2,135,Elizabeth Quay Stn,721.0,400.0,721.0,0.5547850208044383,False,False
28,Beckenham Stn,0.0,candidate_bus,2,138,Aubin Grove Stn,559.0,304.0,559.0,0.5438282647584973,False,False
28,Beckenham Stn,0.0,candidate_bus,2,147,Redcliffe Stn,251.0,262.0,251.0,1.043824701195219,True,True
28,Beckenham Stn,0.0,candidate_bus,2,148,Airport Central Stn,169.0,213.0,169.0,1.2603550295857988,True,True
28,Beckenham Stn,0.0,candidate_bus,2,149,High Wycombe Stn,85.0,83.0,85.0,0.9764705882352941,False,False
28,Beckenham Stn,0.0,candidate_bus,2,15,West Leederville Stn,1079.0,715.0,1079.0,0.6626506024096386,False,False
28,Beckenham Stn,0.0,candidate_bus,2,150,Lakelands Stn,169.0,167.0,169.0,0.9881656804733728,False,False
28,Beckenham Stn,0.0,candidate_bus,2,153,Alkimos Stn,251.0,248.0,251.0,0.9880478087649402,False,False
28,Beckenham Stn,0.0,candidate_bus,2,154,Eglinton Stn,169.0,167.0,169.0,0.9881656804733728,False,False
28,Beckenham Stn,0.0,candidate_bus,2,155,Yanchep Stn,85.0,84.0,85.0,0.9882352941176471,False,False
28,Beckenham Stn,0.0,candidate_bus,2,156,Morley Stn,409.0,343.0,409.0,0.8386308068459658,False,False
28,Beckenham Stn,0.0,candidate_bus,2,157,Noranda Stn,331.0,284.0,331.0,0.8580060422960725,False,False
28,Beckenham Stn,0.0,candidate_bus,2,158,Ballajura Stn,251.0,228.0,251.0,0.9083665338645418,False,False
28,Beckenham Stn,0.0,candidate_bus,2,159,Whiteman Park Stn,169.0,151.0,169.0,0.893491124260355,False,False
28,Beckenham Stn,0.0,candidate_bus,2,16,Showgrounds Stn,701.0,767.0,701.0,1.094151212553495,True,True
28,Beckenham Stn,0.0,candidate_bus,2,160,Ellenbrook Stn,85.0,74.0,85.0,0.8705882352941177,False,False
28,Beckenham Stn,0.0,candidate_bus,2,164,Byford Stn,85.0,84.0,85.0,0.9882352941176471,False,False
28,Beckenham Stn,0.0,candidate_bus,2,17,Shenton Park Stn,899.0,903.0,899.0,1.0044493882091212,True,True
28,Beckenham Stn,0.0,candidate_bus,2,19,Grant Street Stn,485.0,99.0,485.0,0.20412371134020618,False,False
28,Beckenham Stn,0.0,candidate_bus,2,2,Challis Stn,331.0,222.0,331.0,0.6706948640483383,False,False
28,Beckenham Stn,0.0,candidate_bus,2,22,Mciver Stn,1682.0,592.0,1682.0,0.351961950059453,False,False
28,Beckenham Stn,0.0,candidate_bus,2,23,Bayswater Stn,1206.0,975.0,1206.0,0.8084577114427861,False,False
28,Beckenham Stn,0.0,candidate_bus,2,24,Guildford Stn,331.0,293.0,331.0,0.8851963746223565,False,False
28,Beckenham Stn,0.0,candidate_bus,2,26,East Perth Stn,1339.0,323.0,1339.0,0.24122479462285287,False,False
28,Beckenham Stn,0.0,candidate_bus,2,30,Claremont Stn,631.0,701.0,631.0,1.1109350237717908,True,True
28,Beckenham Stn,0.0,candidate_bus,2,31,City West Stn,1135.0,664.0,1135.0,0.5850220264317181,False,False
28,Beckenham Stn,0.0,candidate_bus,2,32,Victoria Street Stn,251.0,26.0,251.0,0.10358565737051793,False,False
28,Beckenham Stn,0.0,candidate_bus,2,34,Success Hill Stn,409.0,293.0,409.0,0.7163814180929096,False,False
28,Beckenham Stn,0.0,candidate_bus,2,36,Daglish Stn,961.0,747.0,961.0,0.777315296566077,False,False
28,Beckenham Stn,0.0,candidate_bus,2,37,Meltham Stn,1189.0,959.0,1189.0,0.8065601345668629,False,False
28,Beckenham Stn,0.0,candidate_bus,2,38,Swanbourne Stn,559.0,84.0,559.0,0.15026833631484796,False,False
28,Beckenham Stn,0.0,candidate_bus,2,39,Bassendean Stn,485.0,399.0,485.0,0.822680412371134,False,False
28,Beckenham Stn,0.0,candidate_bus,2,4,Currambine Stn,485.0,479.0,485.0,0.9876288659793815,False,False
28,Beckenham Stn,0.0,candidate_bus,2,41,Woodbridge Stn,169.0,0.0,169.0,0.0,False,False
28,Beckenham Stn,0.0,candidate_bus,2,42,Loch Street Stn,769.0,814.0,769.0,1.05851755526658,True,True
28,Beckenham Stn,0.0,candidate_bus,2,43,Armadale Stn,169.0,106.0,169.0,0.6272189349112426,False,False
28,Beckenham Stn,0.0,candidate_bus,2,44,Mt Lawley Stn,1291.0,323.0,1291.0,0.2501936483346243,False,False
28,Beckenham Stn,0.0,candidate_bus,2,46,Edgewater Stn,631.0,623.0,631.0,0.9873217115689382,False,False
28,Beckenham Stn,0.0,candidate_bus,2,49,Maylands Stn,1241.0,942.0,1241.0,0.7590652699435939,False,False
28,Beckenham Stn,0.0,candidate_bus,2,5,Mosman Park Stn,331.0,28.0,331.0,0.08459214501510574,False,False
28,Beckenham Stn,0.0,candidate_bus,2,50,Cottesloe Stn,409.0,30.0,409.0,0.07334963325183375,False,False
28,Beckenham Stn,0.0,candidate_bus,2,56,Perth Stn,2089.0,630.0,2089.0,0.30157970320727623,False,False
28,Beckenham Stn,0.0,candidate_bus,2,59,East Guildford Stn,251.0,0.0,251.0,0.0,False,False
28,Beckenham Stn,0.0,candidate_bus,2,6,Subiaco Stn,1021.0,706.0,1021.0,0.6914789422135161,False,False
28,Beckenham Stn,0.0,candidate_bus,2,64,Perth Underground Stn,1535.0,849.0,1535.0,0.5530944625407166,False,False
28,Beckenham Stn,0.0,candidate_bus,2,66,Sherwood Stn,251.0,163.0,251.0,0.649402390438247,False,False
28,Beckenham Stn,0.0,candidate_bus,2,67,Seaforth Stn,485.0,0.0,485.0,0.0,False,False
28,Beckenham Stn,0.0,candidate_bus,2,68,Maddington Stn,631.0,0.0,631.0,0.0,False,False
28,Beckenham Stn,0.0,candidate_bus,2,7,Ashfield Stn,559.0,477.0,559.0,0.853309481216458,False,False
28,Beckenham Stn,0.0,candidate_bus,2,72,Claisebrook Stn,2078.0,441.0,2078.0,0.212223291626564,False,False
28,Beckenham Stn,0.0,candidate_bus,2,74,Warnbro Stn,251.0,248.0,251.0,0.9880478087649402,False,False
28,Beckenham Stn,0.0,candidate_bus,2,76,Karrakatta Stn,835.0,878.0,835.0,1.051497005988024,True,True
28,Beckenham Stn,0.0,candidate_bus,2,8,Leederville Stn,1021.0,721.0,1021.0,0.7061704211557297,False,False
28,Beckenham Stn,0.0,candidate_bus,2,82,Bull Creek Stn,612.0,378.0,612.0,0.6176470588235294,False,False
28,Beckenham Stn,0.0,candidate_bus,2,83,Canning Bridge Stn,661.0,378.0,661.0,0.5718608169440242,False,False
28,Beckenham Stn,0.0,candidate_bus,2,84,Cannington Stn,922.0,0.0,922.0,0.0,False,False
28,Beckenham Stn,0.0,candidate_bus,2,85,Clarkson Stn,409.0,404.0,409.0,0.9877750611246944,False,False
28,Beckenham Stn,0.0,candidate_bus,2,86,Cockburn Central Stn,678.0,298.0,678.0,0.43952802359882004,False,False
28,Beckenham Stn,0.0,candidate_bus,2,88,Glendalough Stn,961.0,699.0,961.0,0.7273673257023934,False,False
28,Beckenham Stn,0.0,candidate_bus,2,89,Gosnells Stn,559.0,0.0,559.0,0.0,False,False
28,Beckenham Stn,0.0,candidate_bus,2,9,Greenwood Stn,769.0,750.0,769.0,0.9752925877763329,False,False
28,Beckenham Stn,0.0,candidate_bus,2,90,Joondalup Stn,559.0,552.0,559.0,0.9874776386404294,False,False
28,Beckenham Stn,0.0,candidate_bus,2,91,Kelmscott Stn,409.0,210.0,409.0,0.5134474327628362,False,False
28,Beckenham Stn,0.0,candidate_bus,2,92,Kenwick Stn,701.0,0.0,701.0,0.0,False,False
28,Beckenham Stn,0.0,candidate_bus,2,93,Kwinana Stn,485.0,231.0,485.0,0.4762886597938144,False,False
28,Beckenham Stn,0.0,candidate_bus,2,94,Mandurah Stn,85.0,84.0,85.0,0.9882352941176471,False,False
28,Beckenham Stn,0.0,candidate_bus,2,95,Midland Stn,85.0,0.0,85.0,0.0,False,False
28,Beckenham Stn,0.0,candidate_bus,2,97,Rockingham Stn,331.0,280.0,331.0,0.8459214501510574,False,False
28,Beckenham Stn,0.0,candidate_bus,2,98,Stirling Stn,899.0,825.0,899.0,0.917686318131257,False,False
28,Beckenham Stn,0.0,candidate_bus,2,99,Thornlie Stn,373.0,0.0,373.0,0.0,False,False
28,Beckenham Stn,0.0,candidate_bus,3,1,North Fremantle Stn,169.0,0.0,169.0,0.0,False,False
28,Beckenham Stn,0.0,candidate_bus,3,100,Warwick Stn,835.0,787.0,835.0,0.9425149700598803,False,False
28,Beckenham Stn,0.0,candidate_bus,3,101,Wellard Stn,409.0,174.0,409.0,0.4254278728606357,False,False
28,Beckenham Stn,0.0,candidate_bus,3,102,Whitfords Stn,701.0,674.0,701.0,0.9614835948644793,False,False
28,Beckenham Stn,0.0,candidate_bus,3,133,Butler Stn,331.0,319.0,331.0,0.9637462235649547,False,False
28,Beckenham Stn,0.0,candidate_bus,3,135,Elizabeth Quay Stn,721.0,410.0,721.0,0.5686546463245492,False,False
28,Beckenham Stn,0.0,candidate_bus,3,138,Aubin Grove Stn,559.0,308.0,559.0,0.5509838998211091,False,False
28,Beckenham Stn,0.0,candidate_bus,3,149,High Wycombe Stn,85.0,0.0,85.0,0.0,False,False
28,Beckenham Stn,0.0,candidate_bus,3,15,West Leederville Stn,1079.0,478.0,1079.0,0.44300278035217794,False,False
28,Beckenham Stn,0.0,candidate_bus,3,150,Lakelands Stn,169.0,163.0,169.0,0.9644970414201184,False,False
28,Beckenham Stn,0.0,candidate_bus,3,153,Alkimos Stn,251.0,242.0,251.0,0.9641434262948207,False,False
28,Beckenham Stn,0.0,candidate_bus,3,154,Eglinton Stn,169.0,163.0,169.0,0.9644970414201184,False,False
28,Beckenham Stn,0.0,candidate_bus,3,155,Yanchep Stn,85.0,82.0,85.0,0.9647058823529412,False,False
28,Beckenham Stn,0.0,candidate_bus,3,156,Morley Stn,409.0,327.0,409.0,0.7995110024449877,False,False
28,Beckenham Stn,0.0,candidate_bus,3,157,Noranda Stn,331.0,272.0,331.0,0.8217522658610272,False,False
28,Beckenham Stn,0.0,candidate_bus,3,158,Ballajura Stn,251.0,218.0,251.0,0.8685258964143426,False,False
28,Beckenham Stn,0.0,candidate_bus,3,159,Whiteman Park Stn,169.0,145.0,169.0,0.8579881656804734,False,False
28,Beckenham Stn,0.0,candidate_bus,3,160,Ellenbrook Stn,85.0,72.0,85.0,0.8470588235294118,False,False
28,Beckenham Stn,0.0,candidate_bus,3,164,Byford Stn,85.0,82.0,85.0,0.9647058823529412,False,False
28,Beckenham Stn,0.0,candidate_bus,3,19,Grant Street Stn,485.0,97.0,485.0,0.2,False,False
28,Beckenham Stn,0.0,candidate_bus,3,2,Challis Stn,331.0,213.0,331.0,0.6435045317220544,False,False
28,Beckenham Stn,0.0,candidate_bus,3,22,Mciver Stn,1682.0,391.0,1682.0,0.232461355529132,False,False
28,Beckenham Stn,0.0,candidate_bus,3,23,Bayswater Stn,1206.0,891.0,1206.0,0.7388059701492538,False,False
28,Beckenham Stn,0.0,candidate_bus,3,24,Guildford Stn,331.0,410.0,331.0,1.2386706948640482,True,True
28,Beckenham Stn,0.0,candidate_bus,3,26,East Perth Stn,1339.0,192.0,1339.0,0.14339058999253174,False,False
28,Beckenham Stn,0.0,candidate_bus,3,31,City West Stn,1135.0,433.0,1135.0,0.3814977973568282,False,False
28,Beckenham Stn,0.0,candidate_bus,3,32,Victoria Street Stn,251.0,27.0,251.0,0.10756972111553785,False,False
28,Beckenham Stn,0.0,candidate_bus,3,34,Success Hill Stn,409.0,410.0,409.0,1.0024449877750612,True,True
28,Beckenham Stn,0.0,candidate_bus,3,36,Daglish Stn,961.0,431.0,961.0,0.44849115504682624,False,False
28,Beckenham Stn,0.0,candidate_bus,3,37,Meltham Stn,1189.0,910.0,1189.0,0.7653490328006728,False,False
28,Beckenham Stn,0.0,candidate_bus,3,38,Swanbourne Stn,559.0,81.0,559.0,0.1449016100178891,False,False
28,Beckenham Stn,0.0,candidate_bus,3,39,Bassendean Stn,485.0,510.0,485.0,1.0515463917525774,True,True
28,Beckenham Stn,0.0,candidate_bus,3,4,Currambine Stn,485.0,467.0,485.0,0.9628865979381444,False,False
28,Beckenham Stn,0.0,candidate_bus,3,41,Woodbridge Stn,169.0,0.0,169.0,0.0,False,False
28,Beckenham Stn,0.0,candidate_bus,3,43,Armadale Stn,169.0,105.0,169.0,0.621301775147929,False,False
28,Beckenham Stn,0.0,candidate_bus,3,44,Mt Lawley Stn,1291.0,192.0,1291.0,0.14872192099147946,False,False
28,Beckenham Stn,0.0,candidate_bus,3,46,Edgewater Stn,631.0,607.0,631.0,0.9619651347068146,False,False
28,Beckenham Stn,0.0,candidate_bus,3,49,Maylands Stn,1241.0,893.0,1241.0,0.7195809830781628,False,False
28,Beckenham Stn,0.0,candidate_bus,3,5,Mosman Park Stn,331.0,29.0,331.0,0.08761329305135952,False,False
28,Beckenham Stn,0.0,candidate_bus,3,50,Cottesloe Stn,409.0,31.0,409.0,0.07579462102689487,False,False
28,Beckenham Stn,0.0,candidate_bus,3,56,Perth Stn,2089.0,415.0,2089.0,0.1986596457635232,False,False
28,Beckenham Stn,0.0,candidate_bus,3,59,East Guildford Stn,251.0,0.0,251.0,0.0,False,False
28,Beckenham Stn,0.0,candidate_bus,3,6,Subiaco Stn,1021.0,468.0,1021.0,0.4583741429970617,False,False
28,Beckenham Stn,0.0,candidate_bus,3,64,Perth Underground Stn,1535.0,846.0,1535.0,0.5511400651465798,False,False
28,Beckenham Stn,0.0,candidate_bus,3,66,Sherwood Stn,251.0,157.0,251.0,0.6254980079681275,False,False
28,Beckenham Stn,0.0,candidate_bus,3,67,Seaforth Stn,485.0,0.0,485.0,0.0,False,False
28,Beckenham Stn,0.0,candidate_bus,3,68,Maddington Stn,631.0,0.0,631.0,0.0,False,False
28,Beckenham Stn,0.0,candidate_bus,3,7,Ashfield Stn,559.0,584.0,559.0,1.0447227191413238,True,True
28,Beckenham Stn,0.0,candidate_bus,3,72,Claisebrook Stn,2078.0,277.0,2078.0,0.1333012512030799,False,False
28,Beckenham Stn,0.0,candidate_bus,3,74,Warnbro Stn,251.0,242.0,251.0,0.9641434262948207,False,False
28,Beckenham Stn,0.0,candidate_bus,3,8,Leederville Stn,1021.0,721.0,1021.0,0.7061704211557297,False,False
28,Beckenham Stn,0.0,candidate_bus,3,82,Bull Creek Stn,612.0,374.0,612.0,0.6111111111111112,False,False
28,Beckenham Stn,0.0,candidate_bus,3,83,Canning Bridge Stn,661.0,374.0,661.0,0.5658093797276853,False,False
28,Beckenham Stn,0.0,candidate_bus,3,84,Cannington Stn,922.0,0.0,922.0,0.0,False,False
28,Beckenham Stn,0.0,candidate_bus,3,85,Clarkson Stn,409.0,394.0,409.0,0.9633251833740831,False,False
28,Beckenham Stn,0.0,candidate_bus,3,86,Cockburn Central Stn,678.0,302.0,678.0,0.44542772861356933,False,False
28,Beckenham Stn,0.0,candidate_bus,3,88,Glendalough Stn,961.0,697.0,961.0,0.7252861602497399,False,False
28,Beckenham Stn,0.0,candidate_bus,3,89,Gosnells Stn,559.0,0.0,559.0,0.0,False,False
28,Beckenham Stn,0.0,candidate_bus,3,9,Greenwood Stn,769.0,730.0,769.0,0.9492847854356307,False,False
28,Beckenham Stn,0.0,candidate_bus,3,90,Joondalup Stn,559.0,538.0,559.0,0.962432915921288,False,False
28,Beckenham Stn,0.0,candidate_bus,3,91,Kelmscott Stn,409.0,201.0,409.0,0.49144254278728605,False,False
28,Beckenham Stn,0.0,candidate_bus,3,92,Kenwick Stn,701.0,0.0,701.0,0.0,False,False
28,Beckenham Stn,0.0,candidate_bus,3,93,Kwinana Stn,485.0,237.0,485.0,0.488659793814433,False,False
28,Beckenham Stn,0.0,candidate_bus,3,94,Mandurah Stn,85.0,82.0,85.0,0.9647058823529412,False,False
28,Beckenham Stn,0.0,candidate_bus,3,95,Midland Stn,85.0,0.0,85.0,0.0,False,False
28,Beckenham Stn,0.0,candidate_bus,3,97,Rockingham Stn,331.0,274.0,331.0,0.8277945619335347,False,False
28,Beckenham Stn,0.0,candidate_bus,3,98,Stirling Stn,899.0,803.0,899.0,0.8932146829810901,False,False
28,Beckenham Stn,0.0,candidate_bus,3,99,Thornlie Stn,373.0,0.0,373.0,0.0,False,False
28,Beckenham Stn,0.0,candidate_bus,4,1,North Fremantle Stn,169.0,0.0,169.0,0.0,False,False
28,Beckenham Stn,0.0,candidate_bus,4,100,Warwick Stn,835.0,772.0,835.0,0.9245508982035928,False,False
28,Beckenham Stn,0.0,candidate_bus,4,101,Wellard Stn,409.0,173.0,409.0,0.4229828850855746,False,False
28,Beckenham Stn,0.0,candidate_bus,4,102,Whitfords Stn,701.0,665.0,701.0,0.948644793152639,False,False
28,Beckenham Stn,0.0,candidate_bus,4,133,Butler Stn,331.0,315.0,331.0,0.9516616314199395,False,False
28,Beckenham Stn,0.0,candidate_bus,4,135,Elizabeth Quay Stn,721.0,438.0,721.0,0.6074895977808599,False,False
28,Beckenham Stn,0.0,candidate_bus,4,138,Aubin Grove Stn,559.0,305.0,559.0,0.5456171735241503,False,False
28,Beckenham Stn,0.0,candidate_bus,4,149,High Wycombe Stn,85.0,0.0,85.0,0.0,False,False
28,Beckenham Stn,0.0,candidate_bus,4,15,West Leederville Stn,1079.0,394.0,1079.0,0.36515291936978683,False,False
28,Beckenham Stn,0.0,candidate_bus,4,150,Lakelands Stn,169.0,161.0,169.0,0.9526627218934911,False,False
28,Beckenham Stn,0.0,candidate_bus,4,153,Alkimos Stn,251.0,239.0,251.0,0.952191235059761,False,False
28,Beckenham Stn,0.0,candidate_bus,4,154,Eglinton Stn,169.0,161.0,169.0,0.9526627218934911,False,False
28,Beckenham Stn,0.0,candidate_bus,4,155,Yanchep Stn,85.0,81.0,85.0,0.9529411764705882,False,False
28,Beckenham Stn,0.0,candidate_bus,4,156,Morley Stn,409.0,462.0,409.0,1.1295843520782396,True,True
28,Beckenham Stn,0.0,candidate_bus,4,157,Noranda Stn,331.0,274.0,331.0,0.8277945619335347,False,False
28,Beckenham Stn,0.0,candidate_bus,4,158,Ballajura Stn,251.0,254.0,251.0,1.0119521912350598,True,True
28,Beckenham Stn,0.0,candidate_bus,4,159,Whiteman Park Stn,169.0,186.0,169.0,1.1005917159763314,True,True
28,Beckenham Stn,0.0,candidate_bus,4,160,Ellenbrook Stn,85.0,71.0,85.0,0.8352941176470589,False,False
28,Beckenham Stn,0.0,candidate_bus,4,164,Byford Stn,85.0,81.0,85.0,0.9529411764705882,False,False
28,Beckenham Stn,0.0,candidate_bus,4,19,Grant Street Stn,485.0,96.0,485.0,0.1979381443298969,False,False
28,Beckenham Stn,0.0,candidate_bus,4,2,Challis Stn,331.0,210.0,331.0,0.6344410876132931,False,False
28,Beckenham Stn,0.0,candidate_bus,4,22,Mciver Stn,1682.0,307.0,1682.0,0.18252080856123662,False,False
28,Beckenham Stn,0.0,candidate_bus,4,23,Bayswater Stn,1206.0,460.0,1206.0,0.3814262023217247,False,False
28,Beckenham Stn,0.0,candidate_bus,4,26,East Perth Stn,1339.0,108.0,1339.0,0.08065720687079911,False,False
28,Beckenham Stn,0.0,candidate_bus,4,31,City West Stn,1135.0,349.0,1135.0,0.307488986784141,False,False
28,Beckenham Stn,0.0,candidate_bus,4,32,Victoria Street Stn,251.0,27.0,251.0,0.10756972111553785,False,False
28,Beckenham Stn,0.0,candidate_bus,4,36,Daglish Stn,961.0,361.0,961.0,0.3756503642039542,False,False
28,Beckenham Stn,0.0,candidate_bus,4,37,Meltham Stn,1189.0,505.0,1189.0,0.4247266610597141,False,False
28,Beckenham Stn,0.0,candidate_bus,4,38,Swanbourne Stn,559.0,80.0,559.0,0.14311270125223613,False,False
28,Beckenham Stn,0.0,candidate_bus,4,4,Currambine Stn,485.0,461.0,485.0,0.9505154639175257,False,False
28,Beckenham Stn,0.0,candidate_bus,4,41,Woodbridge Stn,169.0,0.0,169.0,0.0,False,False
28,Beckenham Stn,0.0,candidate_bus,4,43,Armadale Stn,169.0,104.0,169.0,0.6153846153846154,False,False
28,Beckenham Stn,0.0,candidate_bus,4,44,Mt Lawley Stn,1291.0,108.0,1291.0,0.08365608055770721,False,False
28,Beckenham Stn,0.0,candidate_bus,4,46,Edgewater Stn,631.0,599.0,631.0,0.9492868462757528,False,False
28,Beckenham Stn,0.0,candidate_bus,4,49,Maylands Stn,1241.0,493.0,1241.0,0.3972602739726027,False,False
28,Beckenham Stn,0.0,candidate_bus,4,5,Mosman Park Stn,331.0,29.0,331.0,0.08761329305135952,False,False
28,Beckenham Stn,0.0,candidate_bus,4,50,Cottesloe Stn,409.0,31.0,409.0,0.07579462102689487,False,False
28,Beckenham Stn,0.0,candidate_bus,4,56,Perth Stn,2089.0,331.0,2089.0,0.15844901866921973,False,False
28,Beckenham Stn,0.0,candidate_bus,4,59,East Guildford Stn,251.0,0.0,251.0,0.0,False,False
28,Beckenham Stn,0.0,candidate_bus,4,6,Subiaco Stn,1021.0,391.0,1021.0,0.3829578844270323,False,False
28,Beckenham Stn,0.0,candidate_bus,4,64,Perth Underground Stn,1535.0,781.0,1535.0,0.5087947882736157,False,False
28,Beckenham Stn,0.0,candidate_bus,4,66,Sherwood Stn,251.0,155.0,251.0,0.6175298804780877,False,False
28,Beckenham Stn,0.0,candidate_bus,4,67,Seaforth Stn,485.0,0.0,485.0,0.0,False,False
28,Beckenham Stn,0.0,candidate_bus,4,68,Maddington Stn,631.0,0.0,631.0,0.0,False,False
28,Beckenham Stn,0.0,candidate_bus,4,72,Claisebrook Stn,2078.0,193.0,2078.0,0.09287776708373437,False,False
28,Beckenham Stn,0.0,candidate_bus,4,74,Warnbro Stn,251.0,239.0,251.0,0.952191235059761,False,False
28,Beckenham Stn,0.0,candidate_bus,4,8,Leederville Stn,1021.0,696.0,1021.0,0.6816846229187071,False,False
28,Beckenham Stn,0.0,candidate_bus,4,82,Bull Creek Stn,612.0,361.0,612.0,0.5898692810457516,False,False
28,Beckenham Stn,0.0,candidate_bus,4,83,Canning Bridge Stn,661.0,361.0,661.0,0.546142208774584,False,False
28,Beckenham Stn,0.0,candidate_bus,4,84,Cannington Stn,922.0,0.0,922.0,0.0,False,False
28,Beckenham Stn,0.0,candidate_bus,4,85,Clarkson Stn,409.0,389.0,409.0,0.9511002444987775,False,False
28,Beckenham Stn,0.0,candidate_bus,4,86,Cockburn Central Stn,678.0,299.0,678.0,0.4410029498525074,False,False
28,Beckenham Stn,0.0,candidate_bus,4,88,Glendalough Stn,961.0,660.0,961.0,0.6867845993756504,False,False
28,Beckenham Stn,0.0,candidate_bus,4,89,Gosnells Stn,559.0,0.0,559.0,0.0,False,False
28,Beckenham Stn,0.0,candidate_bus,4,9,Greenwood Stn,769.0,720.0,769.0,0.9362808842652796,False,False
28,Beckenham Stn,0.0,candidate_bus,4,90,Joondalup Stn,559.0,531.0,559.0,0.9499105545617174,False,False
28,Beckenham Stn,0.0,candidate_bus,4,91,Kelmscott Stn,409.0,198.0,409.0,0.4841075794621027,False,False
28,Beckenham Stn,0.0,candidate_bus,4,92,Kenwick Stn,701.0,0.0,701.0,0.0,False,False
28,Beckenham Stn,0.0,candidate_bus,4,93,Kwinana Stn,485.0,235.0,485.0,0.4845360824742268,False,False
28,Beckenham Stn,0.0,candidate_bus,4,94,Mandurah Stn,85.0,81.0,85.0,0.9529411764705882,False,False
28,Beckenham Stn,0.0,candidate_bus,4,95,Midland Stn,85.0,0.0,85.0,0.0,False,False
28,Beckenham Stn,0.0,candidate_bus,4,97,Rockingham Stn,331.0,271.0,331.0,0.8187311178247734,False,False
28,Beckenham Stn,0.0,candidate_bus,4,98,Stirling Stn,899.0,767.0,899.0,0.8531701890989989,False,False
28,Beckenham Stn,0.0,candidate_bus,4,99,Thornlie Stn,373.0,0.0,373.0,0.0,False,False
28,Beckenham Stn,0.0,candidate_bus,5,1,North Fremantle Stn,169.0,0.0,169.0,0.0,False,False
28,Beckenham Stn,0.0,candidate_bus,5,100,Warwick Stn,835.0,795.0,835.0,0.9520958083832335,False,False
28,Beckenham Stn,0.0,candidate_bus,5,101,Wellard Stn,409.0,172.0,409.0,0.42053789731051344,False,False
28,Beckenham Stn,0.0,candidate_bus,5,102,Whitfords Stn,701.0,686.0,701.0,0.978601997146933,False,False
28,Beckenham Stn,0.0,candidate_bus,5,133,Butler Stn,331.0,311.0,331.0,0.9395770392749244,False,False
28,Beckenham Stn,0.0,candidate_bus,5,135,Elizabeth Quay Stn,721.0,452.0,721.0,0.6269070735090153,False,False
28,Beckenham Stn,0.0,candidate_bus,5,138,Aubin Grove Stn,559.0,302.0,559.0,0.5402504472271914,False,False
28,Beckenham Stn,0.0,candidate_bus,5,149,High Wycombe Stn,85.0,0.0,85.0,0.0,False,False
28,Beckenham Stn,0.0,candidate_bus,5,15,West Leederville Stn,1079.0,361.0,1079.0,0.3345690454124189,False,False
28,Beckenham Stn,0.0,candidate_bus,5,150,Lakelands Stn,169.0,159.0,169.0,0.9408284023668639,False,False
28,Beckenham Stn,0.0,candidate_bus,5,153,Alkimos Stn,251.0,236.0,251.0,0.9402390438247012,False,False
28,Beckenham Stn,0.0,candidate_bus,5,154,Eglinton Stn,169.0,159.0,169.0,0.9408284023668639,False,False
28,Beckenham Stn,0.0,candidate_bus,5,155,Yanchep Stn,85.0,80.0,85.0,0.9411764705882353,False,False
28,Beckenham Stn,0.0,candidate_bus,5,157,Noranda Stn,331.0,0.0,331.0,0.0,False,False
28,Beckenham Stn,0.0,candidate_bus,5,160,Ellenbrook Stn,85.0,0.0,85.0,0.0,False,False
28,Beckenham Stn,0.0,candidate_bus,5,164,Byford Stn,85.0,80.0,85.0,0.9411764705882353,False,False
28,Beckenham Stn,0.0,candidate_bus,5,19,Grant Street Stn,485.0,95.0,485.0,0.1958762886597938,False,False
28,Beckenham Stn,0.0,candidate_bus,5,2,Challis Stn,331.0,207.0,331.0,0.6253776435045317,False,False
28,Beckenham Stn,0.0,candidate_bus,5,22,Mciver Stn,1682.0,259.0,1682.0,0.1539833531510107,False,False
28,Beckenham Stn,0.0,candidate_bus,5,23,Bayswater Stn,1206.0,57.0,1206.0,0.0472636815920398,False,False
28,Beckenham Stn,0.0,candidate_bus,5,26,East Perth Stn,1339.0,60.0,1339.0,0.04480955937266617,False,False
28,Beckenham Stn,0.0,candidate_bus,5,31,City West Stn,1135.0,316.0,1135.0,0.27841409691629954,False,False
28,Beckenham Stn,0.0,candidate_bus,5,32,Victoria Street Stn,251.0,27.0,251.0,0.10756972111553785,False,False
28,Beckenham Stn,0.0,candidate_bus,5,36,Daglish Stn,961.0,332.0,961.0,0.34547346514047866,False,False
28,Beckenham Stn,0.0,candidate_bus,5,37,Meltham Stn,1189.0,128.0,1189.0,0.10765349032800672,False,False
28,Beckenham Stn,0.0,candidate_bus,5,38,Swanbourne Stn,559.0,79.0,559.0,0.1413237924865832,False,False
28,Beckenham Stn,0.0,candidate_bus,5,4,Currambine Stn,485.0,455.0,485.0,0.9381443298969072,False,False
28,Beckenham Stn,0.0,candidate_bus,5,41,Woodbridge Stn,169.0,0.0,169.0,0.0,False,False
28,Beckenham Stn,0.0,candidate_bus,5,43,Armadale Stn,169.0,103.0,169.0,0.6094674556213018,False,False
28,Beckenham Stn,0.0,candidate_bus,5,44,Mt Lawley Stn,1291.0,60.0,1291.0,0.046475600309837335,False,False
28,Beckenham Stn,0.0,candidate_bus,5,46,Edgewater Stn,631.0,591.0,631.0,0.936608557844691,False,False
28,Beckenham Stn,0.0,candidate_bus,5,49,Maylands Stn,1241.0,119.0,1241.0,0.0958904109589041,False,False
28,Beckenham Stn,0.0,candidate_bus,5,5,Mosman Park Stn,331.0,29.0,331.0,0.08761329305135952,False,False
28,Beckenham Stn,0.0,candidate_bus,5,50,Cottesloe Stn,409.0,31.0,409.0,0.07579462102689487,False,False
28,Beckenham Stn,0.0,candidate_bus,5,56,Perth Stn,2089.0,298.0,2089.0,0.14265198659645764,False,False
28,Beckenham Stn,0.0,candidate_bus,5,59,East Guildford Stn,251.0,0.0,251.0,0.0,False,False
28,Beckenham Stn,0.0,candidate_bus,5,6,Subiaco Stn,1021.0,360.0,1021.0,0.3525954946131244,False,False
28,Beckenham Stn,0.0,candidate_bus,5,64,Perth Underground Stn,1535.0,779.0,1535.0,0.5074918566775244,False,False
28,Beckenham Stn,0.0,candidate_bus,5,66,Sherwood Stn,251.0,153.0,251.0,0.6095617529880478,False,False
28,Beckenham Stn,0.0,candidate_bus,5,67,Seaforth Stn,485.0,0.0,485.0,0.0,False,False
28,Beckenham Stn,0.0,candidate_bus,5,68,Maddington Stn,631.0,0.0,631.0,0.0,False,False
28,Beckenham Stn,0.0,candidate_bus,5,72,Claisebrook Stn,2078.0,145.0,2078.0,0.0697786333012512,False,False
28,Beckenham Stn,0.0,candidate_bus,5,74,Warnbro Stn,251.0,236.0,251.0,0.9402390438247012,False,False
28,Beckenham Stn,0.0,candidate_bus,5,8,Leederville Stn,1021.0,714.0,1021.0,0.6993143976493633,False,False
28,Beckenham Stn,0.0,candidate_bus,5,82,Bull Creek Stn,612.0,353.0,612.0,0.576797385620915,False,False
28,Beckenham Stn,0.0,candidate_bus,5,83,Canning Bridge Stn,661.0,353.0,661.0,0.5340393343419062,False,False
28,Beckenham Stn,0.0,candidate_bus,5,84,Cannington Stn,922.0,0.0,922.0,0.0,False,False
28,Beckenham Stn,0.0,candidate_bus,5,85,Clarkson Stn,409.0,384.0,409.0,0.9388753056234719,False,False
28,Beckenham Stn,0.0,candidate_bus,5,86,Cockburn Central Stn,678.0,296.0,678.0,0.4365781710914454,False,False
28,Beckenham Stn,0.0,candidate_bus,5,88,Glendalough Stn,961.0,680.0,961.0,0.7075962539021852,False,False
28,Beckenham Stn,0.0,candidate_bus,5,89,Gosnells Stn,559.0,0.0,559.0,0.0,False,False
28,Beckenham Stn,0.0,candidate_bus,5,9,Greenwood Stn,769.0,731.0,769.0,0.9505851755526658,False,False
28,Beckenham Stn,0.0,candidate_bus,5,90,Joondalup Stn,559.0,524.0,559.0,0.9373881932021467,False,False
28,Beckenham Stn,0.0,candidate_bus,5,91,Kelmscott Stn,409.0,195.0,409.0,0.4767726161369193,False,False
28,Beckenham Stn,0.0,candidate_bus,5,92,Kenwick Stn,701.0,0.0,701.0,0.0,False,False
28,Beckenham Stn,0.0,candidate_bus,5,93,Kwinana Stn,485.0,233.0,485.0,0.48041237113402063,False,False
28,Beckenham Stn,0.0,candidate_bus,5,94,Mandurah Stn,85.0,80.0,85.0,0.9411764705882353,False,False
28,Beckenham Stn,0.0,candidate_bus,5,95,Midland Stn,85.0,0.0,85.0,0.0,False,False
28,Beckenham Stn,0.0,candidate_bus,5,97,Rockingham Stn,331.0,268.0,331.0,0.8096676737160121,False,False
28,Beckenham Stn,0.0,candidate_bus,5,98,Stirling Stn,899.0,816.0,899.0,0.9076751946607341,False,False
28,Beckenham Stn,0.0,candidate_bus,5,99,Thornlie Stn,373.0,0.0,373.0,0.0,False,False
28,Beckenham Stn,0.2,rail_only,0,1,North Fremantle Stn,169.0,149.0,202.79999999999998,0.7347140039447733,False,False
28,Beckenham Stn,0.2,rail_only,0,100,Warwick Stn,835.0,725.0,1002.0,0.7235528942115769,False,False
28,Beckenham Stn,0.2,rail_only,0,101,Wellard Stn,409.0,359.0,490.79999999999995,0.7314588427057865,False,False
28,Beckenham Stn,0.2,rail_only,0,102,Whitfords Stn,701.0,611.0,841.1999999999999,0.7263433190679982,False,False
28,Beckenham Stn,0.2,rail_only,0,12,Queens Park Stn,961.0,149.0,1153.2,0.1292056885189039,False,False
28,Beckenham Stn,0.2,rail_only,0,133,Butler Stn,331.0,291.0,397.2,0.7326283987915408,False,False
28,Beckenham Stn,0.2,rail_only,0,135,Elizabeth Quay Stn,721.0,929.0,865.1999999999999,1.0737401756819234,True,True
28,Beckenham Stn,0.2,rail_only,0,138,Aubin Grove Stn,559.0,489.0,670.8,0.7289803220035779,False,False
28,Beckenham Stn,0.2,rail_only,0,140,Perth Stadium Stn,1140.0,489.0,1368.0,0.3574561403508772,False,False
28,Beckenham Stn,0.2,rail_only,0,147,Redcliffe Stn,251.0,221.0,301.2,0.7337317397078353,False,False
28,Beckenham Stn,0.2,rail_only,0,148,Airport Central Stn,169.0,149.0,202.79999999999998,0.7347140039447733,False,False
28,Beckenham Stn,0.2,rail_only,0,149,High Wycombe Stn,85.0,75.0,102.0,0.7352941176470589,False,False
28,Beckenham Stn,0.2,rail_only,0,15,West Leederville Stn,1079.0,929.0,1294.8,0.7174853259190609,False,False
28,Beckenham Stn,0.2,rail_only,0,150,Lakelands Stn,169.0,149.0,202.79999999999998,0.7347140039447733,False,False
28,Beckenham Stn,0.2,rail_only,0,153,Alkimos Stn,251.0,221.0,301.2,0.7337317397078353,False,False
28,Beckenham Stn,0.2,rail_only,0,154,Eglinton Stn,169.0,149.0,202.79999999999998,0.7347140039447733,False,False
28,Beckenham Stn,0.2,rail_only,0,155,Yanchep Stn,85.0,75.0,102.0,0.7352941176470589,False,False
28,Beckenham Stn,0.2,rail_only,0,156,Morley Stn,409.0,359.0,490.79999999999995,0.7314588427057865,False,False
28,Beckenham Stn,0.2,rail_only,0,157,Noranda Stn,331.0,291.0,397.2,0.7326283987915408,False,False
28,Beckenham Stn,0.2,rail_only,0,158,Ballajura Stn,251.0,221.0,301.2,0.7337317397078353,False,False
28,Beckenham Stn,0.2,rail_only,0,159,Whiteman Park Stn,169.0,149.0,202.79999999999998,0.7347140039447733,False,False
28,Beckenham Stn,0.2,rail_only,0,16,Showgrounds Stn,701.0,611.0,841.1999999999999,0.7263433190679982,False,False
28,Beckenham Stn,0.2,rail_only,0,160,Ellenbrook Stn,85.0,75.0,102.0,0.7352941176470589,False,False
28,Beckenham Stn,0.2,rail_only,0,162,Nicholson Rd Stn,313.0,149.0,375.59999999999997,0.3966986155484558,False,False
28,Beckenham Stn,0.2,rail_only,0,163,Ranford Rd Stn,266.0,221.0,319.2,0.6923558897243108,False,False
28,Beckenham Stn,0.2,rail_only,0,164,Byford Stn,85.0,8.0,102.0,0.0784313725490196,False,False
28,Beckenham Stn,0.2,rail_only,0,17,Shenton Park Stn,899.0,779.0,1078.8,0.7220986281053022,False,False
28,Beckenham Stn,0.2,rail_only,0,19,Grant Street Stn,485.0,425.0,582.0,0.7302405498281787,False,False
28,Beckenham Stn,0.2,rail_only,0,2,Challis Stn,331.0,23.0,397.2,0.057905337361530716,False,False
28,Beckenham Stn,0.2,rail_only,0,22,Mciver Stn,1682.0,1391.0,2018.3999999999999,0.6891597304795878,False,False
28,Beckenham Stn,0.2,rail_only,0,23,Bayswater Stn,1206.0,1046.0,1447.2,0.7227750138197899,False,False
28,Beckenham Stn,0.2,rail_only,0,24,Guildford Stn,331.0,291.0,397.2,0.7326283987915408,False,False
28,Beckenham Stn,0.2,rail_only,0,26,East Perth Stn,1339.0,1139.0,1606.8,0.7088623350759273,False,False
28,Beckenham Stn,0.2,rail_only,0,30,Claremont Stn,631.0,551.0,757.1999999999999,0.7276809297411517,False,False
28,Beckenham Stn,0.2,rail_only,0,31,City West Stn,1135.0,975.0,1362.0,0.7158590308370044,False,False
28,Beckenham Stn,0.2,rail_only,0,32,Victoria Street Stn,251.0,221.0,301.2,0.7337317397078353,False,False
28,Beckenham Stn,0.2,rail_only,0,33,Burswood Stn,1108.0,425.0,1329.6,0.3196450060168472,False,False
28,Beckenham Stn,0.2,rail_only,0,34,Success Hill Stn,409.0,359.0,490.79999999999995,0.7314588427057865,False,False
28,Beckenham Stn,0.2,rail_only,0,36,Daglish Stn,961.0,831.0,1153.2,0.7206035379812695,False,False
28,Beckenham Stn,0.2,rail_only,0,37,Meltham Stn,1189.0,1019.0,1426.8,0.7141855901317634,False,False
28,Beckenham Stn,0.2,rail_only,0,38,Swanbourne Stn,559.0,489.0,670.8,0.7289803220035779,False,False
28,Beckenham Stn,0.2,rail_only,0,39,Bassendean Stn,485.0,425.0,582.0,0.7302405498281787,False,False
28,Beckenham Stn,0.2,rail_only,0,4,Currambine Stn,485.0,425.0,582.0,0.7302405498281787,False,False
28,Beckenham Stn,0.2,rail_only,0,41,Woodbridge Stn,169.0,149.0,202.79999999999998,0.7347140039447733,False,False
28,Beckenham Stn,0.2,rail_only,0,42,Loch Street Stn,769.0,669.0,922.8,0.7249674902470742,False,False
28,Beckenham Stn,0.2,rail_only,0,43,Armadale Stn,169.0,15.0,202.79999999999998,0.07396449704142012,False,False
28,Beckenham Stn,0.2,rail_only,0,44,Mt Lawley Stn,1291.0,1101.0,1549.2,0.7106893880712626,False,False
28,Beckenham Stn,0.2,rail_only,0,46,Edgewater Stn,631.0,551.0,757.1999999999999,0.7276809297411517,False,False
28,Beckenham Stn,0.2,rail_only,0,48,Victoria Park Stn,1074.0,359.0,1288.8,0.27855369335816266,False,False
28,Beckenham Stn,0.2,rail_only,0,49,Maylands Stn,1241.0,1061.0,1489.2,0.7124630674187483,False,False
28,Beckenham Stn,0.2,rail_only,0,5,Mosman Park Stn,331.0,291.0,397.2,0.7326283987915408,False,False
28,Beckenham Stn,0.2,rail_only,0,50,Cottesloe Stn,409.0,359.0,490.79999999999995,0.7314588427057865,False,False
28,Beckenham Stn,0.2,rail_only,0,56,Perth Stn,2089.0,1859.0,2506.7999999999997,0.741582894526887,False,False
28,Beckenham Stn,0.2,rail_only,0,58,Carlisle Stn,1038.0,291.0,1245.6,0.2336223506743738,False,False
28,Beckenham Stn,0.2,rail_only,0,59,East Guildford Stn,251.0,221.0,301.2,0.7337317397078353,False,False
28,Beckenham Stn,0.2,rail_only,0,6,Subiaco Stn,1021.0,881.0,1225.2,0.7190662748938949,False,False
28,Beckenham Stn,0.2,rail_only,0,64,Perth Underground Stn,1535.0,1573.0,1842.0,0.8539630836047775,False,False
28,Beckenham Stn,0.2,rail_only,0,66,Sherwood Stn,251.0,20.0,301.2,0.06640106241699867,False,False
28,Beckenham Stn,0.2,rail_only,0,67,Seaforth Stn,485.0,23.0,582.0,0.03951890034364261,False,False
28,Beckenham Stn,0.2,rail_only,0,68,Maddington Stn,631.0,15.0,757.1999999999999,0.019809825673534075,False,False
28,Beckenham Stn,0.2,rail_only,0,7,Ashfield Stn,559.0,489.0,670.8,0.7289803220035779,False,False
28,Beckenham Stn,0.2,rail_only,0,72,Claisebrook Stn,2078.0,1511.0,2493.6,0.6059512351620148,False,False
28,Beckenham Stn,0.2,rail_only,0,73,Oats Street Stn,1000.0,221.0,1200.0,0.18416666666666667,False,False
28,Beckenham Stn,0.2,rail_only,0,74,Warnbro Stn,251.0,221.0,301.2,0.7337317397078353,False,False
28,Beckenham Stn,0.2,rail_only,0,76,Karrakatta Stn,835.0,725.0,1002.0,0.7235528942115769,False,False
28,Beckenham Stn,0.2,rail_only,0,8,Leederville Stn,1021.0,881.0,1225.2,0.7190662748938949,False,False
28,Beckenham Stn,0.2,rail_only,0,82,Bull Creek Stn,612.0,831.0,734.4,1.1315359477124183,True,True
28,Beckenham Stn,0.2,rail_only,0,83,Canning Bridge Stn,661.0,881.0,793.1999999999999,1.1106908724155322,True,True
28,Beckenham Stn,0.2,rail_only,0,84,Cannington Stn,922.0,75.0,1106.3999999999999,0.06778741865509762,False,False
28,Beckenham Stn,0.2,rail_only,0,85,Clarkson Stn,409.0,359.0,490.79999999999995,0.7314588427057865,False,False
28,Beckenham Stn,0.2,rail_only,0,86,Cockburn Central Stn,678.0,746.0,813.6,0.9169124877089478,False,False
28,Beckenham Stn,0.2,rail_only,0,87,Fremantle Stn,85.0,75.0,102.0,0.7352941176470589,False,False
28,Beckenham Stn,0.2,rail_only,0,88,Glendalough Stn,961.0,831.0,1153.2,0.7206035379812695,False,False
28,Beckenham Stn,0.2,rail_only,0,89,Gosnells Stn,559.0,20.0,670.8,0.029815146094215865,False,False
28,Beckenham Stn,0.2,rail_only,0,9,Greenwood Stn,769.0,669.0,922.8,0.7249674902470742,False,False
28,Beckenham Stn,0.2,rail_only,0,90,Joondalup Stn,559.0,489.0,670.8,0.7289803220035779,False,False
28,Beckenham Stn,0.2,rail_only,0,91,Kelmscott Stn,409.0,24.0,490.79999999999995,0.0488997555012225,False,False
28,Beckenham Stn,0.2,rail_only,0,92,Kenwick Stn,701.0,8.0,841.1999999999999,0.009510223490252021,False,False
28,Beckenham Stn,0.2,rail_only,0,93,Kwinana Stn,485.0,425.0,582.0,0.7302405498281787,False,False
28,Beckenham Stn,0.2,rail_only,0,94,Mandurah Stn,85.0,75.0,102.0,0.7352941176470589,False,False
28,Beckenham Stn,0.2,rail_only,0,95,Midland Stn,85.0,75.0,102.0,0.7352941176470589,False,False
28,Beckenham Stn,0.2,rail_only,0,96,Murdoch Stn,573.0,779.0,687.6,1.1329261198371146,True,True
28,Beckenham Stn,0.2,rail_only,0,97,Rockingham Stn,331.0,291.0,397.2,0.7326283987915408,False,False
28,Beckenham Stn,0.2,rail_only,0,98,Stirling Stn,899.0,779.0,1078.8,0.7220986281053022,False,False
28,Beckenham Stn,0.2,rail_only,0,99,Thornlie Stn,373.0,75.0,447.59999999999997,0.1675603217158177,False,False
28,Beckenham Stn,0.2,rail_only,1,1,North Fremantle Stn,169.0,119.0,202.79999999999998,0.5867850098619329,False,False
28,Beckenham Stn,0.2,rail_only,1,100,Warwick Stn,835.0,560.0,1002.0,0.5588822355289421,False,False
28,Beckenham Stn,0.2,rail_only,1,101,Wellard Stn,409.0,34.0,490.79999999999995,0.06927465362673187,False,False
28,Beckenham Stn,0.2,rail_only,1,102,Whitfords Stn,701.0,476.0,841.1999999999999,0.5658582976699953,False,False
28,Beckenham Stn,0.2,rail_only,1,12,Queens Park Stn,961.0,119.0,1153.2,0.10319112036073534,False,False
28,Beckenham Stn,0.2,rail_only,1,133,Butler Stn,331.0,231.0,397.2,0.581570996978852,False,False
28,Beckenham Stn,0.2,rail_only,1,138,Aubin Grove Stn,559.0,34.0,670.8,0.05068574836016697,False,False
28,Beckenham Stn,0.2,rail_only,1,140,Perth Stadium Stn,1140.0,384.0,1368.0,0.2807017543859649,False,False
28,Beckenham Stn,0.2,rail_only,1,147,Redcliffe Stn,251.0,176.0,301.2,0.5843293492695883,False,False
28,Beckenham Stn,0.2,rail_only,1,148,Airport Central Stn,169.0,119.0,202.79999999999998,0.5867850098619329,False,False
28,Beckenham Stn,0.2,rail_only,1,149,High Wycombe Stn,85.0,60.0,102.0,0.5882352941176471,False,False
28,Beckenham Stn,0.2,rail_only,1,15,West Leederville Stn,1079.0,704.0,1294.8,0.5437133147976522,False,False
28,Beckenham Stn,0.2,rail_only,1,150,Lakelands Stn,169.0,19.0,202.79999999999998,0.09368836291913216,False,False
28,Beckenham Stn,0.2,rail_only,1,153,Alkimos Stn,251.0,176.0,301.2,0.5843293492695883,False,False
28,Beckenham Stn,0.2,rail_only,1,154,Eglinton Stn,169.0,119.0,202.79999999999998,0.5867850098619329,False,False
28,Beckenham Stn,0.2,rail_only,1,155,Yanchep Stn,85.0,60.0,102.0,0.5882352941176471,False,False
28,Beckenham Stn,0.2,rail_only,1,156,Morley Stn,409.0,284.0,490.79999999999995,0.5786471067644662,False,False
28,Beckenham Stn,0.2,rail_only,1,157,Noranda Stn,331.0,231.0,397.2,0.581570996978852,False,False
28,Beckenham Stn,0.2,rail_only,1,158,Ballajura Stn,251.0,176.0,301.2,0.5843293492695883,False,False
28,Beckenham Stn,0.2,rail_only,1,159,Whiteman Park Stn,169.0,119.0,202.79999999999998,0.5867850098619329,False,False
28,Beckenham Stn,0.2,rail_only,1,16,Showgrounds Stn,701.0,476.0,841.1999999999999,0.5658582976699953,False,False
28,Beckenham Stn,0.2,rail_only,1,160,Ellenbrook Stn,85.0,60.0,102.0,0.5882352941176471,False,False
28,Beckenham Stn,0.2,rail_only,1,162,Nicholson Rd Stn,313.0,19.0,375.59999999999997,0.050585729499467526,False,False
28,Beckenham Stn,0.2,rail_only,1,163,Ranford Rd Stn,266.0,26.0,319.2,0.08145363408521304,False,False
28,Beckenham Stn,0.2,rail_only,1,164,Byford Stn,85.0,8.0,102.0,0.0784313725490196,False,False
28,Beckenham Stn,0.2,rail_only,1,17,Shenton Park Stn,899.0,599.0,1078.8,0.5552465702632555,False,False
28,Beckenham Stn,0.2,rail_only,1,19,Grant Street Stn,485.0,335.0,582.0,0.5756013745704467,False,False
28,Beckenham Stn,0.2,rail_only,1,2,Challis Stn,331.0,23.0,397.2,0.057905337361530716,False,False
28,Beckenham Stn,0.2,rail_only,1,22,Mciver Stn,1682.0,956.0,2018.3999999999999,0.47364248910027745,False,False
28,Beckenham Stn,0.2,rail_only,1,23,Bayswater Stn,1206.0,806.0,1447.2,0.5569375345494748,False,False
28,Beckenham Stn,0.2,rail_only,1,24,Guildford Stn,331.0,231.0,397.2,0.581570996978852,False,False
28,Beckenham Stn,0.2,rail_only,1,26,East Perth Stn,1339.0,839.0,1606.8,0.5221558376898183,False,False
28,Beckenham Stn,0.2,rail_only,1,30,Claremont Stn,631.0,431.0,757.1999999999999,0.5692023243528791,False,False
28,Beckenham Stn,0.2,rail_only,1,31,City West Stn,1135.0,735.0,1362.0,0.539647577092511,False,False
28,Beckenham Stn,0.2,rail_only,1,32,Victoria Street Stn,251.0,176.0,301.2,0.5843293492695883,False,False
28,Beckenham Stn,0.2,rail_only,1,33,Burswood Stn,1108.0,335.0,1329.6,0.2519554753309266,False,False
28,Beckenham Stn,0.2,rail_only,1,34,Success Hill Stn,409.0,284.0,490.79999999999995,0.5786471067644662,False,False
28,Beckenham Stn,0.2,rail_only,1,36,Daglish Stn,961.0,636.0,1153.2,0.5515088449531738,False,False
28,Beckenham Stn,0.2,rail_only,1,37,Meltham Stn,1189.0,764.0,1426.8,0.5354639753294085,False,False
28,Beckenham Stn,0.2,rail_only,1,38,Swanbourne Stn,559.0,384.0,670.8,0.5724508050089446,False,False
28,Beckenham Stn,0.2,rail_only,1,39,Bassendean Stn,485.0,335.0,582.0,0.5756013745704467,False,False
28,Beckenham Stn,0.2,rail_only,1,4,Currambine Stn,485.0,335.0,582.0,0.5756013745704467,False,False
28,Beckenham Stn,0.2,rail_only,1,41,Woodbridge Stn,169.0,119.0,202.79999999999998,0.5867850098619329,False,False
28,Beckenham Stn,0.2,rail_only,1,42,Loch Street Stn,769.0,519.0,922.8,0.5624187256176854,False,False
28,Beckenham Stn,0.2,rail_only,1,43,Armadale Stn,169.0,15.0,202.79999999999998,0.07396449704142012,False,False
28,Beckenham Stn,0.2,rail_only,1,44,Mt Lawley Stn,1291.0,816.0,1549.2,0.5267234701781565,False,False
28,Beckenham Stn,0.2,rail_only,1,46,Edgewater Stn,631.0,431.0,757.1999999999999,0.5692023243528791,False,False
28,Beckenham Stn,0.2,rail_only,1,48,Victoria Park Stn,1074.0,284.0,1288.8,0.2203600248292986,False,False
28,Beckenham Stn,0.2,rail_only,1,49,Maylands Stn,1241.0,791.0,1489.2,0.5311576685468707,False,False
28,Beckenham Stn,0.2,rail_only,1,5,Mosman Park Stn,331.0,231.0,397.2,0.581570996978852,False,False
28,Beckenham Stn,0.2,rail_only,1,50,Cottesloe Stn,409.0,284.0,490.79999999999995,0.5786471067644662,False,False
28,Beckenham Stn,0.2,rail_only,1,56,Perth Stn,2089.0,1184.0,2506.7999999999997,0.47231530237753316,False,False
28,Beckenham Stn,0.2,rail_only,1,58,Carlisle Stn,1038.0,231.0,1245.6,0.18545279383429675,False,False
28,Beckenham Stn,0.2,rail_only,1,59,East Guildford Stn,251.0,176.0,301.2,0.5843293492695883,False,False
28,Beckenham Stn,0.2,rail_only,1,6,Subiaco Stn,1021.0,671.0,1225.2,0.5476656872347372,False,False
28,Beckenham Stn,0.2,rail_only,1,64,Perth Underground Stn,1535.0,658.0,1842.0,0.3572204125950054,False,False
28,Beckenham Stn,0.2,rail_only,1,66,Sherwood Stn,251.0,20.0,301.2,0.06640106241699867,False,False
28,Beckenham Stn,0.2,rail_only,1,67,Seaforth Stn,485.0,23.0,582.0,0.03951890034364261,False,False
28,Beckenham Stn,0.2,rail_only,1,68,Maddington Stn,631.0,15.0,757.1999999999999,0.019809825673534075,False,False
28,Beckenham Stn,0.2,rail_only,1,7,Ashfield Stn,559.0,384.0,670.8,0.5724508050089446,False,False
28,Beckenham Stn,0.2,rail_only,1,72,Claisebrook Stn,2078.0,1091.0,2493.6,0.4375200513314084,False,False
28,Beckenham Stn,0.2,rail_only,1,73,Oats Street Stn,1000.0,176.0,1200.0,0.14666666666666667,False,False
28,Beckenham Stn,0.2,rail_only,1,74,Warnbro Stn,251.0,26.0,301.2,0.08632138114209828,False,False
28,Beckenham Stn,0.2,rail_only,1,76,Karrakatta Stn,835.0,560.0,1002.0,0.5588822355289421,False,False
28,Beckenham Stn,0.2,rail_only,1,8,Leederville Stn,1021.0,671.0,1225.2,0.5476656872347372,False,False
28,Beckenham Stn,0.2,rail_only,1,84,Cannington Stn,922.0,60.0,1106.3999999999999,0.0542299349240781,False,False
28,Beckenham Stn,0.2,rail_only,1,85,Clarkson Stn,409.0,284.0,490.79999999999995,0.5786471067644662,False,False
28,Beckenham Stn,0.2,rail_only,1,86,Cockburn Central Stn,678.0,31.0,813.6,0.038102261553588986,False,False
28,Beckenham Stn,0.2,rail_only,1,87,Fremantle Stn,85.0,60.0,102.0,0.5882352941176471,False,False
28,Beckenham Stn,0.2,rail_only,1,88,Glendalough Stn,961.0,636.0,1153.2,0.5515088449531738,False,False
28,Beckenham Stn,0.2,rail_only,1,89,Gosnells Stn,559.0,20.0,670.8,0.029815146094215865,False,False
28,Beckenham Stn,0.2,rail_only,1,9,Greenwood Stn,769.0,519.0,922.8,0.5624187256176854,False,False
28,Beckenham Stn,0.2,rail_only,1,90,Joondalup Stn,559.0,384.0,670.8,0.5724508050089446,False,False
28,Beckenham Stn,0.2,rail_only,1,91,Kelmscott Stn,409.0,24.0,490.79999999999995,0.0488997555012225,False,False
28,Beckenham Stn,0.2,rail_only,1,92,Kenwick Stn,701.0,8.0,841.1999999999999,0.009510223490252021,False,False
28,Beckenham Stn,0.2,rail_only,1,93,Kwinana Stn,485.0,35.0,582.0,0.06013745704467354,False,False
28,Beckenham Stn,0.2,rail_only,1,94,Mandurah Stn,85.0,10.0,102.0,0.09803921568627451,False,False
28,Beckenham Stn,0.2,rail_only,1,95,Midland Stn,85.0,60.0,102.0,0.5882352941176471,False,False
28,Beckenham Stn,0.2,rail_only,1,97,Rockingham Stn,331.0,31.0,397.2,0.07804632426988922,False,False
28,Beckenham Stn,0.2,rail_only,1,98,Stirling Stn,899.0,599.0,1078.8,0.5552465702632555,False,False
28,Beckenham Stn,0.2,rail_only,1,99,Thornlie Stn,373.0,10.0,447.59999999999997,0.022341376228775696,False,False
28,Beckenham Stn,0.2,manual_bus,0,1,North Fremantle Stn,169.0,149.0,202.79999999999998,0.7347140039447733,False,False
28,Beckenham Stn,0.2,manual_bus,0,100,Warwick Stn,835.0,725.0,1002.0,0.7235528942115769,False,False
28,Beckenham Stn,0.2,manual_bus,0,101,Wellard Stn,409.0,359.0,490.79999999999995,0.7314588427057865,False,False
28,Beckenham Stn,0.2,manual_bus,0,102,Whitfords Stn,701.0,611.0,841.1999999999999,0.7263433190679982,False,False
28,Beckenham Stn,0.2,manual_bus,0,12,Queens Park Stn,961.0,149.0,1153.2,0.1292056885189039,False,False
28,Beckenham Stn,0.2,manual_bus,0,133,Butler Stn,331.0,291.0,397.2,0.7326283987915408,False,False
28,Beckenham Stn,0.2,manual_bus,0,135,Elizabeth Quay Stn,721.0,929.0,865.1999999999999,1.0737401756819234,True,True
28,Beckenham Stn,0.2,manual_bus,0,138,Aubin Grove Stn,559.0,489.0,670.8,0.7289803220035779,False,False
28,Beckenham Stn,0.2,manual_bus,0,140,Perth Stadium Stn,1140.0,489.0,1368.0,0.3574561403508772,False,False
28,Beckenham Stn,0.2,manual_bus,0,147,Redcliffe Stn,251.0,221.0,301.2,0.7337317397078353,False,False
28,Beckenham Stn,0.2,manual_bus,0,148,Airport Central Stn,169.0,149.0,202.79999999999998,0.7347140039447733,False,False
28,Beckenham Stn,0.2,manual_bus,0,149,High Wycombe Stn,85.0,75.0,102.0,0.7352941176470589,False,False
28,Beckenham Stn,0.2,manual_bus,0,15,West Leederville Stn,1079.0,929.0,1294.8,0.7174853259190609,False,False
28,Beckenham Stn,0.2,manual_bus,0,150,Lakelands Stn,169.0,149.0,202.79999999999998,0.7347140039447733,False,False
28,Beckenham Stn,0.2,manual_bus,0,153,Alkimos Stn,251.0,221.0,301.2,0.7337317397078353,False,False
28,Beckenham Stn,0.2,manual_bus,0,154,Eglinton Stn,169.0,149.0,202.79999999999998,0.7347140039447733,False,False
28,Beckenham Stn,0.2,manual_bus,0,155,Yanchep Stn,85.0,75.0,102.0,0.7352941176470589,False,False
28,Beckenham Stn,0.2,manual_bus,0,156,Morley Stn,409.0,359.0,490.79999999999995,0.7314588427057865,False,False
28,Beckenham Stn,0.2,manual_bus,0,157,Noranda Stn,331.0,291.0,397.2,0.7326283987915408,False,False
28,Beckenham Stn,0.2,manual_bus,0,158,Ballajura Stn,251.0,221.0,301.2,0.7337317397078353,False,False
28,Beckenham Stn,0.2,manual_bus,0,159,Whiteman Park Stn,169.0,149.0,202.79999999999998,0.7347140039447733,False,False
28,Beckenham Stn,0.2,manual_bus,0,16,Showgrounds Stn,701.0,611.0,841.1999999999999,0.7263433190679982,False,False
28,Beckenham Stn,0.2,manual_bus,0,160,Ellenbrook Stn,85.0,75.0,102.0,0.7352941176470589,False,False
28,Beckenham Stn,0.2,manual_bus,0,162,Nicholson Rd Stn,313.0,149.0,375.59999999999997,0.3966986155484558,False,False
28,Beckenham Stn,0.2,manual_bus,0,163,Ranford Rd Stn,266.0,221.0,319.2,0.6923558897243108,False,False
28,Beckenham Stn,0.2,manual_bus,0,164,Byford Stn,85.0,8.0,102.0,0.0784313725490196,False,False
28,Beckenham Stn,0.2,manual_bus,0,17,Shenton Park Stn,899.0,779.0,1078.8,0.7220986281053022,False,False
28,Beckenham Stn,0.2,manual_bus,0,19,Grant Street Stn,485.0,425.0,582.0,0.7302405498281787,False,False
28,Beckenham Stn,0.2,manual_bus,0,2,Challis Stn,331.0,23.0,397.2,0.057905337361530716,False,False
28,Beckenham Stn,0.2,manual_bus,0,22,Mciver Stn,1682.0,1391.0,2018.3999999999999,0.6891597304795878,False,False
28,Beckenham Stn,0.2,manual_bus,0,23,Bayswater Stn,1206.0,1046.0,1447.2,0.7227750138197899,False,False
28,Beckenham Stn,0.2,manual_bus,0,24,Guildford Stn,331.0,291.0,397.2,0.7326283987915408,False,False
28,Beckenham Stn,0.2,manual_bus,0,26,East Perth Stn,1339.0,1139.0,1606.8,0.7088623350759273,False,False
28,Beckenham Stn,0.2,manual_bus,0,30,Claremont Stn,631.0,551.0,757.1999999999999,0.7276809297411517,False,False
28,Beckenham Stn,0.2,manual_bus,0,31,City West Stn,1135.0,975.0,1362.0,0.7158590308370044,False,False
28,Beckenham Stn,0.2,manual_bus,0,32,Victoria Street Stn,251.0,221.0,301.2,0.7337317397078353,False,False
28,Beckenham Stn,0.2,manual_bus,0,33,Burswood Stn,1108.0,425.0,1329.6,0.3196450060168472,False,False
28,Beckenham Stn,0.2,manual_bus,0,34,Success Hill Stn,409.0,359.0,490.79999999999995,0.7314588427057865,False,False
28,Beckenham Stn,0.2,manual_bus,0,36,Daglish Stn,961.0,831.0,1153.2,0.7206035379812695,False,False
28,Beckenham Stn,0.2,manual_bus,0,37,Meltham Stn,1189.0,1019.0,1426.8,0.7141855901317634,False,False
28,Beckenham Stn,0.2,manual_bus,0,38,Swanbourne Stn,559.0,489.0,670.8,0.7289803220035779,False,False
28,Beckenham Stn,0.2,manual_bus,0,39,Bassendean Stn,485.0,425.0,582.0,0.7302405498281787,False,False
28,Beckenham Stn,0.2,manual_bus,0,4,Currambine Stn,485.0,425.0,582.0,0.7302405498281787,False,False
28,Beckenham Stn,0.2,manual_bus,0,41,Woodbridge Stn,169.0,149.0,202.79999999999998,0.7347140039447733,False,False
28,Beckenham Stn,0.2,manual_bus,0,42,Loch Street Stn,769.0,669.0,922.8,0.7249674902470742,False,False
28,Beckenham Stn,0.2,manual_bus,0,43,Armadale Stn,169.0,15.0,202.79999999999998,0.07396449704142012,False,False
28,Beckenham Stn,0.2,manual_bus,0,44,Mt Lawley Stn,1291.0,1101.0,1549.2,0.7106893880712626,False,False
28,Beckenham Stn,0.2,manual_bus,0,46,Edgewater Stn,631.0,551.0,757.1999999999999,0.7276809297411517,False,False
28,Beckenham Stn,0.2,manual_bus,0,48,Victoria Park Stn,1074.0,359.0,1288.8,0.27855369335816266,False,False
28,Beckenham Stn,0.2,manual_bus,0,49,Maylands Stn,1241.0,1061.0,1489.2,0.7124630674187483,False,False
28,Beckenham Stn,0.2,manual_bus,0,5,Mosman Park Stn,331.0,291.0,397.2,0.7326283987915408,False,False
28,Beckenham Stn,0.2,manual_bus,0,50,Cottesloe Stn,409.0,359.0,490.79999999999995,0.7314588427057865,False,False
28,Beckenham Stn,0.2,manual_bus,0,56,Perth Stn,2089.0,1859.0,2506.7999999999997,0.741582894526887,False,False
28,Beckenham Stn,0.2,manual_bus,0,58,Carlisle Stn,1038.0,291.0,1245.6,0.2336223506743738,False,False
28,Beckenham Stn,0.2,manual_bus,0,59,East Guildford Stn,251.0,221.0,301.2,0.7337317397078353,False,False
28,Beckenham Stn,0.2,manual_bus,0,6,Subiaco Stn,1021.0,881.0,1225.2,0.7190662748938949,False,False
28,Beckenham Stn,0.2,manual_bus,0,64,Perth Underground Stn,1535.0,1573.0,1842.0,0.8539630836047775,False,False
28,Beckenham Stn,0.2,manual_bus,0,66,Sherwood Stn,251.0,20.0,301.2,0.06640106241699867,False,False
28,Beckenham Stn,0.2,manual_bus,0,67,Seaforth Stn,485.0,23.0,582.0,0.03951890034364261,False,False
28,Beckenham Stn,0.2,manual_bus,0,68,Maddington Stn,631.0,15.0,757.1999999999999,0.019809825673534075,False,False
28,Beckenham Stn,0.2,manual_bus,0,7,Ashfield Stn,559.0,489.0,670.8,0.7289803220035779,False,False
28,Beckenham Stn,0.2,manual_bus,0,72,Claisebrook Stn,2078.0,1511.0,2493.6,0.6059512351620148,False,False
28,Beckenham Stn,0.2,manual_bus,0,73,Oats Street Stn,1000.0,221.0,1200.0,0.18416666666666667,False,False
28,Beckenham Stn,0.2,manual_bus,0,74,Warnbro Stn,251.0,221.0,301.2,0.7337317397078353,False,False
28,Beckenham Stn,0.2,manual_bus,0,76,Karrakatta Stn,835.0,725.0,1002.0,0.7235528942115769,False,False
28,Beckenham Stn,0.2,manual_bus,0,8,Leederville Stn,1021.0,881.0,1225.2,0.7190662748938949,False,False
28,Beckenham Stn,0.2,manual_bus,0,82,Bull Creek Stn,612.0,831.0,734.4,1.1315359477124183,True,True
28,Beckenham Stn,0.2,manual_bus,0,83,Canning Bridge Stn,661.0,881.0,793.1999999999999,1.1106908724155322,True,True
28,Beckenham Stn,0.2,manual_bus,0,84,Cannington Stn,922.0,75.0,1106.3999999999999,0.06778741865509762,False,False
28,Beckenham Stn,0.2,manual_bus,0,85,Clarkson Stn,409.0,359.0,490.79999999999995,0.7314588427057865,False,False
28,Beckenham Stn,0.2,manual_bus,0,86,Cockburn Central Stn,678.0,746.0,813.6,0.9169124877089478,False,False
28,Beckenham Stn,0.2,manual_bus,0,87,Fremantle Stn,85.0,75.0,102.0,0.7352941176470589,False,False
28,Beckenham Stn,0.2,manual_bus,0,88,Glendalough Stn,961.0,831.0,1153.2,0.7206035379812695,False,False
28,Beckenham Stn,0.2,manual_bus,0,89,Gosnells Stn,559.0,20.0,670.8,0.029815146094215865,False,False
28,Beckenham Stn,0.2,manual_bus,0,9,Greenwood Stn,769.0,669.0,922.8,0.7249674902470742,False,False
28,Beckenham Stn,0.2,manual_bus,0,90,Joondalup Stn,559.0,489.0,670.8,0.7289803220035779,False,False
28,Beckenham Stn,0.2,manual_bus,0,91,Kelmscott Stn,409.0,24.0,490.79999999999995,0.0488997555012225,False,False
28,Beckenham Stn,0.2,manual_bus,0,92,Kenwick Stn,701.0,8.0,841.1999999999999,0.009510223490252021,False,False
28,Beckenham Stn,0.2,manual_bus,0,93,Kwinana Stn,485.0,425.0,582.0,0.7302405498281787,False,False
28,Beckenham Stn,0.2,manual_bus,0,94,Mandurah Stn,85.0,75.0,102.0,0.7352941176470589,False,False
28,Beckenham Stn,0.2,manual_bus,0,95,Midland Stn,85.0,75.0,102.0,0.7352941176470589,False,False
28,Beckenham Stn,0.2,manual_bus,0,96,Murdoch Stn,573.0,779.0,687.6,1.1329261198371146,True,True
28,Beckenham Stn,0.2,manual_bus,0,97,Rockingham Stn,331.0,291.0,397.2,0.7326283987915408,False,False
28,Beckenham Stn,0.2,manual_bus,0,98,Stirling Stn,899.0,779.0,1078.8,0.7220986281053022,False,False
28,Beckenham Stn,0.2,manual_bus,0,99,Thornlie Stn,373.0,75.0,447.59999999999997,0.1675603217158177,False,False
28,Beckenham Stn,0.2,manual_bus,1,1,North Fremantle Stn,169.0,121.0,202.79999999999998,0.596646942800789,False,False
28,Beckenham Stn,0.2,manual_bus,1,100,Warwick Stn,835.0,571.0,1002.0,0.5698602794411177,False,False
28,Beckenham Stn,0.2,manual_bus,1,101,Wellard Stn,409.0,34.0,490.79999999999995,0.06927465362673187,False,False
28,Beckenham Stn,0.2,manual_bus,1,102,Whitfords Stn,701.0,485.0,841.1999999999999,0.5765572990965289,False,False
28,Beckenham Stn,0.2,manual_bus,1,12,Queens Park Stn,961.0,121.0,1153.2,0.10492542490461325,False,False
28,Beckenham Stn,0.2,manual_bus,1,133,Butler Stn,331.0,235.0,397.2,0.5916414904330313,False,False
28,Beckenham Stn,0.2,manual_bus,1,138,Aubin Grove Stn,559.0,34.0,670.8,0.05068574836016697,False,False
28,Beckenham Stn,0.2,manual_bus,1,140,Perth Stadium Stn,1140.0,439.0,1368.0,0.32090643274853803,False,False
28,Beckenham Stn,0.2,manual_bus,1,147,Redcliffe Stn,251.0,179.0,301.2,0.5942895086321381,False,False
28,Beckenham Stn,0.2,manual_bus,1,148,Airport Central Stn,169.0,121.0,202.79999999999998,0.596646942800789,False,False
28,Beckenham Stn,0.2,manual_bus,1,149,High Wycombe Stn,85.0,61.0,102.0,0.5980392156862745,False,False
28,Beckenham Stn,0.2,manual_bus,1,15,West Leederville Stn,1079.0,719.0,1294.8,0.5552981155390794,False,False
28,Beckenham Stn,0.2,manual_bus,1,150,Lakelands Stn,169.0,19.0,202.79999999999998,0.09368836291913216,False,False
28,Beckenham Stn,0.2,manual_bus,1,153,Alkimos Stn,251.0,179.0,301.2,0.5942895086321381,False,False
28,Beckenham Stn,0.2,manual_bus,1,154,Eglinton Stn,169.0,121.0,202.79999999999998,0.596646942800789,False,False
28,Beckenham Stn,0.2,manual_bus,1,155,Yanchep Stn,85.0,61.0,102.0,0.5980392156862745,False,False
28,Beckenham Stn,0.2,manual_bus,1,156,Morley Stn,409.0,289.0,490.79999999999995,0.5888345558272209,False,False
28,Beckenham Stn,0.2,manual_bus,1,157,Noranda Stn,331.0,235.0,397.2,0.5916414904330313,False,False
28,Beckenham Stn,0.2,manual_bus,1,158,Ballajura Stn,251.0,179.0,301.2,0.5942895086321381,False,False
28,Beckenham Stn,0.2,manual_bus,1,159,Whiteman Park Stn,169.0,121.0,202.79999999999998,0.596646942800789,False,False
28,Beckenham Stn,0.2,manual_bus,1,16,Showgrounds Stn,701.0,485.0,841.1999999999999,0.5765572990965289,False,False
28,Beckenham Stn,0.2,manual_bus,1,160,Ellenbrook Stn,85.0,61.0,102.0,0.5980392156862745,False,False
28,Beckenham Stn,0.2,manual_bus,1,162,Nicholson Rd Stn,313.0,19.0,375.59999999999997,0.050585729499467526,False,False
28,Beckenham Stn,0.2,manual_bus,1,163,Ranford Rd Stn,266.0,26.0,319.2,0.08145363408521304,False,False
28,Beckenham Stn,0.2,manual_bus,1,164,Byford Stn,85.0,8.0,102.0,0.0784313725490196,False,False
28,Beckenham Stn,0.2,manual_bus,1,17,Shenton Park Stn,899.0,611.0,1078.8,0.5663700407860586,False,False
28,Beckenham Stn,0.2,manual_bus,1,19,Grant Street Stn,485.0,341.0,582.0,0.5859106529209622,False,False
28,Beckenham Stn,0.2,manual_bus,1,2,Challis Stn,331.0,23.0,397.2,0.057905337361530716,False,False
28,Beckenham Stn,0.2,manual_bus,1,22,Mciver Stn,1682.0,989.0,2018.3999999999999,0.4899920729290527,False,False
28,Beckenham Stn,0.2,manual_bus,1,23,Bayswater Stn,1206.0,822.0,1447.2,0.5679933665008292,False,False
28,Beckenham Stn,0.2,manual_bus,1,24,Guildford Stn,331.0,235.0,397.2,0.5916414904330313,False,False
28,Beckenham Stn,0.2,manual_bus,1,26,East Perth Stn,1339.0,859.0,1606.8,0.5346029375155589,False,False
28,Beckenham Stn,0.2,manual_bus,1,30,Claremont Stn,631.0,439.0,757.1999999999999,0.5797675647120972,False,False
28,Beckenham Stn,0.2,manual_bus,1,31,City West Stn,1135.0,751.0,1362.0,0.5513950073421439,False,False
28,Beckenham Stn,0.2,manual_bus,1,32,Victoria Street Stn,251.0,179.0,301.2,0.5942895086321381,False,False
28,Beckenham Stn,0.2,manual_bus,1,33,Burswood Stn,1108.0,391.0,1329.6,0.29407340553549943,False,False
28,Beckenham Stn,0.2,manual_bus,1,34,Success Hill Stn,409.0,289.0,490.79999999999995,0.5888345558272209,False,False
28,Beckenham Stn,0.2,manual_bus,1,36,Daglish Stn,961.0,649.0,1153.2,0.5627818244883801,False,False
28,Beckenham Stn,0.2,manual_bus,1,37,Meltham Stn,1189.0,781.0,1426.8,0.5473787496495655,False,False
28,Beckenham Stn,0.2,manual_bus,1,38,Swanbourne Stn,559.0,391.0,670.8,0.5828861061419202,False,False
28,Beckenham Stn,0.2,manual_bus,1,39,Bassendean Stn,485.0,341.0,582.0,0.5859106529209622,False,False
28,Beckenham Stn,0.2,manual_bus,1,4,Currambine Stn,485.0,341.0,582.0,0.5859106529209622,False,False
28,Beckenham Stn,0.2,manual_bus,1,41,Woodbridge Stn,169.0,121.0,202.79999999999998,0.596646942800789,False,False
28,Beckenham Stn,0.2,manual_bus,1,42,Loch Street Stn,769.0,529.0,922.8,0.5732553099263112,False,False
28,Beckenham Stn,0.2,manual_bus,1,43,Armadale Stn,169.0,15.0,202.79999999999998,0.07396449704142012,False,False
28,Beckenham Stn,0.2,manual_bus,1,44,Mt Lawley Stn,1291.0,835.0,1549.2,0.5389878647043636,False,False
28,Beckenham Stn,0.2,manual_bus,1,46,Edgewater Stn,631.0,439.0,757.1999999999999,0.5797675647120972,False,False
28,Beckenham Stn,0.2,manual_bus,1,48,Victoria Park Stn,1074.0,341.0,1288.8,0.26458721291123527,False,False
28,Beckenham Stn,0.2,manual_bus,1,49,Maylands Stn,1241.0,809.0,1489.2,0.5432446951383293,False,False
28,Beckenham Stn,0.2,manual_bus,1,5,Mosman Park Stn,331.0,235.0,397.2,0.5916414904330313,False,False
28,Beckenham Stn,0.2,manual_bus,1,50,Cottesloe Stn,409.0,289.0,490.79999999999995,0.5888345558272209,False,False
28,Beckenham Stn,0.2,manual_bus,1,56,Perth Stn,2089.0,1216.0,2506.7999999999997,0.4850805808201692,False,False
28,Beckenham Stn,0.2,manual_bus,1,58,Carlisle Stn,1038.0,289.0,1245.6,0.23201669877970457,False,False
28,Beckenham Stn,0.2,manual_bus,1,59,East Guildford Stn,251.0,179.0,301.2,0.5942895086321381,False,False
28,Beckenham Stn,0.2,manual_bus,1,6,Subiaco Stn,1021.0,685.0,1225.2,0.559092393078681,False,False
28,Beckenham Stn,0.2,manual_bus,1,64,Perth Underground Stn,1535.0,672.0,1842.0,0.36482084690553745,False,False
28,Beckenham Stn,0.2,manual_bus,1,66,Sherwood Stn,251.0,20.0,301.2,0.06640106241699867,False,False
28,Beckenham Stn,0.2,manual_bus,1,67,Seaforth Stn,485.0,23.0,582.0,0.03951890034364261,False,False
28,Beckenham Stn,0.2,manual_bus,1,68,Maddington Stn,631.0,15.0,757.1999999999999,0.019809825673534075,False,False
28,Beckenham Stn,0.2,manual_bus,1,7,Ashfield Stn,559.0,391.0,670.8,0.5828861061419202,False,False
28,Beckenham Stn,0.2,manual_bus,1,72,Claisebrook Stn,2078.0,1145.0,2493.6,0.45917548925248636,False,False
28,Beckenham Stn,0.2,manual_bus,1,73,Oats Street Stn,1000.0,236.0,1200.0,0.19666666666666666,False,False
28,Beckenham Stn,0.2,manual_bus,1,74,Warnbro Stn,251.0,26.0,301.2,0.08632138114209828,False,False
28,Beckenham Stn,0.2,manual_bus,1,76,Karrakatta Stn,835.0,571.0,1002.0,0.5698602794411177,False,False
28,Beckenham Stn,0.2,manual_bus,1,8,Leederville Stn,1021.0,685.0,1225.2,0.559092393078681,False,False
28,Beckenham Stn,0.2,manual_bus,1,84,Cannington Stn,922.0,61.0,1106.3999999999999,0.05513376717281273,False,False
28,Beckenham Stn,0.2,manual_bus,1,85,Clarkson Stn,409.0,289.0,490.79999999999995,0.5888345558272209,False,False
28,Beckenham Stn,0.2,manual_bus,1,86,Cockburn Central Stn,678.0,31.0,813.6,0.038102261553588986,False,False
28,Beckenham Stn,0.2,manual_bus,1,87,Fremantle Stn,85.0,61.0,102.0,0.5980392156862745,False,False
28,Beckenham Stn,0.2,manual_bus,1,88,Glendalough Stn,961.0,649.0,1153.2,0.5627818244883801,False,False
28,Beckenham Stn,0.2,manual_bus,1,89,Gosnells Stn,559.0,20.0,670.8,0.029815146094215865,False,False
28,Beckenham Stn,0.2,manual_bus,1,9,Greenwood Stn,769.0,529.0,922.8,0.5732553099263112,False,False
28,Beckenham Stn,0.2,manual_bus,1,90,Joondalup Stn,559.0,391.0,670.8,0.5828861061419202,False,False
28,Beckenham Stn,0.2,manual_bus,1,91,Kelmscott Stn,409.0,24.0,490.79999999999995,0.0488997555012225,False,False
28,Beckenham Stn,0.2,manual_bus,1,92,Kenwick Stn,701.0,8.0,841.1999999999999,0.009510223490252021,False,False
28,Beckenham Stn,0.2,manual_bus,1,93,Kwinana Stn,485.0,35.0,582.0,0.06013745704467354,False,False
28,Beckenham Stn,0.2,manual_bus,1,94,Mandurah Stn,85.0,10.0,102.0,0.09803921568627451,False,False
28,Beckenham Stn,0.2,manual_bus,1,95,Midland Stn,85.0,61.0,102.0,0.5980392156862745,False,False
28,Beckenham Stn,0.2,manual_bus,1,97,Rockingham Stn,331.0,31.0,397.2,0.07804632426988922,False,False
28,Beckenham Stn,0.2,manual_bus,1,98,Stirling Stn,899.0,611.0,1078.8,0.5663700407860586,False,False
28,Beckenham Stn,0.2,manual_bus,1,99,Thornlie Stn,373.0,10.0,447.59999999999997,0.022341376228775696,False,False
28,Beckenham Stn,0.2,candidate_bus,0,1,North Fremantle Stn,169.0,140.0,202.79999999999998,0.6903353057199212,False,False
28,Beckenham Stn,0.2,candidate_bus,0,100,Warwick Stn,835.0,820.0,1002.0,0.8183632734530938,False,False
28,Beckenham Stn,0.2,candidate_bus,0,101,Wellard Stn,409.0,365.0,490.79999999999995,0.7436837815810922,False,False
28,Beckenham Stn,0.2,candidate_bus,0,102,Whitfords Stn,701.0,701.0,841.1999999999999,0.8333333333333334,False,False
28,Beckenham Stn,0.2,candidate_bus,0,12,Queens Park Stn,961.0,816.0,1153.2,0.7075962539021852,False,False
28,Beckenham Stn,0.2,candidate_bus,0,133,Butler Stn,331.0,331.0,397.2,0.8333333333333334,False,False
28,Beckenham Stn,0.2,candidate_bus,0,135,Elizabeth Quay Stn,721.0,513.0,865.1999999999999,0.5929264909847435,False,False
28,Beckenham Stn,0.2,candidate_bus,0,138,Aubin Grove Stn,559.0,515.0,670.8,0.7677400119260585,False,False
28,Beckenham Stn,0.2,candidate_bus,0,140,Perth Stadium Stn,1140.0,1032.0,1368.0,0.7543859649122807,False,False
28,Beckenham Stn,0.2,candidate_bus,0,147,Redcliffe Stn,251.0,194.0,301.2,0.6440903054448871,False,False
28,Beckenham Stn,0.2,candidate_bus,0,148,Airport Central Stn,169.0,152.0,202.79999999999998,0.7495069033530573,False,False
28,Beckenham Stn,0.2,candidate_bus,0,149,High Wycombe Stn,85.0,84.0,102.0,0.8235294117647058,False,False
28,Beckenham Stn,0.2,candidate_bus,0,15,West Leederville Stn,1079.0,676.0,1294.8,0.5220883534136547,False,False
28,Beckenham Stn,0.2,candidate_bus,0,150,Lakelands Stn,169.0,169.0,202.79999999999998,0.8333333333333334,False,False
28,Beckenham Stn,0.2,candidate_bus,0,153,Alkimos Stn,251.0,251.0,301.2,0.8333333333333334,False,False
28,Beckenham Stn,0.2,candidate_bus,0,154,Eglinton Stn,169.0,169.0,202.79999999999998,0.8333333333333334,False,False
28,Beckenham Stn,0.2,candidate_bus,0,155,Yanchep Stn,85.0,85.0,102.0,0.8333333333333334,False,False
28,Beckenham Stn,0.2,candidate_bus,0,156,Morley Stn,409.0,348.0,490.79999999999995,0.7090464547677262,False,False
28,Beckenham Stn,0.2,candidate_bus,0,157,Noranda Stn,331.0,288.0,397.2,0.7250755287009064,False,False
28,Beckenham Stn,0.2,candidate_bus,0,158,Ballajura Stn,251.0,231.0,301.2,0.7669322709163346,False,False
28,Beckenham Stn,0.2,candidate_bus,0,159,Whiteman Park Stn,169.0,153.0,202.79999999999998,0.7544378698224853,False,False
28,Beckenham Stn,0.2,candidate_bus,0,16,Showgrounds Stn,701.0,611.0,841.1999999999999,0.7263433190679982,False,False
28,Beckenham Stn,0.2,candidate_bus,0,160,Ellenbrook Stn,85.0,75.0,102.0,0.7352941176470589,False,False
28,Beckenham Stn,0.2,candidate_bus,0,162,Nicholson Rd Stn,313.0,128.0,375.59999999999997,0.3407880724174654,False,False
28,Beckenham Stn,0.2,candidate_bus,0,163,Ranford Rd Stn,266.0,144.0,319.2,0.4511278195488722,False,False
28,Beckenham Stn,0.2,candidate_bus,0,164,Byford Stn,85.0,85.0,102.0,0.8333333333333334,False,False
28,Beckenham Stn,0.2,candidate_bus,0,17,Shenton Park Stn,899.0,774.0,1078.8,0.7174638487208009,False,False
28,Beckenham Stn,0.2,candidate_bus,0,19,Grant Street Stn,485.0,157.0,582.0,0.2697594501718213,False,False
28,Beckenham Stn,0.2,candidate_bus,0,2,Challis Stn,331.0,222.0,397.2,0.5589123867069486,False,False
28,Beckenham Stn,0.2,candidate_bus,0,22,Mciver Stn,1682.0,998.0,2018.3999999999999,0.49445105033690057,False,False
28,Beckenham Stn,0.2,candidate_bus,0,23,Bayswater Stn,1206.0,1024.0,1447.2,0.7075732448866777,False,False
28,Beckenham Stn,0.2,candidate_bus,0,24,Guildford Stn,331.0,316.0,397.2,0.7955689828801612,False,False
28,Beckenham Stn,0.2,candidate_bus,0,26,East Perth Stn,1339.0,524.0,1606.8,0.32611401543440377,False,False
28,Beckenham Stn,0.2,candidate_bus,0,30,Claremont Stn,631.0,538.0,757.1999999999999,0.7105124141574222,False,False
28,Beckenham Stn,0.2,candidate_bus,0,31,City West Stn,1135.0,675.0,1362.0,0.4955947136563877,False,False
28,Beckenham Stn,0.2,candidate_bus,0,32,Victoria Street Stn,251.0,77.0,301.2,0.2556440903054449,False,False
28,Beckenham Stn,0.2,candidate_bus,0,33,Burswood Stn,1108.0,1004.0,1329.6,0.7551143200962696,False,False
28,Beckenham Stn,0.2,candidate_bus,0,34,Success Hill Stn,409.0,316.0,490.79999999999995,0.6438467807660962,False,False
28,Beckenham Stn,0.2,candidate_bus,0,36,Daglish Stn,961.0,679.0,1153.2,0.5887963926465487,False,False
28,Beckenham Stn,0.2,candidate_bus,0,37,Meltham Stn,1189.0,1053.0,1426.8,0.7380151387720774,False,False
28,Beckenham Stn,0.2,candidate_bus,0,38,Swanbourne Stn,559.0,148.0,670.8,0.2206320810971974,False,False
28,Beckenham Stn,0.2,candidate_bus,0,39,Bassendean Stn,485.0,434.0,582.0,0.7457044673539519,False,False
28,Beckenham Stn,0.2,candidate_bus,0,4,Currambine Stn,485.0,485.0,582.0,0.8333333333333334,False,False
28,Beckenham Stn,0.2,candidate_bus,0,41,Woodbridge Stn,169.0,0.0,202.79999999999998,0.0,False,False
28,Beckenham Stn,0.2,candidate_bus,0,42,Loch Street Stn,769.0,671.0,922.8,0.7271348071087993,False,False
28,Beckenham Stn,0.2,candidate_bus,0,43,Armadale Stn,169.0,107.0,202.79999999999998,0.5276134122287969,False,False
28,Beckenham Stn,0.2,candidate_bus,0,44,Mt Lawley Stn,1291.0,524.0,1549.2,0.3382390911438162,False,False
28,Beckenham Stn,0.2,candidate_bus,0,46,Edgewater Stn,631.0,631.0,757.1999999999999,0.8333333333333334,False,False
28,Beckenham Stn,0.2,candidate_bus,0,48,Victoria Park Stn,1074.0,957.0,1288.8,0.7425512104283054,False,False
28,Beckenham Stn,0.2,candidate_bus,0,49,Maylands Stn,1241.0,1037.0,1489.2,0.6963470319634703,False,False
28,Beckenham Stn,0.2,candidate_bus,0,5,Mosman Park Stn,331.0,79.0,397.2,0.1988922457200403,False,False
28,Beckenham Stn,0.2,candidate_bus,0,50,Cottesloe Stn,409.0,81.0,490.79999999999995,0.16503667481662593,False,False
28,Beckenham Stn,0.2,candidate_bus,0,56,Perth Stn,2089.0,668.0,2506.7999999999997,0.26647518749002713,False,False
28,Beckenham Stn,0.2,candidate_bus,0,58,Carlisle Stn,1038.0,913.0,1245.6,0.7329800899165062,False,False
28,Beckenham Stn,0.2,candidate_bus,0,59,East Guildford Stn,251.0,0.0,301.2,0.0,False,False
28,Beckenham Stn,0.2,candidate_bus,0,6,Subiaco Stn,1021.0,648.0,1225.2,0.5288932419196866,False,False
28,Beckenham Stn,0.2,candidate_bus,0,64,Perth Underground Stn,1535.0,1027.0,1842.0,0.5575461454940283,False,False
28,Beckenham Stn,0.2,candidate_bus,0,66,Sherwood Stn,251.0,162.0,301.2,0.5378486055776892,False,False
28,Beckenham Stn,0.2,candidate_bus,0,67,Seaforth Stn,485.0,0.0,582.0,0.0,False,False
28,Beckenham Stn,0.2,candidate_bus,0,68,Maddington Stn,631.0,0.0,757.1999999999999,0.0,False,False
28,Beckenham Stn,0.2,candidate_bus,0,7,Ashfield Stn,559.0,513.0,670.8,0.7647584973166369,False,False
28,Beckenham Stn,0.2,candidate_bus,0,72,Claisebrook Stn,2078.0,1329.0,2493.6,0.5329643888354187,False,False
28,Beckenham Stn,0.2,candidate_bus,0,73,Oats Street Stn,1000.0,875.0,1200.0,0.7291666666666666,False,False
28,Beckenham Stn,0.2,candidate_bus,0,74,Warnbro Stn,251.0,251.0,301.2,0.8333333333333334,False,False
28,Beckenham Stn,0.2,candidate_bus,0,76,Karrakatta Stn,835.0,740.0,1002.0,0.7385229540918163,False,False
28,Beckenham Stn,0.2,candidate_bus,0,8,Leederville Stn,1021.0,785.0,1225.2,0.6407117205354228,False,False
28,Beckenham Stn,0.2,candidate_bus,0,82,Bull Creek Stn,612.0,602.0,734.4,0.8197167755991286,False,False
28,Beckenham Stn,0.2,candidate_bus,0,83,Canning Bridge Stn,661.0,581.0,793.1999999999999,0.732476046394352,False,False
28,Beckenham Stn,0.2,candidate_bus,0,84,Cannington Stn,922.0,0.0,1106.3999999999999,0.0,False,False
28,Beckenham Stn,0.2,candidate_bus,0,85,Clarkson Stn,409.0,409.0,490.79999999999995,0.8333333333333334,False,False
28,Beckenham Stn,0.2,candidate_bus,0,86,Cockburn Central Stn,678.0,598.0,813.6,0.7350049164208456,False,False
28,Beckenham Stn,0.2,candidate_bus,0,87,Fremantle Stn,85.0,140.0,102.0,1.3725490196078431,True,True
28,Beckenham Stn,0.2,candidate_bus,0,88,Glendalough Stn,961.0,760.0,1153.2,0.6590357266736039,False,False
28,Beckenham Stn,0.2,candidate_bus,0,89,Gosnells Stn,559.0,0.0,670.8,0.0,False,False
28,Beckenham Stn,0.2,candidate_bus,0,9,Greenwood Stn,769.0,760.0,922.8,0.82358040745557,False,False
28,Beckenham Stn,0.2,candidate_bus,0,90,Joondalup Stn,559.0,559.0,670.8,0.8333333333333334,False,False
28,Beckenham Stn,0.2,candidate_bus,0,91,Kelmscott Stn,409.0,211.0,490.79999999999995,0.4299103504482478,False,False
28,Beckenham Stn,0.2,candidate_bus,0,92,Kenwick Stn,701.0,0.0,841.1999999999999,0.0,False,False
28,Beckenham Stn,0.2,candidate_bus,0,93,Kwinana Stn,485.0,441.0,582.0,0.7577319587628866,False,False
28,Beckenham Stn,0.2,candidate_bus,0,94,Mandurah Stn,85.0,85.0,102.0,0.8333333333333334,False,False
28,Beckenham Stn,0.2,candidate_bus,0,95,Midland Stn,85.0,0.0,102.0,0.0,False,False
28,Beckenham Stn,0.2,candidate_bus,0,96,Murdoch Stn,573.0,583.0,687.6,0.8478766724840023,False,False
28,Beckenham Stn,0.2,candidate_bus,0,97,Rockingham Stn,331.0,320.0,397.2,0.8056394763343404,False,False
28,Beckenham Stn,0.2,candidate_bus,0,98,Stirling Stn,899.0,841.0,1078.8,0.7795698924731184,False,False
28,Beckenham Stn,0.2,candidate_bus,0,99,Thornlie Stn,373.0,59.0,447.59999999999997,0.1318141197497766,False,False
28,Beckenham Stn,0.2,candidate_bus,1,1,North Fremantle Stn,169.0,0.0,202.79999999999998,0.0,False,False
28,Beckenham Stn,0.2,candidate_bus,1,100,Warwick Stn,835.0,820.0,1002.0,0.8183632734530938,False,False
28,Beckenham Stn,0.2,candidate_bus,1,101,Wellard Stn,409.0,368.0,490.79999999999995,0.749796251018745,False,False
28,Beckenham Stn,0.2,candidate_bus,1,102,Whitfords Stn,701.0,701.0,841.1999999999999,0.8333333333333334,False,False
28,Beckenham Stn,0.2,candidate_bus,1,12,Queens Park Stn,961.0,818.0,1153.2,0.7093305584460631,False,False
28,Beckenham Stn,0.2,candidate_bus,1,133,Butler Stn,331.0,331.0,397.2,0.8333333333333334,False,False
28,Beckenham Stn,0.2,candidate_bus,1,135,Elizabeth Quay Stn,721.0,513.0,865.1999999999999,0.5929264909847435,False,False
28,Beckenham Stn,0.2,candidate_bus,1,138,Aubin Grove Stn,559.0,518.0,670.8,0.7722122838401909,False,False
28,Beckenham Stn,0.2,candidate_bus,1,140,Perth Stadium Stn,1140.0,1034.0,1368.0,0.7558479532163743,False,False
28,Beckenham Stn,0.2,candidate_bus,1,147,Redcliffe Stn,251.0,194.0,301.2,0.6440903054448871,False,False
28,Beckenham Stn,0.2,candidate_bus,1,148,Airport Central Stn,169.0,152.0,202.79999999999998,0.7495069033530573,False,False
28,Beckenham Stn,0.2,candidate_bus,1,149,High Wycombe Stn,85.0,84.0,102.0,0.8235294117647058,False,False
28,Beckenham Stn,0.2,candidate_bus,1,15,West Leederville Stn,1079.0,678.0,1294.8,0.5236329935125116,False,False
28,Beckenham Stn,0.2,candidate_bus,1,150,Lakelands Stn,169.0,169.0,202.79999999999998,0.8333333333333334,False,False
28,Beckenham Stn,0.2,candidate_bus,1,153,Alkimos Stn,251.0,251.0,301.2,0.8333333333333334,False,False
28,Beckenham Stn,0.2,candidate_bus,1,154,Eglinton Stn,169.0,169.0,202.79999999999998,0.8333333333333334,False,False
28,Beckenham Stn,0.2,candidate_bus,1,155,Yanchep Stn,85.0,85.0,102.0,0.8333333333333334,False,False
28,Beckenham Stn,0.2,candidate_bus,1,156,Morley Stn,409.0,348.0,490.79999999999995,0.7090464547677262,False,False
28,Beckenham Stn,0.2,candidate_bus,1,157,Noranda Stn,331.0,288.0,397.2,0.7250755287009064,False,False
28,Beckenham Stn,0.2,candidate_bus,1,158,Ballajura Stn,251.0,231.0,301.2,0.7669322709163346,False,False
28,Beckenham Stn,0.2,candidate_bus,1,159,Whiteman Park Stn,169.0,153.0,202.79999999999998,0.7544378698224853,False,False
28,Beckenham Stn,0.2,candidate_bus,1,16,Showgrounds Stn,701.0,610.0,841.1999999999999,0.7251545411317166,False,False
28,Beckenham Stn,0.2,candidate_bus,1,160,Ellenbrook Stn,85.0,75.0,102.0,0.7352941176470589,False,False
28,Beckenham Stn,0.2,candidate_bus,1,162,Nicholson Rd Stn,313.0,128.0,375.59999999999997,0.3407880724174654,False,False
28,Beckenham Stn,0.2,candidate_bus,1,163,Ranford Rd Stn,266.0,144.0,319.2,0.4511278195488722,False,False
28,Beckenham Stn,0.2,candidate_bus,1,164,Byford Stn,85.0,85.0,102.0,0.8333333333333334,False,False
28,Beckenham Stn,0.2,candidate_bus,1,17,Shenton Park Stn,899.0,779.0,1078.8,0.7220986281053022,False,False
28,Beckenham Stn,0.2,candidate_bus,1,19,Grant Street Stn,485.0,94.0,582.0,0.16151202749140894,False,False
28,Beckenham Stn,0.2,candidate_bus,1,2,Challis Stn,331.0,223.0,397.2,0.5614300100704934,False,False
28,Beckenham Stn,0.2,candidate_bus,1,22,Mciver Stn,1682.0,1000.0,2018.3999999999999,0.4954419342053112,False,False
28,Beckenham Stn,0.2,candidate_bus,1,23,Bayswater Stn,1206.0,1024.0,1447.2,0.7075732448866777,False,False
28,Beckenham Stn,0.2,candidate_bus,1,24,Guildford Stn,331.0,316.0,397.2,0.7955689828801612,False,False
28,Beckenham Stn,0.2,candidate_bus,1,26,East Perth Stn,1339.0,524.0,1606.8,0.32611401543440377,False,False
28,Beckenham Stn,0.2,candidate_bus,1,30,Claremont Stn,631.0,537.0,757.1999999999999,0.7091917591125199,False,False
28,Beckenham Stn,0.2,candidate_bus,1,31,City West Stn,1135.0,677.0,1362.0,0.49706314243759175,False,False
28,Beckenham Stn,0.2,candidate_bus,1,32,Victoria Street Stn,251.0,14.0,301.2,0.04648074369189907,False,False
28,Beckenham Stn,0.2,candidate_bus,1,33,Burswood Stn,1108.0,1006.0,1329.6,0.7566185318892901,False,False
28,Beckenham Stn,0.2,candidate_bus,1,34,Success Hill Stn,409.0,316.0,490.79999999999995,0.6438467807660962,False,False
28,Beckenham Stn,0.2,candidate_bus,1,36,Daglish Stn,961.0,684.0,1153.2,0.5931321540062435,False,False
28,Beckenham Stn,0.2,candidate_bus,1,37,Meltham Stn,1189.0,1053.0,1426.8,0.7380151387720774,False,False
28,Beckenham Stn,0.2,candidate_bus,1,38,Swanbourne Stn,559.0,85.0,670.8,0.12671437090041743,False,False
28,Beckenham Stn,0.2,candidate_bus,1,39,Bassendean Stn,485.0,434.0,582.0,0.7457044673539519,False,False
28,Beckenham Stn,0.2,candidate_bus,1,4,Currambine Stn,485.0,485.0,582.0,0.8333333333333334,False,False
28,Beckenham Stn,0.2,candidate_bus,1,41,Woodbridge Stn,169.0,0.0,202.79999999999998,0.0,False,False
28,Beckenham Stn,0.2,candidate_bus,1,42,Loch Street Stn,769.0,670.0,922.8,0.7260511486779367,False,False
28,Beckenham Stn,0.2,candidate_bus,1,43,Armadale Stn,169.0,107.0,202.79999999999998,0.5276134122287969,False,False
28,Beckenham Stn,0.2,candidate_bus,1,44,Mt Lawley Stn,1291.0,524.0,1549.2,0.3382390911438162,False,False
28,Beckenham Stn,0.2,candidate_bus,1,46,Edgewater Stn,631.0,631.0,757.1999999999999,0.8333333333333334,False,False
28,Beckenham Stn,0.2,candidate_bus,1,48,Victoria Park Stn,1074.0,959.0,1288.8,0.7441030415890751,False,False
28,Beckenham Stn,0.2,candidate_bus,1,49,Maylands Stn,1241.0,1037.0,1489.2,0.6963470319634703,False,False
28,Beckenham Stn,0.2,candidate_bus,1,5,Mosman Park Stn,331.0,16.0,397.2,0.04028197381671702,False,False
28,Beckenham Stn,0.2,candidate_bus,1,50,Cottesloe Stn,409.0,18.0,490.79999999999995,0.03667481662591687,False,False
28,Beckenham Stn,0.2,candidate_bus,1,56,Perth Stn,2089.0,670.0,2506.7999999999997,0.2672730173926919,False,False
28,Beckenham Stn,0.2,candidate_bus,1,58,Carlisle Stn,1038.0,915.0,1245.6,0.7345857418111754,False,False
28,Beckenham Stn,0.2,candidate_bus,1,59,East Guildford Stn,251.0,0.0,301.2,0.0,False,False
28,Beckenham Stn,0.2,candidate_bus,1,6,Subiaco Stn,1021.0,650.0,1225.2,0.5305256284688213,False,False
28,Beckenham Stn,0.2,candidate_bus,1,64,Perth Underground Stn,1535.0,1027.0,1842.0,0.5575461454940283,False,False
28,Beckenham Stn,0.2,candidate_bus,1,66,Sherwood Stn,251.0,163.0,301.2,0.5411686586985393,False,False
28,Beckenham Stn,0.2,candidate_bus,1,67,Seaforth Stn,485.0,0.0,582.0,0.0,False,False
28,Beckenham Stn,0.2,candidate_bus,1,68,Maddington Stn,631.0,0.0,757.1999999999999,0.0,False,False
28,Beckenham Stn,0.2,candidate_bus,1,7,Ashfield Stn,559.0,513.0,670.8,0.7647584973166369,False,False
28,Beckenham Stn,0.2,candidate_bus,1,72,Claisebrook Stn,2078.0,1331.0,2493.6,0.533766442091755,False,False
28,Beckenham Stn,0.2,candidate_bus,1,73,Oats Street Stn,1000.0,877.0,1200.0,0.7308333333333333,False,False
28,Beckenham Stn,0.2,candidate_bus,1,74,Warnbro Stn,251.0,251.0,301.2,0.8333333333333334,False,False
28,Beckenham Stn,0.2,candidate_bus,1,76,Karrakatta Stn,835.0,742.0,1002.0,0.7405189620758483,False,False
28,Beckenham Stn,0.2,candidate_bus,1,8,Leederville Stn,1021.0,785.0,1225.2,0.6407117205354228,False,False
28,Beckenham Stn,0.2,candidate_bus,1,82,Bull Creek Stn,612.0,605.0,734.4,0.82380174291939,False,False
28,Beckenham Stn,0.2,candidate_bus,1,83,Canning Bridge Stn,661.0,584.0,793.1999999999999,0.7362581946545639,False,False
28,Beckenham Stn,0.2,candidate_bus,1,84,Cannington Stn,922.0,0.0,1106.3999999999999,0.0,False,False
28,Beckenham Stn,0.2,candidate_bus,1,85,Clarkson Stn,409.0,409.0,490.79999999999995,0.8333333333333334,False,False
28,Beckenham Stn,0.2,candidate_bus,1,86,Cockburn Central Stn,678.0,599.0,813.6,0.7362340216322517,False,False
28,Beckenham Stn,0.2,candidate_bus,1,88,Glendalough Stn,961.0,760.0,1153.2,0.6590357266736039,False,False
28,Beckenham Stn,0.2,candidate_bus,1,89,Gosnells Stn,559.0,0.0,670.8,0.0,False,False
28,Beckenham Stn,0.2,candidate_bus,1,9,Greenwood Stn,769.0,760.0,922.8,0.82358040745557,False,False
28,Beckenham Stn,0.2,candidate_bus,1,90,Joondalup Stn,559.0,559.0,670.8,0.8333333333333334,False,False
28,Beckenham Stn,0.2,candidate_bus,1,91,Kelmscott Stn,409.0,212.0,490.79999999999995,0.43194784026079874,False,False
28,Beckenham Stn,0.2,candidate_bus,1,92,Kenwick Stn,701.0,0.0,841.1999999999999,0.0,False,False
28,Beckenham Stn,0.2,candidate_bus,1,93,Kwinana Stn,485.0,444.0,582.0,0.7628865979381443,False,False
28,Beckenham Stn,0.2,candidate_bus,1,94,Mandurah Stn,85.0,85.0,102.0,0.8333333333333334,False,False
28,Beckenham Stn,0.2,candidate_bus,1,95,Midland Stn,85.0,0.0,102.0,0.0,False,False
28,Beckenham Stn,0.2,candidate_bus,1,96,Murdoch Stn,573.0,584.0,687.6,0.8493310063990692,False,False
28,Beckenham Stn,0.2,candidate_bus,1,97,Rockingham Stn,331.0,320.0,397.2,0.8056394763343404,False,False
28,Beckenham Stn,0.2,candidate_bus,1,98,Stirling Stn,899.0,841.0,1078.8,0.7795698924731184,False,False
28,Beckenham Stn,0.2,candidate_bus,1,99,Thornlie Stn,373.0,59.0,447.59999999999997,0.1318141197497766,False,False
