fraction,seed,attack,measure,n_initial,gcc_size,gcc_fraction,lcc_size,lcc_fraction,isolated
0.0,2968811710,targeted,betweenness,86,86,1.0,0,0.0,0
0.0,3831201730,targeted,betweenness,86,86,1.0,0,0.0,0
0.0,2926792190,targeted,betweenness,86,86,1.0,0,0.0,0
0.0,198478470,targeted,betweenness,86,86,1.0,0,0.0,0
0.0,53917133,targeted,betweenness,86,86,1.0,0,0.0,0
0.0,1387925762,targeted,betweenness,86,86,1.0,0,0.0,0
0.0,3226724236,targeted,betweenness,86,86,1.0,0,0.0,0
0.0,3185474749,targeted,betweenness,86,86,1.0,0,0.0,0
0.0,2012181747,targeted,betweenness,86,86,1.0,0,0.0,0
0.0,2790678941,targeted,betweenness,86,86,1.0,0,0.0,0
0.0,1754190249,targeted,betweenness,86,86,1.0,0,0.0,0
0.0,3269583209,targeted,betweenness,86,86,1.0,0,0.0,0
0.0,163117957,targeted,betweenness,86,86,1.0,0,0.0,0
0.0,1684409658,targeted,betweenness,86,86,1.0,0,0.0,0
0.0,2911527299,targeted,betweenness,86,86,1.0,0,0.0,0
0.0,817502473,targeted,betweenness,86,86,1.0,0,0.0,0
0.0,3207880346,targeted,betweenness,86,86,1.0,0,0.0,0
0.0,3077685671,targeted,betweenness,86,86,1.0,0,0.0,0
0.0,566486738,targeted,betweenness,86,86,1.0,0,0.0,0
0.0,2283809948,targeted,betweenness,86,86,1.0,0,0.0,0
0.0,3756056974,targeted,betweenness,86,86,1.0,0,0.0,0
0.0,376178749,targeted,betweenness,86,86,1.0,0,0.0,0
0.0,1755774366,targeted,betweenness,86,86,1.0,0,0.0,0
0.0,2314966641,targeted,betweenness,86,86,1.0,0,0.0,0
0.0,1209890983,targeted,betweenness,86,86,1.0,0,0.0,0
0.0,263866900,targeted,betweenness,86,86,1.0,0,0.0,0
0.0,4043028467,targeted,betweenness,86,86,1.0,0,0.0,0
0.0,2698049476,targeted,betweenness,86,86,1.0,0,0.0,0
0.0,2078643825,targeted,betweenness,86,86,1.0,0,0.0,0
0.0,2030781380,targeted,betweenness,86,86,1.0,0,0.0,0
0.0,689812448,targeted,betweenness,86,86,1.0,0,0.0,0
0.0,1393286092,targeted,betweenness,86,86,1.0,0,0.0,0
0.0,2513267463,targeted,betweenness,86,86,1.0,0,0.0,0
0.0,619817410,targeted,betweenness,86,86,1.0,0,0.0,0
0.0,2009349732,targeted,betweenness,86,86,1.0,0,0.0,0
0.0,2745735902,targeted,betweenness,86,86,1.0,0,0.0,0
0.0,611687004,targeted,betweenness,86,86,1.0,0,0.0,0
0.0,1665608410,targeted,betweenness,86,86,1.0,0,0.0,0
0.0,3265102991,targeted,betweenness,86,86,1.0,0,0.0,0
0.0,1338620693,targeted,betweenness,86,86,1.0,0,0.0,0
0.0,2321943934,targeted,betweenness,86,86,1.0,0,0.0,0
0.0,101595736,targeted,betweenness,86,86,1.0,0,0.0,0
0.0,269190533,targeted,betweenness,86,86,1.0,0,0.0,0
0.0,2167457239,targeted,betweenness,86,86,1.0,0,0.0,0
0.0,2654585977,targeted,betweenness,86,86,1.0,0,0.0,0
0.0,2530600402,targeted,betweenness,86,86,1.0,0,0.0,0
0.0,2858552126,targeted,betweenness,86,86,1.0,0,0.0,0
0.0,1730337255,targeted,betweenness,86,86,1.0,0,0.0,0
0.0,1125392264,targeted,betweenness,86,86,1.0,0,0.0,0
0.0,2781353763,targeted,betweenness,86,86,1.0,0,0.0,0
0.0,592083761,targeted,betweenness,86,86,1.0,0,0.0,0
0.0,2312458301,targeted,betweenness,86,86,1.0,0,0.0,0
0.0,2776471529,targeted,betweenness,86,86,1.0,0,0.0,0
0.0,957952395,targeted,betweenness,86,86,1.0,0,0.0,0
0.0,2537264055,targeted,betweenness,86,86,1.0,0,0.0,0
0.0,1087882372,targeted,betweenness,86,86,1.0,0,0.0,0
0.0,2917108449,targeted,betweenness,86,86,1.0,0,0.0,0
0.0,3457519040,targeted,betweenness,86,86,1.0,0,0.0,0
0.0,509293253,targeted,betweenness,86,86,1.0,0,0.0,0
0.0,2337113683,targeted,betweenness,86,86,1.0,0,0.0,0
0.0,4194649976,targeted,betweenness,86,86,1.0,0,0.0,0
0.0,2541432686,targeted,betweenness,86,86,1.0,0,0.0,0
0.0,71811359,targeted,betweenness,86,86,1.0,0,0.0,0
0.0,3321508421,targeted,betweenness,86,86,1.0,0,0.0,0
0.0,647231966,targeted,betweenness,86,86,1.0,0,0.0,0
0.0,340947032,targeted,betweenness,86,86,1.0,0,0.0,0
0.0,815925693,targeted,betweenness,86,86,1.0,0,0.0,0
0.0,2068568201,targeted,betweenness,86,86,1.0,0,0.0,0
0.0,3232060547,targeted,betweenness,86,86,1.0,0,0.0,0
0.0,468565739,targeted,betweenness,86,86,1.0,0,0.0,0
0.0,3725513765,targeted,betweenness,86,86,1.0,0,0.0,0
0.0,391389842,targeted,betweenness,86,86,1.0,0,0.0,0
0.0,1643285563,targeted,betweenness,86,86,1.0,0,0.0,0
0.0,2502574418,targeted,betweenness,86,86,1.0,0,0.0,0
0.0,3782003772,targeted,betweenness,86,86,1.0,0,0.0,0
0.0,2508159597,targeted,betweenness,86,86,1.0,0,0.0,0
0.0,3144761411,targeted,betweenness,86,86,1.0,0,0.0,0
0.0,2117219595,targeted,betweenness,86,86,1.0,0,0.0,0
0.0,3149696252,targeted,betweenness,86,86,1.0,0,0.0,0
0.0,4257903839,targeted,betweenness,86,86,1.0,0,0.0,0
0.0,180863529,targeted,betweenness,86,86,1.0,0,0.0,0
0.0,3669614362,targeted,betweenness,86,86,1.0,0,0.0,0
0.0,599862801,targeted,betweenness,86,86,1.0,0,0.0,0
0.0,318904482,targeted,betweenness,86,86,1.0,0,0.0,0
0.0,361231694,targeted,betweenness,86,86,1.0,0,0.0,0
0.0,2823833693,targeted,betweenness,86,86,1.0,0,0.0,0
0.0,1658681743,targeted,betweenness,86,86,1.0,0,0.0,0
0.0,914552332,targeted,betweenness,86,86,1.0,0,0.0,0
0.0,3967454254,targeted,betweenness,86,86,1.0,0,0.0,0
0.0,811181679,targeted,betweenness,86,86,1.0,0,0.0,0
0.0,3788265579,targeted,betweenness,86,86,1.0,0,0.0,0
0.0,1314388487,targeted,betweenness,86,86,1.0,0,0.0,0
0.0,3463925414,targeted,betweenness,86,86,1.0,0,0.0,0
0.0,2163292616,targeted,betweenness,86,86,1.0,0,0.0,0
0.0,2290616004,targeted,betweenness,86,86,1.0,0,0.0,0
0.0,3751945011,targeted,betweenness,86,86,1.0,0,0.0,0
0.0,1452459574,targeted,betweenness,86,86,1.0,0,0.0,0
0.0,907444126,targeted,betweenness,86,86,1.0,0,0.0,0
0.0,217499641,targeted,betweenness,86,86,1.0,0,0.0,0
0.0,692979849,targeted,betweenness,86,86,1.0,0,0.0,0
0.01,3964924996,targeted,betweenness,86,47,0.5465116279069767,20,0.23255813953488372,0
0.01,901243215,targeted,betweenness,86,47,0.5465116279069767,20,0.23255813953488372,0
0.01,3884055042,targeted,betweenness,86,47,0.5465116279069767,20,0.23255813953488372,0
0.01,1680122868,targeted,betweenness,86,47,0.5465116279069767,20,0.23255813953488372,0
0.01,1735430462,targeted,betweenness,86,47,0.5465116279069767,20,0.23255813953488372,0
0.01,3507651262,targeted,betweenness,86,47,0.5465116279069767,20,0.23255813953488372,0
0.01,2628780106,targeted,betweenness,86,47,0.5465116279069767,20,0.23255813953488372,0
0.01,253989330,targeted,betweenness,86,47,0.5465116279069767,20,0.23255813953488372,0
0.01,1236819798,targeted,betweenness,86,47,0.5465116279069767,20,0.23255813953488372,0
0.01,4206527951,targeted,betweenness,86,47,0.5465116279069767,20,0.23255813953488372,0
0.01,3374987636,targeted,betweenness,86,47,0.5465116279069767,20,0.23255813953488372,0
0.01,3121772807,targeted,betweenness,86,47,0.5465116279069767,20,0.23255813953488372,0
0.01,2774424488,targeted,betweenness,86,47,0.5465116279069767,20,0.23255813953488372,0
0.01,2525707706,targeted,betweenness,86,47,0.5465116279069767,20,0.23255813953488372,0
0.01,3019817973,targeted,betweenness,86,47,0.5465116279069767,20,0.23255813953488372,0
0.01,883346416,targeted,betweenness,86,47,0.5465116279069767,20,0.23255813953488372,0
0.01,3142248894,targeted,betweenness,86,47,0.5465116279069767,20,0.23255813953488372,0
0.01,4138840400,targeted,betweenness,86,47,0.5465116279069767,20,0.23255813953488372,0
0.01,2965153134,targeted,betweenness,86,47,0.5465116279069767,20,0.23255813953488372,0
0.01,3144531634,targeted,betweenness,86,47,0.5465116279069767,20,0.23255813953488372,0
0.01,123767164,targeted,betweenness,86,47,0.5465116279069767,20,0.23255813953488372,0
0.01,3103184617,targeted,betweenness,86,47,0.5465116279069767,20,0.23255813953488372,0
0.01,863308391,targeted,betweenness,86,47,0.5465116279069767,20,0.23255813953488372,0
0.01,1836552065,targeted,betweenness,86,47,0.5465116279069767,20,0.23255813953488372,0
0.01,970837444,targeted,betweenness,86,47,0.5465116279069767,20,0.23255813953488372,0
0.01,1650982897,targeted,betweenness,86,47,0.5465116279069767,20,0.23255813953488372,0
0.01,3325602063,targeted,betweenness,86,47,0.5465116279069767,20,0.23255813953488372,0
0.01,1953701558,targeted,betweenness,86,47,0.5465116279069767,20,0.23255813953488372,0
0.01,1324946030,targeted,betweenness,86,47,0.5465116279069767,20,0.23255813953488372,0
0.01,3694125554,targeted,betweenness,86,47,0.5465116279069767,20,0.23255813953488372,0
0.01,3341987026,targeted,betweenness,86,47,0.5465116279069767,20,0.23255813953488372,0
0.01,619337180,targeted,betweenness,86,47,0.5465116279069767,20,0.23255813953488372,0
0.01,3688901223,targeted,betweenness,86,47,0.5465116279069767,20,0.23255813953488372,0
0.01,3379756729,targeted,betweenness,86,47,0.5465116279069767,20,0.23255813953488372,0
0.01,2545558809,targeted,betweenness,86,47,0.5465116279069767,20,0.23255813953488372,0
0.01,2802296688,targeted,betweenness,86,47,0.5465116279069767,20,0.23255813953488372,0
0.01,2028628464,targeted,betweenness,86,47,0.5465116279069767,20,0.23255813953488372,0
0.01,4166316041,targeted,betweenness,86,47,0.5465116279069767,20,0.23255813953488372,0
0.01,1390159955,targeted,betweenness,86,47,0.5465116279069767,20,0.23255813953488372,0
0.01,1284878734,targeted,betweenness,86,47,0.5465116279069767,20,0.23255813953488372,0
0.01,1393523483,targeted,betweenness,86,47,0.5465116279069767,20,0.23255813953488372,0
0.01,3659499957,targeted,betweenness,86,47,0.5465116279069767,20,0.23255813953488372,0
0.01,3352027439,targeted,betweenness,86,47,0.5465116279069767,20,0.23255813953488372,0
0.01,2652832585,targeted,betweenness,86,47,0.5465116279069767,20,0.23255813953488372,0
0.01,260563285,targeted,betweenness,86,47,0.5465116279069767,20,0.23255813953488372,0
0.01,3660625987,targeted,betweenness,86,47,0.5465116279069767,20,0.23255813953488372,0
0.01,1246593101,targeted,betweenness,86,47,0.5465116279069767,20,0.23255813953488372,0
0.01,4078194285,targeted,betweenness,86,47,0.5465116279069767,20,0.23255813953488372,0
0.01,1122878939,targeted,betweenness,86,47,0.5465116279069767,20,0.23255813953488372,0
0.01,2266485568,targeted,betweenness,86,47,0.5465116279069767,20,0.23255813953488372,0
0.01,2287567514,targeted,betweenness,86,47,0.5465116279069767,20,0.23255813953488372,0
0.01,2902370268,targeted,betweenness,86,47,0.5465116279069767,20,0.23255813953488372,0
0.01,2495919437,targeted,betweenness,86,47,0.5465116279069767,20,0.23255813953488372,0
0.01,2208802069,targeted,betweenness,86,47,0.5465116279069767,20,0.23255813953488372,0
0.01,2954038453,targeted,betweenness,86,47,0.5465116279069767,20,0.23255813953488372,0
0.01,2495749089,targeted,betweenness,86,47,0.5465116279069767,20,0.23255813953488372,0
0.01,1902353942,targeted,betweenness,86,47,0.5465116279069767,20,0.23255813953488372,0
0.01,679159049,targeted,betweenness,86,47,0.5465116279069767,20,0.23255813953488372,0
0.01,1351866021,targeted,betweenness,86,47,0.5465116279069767,20,0.23255813953488372,0
0.01,4176471846,targeted,betweenness,86,47,0.5465116279069767,20,0.23255813953488372,0
0.01,1115587472,targeted,betweenness,86,47,0.5465116279069767,20,0.23255813953488372,0
0.01,433409799,targeted,betweenness,86,47,0.5465116279069767,20,0.23255813953488372,0
0.01,4139488960,targeted,betweenness,86,47,0.5465116279069767,20,0.23255813953488372,0
0.01,2453893247,targeted,betweenness,86,47,0.5465116279069767,20,0.23255813953488372,0
0.01,3958615999,targeted,betweenness,86,47,0.5465116279069767,20,0.23255813953488372,0
0.01,1084609112,targeted,betweenness,86,47,0.5465116279069767,20,0.23255813953488372,0
0.01,3834352459,targeted,betweenness,86,47,0.5465116279069767,20,0.23255813953488372,0
0.01,1667008724,targeted,betweenness,86,47,0.5465116279069767,20,0.23255813953488372,0
0.01,1509894346,targeted,betweenness,86,47,0.5465116279069767,20,0.23255813953488372,0
0.01,4238436053,targeted,betweenness,86,47,0.5465116279069767,20,0.23255813953488372,0
0.01,2810063542,targeted,betweenness,86,47,0.5465116279069767,20,0.23255813953488372,0
0.01,1867045711,targeted,betweenness,86,47,0.5465116279069767,20,0.23255813953488372,0
0.01,886129326,targeted,betweenness,86,47,0.5465116279069767,20,0.23255813953488372,0
0.01,2352909948,targeted,betweenness,86,47,0.5465116279069767,20,0.23255813953488372,0
0.01,3806445792,targeted,betweenness,86,47,0.5465116279069767,20,0.23255813953488372,0
0.01,2205434505,targeted,betweenness,86,47,0.5465116279069767,20,0.23255813953488372,0
0.01,3955905862,targeted,betweenness,86,47,0.5465116279069767,20,0.23255813953488372,0
0.01,3910499802,targeted,betweenness,86,47,0.5465116279069767,20,0.23255813953488372,0
0.01,1226828069,targeted,betweenness,86,47,0.5465116279069767,20,0.23255813953488372,0
0.01,2120492755,targeted,betweenness,86,47,0.5465116279069767,20,0.23255813953488372,0
0.01,3233527422,targeted,betweenness,86,47,0.5465116279069767,20,0.23255813953488372,0
0.01,3853447840,targeted,betweenness,86,47,0.5465116279069767,20,0.23255813953488372,0
0.01,3152769989,targeted,betweenness,86,47,0.5465116279069767,20,0.23255813953488372,0
0.01,3099086164,targeted,betweenness,86,47,0.5465116279069767,20,0.23255813953488372,0
0.01,3138741957,targeted,betweenness,86,47,0.5465116279069767,20,0.23255813953488372,0
0.01,4238600080,targeted,betweenness,86,47,0.5465116279069767,20,0.23255813953488372,0
0.01,2799065566,targeted,betweenness,86,47,0.5465116279069767,20,0.23255813953488372,0
0.01,3682628622,targeted,betweenness,86,47,0.5465116279069767,20,0.23255813953488372,0
0.01,3173363767,targeted,betweenness,86,47,0.5465116279069767,20,0.23255813953488372,0
0.01,782939215,targeted,betweenness,86,47,0.5465116279069767,20,0.23255813953488372,0
0.01,1295269050,targeted,betweenness,86,47,0.5465116279069767,20,0.23255813953488372,0
0.01,1078899068,targeted,betweenness,86,47,0.5465116279069767,20,0.23255813953488372,0
0.01,1789889058,targeted,betweenness,86,47,0.5465116279069767,20,0.23255813953488372,0
0.01,2571163231,targeted,betweenness,86,47,0.5465116279069767,20,0.23255813953488372,0
0.01,3224138600,targeted,betweenness,86,47,0.5465116279069767,20,0.23255813953488372,0
0.01,2740871040,targeted,betweenness,86,47,0.5465116279069767,20,0.23255813953488372,0
0.01,1614013990,targeted,betweenness,86,47,0.5465116279069767,20,0.23255813953488372,0
0.01,4038977662,targeted,betweenness,86,47,0.5465116279069767,20,0.23255813953488372,0
0.01,2832996315,targeted,betweenness,86,47,0.5465116279069767,20,0.23255813953488372,0
0.01,3292950064,targeted,betweenness,86,47,0.5465116279069767,20,0.23255813953488372,0
0.02,3141116543,targeted,betweenness,86,30,0.3488372093023256,20,0.23255813953488372,0
0.02,1961547765,targeted,betweenness,86,30,0.3488372093023256,20,0.23255813953488372,0
0.02,1425400168,targeted,betweenness,86,30,0.3488372093023256,20,0.23255813953488372,0
0.02,3842683572,targeted,betweenness,86,30,0.3488372093023256,20,0.23255813953488372,0
0.02,1670527063,targeted,betweenness,86,30,0.3488372093023256,20,0.23255813953488372,0
0.02,3608231367,targeted,betweenness,86,30,0.3488372093023256,20,0.23255813953488372,0
0.02,3276648838,targeted,betweenness,86,30,0.3488372093023256,20,0.23255813953488372,0
0.02,184805226,targeted,betweenness,86,30,0.3488372093023256,20,0.23255813953488372,0
0.02,2022842883,targeted,betweenness,86,30,0.3488372093023256,20,0.23255813953488372,0
0.02,3910515437,targeted,betweenness,86,30,0.3488372093023256,20,0.23255813953488372,0
0.02,898635748,targeted,betweenness,86,30,0.3488372093023256,20,0.23255813953488372,0
0.02,3592826079,targeted,betweenness,86,30,0.3488372093023256,20,0.23255813953488372,0
0.02,617897263,targeted,betweenness,86,30,0.3488372093023256,20,0.23255813953488372,0
0.02,2720427543,targeted,betweenness,86,30,0.3488372093023256,20,0.23255813953488372,0
0.02,4241437344,targeted,betweenness,86,30,0.3488372093023256,20,0.23255813953488372,0
0.02,1595111868,targeted,betweenness,86,30,0.3488372093023256,20,0.23255813953488372,0
0.02,1123224023,targeted,betweenness,86,30,0.3488372093023256,20,0.23255813953488372,0
0.02,1144490529,targeted,betweenness,86,30,0.3488372093023256,20,0.23255813953488372,0
0.02,628018005,targeted,betweenness,86,30,0.3488372093023256,20,0.23255813953488372,0
0.02,4085246292,targeted,betweenness,86,30,0.3488372093023256,20,0.23255813953488372,0
0.02,4198043112,targeted,betweenness,86,30,0.3488372093023256,20,0.23255813953488372,0
0.02,2321835942,targeted,betweenness,86,30,0.3488372093023256,20,0.23255813953488372,0
0.02,2272484642,targeted,betweenness,86,30,0.3488372093023256,20,0.23255813953488372,0
0.02,2462209636,targeted,betweenness,86,30,0.3488372093023256,20,0.23255813953488372,0
0.02,2931719087,targeted,betweenness,86,30,0.3488372093023256,20,0.23255813953488372,0
0.02,2586136889,targeted,betweenness,86,30,0.3488372093023256,20,0.23255813953488372,0
0.02,564774782,targeted,betweenness,86,30,0.3488372093023256,20,0.23255813953488372,0
0.02,1923880585,targeted,betweenness,86,30,0.3488372093023256,20,0.23255813953488372,0
0.02,360519305,targeted,betweenness,86,30,0.3488372093023256,20,0.23255813953488372,0
0.02,3216661420,targeted,betweenness,86,30,0.3488372093023256,20,0.23255813953488372,0
0.02,1841964142,targeted,betweenness,86,30,0.3488372093023256,20,0.23255813953488372,0
0.02,2389849702,targeted,betweenness,86,30,0.3488372093023256,20,0.23255813953488372,0
0.02,2454611994,targeted,betweenness,86,30,0.3488372093023256,20,0.23255813953488372,0
0.02,1195703528,targeted,betweenness,86,30,0.3488372093023256,20,0.23255813953488372,0
0.02,2442890036,targeted,betweenness,86,30,0.3488372093023256,20,0.23255813953488372,0
0.02,1987368352,targeted,betweenness,86,30,0.3488372093023256,20,0.23255813953488372,0
0.02,1975300362,targeted,betweenness,86,30,0.3488372093023256,20,0.23255813953488372,0
0.02,4156301513,targeted,betweenness,86,30,0.3488372093023256,20,0.23255813953488372,0
0.02,2100181339,targeted,betweenness,86,30,0.3488372093023256,20,0.23255813953488372,0
0.02,3133246557,targeted,betweenness,86,30,0.3488372093023256,20,0.23255813953488372,0
0.02,751238784,targeted,betweenness,86,30,0.3488372093023256,20,0.23255813953488372,0
0.02,145448507,targeted,betweenness,86,30,0.3488372093023256,20,0.23255813953488372,0
0.02,3896973400,targeted,betweenness,86,30,0.3488372093023256,20,0.23255813953488372,0
0.02,4072990479,targeted,betweenness,86,30,0.3488372093023256,20,0.23255813953488372,0
0.02,1467129153,targeted,betweenness,86,30,0.3488372093023256,20,0.23255813953488372,0
0.02,1286091339,targeted,betweenness,86,30,0.3488372093023256,20,0.23255813953488372,0
0.02,2648089133,targeted,betweenness,86,30,0.3488372093023256,20,0.23255813953488372,0
0.02,4058835499,targeted,betweenness,86,30,0.3488372093023256,20,0.23255813953488372,0
0.02,3274918356,targeted,betweenness,86,30,0.3488372093023256,20,0.23255813953488372,0
0.02,661276894,targeted,betweenness,86,30,0.3488372093023256,20,0.23255813953488372,0
0.02,3704543830,targeted,betweenness,86,30,0.3488372093023256,20,0.23255813953488372,0
0.02,7653639,targeted,betweenness,86,30,0.3488372093023256,20,0.23255813953488372,0
0.02,3880388322,targeted,betweenness,86,30,0.3488372093023256,20,0.23255813953488372,0
0.02,1328522205,targeted,betweenness,86,30,0.3488372093023256,20,0.23255813953488372,0
0.02,2741066420,targeted,betweenness,86,30,0.3488372093023256,20,0.23255813953488372,0
0.02,1455818033,targeted,betweenness,86,30,0.3488372093023256,20,0.23255813953488372,0
0.02,2631909967,targeted,betweenness,86,30,0.3488372093023256,20,0.23255813953488372,0
0.02,3708828635,targeted,betweenness,86,30,0.3488372093023256,20,0.23255813953488372,0
0.02,1882171717,targeted,betweenness,86,30,0.3488372093023256,20,0.23255813953488372,0
0.02,3301597993,targeted,betweenness,86,30,0.3488372093023256,20,0.23255813953488372,0
0.02,3118835797,targeted,betweenness,86,30,0.3488372093023256,20,0.23255813953488372,0
0.02,293502598,targeted,betweenness,86,30,0.3488372093023256,20,0.23255813953488372,0
0.02,1307557239,targeted,betweenness,86,30,0.3488372093023256,20,0.23255813953488372,0
0.02,4183413585,targeted,betweenness,86,30,0.3488372093023256,20,0.23255813953488372,0
0.02,569379853,targeted,betweenness,86,30,0.3488372093023256,20,0.23255813953488372,0
0.02,439646157,targeted,betweenness,86,30,0.3488372093023256,20,0.23255813953488372,0
0.02,2115307978,targeted,betweenness,86,30,0.3488372093023256,20,0.23255813953488372,0
0.02,4177480299,targeted,betweenness,86,30,0.3488372093023256,20,0.23255813953488372,0
0.02,2542334419,targeted,betweenness,86,30,0.3488372093023256,20,0.23255813953488372,0
0.02,1513608988,targeted,betweenness,86,30,0.3488372093023256,20,0.23255813953488372,0
0.02,2002437469,targeted,betweenness,86,30,0.3488372093023256,20,0.23255813953488372,0
0.02,2373746235,targeted,betweenness,86,30,0.3488372093023256,20,0.23255813953488372,0
0.02,1627987682,targeted,betweenness,86,30,0.3488372093023256,20,0.23255813953488372,0
0.02,934066496,targeted,betweenness,86,30,0.3488372093023256,20,0.23255813953488372,0
0.02,1226980160,targeted,betweenness,86,30,0.3488372093023256,20,0.23255813953488372,0
0.02,3167642781,targeted,betweenness,86,30,0.3488372093023256,20,0.23255813953488372,0
0.02,4082066325,targeted,betweenness,86,30,0.3488372093023256,20,0.23255813953488372,0
0.02,2509477436,targeted,betweenness,86,30,0.3488372093023256,20,0.23255813953488372,0
0.02,2448768878,targeted,betweenness,86,30,0.3488372093023256,20,0.23255813953488372,0
0.02,4294451555,targeted,betweenness,86,30,0.3488372093023256,20,0.23255813953488372,0
0.02,1799282300,targeted,betweenness,86,30,0.3488372093023256,20,0.23255813953488372,0
0.02,3020375188,targeted,betweenness,86,30,0.3488372093023256,20,0.23255813953488372,0
0.02,3808831950,targeted,betweenness,86,30,0.3488372093023256,20,0.23255813953488372,0
0.02,569143039,targeted,betweenness,86,30,0.3488372093023256,20,0.23255813953488372,0
0.02,3081158334,targeted,betweenness,86,30,0.3488372093023256,20,0.23255813953488372,0
0.02,1222867046,targeted,betweenness,86,30,0.3488372093023256,20,0.23255813953488372,0
0.02,3458245585,targeted,betweenness,86,30,0.3488372093023256,20,0.23255813953488372,0
0.02,512263173,targeted,betweenness,86,30,0.3488372093023256,20,0.23255813953488372,0
0.02,2992983631,targeted,betweenness,86,30,0.3488372093023256,20,0.23255813953488372,0
0.02,1530870302,targeted,betweenness,86,30,0.3488372093023256,20,0.23255813953488372,0
0.02,2866945941,targeted,betweenness,86,30,0.3488372093023256,20,0.23255813953488372,0
0.02,3958546175,targeted,betweenness,86,30,0.3488372093023256,20,0.23255813953488372,0
0.02,2014740834,targeted,betweenness,86,30,0.3488372093023256,20,0.23255813953488372,0
0.02,3433403091,targeted,betweenness,86,30,0.3488372093023256,20,0.23255813953488372,0
0.02,3021534943,targeted,betweenness,86,30,0.3488372093023256,20,0.23255813953488372,0
0.02,3185013649,targeted,betweenness,86,30,0.3488372093023256,20,0.23255813953488372,0
0.02,3264174434,targeted,betweenness,86,30,0.3488372093023256,20,0.23255813953488372,0
0.02,536292285,targeted,betweenness,86,30,0.3488372093023256,20,0.23255813953488372,0
0.02,1340598309,targeted,betweenness,86,30,0.3488372093023256,20,0.23255813953488372,0
0.02,2291231689,targeted,betweenness,86,30,0.3488372093023256,20,0.23255813953488372,0
0.03,2613022947,targeted,betweenness,86,30,0.3488372093023256,20,0.23255813953488372,0
0.03,3679268941,targeted,betweenness,86,30,0.3488372093023256,20,0.23255813953488372,0
0.03,3170341645,targeted,betweenness,86,30,0.3488372093023256,20,0.23255813953488372,0
0.03,2997468713,targeted,betweenness,86,30,0.3488372093023256,20,0.23255813953488372,0
0.03,2298030710,targeted,betweenness,86,30,0.3488372093023256,20,0.23255813953488372,0
0.03,2975998657,targeted,betweenness,86,30,0.3488372093023256,20,0.23255813953488372,0
0.03,1912161888,targeted,betweenness,86,30,0.3488372093023256,20,0.23255813953488372,0
0.03,2829527381,targeted,betweenness,86,30,0.3488372093023256,20,0.23255813953488372,0
0.03,1513406984,targeted,betweenness,86,30,0.3488372093023256,20,0.23255813953488372,0
0.03,112866602,targeted,betweenness,86,30,0.3488372093023256,20,0.23255813953488372,0
0.03,4028328772,targeted,betweenness,86,30,0.3488372093023256,20,0.23255813953488372,0
0.03,2764162875,targeted,betweenness,86,30,0.3488372093023256,20,0.23255813953488372,0
0.03,2212146841,targeted,betweenness,86,30,0.3488372093023256,20,0.23255813953488372,0
0.03,1219174208,targeted,betweenness,86,30,0.3488372093023256,20,0.23255813953488372,0
0.03,845058081,targeted,betweenness,86,30,0.3488372093023256,20,0.23255813953488372,0
0.03,3304971268,targeted,betweenness,86,30,0.3488372093023256,20,0.23255813953488372,0
0.03,643314579,targeted,betweenness,86,30,0.3488372093023256,20,0.23255813953488372,0
0.03,2420588202,targeted,betweenness,86,30,0.3488372093023256,20,0.23255813953488372,0
0.03,453490645,targeted,betweenness,86,30,0.3488372093023256,20,0.23255813953488372,0
0.03,3998318534,targeted,betweenness,86,30,0.3488372093023256,20,0.23255813953488372,0
0.03,836807846,targeted,betweenness,86,30,0.3488372093023256,20,0.23255813953488372,0
0.03,1652650018,targeted,betweenness,86,30,0.3488372093023256,20,0.23255813953488372,0
0.03,1111791252,targeted,betweenness,86,30,0.3488372093023256,20,0.23255813953488372,0
0.03,3977156005,targeted,betweenness,86,30,0.3488372093023256,20,0.23255813953488372,0
0.03,2915575706,targeted,betweenness,86,30,0.3488372093023256,20,0.23255813953488372,0
0.03,3326498632,targeted,betweenness,86,30,0.3488372093023256,20,0.23255813953488372,0
0.03,30083976,targeted,betweenness,86,30,0.3488372093023256,20,0.23255813953488372,0
0.03,663899376,targeted,betweenness,86,30,0.3488372093023256,20,0.23255813953488372,0
0.03,2896803068,targeted,betweenness,86,30,0.3488372093023256,20,0.23255813953488372,0
0.03,1527272399,targeted,betweenness,86,30,0.3488372093023256,20,0.23255813953488372,0
0.03,3067809905,targeted,betweenness,86,30,0.3488372093023256,20,0.23255813953488372,0
0.03,3779315933,targeted,betweenness,86,30,0.3488372093023256,20,0.23255813953488372,0
0.03,3109509372,targeted,betweenness,86,30,0.3488372093023256,20,0.23255813953488372,0
0.03,152072060,targeted,betweenness,86,30,0.3488372093023256,20,0.23255813953488372,0
0.03,3018677623,targeted,betweenness,86,30,0.3488372093023256,20,0.23255813953488372,0
0.03,167849865,targeted,betweenness,86,30,0.3488372093023256,20,0.23255813953488372,0
0.03,2225923576,targeted,betweenness,86,30,0.3488372093023256,20,0.23255813953488372,0
0.03,16338009,targeted,betweenness,86,30,0.3488372093023256,20,0.23255813953488372,0
0.03,3394362230,targeted,betweenness,86,30,0.3488372093023256,20,0.23255813953488372,0
0.03,4139348307,targeted,betweenness,86,30,0.3488372093023256,20,0.23255813953488372,0
0.03,3922273928,targeted,betweenness,86,30,0.3488372093023256,20,0.23255813953488372,0
0.03,3979796060,targeted,betweenness,86,30,0.3488372093023256,20,0.23255813953488372,0
0.03,3611926,targeted,betweenness,86,30,0.3488372093023256,20,0.23255813953488372,0
0.03,2849651000,targeted,betweenness,86,30,0.3488372093023256,20,0.23255813953488372,0
0.03,3269295806,targeted,betweenness,86,30,0.3488372093023256,20,0.23255813953488372,0
0.03,2492777636,targeted,betweenness,86,30,0.3488372093023256,20,0.23255813953488372,0
0.03,3138490391,targeted,betweenness,86,30,0.3488372093023256,20,0.23255813953488372,0
0.03,1902321371,targeted,betweenness,86,30,0.3488372093023256,20,0.23255813953488372,0
0.03,3704791029,targeted,betweenness,86,30,0.3488372093023256,20,0.23255813953488372,0
0.03,3497030321,targeted,betweenness,86,30,0.3488372093023256,20,0.23255813953488372,0
0.03,1372611978,targeted,betweenness,86,30,0.3488372093023256,20,0.23255813953488372,0
0.03,2919996810,targeted,betweenness,86,30,0.3488372093023256,20,0.23255813953488372,0
0.03,1122022965,targeted,betweenness,86,30,0.3488372093023256,20,0.23255813953488372,0
0.03,1254358369,targeted,betweenness,86,30,0.3488372093023256,20,0.23255813953488372,0
0.03,2679138784,targeted,betweenness,86,30,0.3488372093023256,20,0.23255813953488372,0
0.03,1886403717,targeted,betweenness,86,30,0.3488372093023256,20,0.23255813953488372,0
0.03,1395786970,targeted,betweenness,86,30,0.3488372093023256,20,0.23255813953488372,0
0.03,3852645686,targeted,betweenness,86,30,0.3488372093023256,20,0.23255813953488372,0
0.03,3088426522,targeted,betweenness,86,30,0.3488372093023256,20,0.23255813953488372,0
0.03,2775408197,targeted,betweenness,86,30,0.3488372093023256,20,0.23255813953488372,0
0.03,1953672037,targeted,betweenness,86,30,0.3488372093023256,20,0.23255813953488372,0
0.03,537472045,targeted,betweenness,86,30,0.3488372093023256,20,0.23255813953488372,0
0.03,2506607532,targeted,betweenness,86,30,0.3488372093023256,20,0.23255813953488372,0
0.03,1559186448,targeted,betweenness,86,30,0.3488372093023256,20,0.23255813953488372,0
0.03,2709355132,targeted,betweenness,86,30,0.3488372093023256,20,0.23255813953488372,0
0.03,4230629742,targeted,betweenness,86,30,0.3488372093023256,20,0.23255813953488372,0
0.03,1768434953,targeted,betweenness,86,30,0.3488372093023256,20,0.23255813953488372,0
0.03,3949312633,targeted,betweenness,86,30,0.3488372093023256,20,0.23255813953488372,0
0.03,3262850217,targeted,betweenness,86,30,0.3488372093023256,20,0.23255813953488372,0
0.03,634635758,targeted,betweenness,86,30,0.3488372093023256,20,0.23255813953488372,0
0.03,2276971853,targeted,betweenness,86,30,0.3488372093023256,20,0.23255813953488372,0
0.03,45558095,targeted,betweenness,86,30,0.3488372093023256,20,0.23255813953488372,0
0.03,2140180111,targeted,betweenness,86,30,0.3488372093023256,20,0.23255813953488372,0
0.03,2002382760,targeted,betweenness,86,30,0.3488372093023256,20,0.23255813953488372,0
0.03,1956580636,targeted,betweenness,86,30,0.3488372093023256,20,0.23255813953488372,0
0.03,2118536954,targeted,betweenness,86,30,0.3488372093023256,20,0.23255813953488372,0
0.03,2206643829,targeted,betweenness,86,30,0.3488372093023256,20,0.23255813953488372,0
0.03,3867331044,targeted,betweenness,86,30,0.3488372093023256,20,0.23255813953488372,0
0.03,388898307,targeted,betweenness,86,30,0.3488372093023256,20,0.23255813953488372,0
0.03,1019242728,targeted,betweenness,86,30,0.3488372093023256,20,0.23255813953488372,0
0.03,1487772634,targeted,betweenness,86,30,0.3488372093023256,20,0.23255813953488372,0
0.03,2742658023,targeted,betweenness,86,30,0.3488372093023256,20,0.23255813953488372,0
0.03,3695215308,targeted,betweenness,86,30,0.3488372093023256,20,0.23255813953488372,0
0.03,493000976,targeted,betweenness,86,30,0.3488372093023256,20,0.23255813953488372,0
0.03,1407827662,targeted,betweenness,86,30,0.3488372093023256,20,0.23255813953488372,0
0.03,322595868,targeted,betweenness,86,30,0.3488372093023256,20,0.23255813953488372,0
0.03,2506535046,targeted,betweenness,86,30,0.3488372093023256,20,0.23255813953488372,0
0.03,2434921596,targeted,betweenness,86,30,0.3488372093023256,20,0.23255813953488372,0
0.03,944403545,targeted,betweenness,86,30,0.3488372093023256,20,0.23255813953488372,0
0.03,2842746454,targeted,betweenness,86,30,0.3488372093023256,20,0.23255813953488372,0
0.03,2833841101,targeted,betweenness,86,30,0.3488372093023256,20,0.23255813953488372,0
0.03,1731445057,targeted,betweenness,86,30,0.3488372093023256,20,0.23255813953488372,0
0.03,2856573034,targeted,betweenness,86,30,0.3488372093023256,20,0.23255813953488372,0
0.03,1257955139,targeted,betweenness,86,30,0.3488372093023256,20,0.23255813953488372,0
0.03,1321100737,targeted,betweenness,86,30,0.3488372093023256,20,0.23255813953488372,0
0.03,2148152822,targeted,betweenness,86,30,0.3488372093023256,20,0.23255813953488372,0
0.03,3598031427,targeted,betweenness,86,30,0.3488372093023256,20,0.23255813953488372,0
0.03,871493192,targeted,betweenness,86,30,0.3488372093023256,20,0.23255813953488372,0
0.03,1141131380,targeted,betweenness,86,30,0.3488372093023256,20,0.23255813953488372,0
0.03,1947360784,targeted,betweenness,86,30,0.3488372093023256,20,0.23255813953488372,0
0.04,1874364848,targeted,betweenness,86,30,0.3488372093023256,20,0.23255813953488372,0
0.04,2040376534,targeted,betweenness,86,30,0.3488372093023256,20,0.23255813953488372,0
0.04,366692492,targeted,betweenness,86,30,0.3488372093023256,20,0.23255813953488372,0
0.04,3971982538,targeted,betweenness,86,30,0.3488372093023256,20,0.23255813953488372,0
0.04,990236870,targeted,betweenness,86,30,0.3488372093023256,20,0.23255813953488372,0
0.04,1462329772,targeted,betweenness,86,30,0.3488372093023256,20,0.23255813953488372,0
0.04,1183529152,targeted,betweenness,86,30,0.3488372093023256,20,0.23255813953488372,0
0.04,3025282531,targeted,betweenness,86,30,0.3488372093023256,20,0.23255813953488372,0
0.04,2780732122,targeted,betweenness,86,30,0.3488372093023256,20,0.23255813953488372,0
0.04,4009347464,targeted,betweenness,86,30,0.3488372093023256,20,0.23255813953488372,0
0.04,257272862,targeted,betweenness,86,30,0.3488372093023256,20,0.23255813953488372,0
0.04,3451736609,targeted,betweenness,86,30,0.3488372093023256,20,0.23255813953488372,0
0.04,805456399,targeted,betweenness,86,30,0.3488372093023256,20,0.23255813953488372,0
0.04,7084590,targeted,betweenness,86,30,0.3488372093023256,20,0.23255813953488372,0
0.04,2541369640,targeted,betweenness,86,30,0.3488372093023256,20,0.23255813953488372,0
0.04,2802911343,targeted,betweenness,86,30,0.3488372093023256,20,0.23255813953488372,0
0.04,32690671,targeted,betweenness,86,30,0.3488372093023256,20,0.23255813953488372,0
0.04,2748174309,targeted,betweenness,86,30,0.3488372093023256,20,0.23255813953488372,0
0.04,535906497,targeted,betweenness,86,30,0.3488372093023256,20,0.23255813953488372,0
0.04,966908759,targeted,betweenness,86,30,0.3488372093023256,20,0.23255813953488372,0
0.04,3092640225,targeted,betweenness,86,30,0.3488372093023256,20,0.23255813953488372,0
0.04,2293405397,targeted,betweenness,86,30,0.3488372093023256,20,0.23255813953488372,0
0.04,343847258,targeted,betweenness,86,30,0.3488372093023256,20,0.23255813953488372,0
0.04,3738368953,targeted,betweenness,86,30,0.3488372093023256,20,0.23255813953488372,0
0.04,225949632,targeted,betweenness,86,30,0.3488372093023256,20,0.23255813953488372,0
0.04,964874940,targeted,betweenness,86,30,0.3488372093023256,20,0.23255813953488372,0
0.04,3071329476,targeted,betweenness,86,30,0.3488372093023256,20,0.23255813953488372,0
0.04,4142385972,targeted,betweenness,86,30,0.3488372093023256,20,0.23255813953488372,0
0.04,4190252131,targeted,betweenness,86,30,0.3488372093023256,20,0.23255813953488372,0
0.04,3742412642,targeted,betweenness,86,30,0.3488372093023256,20,0.23255813953488372,0
0.04,2091018010,targeted,betweenness,86,30,0.3488372093023256,20,0.23255813953488372,0
0.04,50226967,targeted,betweenness,86,30,0.3488372093023256,20,0.23255813953488372,0
0.04,1977066673,targeted,betweenness,86,30,0.3488372093023256,20,0.23255813953488372,0
0.04,1148703375,targeted,betweenness,86,30,0.3488372093023256,20,0.23255813953488372,0
0.04,1178271492,targeted,betweenness,86,30,0.3488372093023256,20,0.23255813953488372,0
0.04,401157331,targeted,betweenness,86,30,0.3488372093023256,20,0.23255813953488372,0
0.04,875827342,targeted,betweenness,86,30,0.3488372093023256,20,0.23255813953488372,0
0.04,906868736,targeted,betweenness,86,30,0.3488372093023256,20,0.23255813953488372,0
0.04,2353561725,targeted,betweenness,86,30,0.3488372093023256,20,0.23255813953488372,0
0.04,3044167621,targeted,betweenness,86,30,0.3488372093023256,20,0.23255813953488372,0
0.04,3940032920,targeted,betweenness,86,30,0.3488372093023256,20,0.23255813953488372,0
0.04,1436485601,targeted,betweenness,86,30,0.3488372093023256,20,0.23255813953488372,0
0.04,2937513412,targeted,betweenness,86,30,0.3488372093023256,20,0.23255813953488372,0
0.04,3257842521,targeted,betweenness,86,30,0.3488372093023256,20,0.23255813953488372,0
0.04,2906431790,targeted,betweenness,86,30,0.3488372093023256,20,0.23255813953488372,0
0.04,2214718201,targeted,betweenness,86,30,0.3488372093023256,20,0.23255813953488372,0
0.04,2878294100,targeted,betweenness,86,30,0.3488372093023256,20,0.23255813953488372,0
0.04,566633320,targeted,betweenness,86,30,0.3488372093023256,20,0.23255813953488372,0
0.04,1004463604,targeted,betweenness,86,30,0.3488372093023256,20,0.23255813953488372,0
0.04,3087511246,targeted,betweenness,86,30,0.3488372093023256,20,0.23255813953488372,0
0.04,2540186478,targeted,betweenness,86,30,0.3488372093023256,20,0.23255813953488372,0
0.04,2944195598,targeted,betweenness,86,30,0.3488372093023256,20,0.23255813953488372,0
0.04,1454148254,targeted,betweenness,86,30,0.3488372093023256,20,0.23255813953488372,0
0.04,1030328257,targeted,betweenness,86,30,0.3488372093023256,20,0.23255813953488372,0
0.04,2286633681,targeted,betweenness,86,30,0.3488372093023256,20,0.23255813953488372,0
0.04,3820894788,targeted,betweenness,86,30,0.3488372093023256,20,0.23255813953488372,0
0.04,264081798,targeted,betweenness,86,30,0.3488372093023256,20,0.23255813953488372,0
0.04,4010743696,targeted,betweenness,86,30,0.3488372093023256,20,0.23255813953488372,0
0.04,3853320307,targeted,betweenness,86,30,0.3488372093023256,20,0.23255813953488372,0
0.04,973369993,targeted,betweenness,86,30,0.3488372093023256,20,0.23255813953488372,0
0.04,458395954,targeted,betweenness,86,30,0.3488372093023256,20,0.23255813953488372,0
0.04,1941737856,targeted,betweenness,86,30,0.3488372093023256,20,0.23255813953488372,0
0.04,2437061629,targeted,betweenness,86,30,0.3488372093023256,20,0.23255813953488372,0
0.04,813818937,targeted,betweenness,86,30,0.3488372093023256,20,0.23255813953488372,0
0.04,3273119049,targeted,betweenness,86,30,0.3488372093023256,20,0.23255813953488372,0
0.04,3742459398,targeted,betweenness,86,30,0.3488372093023256,20,0.23255813953488372,0
0.04,1574253274,targeted,betweenness,86,30,0.3488372093023256,20,0.23255813953488372,0
0.04,3894140183,targeted,betweenness,86,30,0.3488372093023256,20,0.23255813953488372,0
0.04,3690589069,targeted,betweenness,86,30,0.3488372093023256,20,0.23255813953488372,0
0.04,673578427,targeted,betweenness,86,30,0.3488372093023256,20,0.23255813953488372,0
0.04,3581600096,targeted,betweenness,86,30,0.3488372093023256,20,0.23255813953488372,0
0.04,1451869634,targeted,betweenness,86,30,0.3488372093023256,20,0.23255813953488372,0
0.04,46059562,targeted,betweenness,86,30,0.3488372093023256,20,0.23255813953488372,0
0.04,722102511,targeted,betweenness,86,30,0.3488372093023256,20,0.23255813953488372,0
0.04,3689109759,targeted,betweenness,86,30,0.3488372093023256,20,0.23255813953488372,0
0.04,279015680,targeted,betweenness,86,30,0.3488372093023256,20,0.23255813953488372,0
0.04,2351927654,targeted,betweenness,86,30,0.3488372093023256,20,0.23255813953488372,0
0.04,805346620,targeted,betweenness,86,30,0.3488372093023256,20,0.23255813953488372,0
0.04,1823419826,targeted,betweenness,86,30,0.3488372093023256,20,0.23255813953488372,0
0.04,3001824028,targeted,betweenness,86,30,0.3488372093023256,20,0.23255813953488372,0
0.04,3888030913,targeted,betweenness,86,30,0.3488372093023256,20,0.23255813953488372,0
0.04,1958683968,targeted,betweenness,86,30,0.3488372093023256,20,0.23255813953488372,0
0.04,3690747362,targeted,betweenness,86,30,0.3488372093023256,20,0.23255813953488372,0
0.04,3971942786,targeted,betweenness,86,30,0.3488372093023256,20,0.23255813953488372,0
0.04,3101323497,targeted,betweenness,86,30,0.3488372093023256,20,0.23255813953488372,0
0.04,2109750939,targeted,betweenness,86,30,0.3488372093023256,20,0.23255813953488372,0
0.04,4162182394,targeted,betweenness,86,30,0.3488372093023256,20,0.23255813953488372,0
0.04,969581917,targeted,betweenness,86,30,0.3488372093023256,20,0.23255813953488372,0
0.04,3149128988,targeted,betweenness,86,30,0.3488372093023256,20,0.23255813953488372,0
0.04,793534695,targeted,betweenness,86,30,0.3488372093023256,20,0.23255813953488372,0
0.04,3571014291,targeted,betweenness,86,30,0.3488372093023256,20,0.23255813953488372,0
0.04,99059849,targeted,betweenness,86,30,0.3488372093023256,20,0.23255813953488372,0
0.04,2325418473,targeted,betweenness,86,30,0.3488372093023256,20,0.23255813953488372,0
0.04,3841565816,targeted,betweenness,86,30,0.3488372093023256,20,0.23255813953488372,0
0.04,1303359389,targeted,betweenness,86,30,0.3488372093023256,20,0.23255813953488372,0
0.04,4050510957,targeted,betweenness,86,30,0.3488372093023256,20,0.23255813953488372,0
0.04,1985895431,targeted,betweenness,86,30,0.3488372093023256,20,0.23255813953488372,0
0.04,1820743868,targeted,betweenness,86,30,0.3488372093023256,20,0.23255813953488372,0
0.04,4040994443,targeted,betweenness,86,30,0.3488372093023256,20,0.23255813953488372,0
0.04,3864851465,targeted,betweenness,86,30,0.3488372093023256,20,0.23255813953488372,0
0.05,161328693,targeted,betweenness,86,30,0.3488372093023256,20,0.23255813953488372,0
0.05,1565899405,targeted,betweenness,86,30,0.3488372093023256,20,0.23255813953488372,0
0.05,1950057878,targeted,betweenness,86,30,0.3488372093023256,20,0.23255813953488372,0
0.05,3716799053,targeted,betweenness,86,30,0.3488372093023256,20,0.23255813953488372,0
0.05,2111607977,targeted,betweenness,86,30,0.3488372093023256,20,0.23255813953488372,0
0.05,476201559,targeted,betweenness,86,30,0.3488372093023256,20,0.23255813953488372,0
0.05,1347826967,targeted,betweenness,86,30,0.3488372093023256,20,0.23255813953488372,0
0.05,419638758,targeted,betweenness,86,30,0.3488372093023256,20,0.23255813953488372,0
0.05,61105001,targeted,betweenness,86,30,0.3488372093023256,20,0.23255813953488372,0
0.05,2224251158,targeted,betweenness,86,30,0.3488372093023256,20,0.23255813953488372,0
0.05,2909745081,targeted,betweenness,86,30,0.3488372093023256,20,0.23255813953488372,0
0.05,233212636,targeted,betweenness,86,30,0.3488372093023256,20,0.23255813953488372,0
0.05,4136083175,targeted,betweenness,86,30,0.3488372093023256,20,0.23255813953488372,0
0.05,4010688595,targeted,betweenness,86,30,0.3488372093023256,20,0.23255813953488372,0
0.05,2705163103,targeted,betweenness,86,30,0.3488372093023256,20,0.23255813953488372,0
0.05,647158662,targeted,betweenness,86,30,0.3488372093023256,20,0.23255813953488372,0
0.05,2176444258,targeted,betweenness,86,30,0.3488372093023256,20,0.23255813953488372,0
0.05,2734382771,targeted,betweenness,86,30,0.3488372093023256,20,0.23255813953488372,0
0.05,3733031204,targeted,betweenness,86,30,0.3488372093023256,20,0.23255813953488372,0
0.05,3800886357,targeted,betweenness,86,30,0.3488372093023256,20,0.23255813953488372,0
0.05,3838828568,targeted,betweenness,86,30,0.3488372093023256,20,0.23255813953488372,0
0.05,2796578408,targeted,betweenness,86,30,0.3488372093023256,20,0.23255813953488372,0
0.05,919035537,targeted,betweenness,86,30,0.3488372093023256,20,0.23255813953488372,0
0.05,2259017482,targeted,betweenness,86,30,0.3488372093023256,20,0.23255813953488372,0
0.05,999339938,targeted,betweenness,86,30,0.3488372093023256,20,0.23255813953488372,0
0.05,2524438486,targeted,betweenness,86,30,0.3488372093023256,20,0.23255813953488372,0
0.05,3977699320,targeted,betweenness,86,30,0.3488372093023256,20,0.23255813953488372,0
0.05,1222593882,targeted,betweenness,86,30,0.3488372093023256,20,0.23255813953488372,0
0.05,3167285520,targeted,betweenness,86,30,0.3488372093023256,20,0.23255813953488372,0
0.05,1389516722,targeted,betweenness,86,30,0.3488372093023256,20,0.23255813953488372,0
0.05,1889050447,targeted,betweenness,86,30,0.3488372093023256,20,0.23255813953488372,0
0.05,2716979404,targeted,betweenness,86,30,0.3488372093023256,20,0.23255813953488372,0
0.05,691681215,targeted,betweenness,86,30,0.3488372093023256,20,0.23255813953488372,0
0.05,467684924,targeted,betweenness,86,30,0.3488372093023256,20,0.23255813953488372,0
0.05,4199407757,targeted,betweenness,86,30,0.3488372093023256,20,0.23255813953488372,0
0.05,2974518797,targeted,betweenness,86,30,0.3488372093023256,20,0.23255813953488372,0
0.05,4188642792,targeted,betweenness,86,30,0.3488372093023256,20,0.23255813953488372,0
0.05,479330864,targeted,betweenness,86,30,0.3488372093023256,20,0.23255813953488372,0
0.05,934645542,targeted,betweenness,86,30,0.3488372093023256,20,0.23255813953488372,0
0.05,1006910456,targeted,betweenness,86,30,0.3488372093023256,20,0.23255813953488372,0
0.05,3186377381,targeted,betweenness,86,30,0.3488372093023256,20,0.23255813953488372,0
0.05,1528367961,targeted,betweenness,86,30,0.3488372093023256,20,0.23255813953488372,0
0.05,1281130751,targeted,betweenness,86,30,0.3488372093023256,20,0.23255813953488372,0
0.05,4052782099,targeted,betweenness,86,30,0.3488372093023256,20,0.23255813953488372,0
0.05,1196908414,targeted,betweenness,86,30,0.3488372093023256,20,0.23255813953488372,0
0.05,3726727366,targeted,betweenness,86,30,0.3488372093023256,20,0.23255813953488372,0
0.05,419724994,targeted,betweenness,86,30,0.3488372093023256,20,0.23255813953488372,0
0.05,457274629,targeted,betweenness,86,30,0.3488372093023256,20,0.23255813953488372,0
0.05,1508582223,targeted,betweenness,86,30,0.3488372093023256,20,0.23255813953488372,0
0.05,747567634,targeted,betweenness,86,30,0.3488372093023256,20,0.23255813953488372,0
0.05,1494150046,targeted,betweenness,86,30,0.3488372093023256,20,0.23255813953488372,0
0.05,4111022484,targeted,betweenness,86,30,0.3488372093023256,20,0.23255813953488372,0
0.05,890942109,targeted,betweenness,86,30,0.3488372093023256,20,0.23255813953488372,0
0.05,401283277,targeted,betweenness,86,30,0.3488372093023256,20,0.23255813953488372,0
0.05,1514566794,targeted,betweenness,86,30,0.3488372093023256,20,0.23255813953488372,0
0.05,3306841133,targeted,betweenness,86,30,0.3488372093023256,20,0.23255813953488372,0
0.05,1353756069,targeted,betweenness,86,30,0.3488372093023256,20,0.23255813953488372,0
0.05,1405625987,targeted,betweenness,86,30,0.3488372093023256,20,0.23255813953488372,0
0.05,1315185917,targeted,betweenness,86,30,0.3488372093023256,20,0.23255813953488372,0
0.05,673189386,targeted,betweenness,86,30,0.3488372093023256,20,0.23255813953488372,0
0.05,957334006,targeted,betweenness,86,30,0.3488372093023256,20,0.23255813953488372,0
0.05,3307761682,targeted,betweenness,86,30,0.3488372093023256,20,0.23255813953488372,0
0.05,2369855228,targeted,betweenness,86,30,0.3488372093023256,20,0.23255813953488372,0
0.05,3077116059,targeted,betweenness,86,30,0.3488372093023256,20,0.23255813953488372,0
0.05,1700532246,targeted,betweenness,86,30,0.3488372093023256,20,0.23255813953488372,0
0.05,1197316113,targeted,betweenness,86,30,0.3488372093023256,20,0.23255813953488372,0
0.05,937243860,targeted,betweenness,86,30,0.3488372093023256,20,0.23255813953488372,0
0.05,839065494,targeted,betweenness,86,30,0.3488372093023256,20,0.23255813953488372,0
0.05,4208123502,targeted,betweenness,86,30,0.3488372093023256,20,0.23255813953488372,0
0.05,2356635891,targeted,betweenness,86,30,0.3488372093023256,20,0.23255813953488372,0
0.05,431932391,targeted,betweenness,86,30,0.3488372093023256,20,0.23255813953488372,0
0.05,122500233,targeted,betweenness,86,30,0.3488372093023256,20,0.23255813953488372,0
0.05,3291888594,targeted,betweenness,86,30,0.3488372093023256,20,0.23255813953488372,0
0.05,2775236326,targeted,betweenness,86,30,0.3488372093023256,20,0.23255813953488372,0
0.05,2406294326,targeted,betweenness,86,30,0.3488372093023256,20,0.23255813953488372,0
0.05,3144166923,targeted,betweenness,86,30,0.3488372093023256,20,0.23255813953488372,0
0.05,292566111,targeted,betweenness,86,30,0.3488372093023256,20,0.23255813953488372,0
0.05,1091683855,targeted,betweenness,86,30,0.3488372093023256,20,0.23255813953488372,0
0.05,2337596992,targeted,betweenness,86,30,0.3488372093023256,20,0.23255813953488372,0
0.05,1342939027,targeted,betweenness,86,30,0.3488372093023256,20,0.23255813953488372,0
0.05,99899486,targeted,betweenness,86,30,0.3488372093023256,20,0.23255813953488372,0
0.05,1178681769,targeted,betweenness,86,30,0.3488372093023256,20,0.23255813953488372,0
0.05,1567759752,targeted,betweenness,86,30,0.3488372093023256,20,0.23255813953488372,0
0.05,738447876,targeted,betweenness,86,30,0.3488372093023256,20,0.23255813953488372,0
0.05,4254869175,targeted,betweenness,86,30,0.3488372093023256,20,0.23255813953488372,0
0.05,3154302879,targeted,betweenness,86,30,0.3488372093023256,20,0.23255813953488372,0
0.05,260420403,targeted,betweenness,86,30,0.3488372093023256,20,0.23255813953488372,0
0.05,737335109,targeted,betweenness,86,30,0.3488372093023256,20,0.23255813953488372,0
0.05,1342543614,targeted,betweenness,86,30,0.3488372093023256,20,0.23255813953488372,0
0.05,840809045,targeted,betweenness,86,30,0.3488372093023256,20,0.23255813953488372,0
0.05,302058783,targeted,betweenness,86,30,0.3488372093023256,20,0.23255813953488372,0
0.05,3826580994,targeted,betweenness,86,30,0.3488372093023256,20,0.23255813953488372,0
0.05,1682068299,targeted,betweenness,86,30,0.3488372093023256,20,0.23255813953488372,0
0.05,392187890,targeted,betweenness,86,30,0.3488372093023256,20,0.23255813953488372,0
0.05,4015489024,targeted,betweenness,86,30,0.3488372093023256,20,0.23255813953488372,0
0.05,3819977443,targeted,betweenness,86,30,0.3488372093023256,20,0.23255813953488372,0
0.05,3730054179,targeted,betweenness,86,30,0.3488372093023256,20,0.23255813953488372,0
0.05,533386449,targeted,betweenness,86,30,0.3488372093023256,20,0.23255813953488372,0
0.05,683076289,targeted,betweenness,86,30,0.3488372093023256,20,0.23255813953488372,0
0.05,3362578983,targeted,betweenness,86,30,0.3488372093023256,20,0.23255813953488372,0
0.06,2617721224,targeted,betweenness,86,30,0.3488372093023256,20,0.23255813953488372,1
0.06,1749781631,targeted,betweenness,86,30,0.3488372093023256,20,0.23255813953488372,1
0.06,3670666263,targeted,betweenness,86,30,0.3488372093023256,20,0.23255813953488372,1
0.06,860803706,targeted,betweenness,86,30,0.3488372093023256,20,0.23255813953488372,1
0.06,1862648566,targeted,betweenness,86,30,0.3488372093023256,20,0.23255813953488372,1
0.06,2747481862,targeted,betweenness,86,30,0.3488372093023256,20,0.23255813953488372,1
0.06,1971565564,targeted,betweenness,86,30,0.3488372093023256,20,0.23255813953488372,1
0.06,4007363640,targeted,betweenness,86,30,0.3488372093023256,20,0.23255813953488372,1
0.06,484666463,targeted,betweenness,86,30,0.3488372093023256,20,0.23255813953488372,1
0.06,1088877598,targeted,betweenness,86,30,0.3488372093023256,20,0.23255813953488372,1
0.06,2110465886,targeted,betweenness,86,30,0.3488372093023256,20,0.23255813953488372,1
0.06,1824376339,targeted,betweenness,86,30,0.3488372093023256,20,0.23255813953488372,1
0.06,718580748,targeted,betweenness,86,30,0.3488372093023256,20,0.23255813953488372,1
0.06,1855315088,targeted,betweenness,86,30,0.3488372093023256,20,0.23255813953488372,1
0.06,2706228103,targeted,betweenness,86,30,0.3488372093023256,20,0.23255813953488372,1
0.06,827262253,targeted,betweenness,86,30,0.3488372093023256,20,0.23255813953488372,1
0.06,3624501055,targeted,betweenness,86,30,0.3488372093023256,20,0.23255813953488372,1
0.06,4209209025,targeted,betweenness,86,30,0.3488372093023256,20,0.23255813953488372,1
0.06,539667347,targeted,betweenness,86,30,0.3488372093023256,20,0.23255813953488372,1
0.06,3508692544,targeted,betweenness,86,30,0.3488372093023256,20,0.23255813953488372,1
0.06,1599516255,targeted,betweenness,86,30,0.3488372093023256,20,0.23255813953488372,1
0.06,2768831301,targeted,betweenness,86,30,0.3488372093023256,20,0.23255813953488372,1
0.06,873805075,targeted,betweenness,86,30,0.3488372093023256,20,0.23255813953488372,1
0.06,3759643356,targeted,betweenness,86,30,0.3488372093023256,20,0.23255813953488372,1
0.06,2355754815,targeted,betweenness,86,30,0.3488372093023256,20,0.23255813953488372,1
0.06,299606694,targeted,betweenness,86,30,0.3488372093023256,20,0.23255813953488372,1
0.06,1463684371,targeted,betweenness,86,30,0.3488372093023256,20,0.23255813953488372,1
0.06,51304021,targeted,betweenness,86,30,0.3488372093023256,20,0.23255813953488372,1
0.06,2274038596,targeted,betweenness,86,30,0.3488372093023256,20,0.23255813953488372,1
0.06,810468402,targeted,betweenness,86,30,0.3488372093023256,20,0.23255813953488372,1
0.06,3508488122,targeted,betweenness,86,30,0.3488372093023256,20,0.23255813953488372,1
0.06,3638119475,targeted,betweenness,86,30,0.3488372093023256,20,0.23255813953488372,1
0.06,3956474281,targeted,betweenness,86,30,0.3488372093023256,20,0.23255813953488372,1
0.06,2772210712,targeted,betweenness,86,30,0.3488372093023256,20,0.23255813953488372,1
0.06,1534498024,targeted,betweenness,86,30,0.3488372093023256,20,0.23255813953488372,1
0.06,1776057560,targeted,betweenness,86,30,0.3488372093023256,20,0.23255813953488372,1
0.06,3015158637,targeted,betweenness,86,30,0.3488372093023256,20,0.23255813953488372,1
0.06,1219856855,targeted,betweenness,86,30,0.3488372093023256,20,0.23255813953488372,1
0.06,2871693951,targeted,betweenness,86,30,0.3488372093023256,20,0.23255813953488372,1
0.06,189304298,targeted,betweenness,86,30,0.3488372093023256,20,0.23255813953488372,1
0.06,253507302,targeted,betweenness,86,30,0.3488372093023256,20,0.23255813953488372,1
0.06,1989133325,targeted,betweenness,86,30,0.3488372093023256,20,0.23255813953488372,1
0.06,922017339,targeted,betweenness,86,30,0.3488372093023256,20,0.23255813953488372,1
0.06,522525234,targeted,betweenness,86,30,0.3488372093023256,20,0.23255813953488372,1
0.06,1230019929,targeted,betweenness,86,30,0.3488372093023256,20,0.23255813953488372,1
0.06,412149774,targeted,betweenness,86,30,0.3488372093023256,20,0.23255813953488372,1
0.06,164531372,targeted,betweenness,86,30,0.3488372093023256,20,0.23255813953488372,1
0.06,2088522584,targeted,betweenness,86,30,0.3488372093023256,20,0.23255813953488372,1
0.06,4184972093,targeted,betweenness,86,30,0.3488372093023256,20,0.23255813953488372,1
0.06,3141324426,targeted,betweenness,86,30,0.3488372093023256,20,0.23255813953488372,1
0.06,1095344089,targeted,betweenness,86,30,0.3488372093023256,20,0.23255813953488372,1
0.06,2376594990,targeted,betweenness,86,30,0.3488372093023256,20,0.23255813953488372,1
0.06,1037720869,targeted,betweenness,86,30,0.3488372093023256,20,0.23255813953488372,1
0.06,1837650168,targeted,betweenness,86,30,0.3488372093023256,20,0.23255813953488372,1
0.06,157840096,targeted,betweenness,86,30,0.3488372093023256,20,0.23255813953488372,1
0.06,2969813782,targeted,betweenness,86,30,0.3488372093023256,20,0.23255813953488372,1
0.06,1814030625,targeted,betweenness,86,30,0.3488372093023256,20,0.23255813953488372,1
0.06,463808114,targeted,betweenness,86,30,0.3488372093023256,20,0.23255813953488372,1
0.06,3355102835,targeted,betweenness,86,30,0.3488372093023256,20,0.23255813953488372,1
0.06,3387499675,targeted,betweenness,86,30,0.3488372093023256,20,0.23255813953488372,1
0.06,2359326873,targeted,betweenness,86,30,0.3488372093023256,20,0.23255813953488372,1
0.06,3859593577,targeted,betweenness,86,30,0.3488372093023256,20,0.23255813953488372,1
0.06,4185189270,targeted,betweenness,86,30,0.3488372093023256,20,0.23255813953488372,1
0.06,3558323494,targeted,betweenness,86,30,0.3488372093023256,20,0.23255813953488372,1
0.06,3388132936,targeted,betweenness,86,30,0.3488372093023256,20,0.23255813953488372,1
0.06,2326509939,targeted,betweenness,86,30,0.3488372093023256,20,0.23255813953488372,1
0.06,699586867,targeted,betweenness,86,30,0.3488372093023256,20,0.23255813953488372,1
0.06,1101942276,targeted,betweenness,86,30,0.3488372093023256,20,0.23255813953488372,1
0.06,2035042527,targeted,betweenness,86,30,0.3488372093023256,20,0.23255813953488372,1
0.06,2876263885,targeted,betweenness,86,30,0.3488372093023256,20,0.23255813953488372,1
0.06,1899065394,targeted,betweenness,86,30,0.3488372093023256,20,0.23255813953488372,1
0.06,634925877,targeted,betweenness,86,30,0.3488372093023256,20,0.23255813953488372,1
0.06,4130876423,targeted,betweenness,86,30,0.3488372093023256,20,0.23255813953488372,1
0.06,642899249,targeted,betweenness,86,30,0.3488372093023256,20,0.23255813953488372,1
0.06,1094843648,targeted,betweenness,86,30,0.3488372093023256,20,0.23255813953488372,1
0.06,3021397522,targeted,betweenness,86,30,0.3488372093023256,20,0.23255813953488372,1
0.06,3395150011,targeted,betweenness,86,30,0.3488372093023256,20,0.23255813953488372,1
0.06,505670531,targeted,betweenness,86,30,0.3488372093023256,20,0.23255813953488372,1
0.06,4197732548,targeted,betweenness,86,30,0.3488372093023256,20,0.23255813953488372,1
0.06,494897338,targeted,betweenness,86,30,0.3488372093023256,20,0.23255813953488372,1
0.06,3841710516,targeted,betweenness,86,30,0.3488372093023256,20,0.23255813953488372,1
0.06,3875091581,targeted,betweenness,86,30,0.3488372093023256,20,0.23255813953488372,1
0.06,3607925536,targeted,betweenness,86,30,0.3488372093023256,20,0.23255813953488372,1
0.06,1154935346,targeted,betweenness,86,30,0.3488372093023256,20,0.23255813953488372,1
0.06,3955818110,targeted,betweenness,86,30,0.3488372093023256,20,0.23255813953488372,1
0.06,1553106771,targeted,betweenness,86,30,0.3488372093023256,20,0.23255813953488372,1
0.06,3554389441,targeted,betweenness,86,30,0.3488372093023256,20,0.23255813953488372,1
0.06,331657760,targeted,betweenness,86,30,0.3488372093023256,20,0.23255813953488372,1
0.06,3694950965,targeted,betweenness,86,30,0.3488372093023256,20,0.23255813953488372,1
0.06,3953325537,targeted,betweenness,86,30,0.3488372093023256,20,0.23255813953488372,1
0.06,1787856703,targeted,betweenness,86,30,0.3488372093023256,20,0.23255813953488372,1
0.06,738058015,targeted,betweenness,86,30,0.3488372093023256,20,0.23255813953488372,1
0.06,1563827356,targeted,betweenness,86,30,0.3488372093023256,20,0.23255813953488372,1
0.06,2160144440,targeted,betweenness,86,30,0.3488372093023256,20,0.23255813953488372,1
0.06,3849443716,targeted,betweenness,86,30,0.3488372093023256,20,0.23255813953488372,1
0.06,3173028492,targeted,betweenness,86,30,0.3488372093023256,20,0.23255813953488372,1
0.06,2713505758,targeted,betweenness,86,30,0.3488372093023256,20,0.23255813953488372,1
0.06,1236228274,targeted,betweenness,86,30,0.3488372093023256,20,0.23255813953488372,1
0.06,2416126062,targeted,betweenness,86,30,0.3488372093023256,20,0.23255813953488372,1
0.06,1580995075,targeted,betweenness,86,30,0.3488372093023256,20,0.23255813953488372,1
0.07,1369798745,targeted,betweenness,86,30,0.3488372093023256,20,0.23255813953488372,1
0.07,663341227,targeted,betweenness,86,30,0.3488372093023256,20,0.23255813953488372,1
0.07,194365079,targeted,betweenness,86,30,0.3488372093023256,20,0.23255813953488372,1
0.07,3237118671,targeted,betweenness,86,30,0.3488372093023256,20,0.23255813953488372,1
0.07,3725892462,targeted,betweenness,86,30,0.3488372093023256,20,0.23255813953488372,1
0.07,690769781,targeted,betweenness,86,30,0.3488372093023256,20,0.23255813953488372,1
0.07,2402033530,targeted,betweenness,86,30,0.3488372093023256,20,0.23255813953488372,1
0.07,343531647,targeted,betweenness,86,30,0.3488372093023256,20,0.23255813953488372,1
0.07,2679368934,targeted,betweenness,86,30,0.3488372093023256,20,0.23255813953488372,1
0.07,3442068273,targeted,betweenness,86,30,0.3488372093023256,20,0.23255813953488372,1
0.07,317930297,targeted,betweenness,86,30,0.3488372093023256,20,0.23255813953488372,1
0.07,3560118971,targeted,betweenness,86,30,0.3488372093023256,20,0.23255813953488372,1
0.07,49326748,targeted,betweenness,86,30,0.3488372093023256,20,0.23255813953488372,1
0.07,2106995115,targeted,betweenness,86,30,0.3488372093023256,20,0.23255813953488372,1
0.07,1733469920,targeted,betweenness,86,30,0.3488372093023256,20,0.23255813953488372,1
0.07,2819068716,targeted,betweenness,86,30,0.3488372093023256,20,0.23255813953488372,1
0.07,4194852489,targeted,betweenness,86,30,0.3488372093023256,20,0.23255813953488372,1
0.07,297597654,targeted,betweenness,86,30,0.3488372093023256,20,0.23255813953488372,1
0.07,353070583,targeted,betweenness,86,30,0.3488372093023256,20,0.23255813953488372,1
0.07,3433430651,targeted,betweenness,86,30,0.3488372093023256,20,0.23255813953488372,1
0.07,4213415450,targeted,betweenness,86,30,0.3488372093023256,20,0.23255813953488372,1
0.07,761716868,targeted,betweenness,86,30,0.3488372093023256,20,0.23255813953488372,1
0.07,3811131070,targeted,betweenness,86,30,0.3488372093023256,20,0.23255813953488372,1
0.07,3796682444,targeted,betweenness,86,30,0.3488372093023256,20,0.23255813953488372,1
0.07,3349106971,targeted,betweenness,86,30,0.3488372093023256,20,0.23255813953488372,1
0.07,3814087392,targeted,betweenness,86,30,0.3488372093023256,20,0.23255813953488372,1
0.07,994670355,targeted,betweenness,86,30,0.3488372093023256,20,0.23255813953488372,1
0.07,3367761580,targeted,betweenness,86,30,0.3488372093023256,20,0.23255813953488372,1
0.07,718434270,targeted,betweenness,86,30,0.3488372093023256,20,0.23255813953488372,1
0.07,378568358,targeted,betweenness,86,30,0.3488372093023256,20,0.23255813953488372,1
0.07,787143557,targeted,betweenness,86,30,0.3488372093023256,20,0.23255813953488372,1
0.07,3234143294,targeted,betweenness,86,30,0.3488372093023256,20,0.23255813953488372,1
0.07,3846194253,targeted,betweenness,86,30,0.3488372093023256,20,0.23255813953488372,1
0.07,3351804735,targeted,betweenness,86,30,0.3488372093023256,20,0.23255813953488372,1
0.07,2787659344,targeted,betweenness,86,30,0.3488372093023256,20,0.23255813953488372,1
0.07,2872573506,targeted,betweenness,86,30,0.3488372093023256,20,0.23255813953488372,1
0.07,2360356575,targeted,betweenness,86,30,0.3488372093023256,20,0.23255813953488372,1
0.07,2051541537,targeted,betweenness,86,30,0.3488372093023256,20,0.23255813953488372,1
0.07,2781852470,targeted,betweenness,86,30,0.3488372093023256,20,0.23255813953488372,1
0.07,3500124247,targeted,betweenness,86,30,0.3488372093023256,20,0.23255813953488372,1
0.07,473492188,targeted,betweenness,86,30,0.3488372093023256,20,0.23255813953488372,1
0.07,3811439338,targeted,betweenness,86,30,0.3488372093023256,20,0.23255813953488372,1
0.07,2101242347,targeted,betweenness,86,30,0.3488372093023256,20,0.23255813953488372,1
0.07,792636887,targeted,betweenness,86,30,0.3488372093023256,20,0.23255813953488372,1
0.07,3577646222,targeted,betweenness,86,30,0.3488372093023256,20,0.23255813953488372,1
0.07,350536112,targeted,betweenness,86,30,0.3488372093023256,20,0.23255813953488372,1
0.07,1850865287,targeted,betweenness,86,30,0.3488372093023256,20,0.23255813953488372,1
0.07,412896388,targeted,betweenness,86,30,0.3488372093023256,20,0.23255813953488372,1
0.07,1647564425,targeted,betweenness,86,30,0.3488372093023256,20,0.23255813953488372,1
0.07,1822555561,targeted,betweenness,86,30,0.3488372093023256,20,0.23255813953488372,1
0.07,2420814371,targeted,betweenness,86,30,0.3488372093023256,20,0.23255813953488372,1
0.07,478148084,targeted,betweenness,86,30,0.3488372093023256,20,0.23255813953488372,1
0.07,2335079080,targeted,betweenness,86,30,0.3488372093023256,20,0.23255813953488372,1
0.07,968528904,targeted,betweenness,86,30,0.3488372093023256,20,0.23255813953488372,1
0.07,2753615147,targeted,betweenness,86,30,0.3488372093023256,20,0.23255813953488372,1
0.07,3385116363,targeted,betweenness,86,30,0.3488372093023256,20,0.23255813953488372,1
0.07,1637150051,targeted,betweenness,86,30,0.3488372093023256,20,0.23255813953488372,1
0.07,1368107246,targeted,betweenness,86,30,0.3488372093023256,20,0.23255813953488372,1
0.07,3708549555,targeted,betweenness,86,30,0.3488372093023256,20,0.23255813953488372,1
0.07,217689220,targeted,betweenness,86,30,0.3488372093023256,20,0.23255813953488372,1
0.07,349828233,targeted,betweenness,86,30,0.3488372093023256,20,0.23255813953488372,1
0.07,4177726791,targeted,betweenness,86,30,0.3488372093023256,20,0.23255813953488372,1
0.07,434056042,targeted,betweenness,86,30,0.3488372093023256,20,0.23255813953488372,1
0.07,2674712338,targeted,betweenness,86,30,0.3488372093023256,20,0.23255813953488372,1
0.07,3678429847,targeted,betweenness,86,30,0.3488372093023256,20,0.23255813953488372,1
0.07,160103643,targeted,betweenness,86,30,0.3488372093023256,20,0.23255813953488372,1
0.07,3786856128,targeted,betweenness,86,30,0.3488372093023256,20,0.23255813953488372,1
0.07,3954038542,targeted,betweenness,86,30,0.3488372093023256,20,0.23255813953488372,1
0.07,2919136543,targeted,betweenness,86,30,0.3488372093023256,20,0.23255813953488372,1
0.07,1304856439,targeted,betweenness,86,30,0.3488372093023256,20,0.23255813953488372,1
0.07,4239110434,targeted,betweenness,86,30,0.3488372093023256,20,0.23255813953488372,1
0.07,2969749164,targeted,betweenness,86,30,0.3488372093023256,20,0.23255813953488372,1
0.07,1867278043,targeted,betweenness,86,30,0.3488372093023256,20,0.23255813953488372,1
0.07,3192442931,targeted,betweenness,86,30,0.3488372093023256,20,0.23255813953488372,1
0.07,2373282047,targeted,betweenness,86,30,0.3488372093023256,20,0.23255813953488372,1
0.07,2112657130,targeted,betweenness,86,30,0.3488372093023256,20,0.23255813953488372,1
0.07,4258236214,targeted,betweenness,86,30,0.3488372093023256,20,0.23255813953488372,1
0.07,18965536,targeted,betweenness,86,30,0.3488372093023256,20,0.23255813953488372,1
0.07,1627159218,targeted,betweenness,86,30,0.3488372093023256,20,0.23255813953488372,1
0.07,2561684825,targeted,betweenness,86,30,0.3488372093023256,20,0.23255813953488372,1
0.07,1844923281,targeted,betweenness,86,30,0.3488372093023256,20,0.23255813953488372,1
0.07,4172777686,targeted,betweenness,86,30,0.3488372093023256,20,0.23255813953488372,1
0.07,145263559,targeted,betweenness,86,30,0.3488372093023256,20,0.23255813953488372,1
0.07,554049141,targeted,betweenness,86,30,0.3488372093023256,20,0.23255813953488372,1
0.07,930692184,targeted,betweenness,86,30,0.3488372093023256,20,0.23255813953488372,1
0.07,3934588743,targeted,betweenness,86,30,0.3488372093023256,20,0.23255813953488372,1
0.07,757173372,targeted,betweenness,86,30,0.3488372093023256,20,0.23255813953488372,1
0.07,819759904,targeted,betweenness,86,30,0.3488372093023256,20,0.23255813953488372,1
0.07,1865515578,targeted,betweenness,86,30,0.3488372093023256,20,0.23255813953488372,1
0.07,424869038,targeted,betweenness,86,30,0.3488372093023256,20,0.23255813953488372,1
0.07,2271272899,targeted,betweenness,86,30,0.3488372093023256,20,0.23255813953488372,1
0.07,975817877,targeted,betweenness,86,30,0.3488372093023256,20,0.23255813953488372,1
0.07,332596436,targeted,betweenness,86,30,0.3488372093023256,20,0.23255813953488372,1
0.07,4051389610,targeted,betweenness,86,30,0.3488372093023256,20,0.23255813953488372,1
0.07,2327771237,targeted,betweenness,86,30,0.3488372093023256,20,0.23255813953488372,1
0.07,1378964488,targeted,betweenness,86,30,0.3488372093023256,20,0.23255813953488372,1
0.07,3186015424,targeted,betweenness,86,30,0.3488372093023256,20,0.23255813953488372,1
0.07,228008533,targeted,betweenness,86,30,0.3488372093023256,20,0.23255813953488372,1
0.07,1925364065,targeted,betweenness,86,30,0.3488372093023256,20,0.23255813953488372,1
0.07,2383432018,targeted,betweenness,86,30,0.3488372093023256,20,0.23255813953488372,1
0.08,3026431988,targeted,betweenness,86,30,0.3488372093023256,20,0.23255813953488372,2
0.08,3171933138,targeted,betweenness,86,30,0.3488372093023256,20,0.23255813953488372,2
0.08,4049553846,targeted,betweenness,86,30,0.3488372093023256,20,0.23255813953488372,2
0.08,4261106095,targeted,betweenness,86,30,0.3488372093023256,20,0.23255813953488372,2
0.08,537461541,targeted,betweenness,86,30,0.3488372093023256,20,0.23255813953488372,2
0.08,613164125,targeted,betweenness,86,30,0.3488372093023256,20,0.23255813953488372,2
0.08,345092083,targeted,betweenness,86,30,0.3488372093023256,20,0.23255813953488372,2
0.08,183144052,targeted,betweenness,86,30,0.3488372093023256,20,0.23255813953488372,2
0.08,1282861620,targeted,betweenness,86,30,0.3488372093023256,20,0.23255813953488372,2
0.08,2989217112,targeted,betweenness,86,30,0.3488372093023256,20,0.23255813953488372,2
0.08,3047140475,targeted,betweenness,86,30,0.3488372093023256,20,0.23255813953488372,2
0.08,4060692288,targeted,betweenness,86,30,0.3488372093023256,20,0.23255813953488372,2
0.08,3330525933,targeted,betweenness,86,30,0.3488372093023256,20,0.23255813953488372,2
0.08,251698594,targeted,betweenness,86,30,0.3488372093023256,20,0.23255813953488372,2
0.08,1309188747,targeted,betweenness,86,30,0.3488372093023256,20,0.23255813953488372,2
0.08,4085357389,targeted,betweenness,86,30,0.3488372093023256,20,0.23255813953488372,2
0.08,485839771,targeted,betweenness,86,30,0.3488372093023256,20,0.23255813953488372,2
0.08,3267017999,targeted,betweenness,86,30,0.3488372093023256,20,0.23255813953488372,2
0.08,3103607010,targeted,betweenness,86,30,0.3488372093023256,20,0.23255813953488372,2
0.08,418966124,targeted,betweenness,86,30,0.3488372093023256,20,0.23255813953488372,2
0.08,1905710954,targeted,betweenness,86,30,0.3488372093023256,20,0.23255813953488372,2
0.08,3008174115,targeted,betweenness,86,30,0.3488372093023256,20,0.23255813953488372,2
0.08,4098957821,targeted,betweenness,86,30,0.3488372093023256,20,0.23255813953488372,2
0.08,2018133313,targeted,betweenness,86,30,0.3488372093023256,20,0.23255813953488372,2
0.08,1877139567,targeted,betweenness,86,30,0.3488372093023256,20,0.23255813953488372,2
0.08,500020326,targeted,betweenness,86,30,0.3488372093023256,20,0.23255813953488372,2
0.08,4278462566,targeted,betweenness,86,30,0.3488372093023256,20,0.23255813953488372,2
0.08,3896847843,targeted,betweenness,86,30,0.3488372093023256,20,0.23255813953488372,2
0.08,2893623466,targeted,betweenness,86,30,0.3488372093023256,20,0.23255813953488372,2
0.08,366623957,targeted,betweenness,86,30,0.3488372093023256,20,0.23255813953488372,2
0.08,1982081406,targeted,betweenness,86,30,0.3488372093023256,20,0.23255813953488372,2
0.08,772233638,targeted,betweenness,86,30,0.3488372093023256,20,0.23255813953488372,2
0.08,268929614,targeted,betweenness,86,30,0.3488372093023256,20,0.23255813953488372,2
0.08,9031692,targeted,betweenness,86,30,0.3488372093023256,20,0.23255813953488372,2
0.08,1346566469,targeted,betweenness,86,30,0.3488372093023256,20,0.23255813953488372,2
0.08,178871585,targeted,betweenness,86,30,0.3488372093023256,20,0.23255813953488372,2
0.08,243524654,targeted,betweenness,86,30,0.3488372093023256,20,0.23255813953488372,2
0.08,2233858157,targeted,betweenness,86,30,0.3488372093023256,20,0.23255813953488372,2
0.08,1321395638,targeted,betweenness,86,30,0.3488372093023256,20,0.23255813953488372,2
0.08,859039542,targeted,betweenness,86,30,0.3488372093023256,20,0.23255813953488372,2
0.08,2637210958,targeted,betweenness,86,30,0.3488372093023256,20,0.23255813953488372,2
0.08,1943764654,targeted,betweenness,86,30,0.3488372093023256,20,0.23255813953488372,2
0.08,3760559790,targeted,betweenness,86,30,0.3488372093023256,20,0.23255813953488372,2
0.08,3409071512,targeted,betweenness,86,30,0.3488372093023256,20,0.23255813953488372,2
0.08,1142432274,targeted,betweenness,86,30,0.3488372093023256,20,0.23255813953488372,2
0.08,3931134961,targeted,betweenness,86,30,0.3488372093023256,20,0.23255813953488372,2
0.08,3479661767,targeted,betweenness,86,30,0.3488372093023256,20,0.23255813953488372,2
0.08,1764594492,targeted,betweenness,86,30,0.3488372093023256,20,0.23255813953488372,2
0.08,3388098818,targeted,betweenness,86,30,0.3488372093023256,20,0.23255813953488372,2
0.08,3361840103,targeted,betweenness,86,30,0.3488372093023256,20,0.23255813953488372,2
0.08,866011451,targeted,betweenness,86,30,0.3488372093023256,20,0.23255813953488372,2
0.08,2726698460,targeted,betweenness,86,30,0.3488372093023256,20,0.23255813953488372,2
0.08,1832930956,targeted,betweenness,86,30,0.3488372093023256,20,0.23255813953488372,2
0.08,46975374,targeted,betweenness,86,30,0.3488372093023256,20,0.23255813953488372,2
0.08,4270322077,targeted,betweenness,86,30,0.3488372093023256,20,0.23255813953488372,2
0.08,1504561666,targeted,betweenness,86,30,0.3488372093023256,20,0.23255813953488372,2
0.08,3557826929,targeted,betweenness,86,30,0.3488372093023256,20,0.23255813953488372,2
0.08,2556901358,targeted,betweenness,86,30,0.3488372093023256,20,0.23255813953488372,2
0.08,1710060885,targeted,betweenness,86,30,0.3488372093023256,20,0.23255813953488372,2
0.08,611834811,targeted,betweenness,86,30,0.3488372093023256,20,0.23255813953488372,2
0.08,4214077603,targeted,betweenness,86,30,0.3488372093023256,20,0.23255813953488372,2
0.08,165899012,targeted,betweenness,86,30,0.3488372093023256,20,0.23255813953488372,2
0.08,1416669154,targeted,betweenness,86,30,0.3488372093023256,20,0.23255813953488372,2
0.08,379773839,targeted,betweenness,86,30,0.3488372093023256,20,0.23255813953488372,2
0.08,1025860279,targeted,betweenness,86,30,0.3488372093023256,20,0.23255813953488372,2
0.08,117288582,targeted,betweenness,86,30,0.3488372093023256,20,0.23255813953488372,2
0.08,3700786803,targeted,betweenness,86,30,0.3488372093023256,20,0.23255813953488372,2
0.08,341426913,targeted,betweenness,86,30,0.3488372093023256,20,0.23255813953488372,2
0.08,897623188,targeted,betweenness,86,30,0.3488372093023256,20,0.23255813953488372,2
0.08,3223730500,targeted,betweenness,86,30,0.3488372093023256,20,0.23255813953488372,2
0.08,3176891152,targeted,betweenness,86,30,0.3488372093023256,20,0.23255813953488372,2
0.08,943470315,targeted,betweenness,86,30,0.3488372093023256,20,0.23255813953488372,2
0.08,2720898217,targeted,betweenness,86,30,0.3488372093023256,20,0.23255813953488372,2
0.08,1905481493,targeted,betweenness,86,30,0.3488372093023256,20,0.23255813953488372,2
0.08,3757228062,targeted,betweenness,86,30,0.3488372093023256,20,0.23255813953488372,2
0.08,1808672411,targeted,betweenness,86,30,0.3488372093023256,20,0.23255813953488372,2
0.08,4262577572,targeted,betweenness,86,30,0.3488372093023256,20,0.23255813953488372,2
0.08,4195931674,targeted,betweenness,86,30,0.3488372093023256,20,0.23255813953488372,2
0.08,1484204754,targeted,betweenness,86,30,0.3488372093023256,20,0.23255813953488372,2
0.08,3181672631,targeted,betweenness,86,30,0.3488372093023256,20,0.23255813953488372,2
0.08,2731319618,targeted,betweenness,86,30,0.3488372093023256,20,0.23255813953488372,2
0.08,1672369744,targeted,betweenness,86,30,0.3488372093023256,20,0.23255813953488372,2
0.08,4225132062,targeted,betweenness,86,30,0.3488372093023256,20,0.23255813953488372,2
0.08,1079148293,targeted,betweenness,86,30,0.3488372093023256,20,0.23255813953488372,2
0.08,4022023715,targeted,betweenness,86,30,0.3488372093023256,20,0.23255813953488372,2
0.08,2166446833,targeted,betweenness,86,30,0.3488372093023256,20,0.23255813953488372,2
0.08,1161360884,targeted,betweenness,86,30,0.3488372093023256,20,0.23255813953488372,2
0.08,3069286436,targeted,betweenness,86,30,0.3488372093023256,20,0.23255813953488372,2
0.08,3162925875,targeted,betweenness,86,30,0.3488372093023256,20,0.23255813953488372,2
0.08,3363276846,targeted,betweenness,86,30,0.3488372093023256,20,0.23255813953488372,2
0.08,2950088916,targeted,betweenness,86,30,0.3488372093023256,20,0.23255813953488372,2
0.08,4088910351,targeted,betweenness,86,30,0.3488372093023256,20,0.23255813953488372,2
0.08,3588382520,targeted,betweenness,86,30,0.3488372093023256,20,0.23255813953488372,2
0.08,1170184217,targeted,betweenness,86,30,0.3488372093023256,20,0.23255813953488372,2
0.08,3970773579,targeted,betweenness,86,30,0.3488372093023256,20,0.23255813953488372,2
0.08,3181398933,targeted,betweenness,86,30,0.3488372093023256,20,0.23255813953488372,2
0.08,2858288936,targeted,betweenness,86,30,0.3488372093023256,20,0.23255813953488372,2
0.08,3349275814,targeted,betweenness,86,30,0.3488372093023256,20,0.23255813953488372,2
0.08,2830612090,targeted,betweenness,86,30,0.3488372093023256,20,0.23255813953488372,2
0.08,1368590548,targeted,betweenness,86,30,0.3488372093023256,20,0.23255813953488372,2
0.09,2214077229,targeted,betweenness,86,30,0.3488372093023256,20,0.23255813953488372,1
0.09,1951628595,targeted,betweenness,86,30,0.3488372093023256,20,0.23255813953488372,1
0.09,3400390762,targeted,betweenness,86,30,0.3488372093023256,20,0.23255813953488372,1
0.09,334194727,targeted,betweenness,86,30,0.3488372093023256,20,0.23255813953488372,1
0.09,88805309,targeted,betweenness,86,30,0.3488372093023256,20,0.23255813953488372,1
0.09,2368417316,targeted,betweenness,86,30,0.3488372093023256,20,0.23255813953488372,1
0.09,2966483758,targeted,betweenness,86,30,0.3488372093023256,20,0.23255813953488372,1
0.09,1033819283,targeted,betweenness,86,30,0.3488372093023256,20,0.23255813953488372,1
0.09,47155387,targeted,betweenness,86,30,0.3488372093023256,20,0.23255813953488372,1
0.09,1423262861,targeted,betweenness,86,30,0.3488372093023256,20,0.23255813953488372,1
0.09,1275855076,targeted,betweenness,86,30,0.3488372093023256,20,0.23255813953488372,1
0.09,3595785898,targeted,betweenness,86,30,0.3488372093023256,20,0.23255813953488372,1
0.09,2124401783,targeted,betweenness,86,30,0.3488372093023256,20,0.23255813953488372,1
0.09,1317438996,targeted,betweenness,86,30,0.3488372093023256,20,0.23255813953488372,1
0.09,3625594161,targeted,betweenness,86,30,0.3488372093023256,20,0.23255813953488372,1
0.09,1310600921,targeted,betweenness,86,30,0.3488372093023256,20,0.23255813953488372,1
0.09,751669055,targeted,betweenness,86,30,0.3488372093023256,20,0.23255813953488372,1
0.09,1654205082,targeted,betweenness,86,30,0.3488372093023256,20,0.23255813953488372,1
0.09,471678683,targeted,betweenness,86,30,0.3488372093023256,20,0.23255813953488372,1
0.09,1214268573,targeted,betweenness,86,30,0.3488372093023256,20,0.23255813953488372,1
0.09,2833940981,targeted,betweenness,86,30,0.3488372093023256,20,0.23255813953488372,1
0.09,2572749038,targeted,betweenness,86,30,0.3488372093023256,20,0.23255813953488372,1
0.09,3862608687,targeted,betweenness,86,30,0.3488372093023256,20,0.23255813953488372,1
0.09,197711521,targeted,betweenness,86,30,0.3488372093023256,20,0.23255813953488372,1
0.09,3191733402,targeted,betweenness,86,30,0.3488372093023256,20,0.23255813953488372,1
0.09,554652722,targeted,betweenness,86,30,0.3488372093023256,20,0.23255813953488372,1
0.09,4195138997,targeted,betweenness,86,30,0.3488372093023256,20,0.23255813953488372,1
0.09,3884889418,targeted,betweenness,86,30,0.3488372093023256,20,0.23255813953488372,1
0.09,3139643953,targeted,betweenness,86,30,0.3488372093023256,20,0.23255813953488372,1
0.09,516278990,targeted,betweenness,86,30,0.3488372093023256,20,0.23255813953488372,1
0.09,3668814176,targeted,betweenness,86,30,0.3488372093023256,20,0.23255813953488372,1
0.09,2034011133,targeted,betweenness,86,30,0.3488372093023256,20,0.23255813953488372,1
0.09,3002946203,targeted,betweenness,86,30,0.3488372093023256,20,0.23255813953488372,1
0.09,3405370579,targeted,betweenness,86,30,0.3488372093023256,20,0.23255813953488372,1
0.09,152679167,targeted,betweenness,86,30,0.3488372093023256,20,0.23255813953488372,1
0.09,3985677071,targeted,betweenness,86,30,0.3488372093023256,20,0.23255813953488372,1
0.09,880807490,targeted,betweenness,86,30,0.3488372093023256,20,0.23255813953488372,1
0.09,1405112291,targeted,betweenness,86,30,0.3488372093023256,20,0.23255813953488372,1
0.09,751147201,targeted,betweenness,86,30,0.3488372093023256,20,0.23255813953488372,1
0.09,596577329,targeted,betweenness,86,30,0.3488372093023256,20,0.23255813953488372,1
0.09,2578050755,targeted,betweenness,86,30,0.3488372093023256,20,0.23255813953488372,1
0.09,3289132965,targeted,betweenness,86,30,0.3488372093023256,20,0.23255813953488372,1
0.09,2247216701,targeted,betweenness,86,30,0.3488372093023256,20,0.23255813953488372,1
0.09,336332321,targeted,betweenness,86,30,0.3488372093023256,20,0.23255813953488372,1
0.09,2163256395,targeted,betweenness,86,30,0.3488372093023256,20,0.23255813953488372,1
0.09,3415472637,targeted,betweenness,86,30,0.3488372093023256,20,0.23255813953488372,1
0.09,314588160,targeted,betweenness,86,30,0.3488372093023256,20,0.23255813953488372,1
0.09,3153233404,targeted,betweenness,86,30,0.3488372093023256,20,0.23255813953488372,1
0.09,2936717263,targeted,betweenness,86,30,0.3488372093023256,20,0.23255813953488372,1
0.09,2139713380,targeted,betweenness,86,30,0.3488372093023256,20,0.23255813953488372,1
0.09,245727205,targeted,betweenness,86,30,0.3488372093023256,20,0.23255813953488372,1
0.09,2352829431,targeted,betweenness,86,30,0.3488372093023256,20,0.23255813953488372,1
0.09,1071370973,targeted,betweenness,86,30,0.3488372093023256,20,0.23255813953488372,1
0.09,3413119530,targeted,betweenness,86,30,0.3488372093023256,20,0.23255813953488372,1
0.09,1410543341,targeted,betweenness,86,30,0.3488372093023256,20,0.23255813953488372,1
0.09,261434225,targeted,betweenness,86,30,0.3488372093023256,20,0.23255813953488372,1
0.09,3458170269,targeted,betweenness,86,30,0.3488372093023256,20,0.23255813953488372,1
0.09,1507286063,targeted,betweenness,86,30,0.3488372093023256,20,0.23255813953488372,1
0.09,89223248,targeted,betweenness,86,30,0.3488372093023256,20,0.23255813953488372,1
0.09,865530874,targeted,betweenness,86,30,0.3488372093023256,20,0.23255813953488372,1
0.09,2165199935,targeted,betweenness,86,30,0.3488372093023256,20,0.23255813953488372,1
0.09,942125742,targeted,betweenness,86,30,0.3488372093023256,20,0.23255813953488372,1
0.09,773432019,targeted,betweenness,86,30,0.3488372093023256,20,0.23255813953488372,1
0.09,1893140105,targeted,betweenness,86,30,0.3488372093023256,20,0.23255813953488372,1
0.09,1588102683,targeted,betweenness,86,30,0.3488372093023256,20,0.23255813953488372,1
0.09,2582123332,targeted,betweenness,86,30,0.3488372093023256,20,0.23255813953488372,1
0.09,3749500976,targeted,betweenness,86,30,0.3488372093023256,20,0.23255813953488372,1
0.09,2001945668,targeted,betweenness,86,30,0.3488372093023256,20,0.23255813953488372,1
0.09,312777842,targeted,betweenness,86,30,0.3488372093023256,20,0.23255813953488372,1
0.09,1272839871,targeted,betweenness,86,30,0.3488372093023256,20,0.23255813953488372,1
0.09,2978555272,targeted,betweenness,86,30,0.3488372093023256,20,0.23255813953488372,1
0.09,2077248507,targeted,betweenness,86,30,0.3488372093023256,20,0.23255813953488372,1
0.09,3296896811,targeted,betweenness,86,30,0.3488372093023256,20,0.23255813953488372,1
0.09,1974796256,targeted,betweenness,86,30,0.3488372093023256,20,0.23255813953488372,1
0.09,3354206813,targeted,betweenness,86,30,0.3488372093023256,20,0.23255813953488372,1
0.09,4182018497,targeted,betweenness,86,30,0.3488372093023256,20,0.23255813953488372,1
0.09,1520607515,targeted,betweenness,86,30,0.3488372093023256,20,0.23255813953488372,1
0.09,952312878,targeted,betweenness,86,30,0.3488372093023256,20,0.23255813953488372,1
0.09,1162362762,targeted,betweenness,86,30,0.3488372093023256,20,0.23255813953488372,1
0.09,1722787160,targeted,betweenness,86,30,0.3488372093023256,20,0.23255813953488372,1
0.09,4066173454,targeted,betweenness,86,30,0.3488372093023256,20,0.23255813953488372,1
0.09,753225594,targeted,betweenness,86,30,0.3488372093023256,20,0.23255813953488372,1
0.09,1404638280,targeted,betweenness,86,30,0.3488372093023256,20,0.23255813953488372,1
0.09,4219385142,targeted,betweenness,86,30,0.3488372093023256,20,0.23255813953488372,1
0.09,2524991355,targeted,betweenness,86,30,0.3488372093023256,20,0.23255813953488372,1
0.09,3124791119,targeted,betweenness,86,30,0.3488372093023256,20,0.23255813953488372,1
0.09,2365025469,targeted,betweenness,86,30,0.3488372093023256,20,0.23255813953488372,1
0.09,1976550996,targeted,betweenness,86,30,0.3488372093023256,20,0.23255813953488372,1
0.09,2160005462,targeted,betweenness,86,30,0.3488372093023256,20,0.23255813953488372,1
0.09,2065580451,targeted,betweenness,86,30,0.3488372093023256,20,0.23255813953488372,1
0.09,3737023531,targeted,betweenness,86,30,0.3488372093023256,20,0.23255813953488372,1
0.09,4115953695,targeted,betweenness,86,30,0.3488372093023256,20,0.23255813953488372,1
0.09,3687953991,targeted,betweenness,86,30,0.3488372093023256,20,0.23255813953488372,1
0.09,10958480,targeted,betweenness,86,30,0.3488372093023256,20,0.23255813953488372,1
0.09,3456720012,targeted,betweenness,86,30,0.3488372093023256,20,0.23255813953488372,1
0.09,1656865629,targeted,betweenness,86,30,0.3488372093023256,20,0.23255813953488372,1
0.09,4200618509,targeted,betweenness,86,30,0.3488372093023256,20,0.23255813953488372,1
0.09,1305654520,targeted,betweenness,86,30,0.3488372093023256,20,0.23255813953488372,1
0.09,2725808720,targeted,betweenness,86,30,0.3488372093023256,20,0.23255813953488372,1
0.09,2206736446,targeted,betweenness,86,30,0.3488372093023256,20,0.23255813953488372,1
0.1,3587916967,targeted,betweenness,86,30,0.3488372093023256,20,0.23255813953488372,0
0.1,163312383,targeted,betweenness,86,30,0.3488372093023256,20,0.23255813953488372,0
0.1,832429202,targeted,betweenness,86,30,0.3488372093023256,20,0.23255813953488372,0
0.1,4057204396,targeted,betweenness,86,30,0.3488372093023256,20,0.23255813953488372,0
0.1,412157766,targeted,betweenness,86,30,0.3488372093023256,20,0.23255813953488372,0
0.1,2621322844,targeted,betweenness,86,30,0.3488372093023256,20,0.23255813953488372,0
0.1,3771337177,targeted,betweenness,86,30,0.3488372093023256,20,0.23255813953488372,0
0.1,3493248884,targeted,betweenness,86,30,0.3488372093023256,20,0.23255813953488372,0
0.1,3791310566,targeted,betweenness,86,30,0.3488372093023256,20,0.23255813953488372,0
0.1,4068450688,targeted,betweenness,86,30,0.3488372093023256,20,0.23255813953488372,0
0.1,2978805372,targeted,betweenness,86,30,0.3488372093023256,20,0.23255813953488372,0
0.1,1295755828,targeted,betweenness,86,30,0.3488372093023256,20,0.23255813953488372,0
0.1,665535831,targeted,betweenness,86,30,0.3488372093023256,20,0.23255813953488372,0
0.1,3437670451,targeted,betweenness,86,30,0.3488372093023256,20,0.23255813953488372,0
0.1,1674063998,targeted,betweenness,86,30,0.3488372093023256,20,0.23255813953488372,0
0.1,515959312,targeted,betweenness,86,30,0.3488372093023256,20,0.23255813953488372,0
0.1,286382009,targeted,betweenness,86,30,0.3488372093023256,20,0.23255813953488372,0
0.1,3003288116,targeted,betweenness,86,30,0.3488372093023256,20,0.23255813953488372,0
0.1,3805042943,targeted,betweenness,86,30,0.3488372093023256,20,0.23255813953488372,0
0.1,3388300845,targeted,betweenness,86,30,0.3488372093023256,20,0.23255813953488372,0
0.1,1663710353,targeted,betweenness,86,30,0.3488372093023256,20,0.23255813953488372,0
0.1,3754044501,targeted,betweenness,86,30,0.3488372093023256,20,0.23255813953488372,0
0.1,4265786742,targeted,betweenness,86,30,0.3488372093023256,20,0.23255813953488372,0
0.1,1117146402,targeted,betweenness,86,30,0.3488372093023256,20,0.23255813953488372,0
0.1,1987736231,targeted,betweenness,86,30,0.3488372093023256,20,0.23255813953488372,0
0.1,3318178152,targeted,betweenness,86,30,0.3488372093023256,20,0.23255813953488372,0
0.1,1242925051,targeted,betweenness,86,30,0.3488372093023256,20,0.23255813953488372,0
0.1,1251703657,targeted,betweenness,86,30,0.3488372093023256,20,0.23255813953488372,0
0.1,565807914,targeted,betweenness,86,30,0.3488372093023256,20,0.23255813953488372,0
0.1,1904635897,targeted,betweenness,86,30,0.3488372093023256,20,0.23255813953488372,0
0.1,1263247492,targeted,betweenness,86,30,0.3488372093023256,20,0.23255813953488372,0
0.1,3624986864,targeted,betweenness,86,30,0.3488372093023256,20,0.23255813953488372,0
0.1,179944225,targeted,betweenness,86,30,0.3488372093023256,20,0.23255813953488372,0
0.1,1448648478,targeted,betweenness,86,30,0.3488372093023256,20,0.23255813953488372,0
0.1,247913747,targeted,betweenness,86,30,0.3488372093023256,20,0.23255813953488372,0
0.1,2186622451,targeted,betweenness,86,30,0.3488372093023256,20,0.23255813953488372,0
0.1,3121289903,targeted,betweenness,86,30,0.3488372093023256,20,0.23255813953488372,0
0.1,2984446998,targeted,betweenness,86,30,0.3488372093023256,20,0.23255813953488372,0
0.1,2656936577,targeted,betweenness,86,30,0.3488372093023256,20,0.23255813953488372,0
0.1,1247659732,targeted,betweenness,86,30,0.3488372093023256,20,0.23255813953488372,0
0.1,3219410226,targeted,betweenness,86,30,0.3488372093023256,20,0.23255813953488372,0
0.1,2695567898,targeted,betweenness,86,30,0.3488372093023256,20,0.23255813953488372,0
0.1,1197710329,targeted,betweenness,86,30,0.3488372093023256,20,0.23255813953488372,0
0.1,2790022400,targeted,betweenness,86,30,0.3488372093023256,20,0.23255813953488372,0
0.1,2785261027,targeted,betweenness,86,30,0.3488372093023256,20,0.23255813953488372,0
0.1,4075408057,targeted,betweenness,86,30,0.3488372093023256,20,0.23255813953488372,0
0.1,1642248332,targeted,betweenness,86,30,0.3488372093023256,20,0.23255813953488372,0
0.1,3824277620,targeted,betweenness,86,30,0.3488372093023256,20,0.23255813953488372,0
0.1,1659155611,targeted,betweenness,86,30,0.3488372093023256,20,0.23255813953488372,0
0.1,2162772654,targeted,betweenness,86,30,0.3488372093023256,20,0.23255813953488372,0
0.1,135340934,targeted,betweenness,86,30,0.3488372093023256,20,0.23255813953488372,0
0.1,3265546442,targeted,betweenness,86,30,0.3488372093023256,20,0.23255813953488372,0
0.1,172702480,targeted,betweenness,86,30,0.3488372093023256,20,0.23255813953488372,0
0.1,4206427119,targeted,betweenness,86,30,0.3488372093023256,20,0.23255813953488372,0
0.1,429515075,targeted,betweenness,86,30,0.3488372093023256,20,0.23255813953488372,0
0.1,1223436364,targeted,betweenness,86,30,0.3488372093023256,20,0.23255813953488372,0
0.1,2229708092,targeted,betweenness,86,30,0.3488372093023256,20,0.23255813953488372,0
0.1,3412007980,targeted,betweenness,86,30,0.3488372093023256,20,0.23255813953488372,0
0.1,1114855590,targeted,betweenness,86,30,0.3488372093023256,20,0.23255813953488372,0
0.1,3823228947,targeted,betweenness,86,30,0.3488372093023256,20,0.23255813953488372,0
0.1,730047462,targeted,betweenness,86,30,0.3488372093023256,20,0.23255813953488372,0
0.1,261398029,targeted,betweenness,86,30,0.3488372093023256,20,0.23255813953488372,0
0.1,3357139095,targeted,betweenness,86,30,0.3488372093023256,20,0.23255813953488372,0
0.1,1517950011,targeted,betweenness,86,30,0.3488372093023256,20,0.23255813953488372,0
0.1,4280740476,targeted,betweenness,86,30,0.3488372093023256,20,0.23255813953488372,0
0.1,2239180619,targeted,betweenness,86,30,0.3488372093023256,20,0.23255813953488372,0
0.1,1974370767,targeted,betweenness,86,30,0.3488372093023256,20,0.23255813953488372,0
0.1,475567887,targeted,betweenness,86,30,0.3488372093023256,20,0.23255813953488372,0
0.1,1197103010,targeted,betweenness,86,30,0.3488372093023256,20,0.23255813953488372,0
0.1,4080154180,targeted,betweenness,86,30,0.3488372093023256,20,0.23255813953488372,0
0.1,3111934574,targeted,betweenness,86,30,0.3488372093023256,20,0.23255813953488372,0
0.1,1833694533,targeted,betweenness,86,30,0.3488372093023256,20,0.23255813953488372,0
0.1,3704299908,targeted,betweenness,86,30,0.3488372093023256,20,0.23255813953488372,0
0.1,2591940622,targeted,betweenness,86,30,0.3488372093023256,20,0.23255813953488372,0
0.1,4202345224,targeted,betweenness,86,30,0.3488372093023256,20,0.23255813953488372,0
0.1,2749058973,targeted,betweenness,86,30,0.3488372093023256,20,0.23255813953488372,0
0.1,2644725808,targeted,betweenness,86,30,0.3488372093023256,20,0.23255813953488372,0
0.1,1192025198,targeted,betweenness,86,30,0.3488372093023256,20,0.23255813953488372,0
0.1,1848118000,targeted,betweenness,86,30,0.3488372093023256,20,0.23255813953488372,0
0.1,3794293372,targeted,betweenness,86,30,0.3488372093023256,20,0.23255813953488372,0
0.1,2194277787,targeted,betweenness,86,30,0.3488372093023256,20,0.23255813953488372,0
0.1,3651070253,targeted,betweenness,86,30,0.3488372093023256,20,0.23255813953488372,0
0.1,366864716,targeted,betweenness,86,30,0.3488372093023256,20,0.23255813953488372,0
0.1,2233255802,targeted,betweenness,86,30,0.3488372093023256,20,0.23255813953488372,0
0.1,2029198844,targeted,betweenness,86,30,0.3488372093023256,20,0.23255813953488372,0
0.1,3575869291,targeted,betweenness,86,30,0.3488372093023256,20,0.23255813953488372,0
0.1,1284975960,targeted,betweenness,86,30,0.3488372093023256,20,0.23255813953488372,0
0.1,14116074,targeted,betweenness,86,30,0.3488372093023256,20,0.23255813953488372,0
0.1,1589738201,targeted,betweenness,86,30,0.3488372093023256,20,0.23255813953488372,0
0.1,2132289348,targeted,betweenness,86,30,0.3488372093023256,20,0.23255813953488372,0
0.1,3301515680,targeted,betweenness,86,30,0.3488372093023256,20,0.23255813953488372,0
0.1,1742913943,targeted,betweenness,86,30,0.3488372093023256,20,0.23255813953488372,0
0.1,1179057102,targeted,betweenness,86,30,0.3488372093023256,20,0.23255813953488372,0
0.1,3104498661,targeted,betweenness,86,30,0.3488372093023256,20,0.23255813953488372,0
0.1,3933266365,targeted,betweenness,86,30,0.3488372093023256,20,0.23255813953488372,0
0.1,3837018888,targeted,betweenness,86,30,0.3488372093023256,20,0.23255813953488372,0
0.1,2349768346,targeted,betweenness,86,30,0.3488372093023256,20,0.23255813953488372,0
0.1,4274228526,targeted,betweenness,86,30,0.3488372093023256,20,0.23255813953488372,0
0.1,3109490426,targeted,betweenness,86,30,0.3488372093023256,20,0.23255813953488372,0
0.1,2900490499,targeted,betweenness,86,30,0.3488372093023256,20,0.23255813953488372,0
0.11,2218153353,targeted,betweenness,86,30,0.3488372093023256,20,0.23255813953488372,0
0.11,1729027044,targeted,betweenness,86,30,0.3488372093023256,20,0.23255813953488372,0
0.11,3435190084,targeted,betweenness,86,30,0.3488372093023256,20,0.23255813953488372,0
0.11,1758725110,targeted,betweenness,86,30,0.3488372093023256,20,0.23255813953488372,0
0.11,1243150188,targeted,betweenness,86,30,0.3488372093023256,20,0.23255813953488372,0
0.11,1977267609,targeted,betweenness,86,30,0.3488372093023256,20,0.23255813953488372,0
0.11,65160025,targeted,betweenness,86,30,0.3488372093023256,20,0.23255813953488372,0
0.11,3334742147,targeted,betweenness,86,30,0.3488372093023256,20,0.23255813953488372,0
0.11,439774263,targeted,betweenness,86,30,0.3488372093023256,20,0.23255813953488372,0
0.11,1845589416,targeted,betweenness,86,30,0.3488372093023256,20,0.23255813953488372,0
0.11,3971823417,targeted,betweenness,86,30,0.3488372093023256,20,0.23255813953488372,0
0.11,123865491,targeted,betweenness,86,30,0.3488372093023256,20,0.23255813953488372,0
0.11,855584552,targeted,betweenness,86,30,0.3488372093023256,20,0.23255813953488372,0
0.11,776208551,targeted,betweenness,86,30,0.3488372093023256,20,0.23255813953488372,0
0.11,3397423475,targeted,betweenness,86,30,0.3488372093023256,20,0.23255813953488372,0
0.11,1836268355,targeted,betweenness,86,30,0.3488372093023256,20,0.23255813953488372,0
0.11,916065291,targeted,betweenness,86,30,0.3488372093023256,20,0.23255813953488372,0
0.11,2557578667,targeted,betweenness,86,30,0.3488372093023256,20,0.23255813953488372,0
0.11,1322493694,targeted,betweenness,86,30,0.3488372093023256,20,0.23255813953488372,0
0.11,3940612622,targeted,betweenness,86,30,0.3488372093023256,20,0.23255813953488372,0
0.11,785328328,targeted,betweenness,86,30,0.3488372093023256,20,0.23255813953488372,0
0.11,3831806988,targeted,betweenness,86,30,0.3488372093023256,20,0.23255813953488372,0
0.11,2496474660,targeted,betweenness,86,30,0.3488372093023256,20,0.23255813953488372,0
0.11,634845433,targeted,betweenness,86,30,0.3488372093023256,20,0.23255813953488372,0
0.11,979206656,targeted,betweenness,86,30,0.3488372093023256,20,0.23255813953488372,0
0.11,1655835161,targeted,betweenness,86,30,0.3488372093023256,20,0.23255813953488372,0
0.11,485688493,targeted,betweenness,86,30,0.3488372093023256,20,0.23255813953488372,0
0.11,3917984783,targeted,betweenness,86,30,0.3488372093023256,20,0.23255813953488372,0
0.11,1398639701,targeted,betweenness,86,30,0.3488372093023256,20,0.23255813953488372,0
0.11,1377287154,targeted,betweenness,86,30,0.3488372093023256,20,0.23255813953488372,0
0.11,2373574046,targeted,betweenness,86,30,0.3488372093023256,20,0.23255813953488372,0
0.11,2713758403,targeted,betweenness,86,30,0.3488372093023256,20,0.23255813953488372,0
0.11,861226146,targeted,betweenness,86,30,0.3488372093023256,20,0.23255813953488372,0
0.11,3898829269,targeted,betweenness,86,30,0.3488372093023256,20,0.23255813953488372,0
0.11,981731115,targeted,betweenness,86,30,0.3488372093023256,20,0.23255813953488372,0
0.11,2788512476,targeted,betweenness,86,30,0.3488372093023256,20,0.23255813953488372,0
0.11,4045515588,targeted,betweenness,86,30,0.3488372093023256,20,0.23255813953488372,0
0.11,3221302445,targeted,betweenness,86,30,0.3488372093023256,20,0.23255813953488372,0
0.11,4188354583,targeted,betweenness,86,30,0.3488372093023256,20,0.23255813953488372,0
0.11,1092290609,targeted,betweenness,86,30,0.3488372093023256,20,0.23255813953488372,0
0.11,2358466747,targeted,betweenness,86,30,0.3488372093023256,20,0.23255813953488372,0
0.11,2704538670,targeted,betweenness,86,30,0.3488372093023256,20,0.23255813953488372,0
0.11,3586261615,targeted,betweenness,86,30,0.3488372093023256,20,0.23255813953488372,0
0.11,432335923,targeted,betweenness,86,30,0.3488372093023256,20,0.23255813953488372,0
0.11,12795392,targeted,betweenness,86,30,0.3488372093023256,20,0.23255813953488372,0
0.11,2620424584,targeted,betweenness,86,30,0.3488372093023256,20,0.23255813953488372,0
0.11,864336307,targeted,betweenness,86,30,0.3488372093023256,20,0.23255813953488372,0
0.11,3209574992,targeted,betweenness,86,30,0.3488372093023256,20,0.23255813953488372,0
0.11,1523974460,targeted,betweenness,86,30,0.3488372093023256,20,0.23255813953488372,0
0.11,4061261411,targeted,betweenness,86,30,0.3488372093023256,20,0.23255813953488372,0
0.11,409922570,targeted,betweenness,86,30,0.3488372093023256,20,0.23255813953488372,0
0.11,322654595,targeted,betweenness,86,30,0.3488372093023256,20,0.23255813953488372,0
0.11,642943740,targeted,betweenness,86,30,0.3488372093023256,20,0.23255813953488372,0
0.11,1594262541,targeted,betweenness,86,30,0.3488372093023256,20,0.23255813953488372,0
0.11,3250753029,targeted,betweenness,86,30,0.3488372093023256,20,0.23255813953488372,0
0.11,2535327226,targeted,betweenness,86,30,0.3488372093023256,20,0.23255813953488372,0
0.11,2551752508,targeted,betweenness,86,30,0.3488372093023256,20,0.23255813953488372,0
0.11,3449209511,targeted,betweenness,86,30,0.3488372093023256,20,0.23255813953488372,0
0.11,1117912790,targeted,betweenness,86,30,0.3488372093023256,20,0.23255813953488372,0
0.11,2843021877,targeted,betweenness,86,30,0.3488372093023256,20,0.23255813953488372,0
0.11,1115548953,targeted,betweenness,86,30,0.3488372093023256,20,0.23255813953488372,0
0.11,4144344492,targeted,betweenness,86,30,0.3488372093023256,20,0.23255813953488372,0
0.11,3103740075,targeted,betweenness,86,30,0.3488372093023256,20,0.23255813953488372,0
0.11,2019555128,targeted,betweenness,86,30,0.3488372093023256,20,0.23255813953488372,0
0.11,3796755296,targeted,betweenness,86,30,0.3488372093023256,20,0.23255813953488372,0
0.11,2097826181,targeted,betweenness,86,30,0.3488372093023256,20,0.23255813953488372,0
0.11,3270531750,targeted,betweenness,86,30,0.3488372093023256,20,0.23255813953488372,0
0.11,698042443,targeted,betweenness,86,30,0.3488372093023256,20,0.23255813953488372,0
0.11,3142365611,targeted,betweenness,86,30,0.3488372093023256,20,0.23255813953488372,0
0.11,3204795463,targeted,betweenness,86,30,0.3488372093023256,20,0.23255813953488372,0
0.11,453158918,targeted,betweenness,86,30,0.3488372093023256,20,0.23255813953488372,0
0.11,123553805,targeted,betweenness,86,30,0.3488372093023256,20,0.23255813953488372,0
0.11,2964985455,targeted,betweenness,86,30,0.3488372093023256,20,0.23255813953488372,0
0.11,2195634294,targeted,betweenness,86,30,0.3488372093023256,20,0.23255813953488372,0
0.11,517416744,targeted,betweenness,86,30,0.3488372093023256,20,0.23255813953488372,0
0.11,127355796,targeted,betweenness,86,30,0.3488372093023256,20,0.23255813953488372,0
0.11,286545899,targeted,betweenness,86,30,0.3488372093023256,20,0.23255813953488372,0
0.11,1429234238,targeted,betweenness,86,30,0.3488372093023256,20,0.23255813953488372,0
0.11,457705486,targeted,betweenness,86,30,0.3488372093023256,20,0.23255813953488372,0
0.11,2658426082,targeted,betweenness,86,30,0.3488372093023256,20,0.23255813953488372,0
0.11,3662820446,targeted,betweenness,86,30,0.3488372093023256,20,0.23255813953488372,0
0.11,4246943799,targeted,betweenness,86,30,0.3488372093023256,20,0.23255813953488372,0
0.11,2860025635,targeted,betweenness,86,30,0.3488372093023256,20,0.23255813953488372,0
0.11,719540606,targeted,betweenness,86,30,0.3488372093023256,20,0.23255813953488372,0
0.11,663580240,targeted,betweenness,86,30,0.3488372093023256,20,0.23255813953488372,0
0.11,3084053525,targeted,betweenness,86,30,0.3488372093023256,20,0.23255813953488372,0
0.11,1406829411,targeted,betweenness,86,30,0.3488372093023256,20,0.23255813953488372,0
0.11,3102343481,targeted,betweenness,86,30,0.3488372093023256,20,0.23255813953488372,0
0.11,1129556276,targeted,betweenness,86,30,0.3488372093023256,20,0.23255813953488372,0
0.11,2106524191,targeted,betweenness,86,30,0.3488372093023256,20,0.23255813953488372,0
0.11,289448542,targeted,betweenness,86,30,0.3488372093023256,20,0.23255813953488372,0
0.11,2379825398,targeted,betweenness,86,30,0.3488372093023256,20,0.23255813953488372,0
0.11,978297531,targeted,betweenness,86,30,0.3488372093023256,20,0.23255813953488372,0
0.11,1284603975,targeted,betweenness,86,30,0.3488372093023256,20,0.23255813953488372,0
0.11,527019245,targeted,betweenness,86,30,0.3488372093023256,20,0.23255813953488372,0
0.11,1650577908,targeted,betweenness,86,30,0.3488372093023256,20,0.23255813953488372,0
0.11,4151537006,targeted,betweenness,86,30,0.3488372093023256,20,0.23255813953488372,0
0.11,523386982,targeted,betweenness,86,30,0.3488372093023256,20,0.23255813953488372,0
0.11,1270480619,targeted,betweenness,86,30,0.3488372093023256,20,0.23255813953488372,0
0.11,3910890891,targeted,betweenness,86,30,0.3488372093023256,20,0.23255813953488372,0
0.12,3997073654,targeted,betweenness,86,20,0.23255813953488372,19,0.22093023255813954,0
0.12,2022849556,targeted,betweenness,86,20,0.23255813953488372,19,0.22093023255813954,0
0.12,3204250576,targeted,betweenness,86,20,0.23255813953488372,19,0.22093023255813954,0
0.12,3977014571,targeted,betweenness,86,20,0.23255813953488372,19,0.22093023255813954,0
0.12,3856252101,targeted,betweenness,86,20,0.23255813953488372,19,0.22093023255813954,0
0.12,1797708681,targeted,betweenness,86,20,0.23255813953488372,19,0.22093023255813954,0
0.12,1667901011,targeted,betweenness,86,20,0.23255813953488372,19,0.22093023255813954,0
0.12,2727215562,targeted,betweenness,86,20,0.23255813953488372,19,0.22093023255813954,0
0.12,3526351765,targeted,betweenness,86,20,0.23255813953488372,19,0.22093023255813954,0
0.12,351035033,targeted,betweenness,86,20,0.23255813953488372,19,0.22093023255813954,0
0.12,2208180861,targeted,betweenness,86,20,0.23255813953488372,19,0.22093023255813954,0
0.12,1507074594,targeted,betweenness,86,20,0.23255813953488372,19,0.22093023255813954,0
0.12,3353452800,targeted,betweenness,86,20,0.23255813953488372,19,0.22093023255813954,0
0.12,1661405017,targeted,betweenness,86,20,0.23255813953488372,19,0.22093023255813954,0
0.12,1536932676,targeted,betweenness,86,20,0.23255813953488372,19,0.22093023255813954,0
0.12,1484405675,targeted,betweenness,86,20,0.23255813953488372,19,0.22093023255813954,0
0.12,3087220175,targeted,betweenness,86,20,0.23255813953488372,19,0.22093023255813954,0
0.12,1771387402,targeted,betweenness,86,20,0.23255813953488372,19,0.22093023255813954,0
0.12,666375149,targeted,betweenness,86,20,0.23255813953488372,19,0.22093023255813954,0
0.12,2938831783,targeted,betweenness,86,20,0.23255813953488372,19,0.22093023255813954,0
0.12,1687799857,targeted,betweenness,86,20,0.23255813953488372,19,0.22093023255813954,0
0.12,3390072671,targeted,betweenness,86,20,0.23255813953488372,19,0.22093023255813954,0
0.12,3860203812,targeted,betweenness,86,20,0.23255813953488372,19,0.22093023255813954,0
0.12,321068230,targeted,betweenness,86,20,0.23255813953488372,19,0.22093023255813954,0
0.12,3117822166,targeted,betweenness,86,20,0.23255813953488372,19,0.22093023255813954,0
0.12,3882426045,targeted,betweenness,86,20,0.23255813953488372,19,0.22093023255813954,0
0.12,2023170599,targeted,betweenness,86,20,0.23255813953488372,19,0.22093023255813954,0
0.12,2404381532,targeted,betweenness,86,20,0.23255813953488372,19,0.22093023255813954,0
0.12,1344899555,targeted,betweenness,86,20,0.23255813953488372,19,0.22093023255813954,0
0.12,2106721323,targeted,betweenness,86,20,0.23255813953488372,19,0.22093023255813954,0
0.12,1034524430,targeted,betweenness,86,20,0.23255813953488372,19,0.22093023255813954,0
0.12,2243835917,targeted,betweenness,86,20,0.23255813953488372,19,0.22093023255813954,0
0.12,878364161,targeted,betweenness,86,20,0.23255813953488372,19,0.22093023255813954,0
0.12,1859803341,targeted,betweenness,86,20,0.23255813953488372,19,0.22093023255813954,0
0.12,3442355853,targeted,betweenness,86,20,0.23255813953488372,19,0.22093023255813954,0
0.12,609035057,targeted,betweenness,86,20,0.23255813953488372,19,0.22093023255813954,0
0.12,520106763,targeted,betweenness,86,20,0.23255813953488372,19,0.22093023255813954,0
0.12,3036182231,targeted,betweenness,86,20,0.23255813953488372,19,0.22093023255813954,0
0.12,2409786019,targeted,betweenness,86,20,0.23255813953488372,19,0.22093023255813954,0
0.12,3148861254,targeted,betweenness,86,20,0.23255813953488372,19,0.22093023255813954,0
0.12,4080862473,targeted,betweenness,86,20,0.23255813953488372,19,0.22093023255813954,0
0.12,274428672,targeted,betweenness,86,20,0.23255813953488372,19,0.22093023255813954,0
0.12,4036159200,targeted,betweenness,86,20,0.23255813953488372,19,0.22093023255813954,0
0.12,3556659480,targeted,betweenness,86,20,0.23255813953488372,19,0.22093023255813954,0
0.12,2727256569,targeted,betweenness,86,20,0.23255813953488372,19,0.22093023255813954,0
0.12,1664874324,targeted,betweenness,86,20,0.23255813953488372,19,0.22093023255813954,0
0.12,2759755145,targeted,betweenness,86,20,0.23255813953488372,19,0.22093023255813954,0
0.12,2100775856,targeted,betweenness,86,20,0.23255813953488372,19,0.22093023255813954,0
0.12,3614964882,targeted,betweenness,86,20,0.23255813953488372,19,0.22093023255813954,0
0.12,612365300,targeted,betweenness,86,20,0.23255813953488372,19,0.22093023255813954,0
0.12,175986157,targeted,betweenness,86,20,0.23255813953488372,19,0.22093023255813954,0
0.12,3720587062,targeted,betweenness,86,20,0.23255813953488372,19,0.22093023255813954,0
0.12,3637248153,targeted,betweenness,86,20,0.23255813953488372,19,0.22093023255813954,0
0.12,4116425775,targeted,betweenness,86,20,0.23255813953488372,19,0.22093023255813954,0
0.12,2170582152,targeted,betweenness,86,20,0.23255813953488372,19,0.22093023255813954,0
0.12,3116180625,targeted,betweenness,86,20,0.23255813953488372,19,0.22093023255813954,0
0.12,2198706161,targeted,betweenness,86,20,0.23255813953488372,19,0.22093023255813954,0
0.12,1806782446,targeted,betweenness,86,20,0.23255813953488372,19,0.22093023255813954,0
0.12,1028201344,targeted,betweenness,86,20,0.23255813953488372,19,0.22093023255813954,0
0.12,408455899,targeted,betweenness,86,20,0.23255813953488372,19,0.22093023255813954,0
0.12,1375614350,targeted,betweenness,86,20,0.23255813953488372,19,0.22093023255813954,0
0.12,3988721188,targeted,betweenness,86,20,0.23255813953488372,19,0.22093023255813954,0
0.12,3889827138,targeted,betweenness,86,20,0.23255813953488372,19,0.22093023255813954,0
0.12,3235721350,targeted,betweenness,86,20,0.23255813953488372,19,0.22093023255813954,0
0.12,4193898563,targeted,betweenness,86,20,0.23255813953488372,19,0.22093023255813954,0
0.12,1258764338,targeted,betweenness,86,20,0.23255813953488372,19,0.22093023255813954,0
0.12,3027908860,targeted,betweenness,86,20,0.23255813953488372,19,0.22093023255813954,0
0.12,4287190719,targeted,betweenness,86,20,0.23255813953488372,19,0.22093023255813954,0
0.12,2332661185,targeted,betweenness,86,20,0.23255813953488372,19,0.22093023255813954,0
0.12,1372665722,targeted,betweenness,86,20,0.23255813953488372,19,0.22093023255813954,0
0.12,2680060835,targeted,betweenness,86,20,0.23255813953488372,19,0.22093023255813954,0
0.12,2593273612,targeted,betweenness,86,20,0.23255813953488372,19,0.22093023255813954,0
0.12,2963155338,targeted,betweenness,86,20,0.23255813953488372,19,0.22093023255813954,0
0.12,1978957729,targeted,betweenness,86,20,0.23255813953488372,19,0.22093023255813954,0
0.12,399367358,targeted,betweenness,86,20,0.23255813953488372,19,0.22093023255813954,0
0.12,4094553719,targeted,betweenness,86,20,0.23255813953488372,19,0.22093023255813954,0
0.12,1881262327,targeted,betweenness,86,20,0.23255813953488372,19,0.22093023255813954,0
0.12,1657610926,targeted,betweenness,86,20,0.23255813953488372,19,0.22093023255813954,0
0.12,288106915,targeted,betweenness,86,20,0.23255813953488372,19,0.22093023255813954,0
0.12,1421596489,targeted,betweenness,86,20,0.23255813953488372,19,0.22093023255813954,0
0.12,3024872067,targeted,betweenness,86,20,0.23255813953488372,19,0.22093023255813954,0
0.12,1555070551,targeted,betweenness,86,20,0.23255813953488372,19,0.22093023255813954,0
0.12,4231403348,targeted,betweenness,86,20,0.23255813953488372,19,0.22093023255813954,0
0.12,31387429,targeted,betweenness,86,20,0.23255813953488372,19,0.22093023255813954,0
0.12,1947162314,targeted,betweenness,86,20,0.23255813953488372,19,0.22093023255813954,0
0.12,4120104069,targeted,betweenness,86,20,0.23255813953488372,19,0.22093023255813954,0
0.12,3103035942,targeted,betweenness,86,20,0.23255813953488372,19,0.22093023255813954,0
0.12,508856611,targeted,betweenness,86,20,0.23255813953488372,19,0.22093023255813954,0
0.12,2387733932,targeted,betweenness,86,20,0.23255813953488372,19,0.22093023255813954,0
0.12,949310846,targeted,betweenness,86,20,0.23255813953488372,19,0.22093023255813954,0
0.12,1466237975,targeted,betweenness,86,20,0.23255813953488372,19,0.22093023255813954,0
0.12,1531376472,targeted,betweenness,86,20,0.23255813953488372,19,0.22093023255813954,0
0.12,1288372519,targeted,betweenness,86,20,0.23255813953488372,19,0.22093023255813954,0
0.12,1845865594,targeted,betweenness,86,20,0.23255813953488372,19,0.22093023255813954,0
0.12,3767183207,targeted,betweenness,86,20,0.23255813953488372,19,0.22093023255813954,0
0.12,716282468,targeted,betweenness,86,20,0.23255813953488372,19,0.22093023255813954,0
0.12,3513072606,targeted,betweenness,86,20,0.23255813953488372,19,0.22093023255813954,0
0.12,520327858,targeted,betweenness,86,20,0.23255813953488372,19,0.22093023255813954,0
0.12,1854438176,targeted,betweenness,86,20,0.23255813953488372,19,0.22093023255813954,0
0.12,999342379,targeted,betweenness,86,20,0.23255813953488372,19,0.22093023255813954,0
0.13,2807452510,targeted,betweenness,86,20,0.23255813953488372,19,0.22093023255813954,0
0.13,2388669498,targeted,betweenness,86,20,0.23255813953488372,19,0.22093023255813954,0
0.13,4097443686,targeted,betweenness,86,20,0.23255813953488372,19,0.22093023255813954,0
0.13,3482244950,targeted,betweenness,86,20,0.23255813953488372,19,0.22093023255813954,0
0.13,4152234769,targeted,betweenness,86,20,0.23255813953488372,19,0.22093023255813954,0
0.13,758753994,targeted,betweenness,86,20,0.23255813953488372,19,0.22093023255813954,0
0.13,1269345534,targeted,betweenness,86,20,0.23255813953488372,19,0.22093023255813954,0
0.13,216311051,targeted,betweenness,86,20,0.23255813953488372,19,0.22093023255813954,0
0.13,4135690341,targeted,betweenness,86,20,0.23255813953488372,19,0.22093023255813954,0
0.13,1621521920,targeted,betweenness,86,20,0.23255813953488372,19,0.22093023255813954,0
0.13,4200671578,targeted,betweenness,86,20,0.23255813953488372,19,0.22093023255813954,0
0.13,3951602977,targeted,betweenness,86,20,0.23255813953488372,19,0.22093023255813954,0
0.13,3768292412,targeted,betweenness,86,20,0.23255813953488372,19,0.22093023255813954,0
0.13,939615943,targeted,betweenness,86,20,0.23255813953488372,19,0.22093023255813954,0
0.13,3589224271,targeted,betweenness,86,20,0.23255813953488372,19,0.22093023255813954,0
0.13,2757829866,targeted,betweenness,86,20,0.23255813953488372,19,0.22093023255813954,0
0.13,3469081444,targeted,betweenness,86,20,0.23255813953488372,19,0.22093023255813954,0
0.13,2389438494,targeted,betweenness,86,20,0.23255813953488372,19,0.22093023255813954,0
0.13,644863393,targeted,betweenness,86,20,0.23255813953488372,19,0.22093023255813954,0
0.13,4262678905,targeted,betweenness,86,20,0.23255813953488372,19,0.22093023255813954,0
0.13,2070045658,targeted,betweenness,86,20,0.23255813953488372,19,0.22093023255813954,0
0.13,2706189873,targeted,betweenness,86,20,0.23255813953488372,19,0.22093023255813954,0
0.13,3974976390,targeted,betweenness,86,20,0.23255813953488372,19,0.22093023255813954,0
0.13,3313525522,targeted,betweenness,86,20,0.23255813953488372,19,0.22093023255813954,0
0.13,3725646320,targeted,betweenness,86,20,0.23255813953488372,19,0.22093023255813954,0
0.13,1349176790,targeted,betweenness,86,20,0.23255813953488372,19,0.22093023255813954,0
0.13,1547008409,targeted,betweenness,86,20,0.23255813953488372,19,0.22093023255813954,0
0.13,310486678,targeted,betweenness,86,20,0.23255813953488372,19,0.22093023255813954,0
0.13,2115016472,targeted,betweenness,86,20,0.23255813953488372,19,0.22093023255813954,0
0.13,893254457,targeted,betweenness,86,20,0.23255813953488372,19,0.22093023255813954,0
0.13,2258775061,targeted,betweenness,86,20,0.23255813953488372,19,0.22093023255813954,0
0.13,2787244124,targeted,betweenness,86,20,0.23255813953488372,19,0.22093023255813954,0
0.13,494246259,targeted,betweenness,86,20,0.23255813953488372,19,0.22093023255813954,0
0.13,551416038,targeted,betweenness,86,20,0.23255813953488372,19,0.22093023255813954,0
0.13,3558685566,targeted,betweenness,86,20,0.23255813953488372,19,0.22093023255813954,0
0.13,1773459954,targeted,betweenness,86,20,0.23255813953488372,19,0.22093023255813954,0
0.13,2025734186,targeted,betweenness,86,20,0.23255813953488372,19,0.22093023255813954,0
0.13,4262400396,targeted,betweenness,86,20,0.23255813953488372,19,0.22093023255813954,0
0.13,3694079485,targeted,betweenness,86,20,0.23255813953488372,19,0.22093023255813954,0
0.13,2153036791,targeted,betweenness,86,20,0.23255813953488372,19,0.22093023255813954,0
0.13,2338293263,targeted,betweenness,86,20,0.23255813953488372,19,0.22093023255813954,0
0.13,4217649323,targeted,betweenness,86,20,0.23255813953488372,19,0.22093023255813954,0
0.13,1396375995,targeted,betweenness,86,20,0.23255813953488372,19,0.22093023255813954,0
0.13,2724611733,targeted,betweenness,86,20,0.23255813953488372,19,0.22093023255813954,0
0.13,1039692888,targeted,betweenness,86,20,0.23255813953488372,19,0.22093023255813954,0
0.13,4052718540,targeted,betweenness,86,20,0.23255813953488372,19,0.22093023255813954,0
0.13,784277595,targeted,betweenness,86,20,0.23255813953488372,19,0.22093023255813954,0
0.13,1842590670,targeted,betweenness,86,20,0.23255813953488372,19,0.22093023255813954,0
0.13,1247693063,targeted,betweenness,86,20,0.23255813953488372,19,0.22093023255813954,0
0.13,3851913238,targeted,betweenness,86,20,0.23255813953488372,19,0.22093023255813954,0
0.13,2325105587,targeted,betweenness,86,20,0.23255813953488372,19,0.22093023255813954,0
0.13,3335404637,targeted,betweenness,86,20,0.23255813953488372,19,0.22093023255813954,0
0.13,2230121596,targeted,betweenness,86,20,0.23255813953488372,19,0.22093023255813954,0
0.13,3263205527,targeted,betweenness,86,20,0.23255813953488372,19,0.22093023255813954,0
0.13,3006657682,targeted,betweenness,86,20,0.23255813953488372,19,0.22093023255813954,0
0.13,3360342834,targeted,betweenness,86,20,0.23255813953488372,19,0.22093023255813954,0
0.13,1999025632,targeted,betweenness,86,20,0.23255813953488372,19,0.22093023255813954,0
0.13,4245105004,targeted,betweenness,86,20,0.23255813953488372,19,0.22093023255813954,0
0.13,3301389803,targeted,betweenness,86,20,0.23255813953488372,19,0.22093023255813954,0
0.13,612378542,targeted,betweenness,86,20,0.23255813953488372,19,0.22093023255813954,0
0.13,2128269740,targeted,betweenness,86,20,0.23255813953488372,19,0.22093023255813954,0
0.13,2283898255,targeted,betweenness,86,20,0.23255813953488372,19,0.22093023255813954,0
0.13,4202524374,targeted,betweenness,86,20,0.23255813953488372,19,0.22093023255813954,0
0.13,2158220163,targeted,betweenness,86,20,0.23255813953488372,19,0.22093023255813954,0
0.13,2330515566,targeted,betweenness,86,20,0.23255813953488372,19,0.22093023255813954,0
0.13,4237115293,targeted,betweenness,86,20,0.23255813953488372,19,0.22093023255813954,0
0.13,3421049915,targeted,betweenness,86,20,0.23255813953488372,19,0.22093023255813954,0
0.13,2370158069,targeted,betweenness,86,20,0.23255813953488372,19,0.22093023255813954,0
0.13,678918929,targeted,betweenness,86,20,0.23255813953488372,19,0.22093023255813954,0
0.13,3461816076,targeted,betweenness,86,20,0.23255813953488372,19,0.22093023255813954,0
0.13,3708876403,targeted,betweenness,86,20,0.23255813953488372,19,0.22093023255813954,0
0.13,1130308492,targeted,betweenness,86,20,0.23255813953488372,19,0.22093023255813954,0
0.13,88966276,targeted,betweenness,86,20,0.23255813953488372,19,0.22093023255813954,0
0.13,285283628,targeted,betweenness,86,20,0.23255813953488372,19,0.22093023255813954,0
0.13,1140533298,targeted,betweenness,86,20,0.23255813953488372,19,0.22093023255813954,0
0.13,1635988910,targeted,betweenness,86,20,0.23255813953488372,19,0.22093023255813954,0
0.13,2768856551,targeted,betweenness,86,20,0.23255813953488372,19,0.22093023255813954,0
0.13,83555398,targeted,betweenness,86,20,0.23255813953488372,19,0.22093023255813954,0
0.13,3589127074,targeted,betweenness,86,20,0.23255813953488372,19,0.22093023255813954,0
0.13,599845670,targeted,betweenness,86,20,0.23255813953488372,19,0.22093023255813954,0
0.13,1795188751,targeted,betweenness,86,20,0.23255813953488372,19,0.22093023255813954,0
0.13,2983766618,targeted,betweenness,86,20,0.23255813953488372,19,0.22093023255813954,0
0.13,1337236887,targeted,betweenness,86,20,0.23255813953488372,19,0.22093023255813954,0
0.13,3227989522,targeted,betweenness,86,20,0.23255813953488372,19,0.22093023255813954,0
0.13,2309042629,targeted,betweenness,86,20,0.23255813953488372,19,0.22093023255813954,0
0.13,2051552263,targeted,betweenness,86,20,0.23255813953488372,19,0.22093023255813954,0
0.13,758245119,targeted,betweenness,86,20,0.23255813953488372,19,0.22093023255813954,0
0.13,3282121759,targeted,betweenness,86,20,0.23255813953488372,19,0.22093023255813954,0
0.13,1759281133,targeted,betweenness,86,20,0.23255813953488372,19,0.22093023255813954,0
0.13,4246205057,targeted,betweenness,86,20,0.23255813953488372,19,0.22093023255813954,0
0.13,1066283588,targeted,betweenness,86,20,0.23255813953488372,19,0.22093023255813954,0
0.13,3345994300,targeted,betweenness,86,20,0.23255813953488372,19,0.22093023255813954,0
0.13,1091408196,targeted,betweenness,86,20,0.23255813953488372,19,0.22093023255813954,0
0.13,4093571747,targeted,betweenness,86,20,0.23255813953488372,19,0.22093023255813954,0
0.13,1279425574,targeted,betweenness,86,20,0.23255813953488372,19,0.22093023255813954,0
0.13,4052453425,targeted,betweenness,86,20,0.23255813953488372,19,0.22093023255813954,0
0.13,1428914140,targeted,betweenness,86,20,0.23255813953488372,19,0.22093023255813954,0
0.13,1826055422,targeted,betweenness,86,20,0.23255813953488372,19,0.22093023255813954,0
0.13,3024244769,targeted,betweenness,86,20,0.23255813953488372,19,0.22093023255813954,0
0.13,4108493359,targeted,betweenness,86,20,0.23255813953488372,19,0.22093023255813954,0
0.14,121999420,targeted,betweenness,86,20,0.23255813953488372,19,0.22093023255813954,1
0.14,2115591069,targeted,betweenness,86,20,0.23255813953488372,19,0.22093023255813954,1
0.14,960834228,targeted,betweenness,86,20,0.23255813953488372,19,0.22093023255813954,1
0.14,3553916679,targeted,betweenness,86,20,0.23255813953488372,19,0.22093023255813954,1
0.14,298357744,targeted,betweenness,86,20,0.23255813953488372,19,0.22093023255813954,1
0.14,1883689737,targeted,betweenness,86,20,0.23255813953488372,19,0.22093023255813954,1
0.14,2947098627,targeted,betweenness,86,20,0.23255813953488372,19,0.22093023255813954,1
0.14,899562930,targeted,betweenness,86,20,0.23255813953488372,19,0.22093023255813954,1
0.14,2935586098,targeted,betweenness,86,20,0.23255813953488372,19,0.22093023255813954,1
0.14,1973810313,targeted,betweenness,86,20,0.23255813953488372,19,0.22093023255813954,1
0.14,2297915414,targeted,betweenness,86,20,0.23255813953488372,19,0.22093023255813954,1
0.14,3303288233,targeted,betweenness,86,20,0.23255813953488372,19,0.22093023255813954,1
0.14,1841010231,targeted,betweenness,86,20,0.23255813953488372,19,0.22093023255813954,1
0.14,1287022543,targeted,betweenness,86,20,0.23255813953488372,19,0.22093023255813954,1
0.14,349702972,targeted,betweenness,86,20,0.23255813953488372,19,0.22093023255813954,1
0.14,3497683705,targeted,betweenness,86,20,0.23255813953488372,19,0.22093023255813954,1
0.14,449630086,targeted,betweenness,86,20,0.23255813953488372,19,0.22093023255813954,1
0.14,394370167,targeted,betweenness,86,20,0.23255813953488372,19,0.22093023255813954,1
0.14,2365668306,targeted,betweenness,86,20,0.23255813953488372,19,0.22093023255813954,1
0.14,1832333069,targeted,betweenness,86,20,0.23255813953488372,19,0.22093023255813954,1
0.14,1210932737,targeted,betweenness,86,20,0.23255813953488372,19,0.22093023255813954,1
0.14,4266037914,targeted,betweenness,86,20,0.23255813953488372,19,0.22093023255813954,1
0.14,2181194214,targeted,betweenness,86,20,0.23255813953488372,19,0.22093023255813954,1
0.14,1338600798,targeted,betweenness,86,20,0.23255813953488372,19,0.22093023255813954,1
0.14,3595459372,targeted,betweenness,86,20,0.23255813953488372,19,0.22093023255813954,1
0.14,1553256510,targeted,betweenness,86,20,0.23255813953488372,19,0.22093023255813954,1
0.14,178856074,targeted,betweenness,86,20,0.23255813953488372,19,0.22093023255813954,1
0.14,2535152019,targeted,betweenness,86,20,0.23255813953488372,19,0.22093023255813954,1
0.14,1497066331,targeted,betweenness,86,20,0.23255813953488372,19,0.22093023255813954,1
0.14,2332777198,targeted,betweenness,86,20,0.23255813953488372,19,0.22093023255813954,1
0.14,2118028843,targeted,betweenness,86,20,0.23255813953488372,19,0.22093023255813954,1
0.14,3587035029,targeted,betweenness,86,20,0.23255813953488372,19,0.22093023255813954,1
0.14,1621915640,targeted,betweenness,86,20,0.23255813953488372,19,0.22093023255813954,1
0.14,2108300901,targeted,betweenness,86,20,0.23255813953488372,19,0.22093023255813954,1
0.14,2275994758,targeted,betweenness,86,20,0.23255813953488372,19,0.22093023255813954,1
0.14,2281403600,targeted,betweenness,86,20,0.23255813953488372,19,0.22093023255813954,1
0.14,2666039196,targeted,betweenness,86,20,0.23255813953488372,19,0.22093023255813954,1
0.14,1993052727,targeted,betweenness,86,20,0.23255813953488372,19,0.22093023255813954,1
0.14,490584628,targeted,betweenness,86,20,0.23255813953488372,19,0.22093023255813954,1
0.14,3460147971,targeted,betweenness,86,20,0.23255813953488372,19,0.22093023255813954,1
0.14,3389907630,targeted,betweenness,86,20,0.23255813953488372,19,0.22093023255813954,1
0.14,3748904311,targeted,betweenness,86,20,0.23255813953488372,19,0.22093023255813954,1
0.14,2103104829,targeted,betweenness,86,20,0.23255813953488372,19,0.22093023255813954,1
0.14,1187166717,targeted,betweenness,86,20,0.23255813953488372,19,0.22093023255813954,1
0.14,543962173,targeted,betweenness,86,20,0.23255813953488372,19,0.22093023255813954,1
0.14,3362714853,targeted,betweenness,86,20,0.23255813953488372,19,0.22093023255813954,1
0.14,3755584742,targeted,betweenness,86,20,0.23255813953488372,19,0.22093023255813954,1
0.14,2720295975,targeted,betweenness,86,20,0.23255813953488372,19,0.22093023255813954,1
0.14,291722821,targeted,betweenness,86,20,0.23255813953488372,19,0.22093023255813954,1
0.14,716248877,targeted,betweenness,86,20,0.23255813953488372,19,0.22093023255813954,1
0.14,1398659634,targeted,betweenness,86,20,0.23255813953488372,19,0.22093023255813954,1
0.14,1524159803,targeted,betweenness,86,20,0.23255813953488372,19,0.22093023255813954,1
0.14,3551214471,targeted,betweenness,86,20,0.23255813953488372,19,0.22093023255813954,1
0.14,21209565,targeted,betweenness,86,20,0.23255813953488372,19,0.22093023255813954,1
0.14,4112073403,targeted,betweenness,86,20,0.23255813953488372,19,0.22093023255813954,1
0.14,2483672377,targeted,betweenness,86,20,0.23255813953488372,19,0.22093023255813954,1
0.14,155063050,targeted,betweenness,86,20,0.23255813953488372,19,0.22093023255813954,1
0.14,1754214008,targeted,betweenness,86,20,0.23255813953488372,19,0.22093023255813954,1
0.14,2481802314,targeted,betweenness,86,20,0.23255813953488372,19,0.22093023255813954,1
0.14,1291396631,targeted,betweenness,86,20,0.23255813953488372,19,0.22093023255813954,1
0.14,1102512776,targeted,betweenness,86,20,0.23255813953488372,19,0.22093023255813954,1
0.14,1735305051,targeted,betweenness,86,20,0.23255813953488372,19,0.22093023255813954,1
0.14,399677332,targeted,betweenness,86,20,0.23255813953488372,19,0.22093023255813954,1
0.14,3321145105,targeted,betweenness,86,20,0.23255813953488372,19,0.22093023255813954,1
0.14,3474935295,targeted,betweenness,86,20,0.23255813953488372,19,0.22093023255813954,1
0.14,710227851,targeted,betweenness,86,20,0.23255813953488372,19,0.22093023255813954,1
0.14,1905705345,targeted,betweenness,86,20,0.23255813953488372,19,0.22093023255813954,1
0.14,692187832,targeted,betweenness,86,20,0.23255813953488372,19,0.22093023255813954,1
0.14,38844175,targeted,betweenness,86,20,0.23255813953488372,19,0.22093023255813954,1
0.14,1524663362,targeted,betweenness,86,20,0.23255813953488372,19,0.22093023255813954,1
0.14,2438930368,targeted,betweenness,86,20,0.23255813953488372,19,0.22093023255813954,1
0.14,3072194051,targeted,betweenness,86,20,0.23255813953488372,19,0.22093023255813954,1
0.14,1360981982,targeted,betweenness,86,20,0.23255813953488372,19,0.22093023255813954,1
0.14,3183194672,targeted,betweenness,86,20,0.23255813953488372,19,0.22093023255813954,1
0.14,445791169,targeted,betweenness,86,20,0.23255813953488372,19,0.22093023255813954,1
0.14,3766623095,targeted,betweenness,86,20,0.23255813953488372,19,0.22093023255813954,1
0.14,2918616305,targeted,betweenness,86,20,0.23255813953488372,19,0.22093023255813954,1
0.14,3759619530,targeted,betweenness,86,20,0.23255813953488372,19,0.22093023255813954,1
0.14,4287512958,targeted,betweenness,86,20,0.23255813953488372,19,0.22093023255813954,1
0.14,3768043207,targeted,betweenness,86,20,0.23255813953488372,19,0.22093023255813954,1
0.14,1383651646,targeted,betweenness,86,20,0.23255813953488372,19,0.22093023255813954,1
0.14,693231719,targeted,betweenness,86,20,0.23255813953488372,19,0.22093023255813954,1
0.14,1333201256,targeted,betweenness,86,20,0.23255813953488372,19,0.22093023255813954,1
0.14,1737099940,targeted,betweenness,86,20,0.23255813953488372,19,0.22093023255813954,1
0.14,3207897627,targeted,betweenness,86,20,0.23255813953488372,19,0.22093023255813954,1
0.14,1392811687,targeted,betweenness,86,20,0.23255813953488372,19,0.22093023255813954,1
0.14,1916069457,targeted,betweenness,86,20,0.23255813953488372,19,0.22093023255813954,1
0.14,3286007829,targeted,betweenness,86,20,0.23255813953488372,19,0.22093023255813954,1
0.14,2370956646,targeted,betweenness,86,20,0.23255813953488372,19,0.22093023255813954,1
0.14,1168628068,targeted,betweenness,86,20,0.23255813953488372,19,0.22093023255813954,1
0.14,4277093758,targeted,betweenness,86,20,0.23255813953488372,19,0.22093023255813954,1
0.14,605084293,targeted,betweenness,86,20,0.23255813953488372,19,0.22093023255813954,1
0.14,2470365001,targeted,betweenness,86,20,0.23255813953488372,19,0.22093023255813954,1
0.14,1956460175,targeted,betweenness,86,20,0.23255813953488372,19,0.22093023255813954,1
0.14,2292104924,targeted,betweenness,86,20,0.23255813953488372,19,0.22093023255813954,1
0.14,3090250303,targeted,betweenness,86,20,0.23255813953488372,19,0.22093023255813954,1
0.14,1788780866,targeted,betweenness,86,20,0.23255813953488372,19,0.22093023255813954,1
0.14,1709253123,targeted,betweenness,86,20,0.23255813953488372,19,0.22093023255813954,1
0.14,1876053205,targeted,betweenness,86,20,0.23255813953488372,19,0.22093023255813954,1
0.14,810260405,targeted,betweenness,86,20,0.23255813953488372,19,0.22093023255813954,1
0.15,2228439693,targeted,betweenness,86,20,0.23255813953488372,19,0.22093023255813954,0
0.15,2064900816,targeted,betweenness,86,20,0.23255813953488372,19,0.22093023255813954,0
0.15,2991810217,targeted,betweenness,86,20,0.23255813953488372,19,0.22093023255813954,0
0.15,1446525121,targeted,betweenness,86,20,0.23255813953488372,19,0.22093023255813954,0
0.15,1540652822,targeted,betweenness,86,20,0.23255813953488372,19,0.22093023255813954,0
0.15,2328030415,targeted,betweenness,86,20,0.23255813953488372,19,0.22093023255813954,0
0.15,312995258,targeted,betweenness,86,20,0.23255813953488372,19,0.22093023255813954,0
0.15,3892947289,targeted,betweenness,86,20,0.23255813953488372,19,0.22093023255813954,0
0.15,3481547956,targeted,betweenness,86,20,0.23255813953488372,19,0.22093023255813954,0
0.15,483152597,targeted,betweenness,86,20,0.23255813953488372,19,0.22093023255813954,0
0.15,239566295,targeted,betweenness,86,20,0.23255813953488372,19,0.22093023255813954,0
0.15,4267580704,targeted,betweenness,86,20,0.23255813953488372,19,0.22093023255813954,0
0.15,885027539,targeted,betweenness,86,20,0.23255813953488372,19,0.22093023255813954,0
0.15,3182586147,targeted,betweenness,86,20,0.23255813953488372,19,0.22093023255813954,0
0.15,1262650204,targeted,betweenness,86,20,0.23255813953488372,19,0.22093023255813954,0
0.15,797572133,targeted,betweenness,86,20,0.23255813953488372,19,0.22093023255813954,0
0.15,4278751392,targeted,betweenness,86,20,0.23255813953488372,19,0.22093023255813954,0
0.15,2352727154,targeted,betweenness,86,20,0.23255813953488372,19,0.22093023255813954,0
0.15,1524160065,targeted,betweenness,86,20,0.23255813953488372,19,0.22093023255813954,0
0.15,948095124,targeted,betweenness,86,20,0.23255813953488372,19,0.22093023255813954,0
0.15,3533700469,targeted,betweenness,86,20,0.23255813953488372,19,0.22093023255813954,0
0.15,2321563662,targeted,betweenness,86,20,0.23255813953488372,19,0.22093023255813954,0
0.15,3229113653,targeted,betweenness,86,20,0.23255813953488372,19,0.22093023255813954,0
0.15,3466737139,targeted,betweenness,86,20,0.23255813953488372,19,0.22093023255813954,0
0.15,3852739673,targeted,betweenness,86,20,0.23255813953488372,19,0.22093023255813954,0
0.15,3601586068,targeted,betweenness,86,20,0.23255813953488372,19,0.22093023255813954,0
0.15,3092920164,targeted,betweenness,86,20,0.23255813953488372,19,0.22093023255813954,0
0.15,3340193149,targeted,betweenness,86,20,0.23255813953488372,19,0.22093023255813954,0
0.15,2258082058,targeted,betweenness,86,20,0.23255813953488372,19,0.22093023255813954,0
0.15,3510060570,targeted,betweenness,86,20,0.23255813953488372,19,0.22093023255813954,0
0.15,3397094836,targeted,betweenness,86,20,0.23255813953488372,19,0.22093023255813954,0
0.15,2872550107,targeted,betweenness,86,20,0.23255813953488372,19,0.22093023255813954,0
0.15,2863653747,targeted,betweenness,86,20,0.23255813953488372,19,0.22093023255813954,0
0.15,3727164073,targeted,betweenness,86,20,0.23255813953488372,19,0.22093023255813954,0
0.15,416000020,targeted,betweenness,86,20,0.23255813953488372,19,0.22093023255813954,0
0.15,4003198209,targeted,betweenness,86,20,0.23255813953488372,19,0.22093023255813954,0
0.15,2673266823,targeted,betweenness,86,20,0.23255813953488372,19,0.22093023255813954,0
0.15,2274973961,targeted,betweenness,86,20,0.23255813953488372,19,0.22093023255813954,0
0.15,1137698178,targeted,betweenness,86,20,0.23255813953488372,19,0.22093023255813954,0
0.15,3618039644,targeted,betweenness,86,20,0.23255813953488372,19,0.22093023255813954,0
0.15,4146528252,targeted,betweenness,86,20,0.23255813953488372,19,0.22093023255813954,0
0.15,58191966,targeted,betweenness,86,20,0.23255813953488372,19,0.22093023255813954,0
0.15,746350183,targeted,betweenness,86,20,0.23255813953488372,19,0.22093023255813954,0
0.15,3911632313,targeted,betweenness,86,20,0.23255813953488372,19,0.22093023255813954,0
0.15,2801453045,targeted,betweenness,86,20,0.23255813953488372,19,0.22093023255813954,0
0.15,3625579043,targeted,betweenness,86,20,0.23255813953488372,19,0.22093023255813954,0
0.15,3784542197,targeted,betweenness,86,20,0.23255813953488372,19,0.22093023255813954,0
0.15,3271241555,targeted,betweenness,86,20,0.23255813953488372,19,0.22093023255813954,0
0.15,2320956322,targeted,betweenness,86,20,0.23255813953488372,19,0.22093023255813954,0
0.15,2658426403,targeted,betweenness,86,20,0.23255813953488372,19,0.22093023255813954,0
0.15,1946169652,targeted,betweenness,86,20,0.23255813953488372,19,0.22093023255813954,0
0.15,3253466772,targeted,betweenness,86,20,0.23255813953488372,19,0.22093023255813954,0
0.15,430061346,targeted,betweenness,86,20,0.23255813953488372,19,0.22093023255813954,0
0.15,465837755,targeted,betweenness,86,20,0.23255813953488372,19,0.22093023255813954,0
0.15,779782784,targeted,betweenness,86,20,0.23255813953488372,19,0.22093023255813954,0
0.15,3665582100,targeted,betweenness,86,20,0.23255813953488372,19,0.22093023255813954,0
0.15,3709668898,targeted,betweenness,86,20,0.23255813953488372,19,0.22093023255813954,0
0.15,1085814495,targeted,betweenness,86,20,0.23255813953488372,19,0.22093023255813954,0
0.15,801912549,targeted,betweenness,86,20,0.23255813953488372,19,0.22093023255813954,0
0.15,1725016912,targeted,betweenness,86,20,0.23255813953488372,19,0.22093023255813954,0
0.15,3951073913,targeted,betweenness,86,20,0.23255813953488372,19,0.22093023255813954,0
0.15,1235184874,targeted,betweenness,86,20,0.23255813953488372,19,0.22093023255813954,0
0.15,3740570397,targeted,betweenness,86,20,0.23255813953488372,19,0.22093023255813954,0
0.15,1850639396,targeted,betweenness,86,20,0.23255813953488372,19,0.22093023255813954,0
0.15,410548036,targeted,betweenness,86,20,0.23255813953488372,19,0.22093023255813954,0
0.15,3795243334,targeted,betweenness,86,20,0.23255813953488372,19,0.22093023255813954,0
0.15,1566549112,targeted,betweenness,86,20,0.23255813953488372,19,0.22093023255813954,0
0.15,3247352710,targeted,betweenness,86,20,0.23255813953488372,19,0.22093023255813954,0
0.15,2755056100,targeted,betweenness,86,20,0.23255813953488372,19,0.22093023255813954,0
0.15,3157190647,targeted,betweenness,86,20,0.23255813953488372,19,0.22093023255813954,0
0.15,3004510321,targeted,betweenness,86,20,0.23255813953488372,19,0.22093023255813954,0
0.15,1344544482,targeted,betweenness,86,20,0.23255813953488372,19,0.22093023255813954,0
0.15,2067132212,targeted,betweenness,86,20,0.23255813953488372,19,0.22093023255813954,0
0.15,1005853868,targeted,betweenness,86,20,0.23255813953488372,19,0.22093023255813954,0
0.15,61807835,targeted,betweenness,86,20,0.23255813953488372,19,0.22093023255813954,0
0.15,3630197046,targeted,betweenness,86,20,0.23255813953488372,19,0.22093023255813954,0
0.15,903304716,targeted,betweenness,86,20,0.23255813953488372,19,0.22093023255813954,0
0.15,3781838912,targeted,betweenness,86,20,0.23255813953488372,19,0.22093023255813954,0
0.15,2994953277,targeted,betweenness,86,20,0.23255813953488372,19,0.22093023255813954,0
0.15,3272546813,targeted,betweenness,86,20,0.23255813953488372,19,0.22093023255813954,0
0.15,936029879,targeted,betweenness,86,20,0.23255813953488372,19,0.22093023255813954,0
0.15,1652816332,targeted,betweenness,86,20,0.23255813953488372,19,0.22093023255813954,0
0.15,1891334195,targeted,betweenness,86,20,0.23255813953488372,19,0.22093023255813954,0
0.15,4086745649,targeted,betweenness,86,20,0.23255813953488372,19,0.22093023255813954,0
0.15,3293260816,targeted,betweenness,86,20,0.23255813953488372,19,0.22093023255813954,0
0.15,949748298,targeted,betweenness,86,20,0.23255813953488372,19,0.22093023255813954,0
0.15,4199082511,targeted,betweenness,86,20,0.23255813953488372,19,0.22093023255813954,0
0.15,3850248608,targeted,betweenness,86,20,0.23255813953488372,19,0.22093023255813954,0
0.15,1762673164,targeted,betweenness,86,20,0.23255813953488372,19,0.22093023255813954,0
0.15,3047758883,targeted,betweenness,86,20,0.23255813953488372,19,0.22093023255813954,0
0.15,3913292315,targeted,betweenness,86,20,0.23255813953488372,19,0.22093023255813954,0
0.15,670939252,targeted,betweenness,86,20,0.23255813953488372,19,0.22093023255813954,0
0.15,3325896065,targeted,betweenness,86,20,0.23255813953488372,19,0.22093023255813954,0
0.15,4144094157,targeted,betweenness,86,20,0.23255813953488372,19,0.22093023255813954,0
0.15,2823975723,targeted,betweenness,86,20,0.23255813953488372,19,0.22093023255813954,0
0.15,2360532721,targeted,betweenness,86,20,0.23255813953488372,19,0.22093023255813954,0
0.15,3177660533,targeted,betweenness,86,20,0.23255813953488372,19,0.22093023255813954,0
0.15,2201774053,targeted,betweenness,86,20,0.23255813953488372,19,0.22093023255813954,0
0.15,2498329143,targeted,betweenness,86,20,0.23255813953488372,19,0.22093023255813954,0
0.15,137493030,targeted,betweenness,86,20,0.23255813953488372,19,0.22093023255813954,0
0.16,3884535365,targeted,betweenness,86,19,0.22093023255813954,19,0.22093023255813954,0
0.16,2027432425,targeted,betweenness,86,19,0.22093023255813954,19,0.22093023255813954,0
0.16,1630449431,targeted,betweenness,86,19,0.22093023255813954,19,0.22093023255813954,0
0.16,2800059294,targeted,betweenness,86,19,0.22093023255813954,19,0.22093023255813954,0
0.16,764898449,targeted,betweenness,86,19,0.22093023255813954,19,0.22093023255813954,0
0.16,1140466588,targeted,betweenness,86,19,0.22093023255813954,19,0.22093023255813954,0
0.16,2581799524,targeted,betweenness,86,19,0.22093023255813954,19,0.22093023255813954,0
0.16,3912074293,targeted,betweenness,86,19,0.22093023255813954,19,0.22093023255813954,0
0.16,1547830792,targeted,betweenness,86,19,0.22093023255813954,19,0.22093023255813954,0
0.16,4199216649,targeted,betweenness,86,19,0.22093023255813954,19,0.22093023255813954,0
0.16,2981623095,targeted,betweenness,86,19,0.22093023255813954,19,0.22093023255813954,0
0.16,2310060524,targeted,betweenness,86,19,0.22093023255813954,19,0.22093023255813954,0
0.16,2537996355,targeted,betweenness,86,19,0.22093023255813954,19,0.22093023255813954,0
0.16,1640645242,targeted,betweenness,86,19,0.22093023255813954,19,0.22093023255813954,0
0.16,1916317904,targeted,betweenness,86,19,0.22093023255813954,19,0.22093023255813954,0
0.16,788343248,targeted,betweenness,86,19,0.22093023255813954,19,0.22093023255813954,0
0.16,211507421,targeted,betweenness,86,19,0.22093023255813954,19,0.22093023255813954,0
0.16,4034582653,targeted,betweenness,86,19,0.22093023255813954,19,0.22093023255813954,0
0.16,1266979667,targeted,betweenness,86,19,0.22093023255813954,19,0.22093023255813954,0
0.16,2840007388,targeted,betweenness,86,19,0.22093023255813954,19,0.22093023255813954,0
0.16,3925525190,targeted,betweenness,86,19,0.22093023255813954,19,0.22093023255813954,0
0.16,3407033817,targeted,betweenness,86,19,0.22093023255813954,19,0.22093023255813954,0
0.16,3087656642,targeted,betweenness,86,19,0.22093023255813954,19,0.22093023255813954,0
0.16,1935134040,targeted,betweenness,86,19,0.22093023255813954,19,0.22093023255813954,0
0.16,169026043,targeted,betweenness,86,19,0.22093023255813954,19,0.22093023255813954,0
0.16,1077402950,targeted,betweenness,86,19,0.22093023255813954,19,0.22093023255813954,0
0.16,1585028544,targeted,betweenness,86,19,0.22093023255813954,19,0.22093023255813954,0
0.16,3708260413,targeted,betweenness,86,19,0.22093023255813954,19,0.22093023255813954,0
0.16,2224916609,targeted,betweenness,86,19,0.22093023255813954,19,0.22093023255813954,0
0.16,3309469343,targeted,betweenness,86,19,0.22093023255813954,19,0.22093023255813954,0
0.16,3218210099,targeted,betweenness,86,19,0.22093023255813954,19,0.22093023255813954,0
0.16,3988519004,targeted,betweenness,86,19,0.22093023255813954,19,0.22093023255813954,0
0.16,520072259,targeted,betweenness,86,19,0.22093023255813954,19,0.22093023255813954,0
0.16,2095118667,targeted,betweenness,86,19,0.22093023255813954,19,0.22093023255813954,0
0.16,1386117787,targeted,betweenness,86,19,0.22093023255813954,19,0.22093023255813954,0
0.16,2524629384,targeted,betweenness,86,19,0.22093023255813954,19,0.22093023255813954,0
0.16,2443992897,targeted,betweenness,86,19,0.22093023255813954,19,0.22093023255813954,0
0.16,2322114785,targeted,betweenness,86,19,0.22093023255813954,19,0.22093023255813954,0
0.16,989001102,targeted,betweenness,86,19,0.22093023255813954,19,0.22093023255813954,0
0.16,2896467303,targeted,betweenness,86,19,0.22093023255813954,19,0.22093023255813954,0
0.16,2784820676,targeted,betweenness,86,19,0.22093023255813954,19,0.22093023255813954,0
0.16,3788230012,targeted,betweenness,86,19,0.22093023255813954,19,0.22093023255813954,0
0.16,1053289919,targeted,betweenness,86,19,0.22093023255813954,19,0.22093023255813954,0
0.16,2441288613,targeted,betweenness,86,19,0.22093023255813954,19,0.22093023255813954,0
0.16,2577979869,targeted,betweenness,86,19,0.22093023255813954,19,0.22093023255813954,0
0.16,699704874,targeted,betweenness,86,19,0.22093023255813954,19,0.22093023255813954,0
0.16,570374192,targeted,betweenness,86,19,0.22093023255813954,19,0.22093023255813954,0
0.16,2466134849,targeted,betweenness,86,19,0.22093023255813954,19,0.22093023255813954,0
0.16,116304032,targeted,betweenness,86,19,0.22093023255813954,19,0.22093023255813954,0
0.16,3526671545,targeted,betweenness,86,19,0.22093023255813954,19,0.22093023255813954,0
0.16,3491693201,targeted,betweenness,86,19,0.22093023255813954,19,0.22093023255813954,0
0.16,2237659650,targeted,betweenness,86,19,0.22093023255813954,19,0.22093023255813954,0
0.16,4154418532,targeted,betweenness,86,19,0.22093023255813954,19,0.22093023255813954,0
0.16,2064147255,targeted,betweenness,86,19,0.22093023255813954,19,0.22093023255813954,0
0.16,3253177784,targeted,betweenness,86,19,0.22093023255813954,19,0.22093023255813954,0
0.16,3610787905,targeted,betweenness,86,19,0.22093023255813954,19,0.22093023255813954,0
0.16,4176406656,targeted,betweenness,86,19,0.22093023255813954,19,0.22093023255813954,0
0.16,4146876829,targeted,betweenness,86,19,0.22093023255813954,19,0.22093023255813954,0
0.16,120929324,targeted,betweenness,86,19,0.22093023255813954,19,0.22093023255813954,0
0.16,484051182,targeted,betweenness,86,19,0.22093023255813954,19,0.22093023255813954,0
0.16,4253520398,targeted,betweenness,86,19,0.22093023255813954,19,0.22093023255813954,0
0.16,3242996724,targeted,betweenness,86,19,0.22093023255813954,19,0.22093023255813954,0
0.16,1893311025,targeted,betweenness,86,19,0.22093023255813954,19,0.22093023255813954,0
0.16,1402258394,targeted,betweenness,86,19,0.22093023255813954,19,0.22093023255813954,0
0.16,1164685636,targeted,betweenness,86,19,0.22093023255813954,19,0.22093023255813954,0
0.16,978655318,targeted,betweenness,86,19,0.22093023255813954,19,0.22093023255813954,0
0.16,4207342457,targeted,betweenness,86,19,0.22093023255813954,19,0.22093023255813954,0
0.16,893727631,targeted,betweenness,86,19,0.22093023255813954,19,0.22093023255813954,0
0.16,990239635,targeted,betweenness,86,19,0.22093023255813954,19,0.22093023255813954,0
0.16,764906189,targeted,betweenness,86,19,0.22093023255813954,19,0.22093023255813954,0
0.16,2703352774,targeted,betweenness,86,19,0.22093023255813954,19,0.22093023255813954,0
0.16,3533281815,targeted,betweenness,86,19,0.22093023255813954,19,0.22093023255813954,0
0.16,2471952561,targeted,betweenness,86,19,0.22093023255813954,19,0.22093023255813954,0
0.16,4148275230,targeted,betweenness,86,19,0.22093023255813954,19,0.22093023255813954,0
0.16,969034669,targeted,betweenness,86,19,0.22093023255813954,19,0.22093023255813954,0
0.16,3972364666,targeted,betweenness,86,19,0.22093023255813954,19,0.22093023255813954,0
0.16,1680734759,targeted,betweenness,86,19,0.22093023255813954,19,0.22093023255813954,0
0.16,501738489,targeted,betweenness,86,19,0.22093023255813954,19,0.22093023255813954,0
0.16,3618638093,targeted,betweenness,86,19,0.22093023255813954,19,0.22093023255813954,0
0.16,4062367662,targeted,betweenness,86,19,0.22093023255813954,19,0.22093023255813954,0
0.16,331963482,targeted,betweenness,86,19,0.22093023255813954,19,0.22093023255813954,0
0.16,196147021,targeted,betweenness,86,19,0.22093023255813954,19,0.22093023255813954,0
0.16,4209350816,targeted,betweenness,86,19,0.22093023255813954,19,0.22093023255813954,0
0.16,1866420657,targeted,betweenness,86,19,0.22093023255813954,19,0.22093023255813954,0
0.16,310180386,targeted,betweenness,86,19,0.22093023255813954,19,0.22093023255813954,0
0.16,4067195524,targeted,betweenness,86,19,0.22093023255813954,19,0.22093023255813954,0
0.16,444539211,targeted,betweenness,86,19,0.22093023255813954,19,0.22093023255813954,0
0.16,296401575,targeted,betweenness,86,19,0.22093023255813954,19,0.22093023255813954,0
0.16,1587267317,targeted,betweenness,86,19,0.22093023255813954,19,0.22093023255813954,0
0.16,2045656040,targeted,betweenness,86,19,0.22093023255813954,19,0.22093023255813954,0
0.16,2280717362,targeted,betweenness,86,19,0.22093023255813954,19,0.22093023255813954,0
0.16,388886967,targeted,betweenness,86,19,0.22093023255813954,19,0.22093023255813954,0
0.16,3163350771,targeted,betweenness,86,19,0.22093023255813954,19,0.22093023255813954,0
0.16,726748430,targeted,betweenness,86,19,0.22093023255813954,19,0.22093023255813954,0
0.16,2426191255,targeted,betweenness,86,19,0.22093023255813954,19,0.22093023255813954,0
0.16,2429148200,targeted,betweenness,86,19,0.22093023255813954,19,0.22093023255813954,0
0.16,3918491208,targeted,betweenness,86,19,0.22093023255813954,19,0.22093023255813954,0
0.16,3561362490,targeted,betweenness,86,19,0.22093023255813954,19,0.22093023255813954,0
0.16,1542640229,targeted,betweenness,86,19,0.22093023255813954,19,0.22093023255813954,0
0.16,1191580878,targeted,betweenness,86,19,0.22093023255813954,19,0.22093023255813954,0
0.17,2512055177,targeted,betweenness,86,19,0.22093023255813954,18,0.20930232558139536,0
0.17,920656151,targeted,betweenness,86,19,0.22093023255813954,18,0.20930232558139536,0
0.17,3882247302,targeted,betweenness,86,19,0.22093023255813954,18,0.20930232558139536,0
0.17,2976697028,targeted,betweenness,86,19,0.22093023255813954,18,0.20930232558139536,0
0.17,2062324356,targeted,betweenness,86,19,0.22093023255813954,18,0.20930232558139536,0
0.17,1030703706,targeted,betweenness,86,19,0.22093023255813954,18,0.20930232558139536,0
0.17,362553565,targeted,betweenness,86,19,0.22093023255813954,18,0.20930232558139536,0
0.17,345959252,targeted,betweenness,86,19,0.22093023255813954,18,0.20930232558139536,0
0.17,3332802426,targeted,betweenness,86,19,0.22093023255813954,18,0.20930232558139536,0
0.17,2024907849,targeted,betweenness,86,19,0.22093023255813954,18,0.20930232558139536,0
0.17,1266134579,targeted,betweenness,86,19,0.22093023255813954,18,0.20930232558139536,0
0.17,3856121246,targeted,betweenness,86,19,0.22093023255813954,18,0.20930232558139536,0
0.17,2607670828,targeted,betweenness,86,19,0.22093023255813954,18,0.20930232558139536,0
0.17,3389393307,targeted,betweenness,86,19,0.22093023255813954,18,0.20930232558139536,0
0.17,2878590998,targeted,betweenness,86,19,0.22093023255813954,18,0.20930232558139536,0
0.17,2263862573,targeted,betweenness,86,19,0.22093023255813954,18,0.20930232558139536,0
0.17,3570927804,targeted,betweenness,86,19,0.22093023255813954,18,0.20930232558139536,0
0.17,96337397,targeted,betweenness,86,19,0.22093023255813954,18,0.20930232558139536,0
0.17,3577421650,targeted,betweenness,86,19,0.22093023255813954,18,0.20930232558139536,0
0.17,154962760,targeted,betweenness,86,19,0.22093023255813954,18,0.20930232558139536,0
0.17,2334067387,targeted,betweenness,86,19,0.22093023255813954,18,0.20930232558139536,0
0.17,4078885108,targeted,betweenness,86,19,0.22093023255813954,18,0.20930232558139536,0
0.17,2768407458,targeted,betweenness,86,19,0.22093023255813954,18,0.20930232558139536,0
0.17,1278170188,targeted,betweenness,86,19,0.22093023255813954,18,0.20930232558139536,0
0.17,2812792414,targeted,betweenness,86,19,0.22093023255813954,18,0.20930232558139536,0
0.17,2151168820,targeted,betweenness,86,19,0.22093023255813954,18,0.20930232558139536,0
0.17,2024083566,targeted,betweenness,86,19,0.22093023255813954,18,0.20930232558139536,0
0.17,2767554746,targeted,betweenness,86,19,0.22093023255813954,18,0.20930232558139536,0
0.17,4223338091,targeted,betweenness,86,19,0.22093023255813954,18,0.20930232558139536,0
0.17,1462250364,targeted,betweenness,86,19,0.22093023255813954,18,0.20930232558139536,0
0.17,441508731,targeted,betweenness,86,19,0.22093023255813954,18,0.20930232558139536,0
0.17,366686730,targeted,betweenness,86,19,0.22093023255813954,18,0.20930232558139536,0
0.17,29178260,targeted,betweenness,86,19,0.22093023255813954,18,0.20930232558139536,0
0.17,2565050343,targeted,betweenness,86,19,0.22093023255813954,18,0.20930232558139536,0
0.17,2282638059,targeted,betweenness,86,19,0.22093023255813954,18,0.20930232558139536,0
0.17,1974769183,targeted,betweenness,86,19,0.22093023255813954,18,0.20930232558139536,0
0.17,2126685737,targeted,betweenness,86,19,0.22093023255813954,18,0.20930232558139536,0
0.17,1547316910,targeted,betweenness,86,19,0.22093023255813954,18,0.20930232558139536,0
0.17,2343160079,targeted,betweenness,86,19,0.22093023255813954,18,0.20930232558139536,0
0.17,3491200035,targeted,betweenness,86,19,0.22093023255813954,18,0.20930232558139536,0
0.17,322381510,targeted,betweenness,86,19,0.22093023255813954,18,0.20930232558139536,0
0.17,4221784185,targeted,betweenness,86,19,0.22093023255813954,18,0.20930232558139536,0
0.17,2871911296,targeted,betweenness,86,19,0.22093023255813954,18,0.20930232558139536,0
0.17,108904636,targeted,betweenness,86,19,0.22093023255813954,18,0.20930232558139536,0
0.17,2692872514,targeted,betweenness,86,19,0.22093023255813954,18,0.20930232558139536,0
0.17,685316900,targeted,betweenness,86,19,0.22093023255813954,18,0.20930232558139536,0
0.17,858263852,targeted,betweenness,86,19,0.22093023255813954,18,0.20930232558139536,0
0.17,4176776285,targeted,betweenness,86,19,0.22093023255813954,18,0.20930232558139536,0
0.17,3327238374,targeted,betweenness,86,19,0.22093023255813954,18,0.20930232558139536,0
0.17,3058020617,targeted,betweenness,86,19,0.22093023255813954,18,0.20930232558139536,0
0.17,1794440990,targeted,betweenness,86,19,0.22093023255813954,18,0.20930232558139536,0
0.17,3012540633,targeted,betweenness,86,19,0.22093023255813954,18,0.20930232558139536,0
0.17,3221514465,targeted,betweenness,86,19,0.22093023255813954,18,0.20930232558139536,0
0.17,587665252,targeted,betweenness,86,19,0.22093023255813954,18,0.20930232558139536,0
0.17,2555594342,targeted,betweenness,86,19,0.22093023255813954,18,0.20930232558139536,0
0.17,3573979833,targeted,betweenness,86,19,0.22093023255813954,18,0.20930232558139536,0
0.17,2090969455,targeted,betweenness,86,19,0.22093023255813954,18,0.20930232558139536,0
0.17,2212213875,targeted,betweenness,86,19,0.22093023255813954,18,0.20930232558139536,0
0.17,3613182509,targeted,betweenness,86,19,0.22093023255813954,18,0.20930232558139536,0
0.17,3553320556,targeted,betweenness,86,19,0.22093023255813954,18,0.20930232558139536,0
0.17,3971696295,targeted,betweenness,86,19,0.22093023255813954,18,0.20930232558139536,0
0.17,1400362770,targeted,betweenness,86,19,0.22093023255813954,18,0.20930232558139536,0
0.17,1920786896,targeted,betweenness,86,19,0.22093023255813954,18,0.20930232558139536,0
0.17,3369066956,targeted,betweenness,86,19,0.22093023255813954,18,0.20930232558139536,0
0.17,3458567290,targeted,betweenness,86,19,0.22093023255813954,18,0.20930232558139536,0
0.17,1558273644,targeted,betweenness,86,19,0.22093023255813954,18,0.20930232558139536,0
0.17,181356643,targeted,betweenness,86,19,0.22093023255813954,18,0.20930232558139536,0
0.17,3252107917,targeted,betweenness,86,19,0.22093023255813954,18,0.20930232558139536,0
0.17,2461500800,targeted,betweenness,86,19,0.22093023255813954,18,0.20930232558139536,0
0.17,2121528197,targeted,betweenness,86,19,0.22093023255813954,18,0.20930232558139536,0
0.17,1918042521,targeted,betweenness,86,19,0.22093023255813954,18,0.20930232558139536,0
0.17,987739520,targeted,betweenness,86,19,0.22093023255813954,18,0.20930232558139536,0
0.17,2939223755,targeted,betweenness,86,19,0.22093023255813954,18,0.20930232558139536,0
0.17,1660942960,targeted,betweenness,86,19,0.22093023255813954,18,0.20930232558139536,0
0.17,3243780518,targeted,betweenness,86,19,0.22093023255813954,18,0.20930232558139536,0
0.17,239542182,targeted,betweenness,86,19,0.22093023255813954,18,0.20930232558139536,0
0.17,2010380917,targeted,betweenness,86,19,0.22093023255813954,18,0.20930232558139536,0
0.17,3476097730,targeted,betweenness,86,19,0.22093023255813954,18,0.20930232558139536,0
0.17,133856089,targeted,betweenness,86,19,0.22093023255813954,18,0.20930232558139536,0
0.17,3621439298,targeted,betweenness,86,19,0.22093023255813954,18,0.20930232558139536,0
0.17,3507140503,targeted,betweenness,86,19,0.22093023255813954,18,0.20930232558139536,0
0.17,311294222,targeted,betweenness,86,19,0.22093023255813954,18,0.20930232558139536,0
0.17,1098932972,targeted,betweenness,86,19,0.22093023255813954,18,0.20930232558139536,0
0.17,308689377,targeted,betweenness,86,19,0.22093023255813954,18,0.20930232558139536,0
0.17,126857923,targeted,betweenness,86,19,0.22093023255813954,18,0.20930232558139536,0
0.17,2142338506,targeted,betweenness,86,19,0.22093023255813954,18,0.20930232558139536,0
0.17,3443174643,targeted,betweenness,86,19,0.22093023255813954,18,0.20930232558139536,0
0.17,4089248351,targeted,betweenness,86,19,0.22093023255813954,18,0.20930232558139536,0
0.17,1027008567,targeted,betweenness,86,19,0.22093023255813954,18,0.20930232558139536,0
0.17,2981232729,targeted,betweenness,86,19,0.22093023255813954,18,0.20930232558139536,0
0.17,3102631384,targeted,betweenness,86,19,0.22093023255813954,18,0.20930232558139536,0
0.17,2635856611,targeted,betweenness,86,19,0.22093023255813954,18,0.20930232558139536,0
0.17,465833238,targeted,betweenness,86,19,0.22093023255813954,18,0.20930232558139536,0
0.17,2229056896,targeted,betweenness,86,19,0.22093023255813954,18,0.20930232558139536,0
0.17,1784877467,targeted,betweenness,86,19,0.22093023255813954,18,0.20930232558139536,0
0.17,1342103290,targeted,betweenness,86,19,0.22093023255813954,18,0.20930232558139536,0
0.17,920505094,targeted,betweenness,86,19,0.22093023255813954,18,0.20930232558139536,0
0.17,2564379282,targeted,betweenness,86,19,0.22093023255813954,18,0.20930232558139536,0
0.17,3691341264,targeted,betweenness,86,19,0.22093023255813954,18,0.20930232558139536,0
0.17,1762690760,targeted,betweenness,86,19,0.22093023255813954,18,0.20930232558139536,0
0.18,3941510019,targeted,betweenness,86,19,0.22093023255813954,18,0.20930232558139536,0
0.18,1046925682,targeted,betweenness,86,19,0.22093023255813954,18,0.20930232558139536,0
0.18,2156671237,targeted,betweenness,86,19,0.22093023255813954,18,0.20930232558139536,0
0.18,350711579,targeted,betweenness,86,19,0.22093023255813954,18,0.20930232558139536,0
0.18,3686535596,targeted,betweenness,86,19,0.22093023255813954,18,0.20930232558139536,0
0.18,2907032783,targeted,betweenness,86,19,0.22093023255813954,18,0.20930232558139536,0
0.18,1607463580,targeted,betweenness,86,19,0.22093023255813954,18,0.20930232558139536,0
0.18,4281693545,targeted,betweenness,86,19,0.22093023255813954,18,0.20930232558139536,0
0.18,2578844026,targeted,betweenness,86,19,0.22093023255813954,18,0.20930232558139536,0
0.18,633506321,targeted,betweenness,86,19,0.22093023255813954,18,0.20930232558139536,0
0.18,1633765780,targeted,betweenness,86,19,0.22093023255813954,18,0.20930232558139536,0
0.18,3106532262,targeted,betweenness,86,19,0.22093023255813954,18,0.20930232558139536,0
0.18,118272834,targeted,betweenness,86,19,0.22093023255813954,18,0.20930232558139536,0
0.18,1162142393,targeted,betweenness,86,19,0.22093023255813954,18,0.20930232558139536,0
0.18,2585010758,targeted,betweenness,86,19,0.22093023255813954,18,0.20930232558139536,0
0.18,3775359497,targeted,betweenness,86,19,0.22093023255813954,18,0.20930232558139536,0
0.18,3251657176,targeted,betweenness,86,19,0.22093023255813954,18,0.20930232558139536,0
0.18,3009699744,targeted,betweenness,86,19,0.22093023255813954,18,0.20930232558139536,0
0.18,3283422065,targeted,betweenness,86,19,0.22093023255813954,18,0.20930232558139536,0
0.18,2519808374,targeted,betweenness,86,19,0.22093023255813954,18,0.20930232558139536,0
0.18,3986668544,targeted,betweenness,86,19,0.22093023255813954,18,0.20930232558139536,0
0.18,4142761772,targeted,betweenness,86,19,0.22093023255813954,18,0.20930232558139536,0
0.18,268327307,targeted,betweenness,86,19,0.22093023255813954,18,0.20930232558139536,0
0.18,2367460324,targeted,betweenness,86,19,0.22093023255813954,18,0.20930232558139536,0
0.18,2148130092,targeted,betweenness,86,19,0.22093023255813954,18,0.20930232558139536,0
0.18,4266468960,targeted,betweenness,86,19,0.22093023255813954,18,0.20930232558139536,0
0.18,2033455955,targeted,betweenness,86,19,0.22093023255813954,18,0.20930232558139536,0
0.18,1797013954,targeted,betweenness,86,19,0.22093023255813954,18,0.20930232558139536,0
0.18,2703150345,targeted,betweenness,86,19,0.22093023255813954,18,0.20930232558139536,0
0.18,1442724313,targeted,betweenness,86,19,0.22093023255813954,18,0.20930232558139536,0
0.18,2871588594,targeted,betweenness,86,19,0.22093023255813954,18,0.20930232558139536,0
0.18,3528793523,targeted,betweenness,86,19,0.22093023255813954,18,0.20930232558139536,0
0.18,461441582,targeted,betweenness,86,19,0.22093023255813954,18,0.20930232558139536,0
0.18,734728864,targeted,betweenness,86,19,0.22093023255813954,18,0.20930232558139536,0
0.18,3936001247,targeted,betweenness,86,19,0.22093023255813954,18,0.20930232558139536,0
0.18,2521180253,targeted,betweenness,86,19,0.22093023255813954,18,0.20930232558139536,0
0.18,2656576969,targeted,betweenness,86,19,0.22093023255813954,18,0.20930232558139536,0
0.18,2322276184,targeted,betweenness,86,19,0.22093023255813954,18,0.20930232558139536,0
0.18,42121723,targeted,betweenness,86,19,0.22093023255813954,18,0.20930232558139536,0
0.18,3068764774,targeted,betweenness,86,19,0.22093023255813954,18,0.20930232558139536,0
0.18,1961993652,targeted,betweenness,86,19,0.22093023255813954,18,0.20930232558139536,0
0.18,758212851,targeted,betweenness,86,19,0.22093023255813954,18,0.20930232558139536,0
0.18,3743986079,targeted,betweenness,86,19,0.22093023255813954,18,0.20930232558139536,0
0.18,3562205748,targeted,betweenness,86,19,0.22093023255813954,18,0.20930232558139536,0
0.18,383392870,targeted,betweenness,86,19,0.22093023255813954,18,0.20930232558139536,0
0.18,199581680,targeted,betweenness,86,19,0.22093023255813954,18,0.20930232558139536,0
0.18,516723648,targeted,betweenness,86,19,0.22093023255813954,18,0.20930232558139536,0
0.18,1468214563,targeted,betweenness,86,19,0.22093023255813954,18,0.20930232558139536,0
0.18,1823493613,targeted,betweenness,86,19,0.22093023255813954,18,0.20930232558139536,0
0.18,2022930744,targeted,betweenness,86,19,0.22093023255813954,18,0.20930232558139536,0
0.18,1289212580,targeted,betweenness,86,19,0.22093023255813954,18,0.20930232558139536,0
0.18,3613621041,targeted,betweenness,86,19,0.22093023255813954,18,0.20930232558139536,0
0.18,642093187,targeted,betweenness,86,19,0.22093023255813954,18,0.20930232558139536,0
0.18,1190684350,targeted,betweenness,86,19,0.22093023255813954,18,0.20930232558139536,0
0.18,2549992290,targeted,betweenness,86,19,0.22093023255813954,18,0.20930232558139536,0
0.18,3766012873,targeted,betweenness,86,19,0.22093023255813954,18,0.20930232558139536,0
0.18,2286416417,targeted,betweenness,86,19,0.22093023255813954,18,0.20930232558139536,0
0.18,4167861084,targeted,betweenness,86,19,0.22093023255813954,18,0.20930232558139536,0
0.18,1164537478,targeted,betweenness,86,19,0.22093023255813954,18,0.20930232558139536,0
0.18,738337486,targeted,betweenness,86,19,0.22093023255813954,18,0.20930232558139536,0
0.18,1287153457,targeted,betweenness,86,19,0.22093023255813954,18,0.20930232558139536,0
0.18,2114619704,targeted,betweenness,86,19,0.22093023255813954,18,0.20930232558139536,0
0.18,1444189312,targeted,betweenness,86,19,0.22093023255813954,18,0.20930232558139536,0
0.18,661180792,targeted,betweenness,86,19,0.22093023255813954,18,0.20930232558139536,0
0.18,4244533067,targeted,betweenness,86,19,0.22093023255813954,18,0.20930232558139536,0
0.18,2270033977,targeted,betweenness,86,19,0.22093023255813954,18,0.20930232558139536,0
0.18,2255373391,targeted,betweenness,86,19,0.22093023255813954,18,0.20930232558139536,0
0.18,206087276,targeted,betweenness,86,19,0.22093023255813954,18,0.20930232558139536,0
0.18,138617055,targeted,betweenness,86,19,0.22093023255813954,18,0.20930232558139536,0
0.18,4187661711,targeted,betweenness,86,19,0.22093023255813954,18,0.20930232558139536,0
0.18,2990050566,targeted,betweenness,86,19,0.22093023255813954,18,0.20930232558139536,0
0.18,4135023570,targeted,betweenness,86,19,0.22093023255813954,18,0.20930232558139536,0
0.18,1650884871,targeted,betweenness,86,19,0.22093023255813954,18,0.20930232558139536,0
0.18,2358170320,targeted,betweenness,86,19,0.22093023255813954,18,0.20930232558139536,0
0.18,2866136943,targeted,betweenness,86,19,0.22093023255813954,18,0.20930232558139536,0
0.18,783392975,targeted,betweenness,86,19,0.22093023255813954,18,0.20930232558139536,0
0.18,4175887603,targeted,betweenness,86,19,0.22093023255813954,18,0.20930232558139536,0
0.18,1113816460,targeted,betweenness,86,19,0.22093023255813954,18,0.20930232558139536,0
0.18,151839583,targeted,betweenness,86,19,0.22093023255813954,18,0.20930232558139536,0
0.18,1456355443,targeted,betweenness,86,19,0.22093023255813954,18,0.20930232558139536,0
0.18,1388567977,targeted,betweenness,86,19,0.22093023255813954,18,0.20930232558139536,0
0.18,2296627721,targeted,betweenness,86,19,0.22093023255813954,18,0.20930232558139536,0
0.18,2229957200,targeted,betweenness,86,19,0.22093023255813954,18,0.20930232558139536,0
0.18,2977189279,targeted,betweenness,86,19,0.22093023255813954,18,0.20930232558139536,0
0.18,2574518412,targeted,betweenness,86,19,0.22093023255813954,18,0.20930232558139536,0
0.18,319451903,targeted,betweenness,86,19,0.22093023255813954,18,0.20930232558139536,0
0.18,1498218007,targeted,betweenness,86,19,0.22093023255813954,18,0.20930232558139536,0
0.18,2409807579,targeted,betweenness,86,19,0.22093023255813954,18,0.20930232558139536,0
0.18,3856572469,targeted,betweenness,86,19,0.22093023255813954,18,0.20930232558139536,0
0.18,2975242251,targeted,betweenness,86,19,0.22093023255813954,18,0.20930232558139536,0
0.18,2484774849,targeted,betweenness,86,19,0.22093023255813954,18,0.20930232558139536,0
0.18,2647546627,targeted,betweenness,86,19,0.22093023255813954,18,0.20930232558139536,0
0.18,2431046560,targeted,betweenness,86,19,0.22093023255813954,18,0.20930232558139536,0
0.18,2669934866,targeted,betweenness,86,19,0.22093023255813954,18,0.20930232558139536,0
0.18,3709283598,targeted,betweenness,86,19,0.22093023255813954,18,0.20930232558139536,0
0.18,2744970098,targeted,betweenness,86,19,0.22093023255813954,18,0.20930232558139536,0
0.18,1866608441,targeted,betweenness,86,19,0.22093023255813954,18,0.20930232558139536,0
0.18,3587986316,targeted,betweenness,86,19,0.22093023255813954,18,0.20930232558139536,0
0.18,524722274,targeted,betweenness,86,19,0.22093023255813954,18,0.20930232558139536,0
0.18,2797729594,targeted,betweenness,86,19,0.22093023255813954,18,0.20930232558139536,0
0.19,4088419074,targeted,betweenness,86,18,0.20930232558139536,18,0.20930232558139536,0
0.19,3373788157,targeted,betweenness,86,18,0.20930232558139536,18,0.20930232558139536,0
0.19,2319844469,targeted,betweenness,86,18,0.20930232558139536,18,0.20930232558139536,0
0.19,3084178450,targeted,betweenness,86,18,0.20930232558139536,18,0.20930232558139536,0
0.19,3984627433,targeted,betweenness,86,18,0.20930232558139536,18,0.20930232558139536,0
0.19,2919113713,targeted,betweenness,86,18,0.20930232558139536,18,0.20930232558139536,0
0.19,1550094281,targeted,betweenness,86,18,0.20930232558139536,18,0.20930232558139536,0
0.19,2748425195,targeted,betweenness,86,18,0.20930232558139536,18,0.20930232558139536,0
0.19,896581627,targeted,betweenness,86,18,0.20930232558139536,18,0.20930232558139536,0
0.19,2629515637,targeted,betweenness,86,18,0.20930232558139536,18,0.20930232558139536,0
0.19,739885933,targeted,betweenness,86,18,0.20930232558139536,18,0.20930232558139536,0
0.19,1656482366,targeted,betweenness,86,18,0.20930232558139536,18,0.20930232558139536,0
0.19,421634752,targeted,betweenness,86,18,0.20930232558139536,18,0.20930232558139536,0
0.19,2426642998,targeted,betweenness,86,18,0.20930232558139536,18,0.20930232558139536,0
0.19,1775677787,targeted,betweenness,86,18,0.20930232558139536,18,0.20930232558139536,0
0.19,1698185017,targeted,betweenness,86,18,0.20930232558139536,18,0.20930232558139536,0
0.19,3809489692,targeted,betweenness,86,18,0.20930232558139536,18,0.20930232558139536,0
0.19,4209907225,targeted,betweenness,86,18,0.20930232558139536,18,0.20930232558139536,0
0.19,196936183,targeted,betweenness,86,18,0.20930232558139536,18,0.20930232558139536,0
0.19,1259386400,targeted,betweenness,86,18,0.20930232558139536,18,0.20930232558139536,0
0.19,1108328237,targeted,betweenness,86,18,0.20930232558139536,18,0.20930232558139536,0
0.19,1033853157,targeted,betweenness,86,18,0.20930232558139536,18,0.20930232558139536,0
0.19,1975217268,targeted,betweenness,86,18,0.20930232558139536,18,0.20930232558139536,0
0.19,341582415,targeted,betweenness,86,18,0.20930232558139536,18,0.20930232558139536,0
0.19,1561507129,targeted,betweenness,86,18,0.20930232558139536,18,0.20930232558139536,0
0.19,1798884717,targeted,betweenness,86,18,0.20930232558139536,18,0.20930232558139536,0
0.19,3752045588,targeted,betweenness,86,18,0.20930232558139536,18,0.20930232558139536,0
0.19,655497257,targeted,betweenness,86,18,0.20930232558139536,18,0.20930232558139536,0
0.19,3996125697,targeted,betweenness,86,18,0.20930232558139536,18,0.20930232558139536,0
0.19,4025541102,targeted,betweenness,86,18,0.20930232558139536,18,0.20930232558139536,0
0.19,358661096,targeted,betweenness,86,18,0.20930232558139536,18,0.20930232558139536,0
0.19,3383803280,targeted,betweenness,86,18,0.20930232558139536,18,0.20930232558139536,0
0.19,3503594797,targeted,betweenness,86,18,0.20930232558139536,18,0.20930232558139536,0
0.19,2259979247,targeted,betweenness,86,18,0.20930232558139536,18,0.20930232558139536,0
0.19,2288915909,targeted,betweenness,86,18,0.20930232558139536,18,0.20930232558139536,0
0.19,244675349,targeted,betweenness,86,18,0.20930232558139536,18,0.20930232558139536,0
0.19,3486246892,targeted,betweenness,86,18,0.20930232558139536,18,0.20930232558139536,0
0.19,3773444783,targeted,betweenness,86,18,0.20930232558139536,18,0.20930232558139536,0
0.19,515391398,targeted,betweenness,86,18,0.20930232558139536,18,0.20930232558139536,0
0.19,200266664,targeted,betweenness,86,18,0.20930232558139536,18,0.20930232558139536,0
0.19,1138774084,targeted,betweenness,86,18,0.20930232558139536,18,0.20930232558139536,0
0.19,2610464945,targeted,betweenness,86,18,0.20930232558139536,18,0.20930232558139536,0
0.19,3757841709,targeted,betweenness,86,18,0.20930232558139536,18,0.20930232558139536,0
0.19,786155766,targeted,betweenness,86,18,0.20930232558139536,18,0.20930232558139536,0
0.19,95164997,targeted,betweenness,86,18,0.20930232558139536,18,0.20930232558139536,0
0.19,1589842510,targeted,betweenness,86,18,0.20930232558139536,18,0.20930232558139536,0
0.19,3017586892,targeted,betweenness,86,18,0.20930232558139536,18,0.20930232558139536,0
0.19,1645390170,targeted,betweenness,86,18,0.20930232558139536,18,0.20930232558139536,0
0.19,61869596,targeted,betweenness,86,18,0.20930232558139536,18,0.20930232558139536,0
0.19,1697176203,targeted,betweenness,86,18,0.20930232558139536,18,0.20930232558139536,0
0.19,3080444957,targeted,betweenness,86,18,0.20930232558139536,18,0.20930232558139536,0
0.19,4072443313,targeted,betweenness,86,18,0.20930232558139536,18,0.20930232558139536,0
0.19,2293731175,targeted,betweenness,86,18,0.20930232558139536,18,0.20930232558139536,0
0.19,3966245097,targeted,betweenness,86,18,0.20930232558139536,18,0.20930232558139536,0
0.19,3794961042,targeted,betweenness,86,18,0.20930232558139536,18,0.20930232558139536,0
0.19,638559945,targeted,betweenness,86,18,0.20930232558139536,18,0.20930232558139536,0
0.19,3754746995,targeted,betweenness,86,18,0.20930232558139536,18,0.20930232558139536,0
0.19,3494121399,targeted,betweenness,86,18,0.20930232558139536,18,0.20930232558139536,0
0.19,1067895015,targeted,betweenness,86,18,0.20930232558139536,18,0.20930232558139536,0
0.19,646804707,targeted,betweenness,86,18,0.20930232558139536,18,0.20930232558139536,0
0.19,2476250293,targeted,betweenness,86,18,0.20930232558139536,18,0.20930232558139536,0
0.19,3971358899,targeted,betweenness,86,18,0.20930232558139536,18,0.20930232558139536,0
0.19,4053726440,targeted,betweenness,86,18,0.20930232558139536,18,0.20930232558139536,0
0.19,2651302852,targeted,betweenness,86,18,0.20930232558139536,18,0.20930232558139536,0
0.19,1021101630,targeted,betweenness,86,18,0.20930232558139536,18,0.20930232558139536,0
0.19,3535659312,targeted,betweenness,86,18,0.20930232558139536,18,0.20930232558139536,0
0.19,1965748256,targeted,betweenness,86,18,0.20930232558139536,18,0.20930232558139536,0
0.19,3410817505,targeted,betweenness,86,18,0.20930232558139536,18,0.20930232558139536,0
0.19,2953118830,targeted,betweenness,86,18,0.20930232558139536,18,0.20930232558139536,0
0.19,4152190387,targeted,betweenness,86,18,0.20930232558139536,18,0.20930232558139536,0
0.19,3904863358,targeted,betweenness,86,18,0.20930232558139536,18,0.20930232558139536,0
0.19,268738199,targeted,betweenness,86,18,0.20930232558139536,18,0.20930232558139536,0
0.19,3491341758,targeted,betweenness,86,18,0.20930232558139536,18,0.20930232558139536,0
0.19,4129973045,targeted,betweenness,86,18,0.20930232558139536,18,0.20930232558139536,0
0.19,3393939698,targeted,betweenness,86,18,0.20930232558139536,18,0.20930232558139536,0
0.19,2734179055,targeted,betweenness,86,18,0.20930232558139536,18,0.20930232558139536,0
0.19,2520796358,targeted,betweenness,86,18,0.20930232558139536,18,0.20930232558139536,0
0.19,3670502613,targeted,betweenness,86,18,0.20930232558139536,18,0.20930232558139536,0
0.19,4142061697,targeted,betweenness,86,18,0.20930232558139536,18,0.20930232558139536,0
0.19,2651734866,targeted,betweenness,86,18,0.20930232558139536,18,0.20930232558139536,0
0.19,2075128320,targeted,betweenness,86,18,0.20930232558139536,18,0.20930232558139536,0
0.19,3220758576,targeted,betweenness,86,18,0.20930232558139536,18,0.20930232558139536,0
0.19,1151288215,targeted,betweenness,86,18,0.20930232558139536,18,0.20930232558139536,0
0.19,1437043379,targeted,betweenness,86,18,0.20930232558139536,18,0.20930232558139536,0
0.19,3006641975,targeted,betweenness,86,18,0.20930232558139536,18,0.20930232558139536,0
0.19,240259090,targeted,betweenness,86,18,0.20930232558139536,18,0.20930232558139536,0
0.19,4234628516,targeted,betweenness,86,18,0.20930232558139536,18,0.20930232558139536,0
0.19,736655361,targeted,betweenness,86,18,0.20930232558139536,18,0.20930232558139536,0
0.19,534518493,targeted,betweenness,86,18,0.20930232558139536,18,0.20930232558139536,0
0.19,2107225250,targeted,betweenness,86,18,0.20930232558139536,18,0.20930232558139536,0
0.19,1748797522,targeted,betweenness,86,18,0.20930232558139536,18,0.20930232558139536,0
0.19,1772142114,targeted,betweenness,86,18,0.20930232558139536,18,0.20930232558139536,0
0.19,873951735,targeted,betweenness,86,18,0.20930232558139536,18,0.20930232558139536,0
0.19,350476252,targeted,betweenness,86,18,0.20930232558139536,18,0.20930232558139536,0
0.19,2391554814,targeted,betweenness,86,18,0.20930232558139536,18,0.20930232558139536,0
0.19,2911731078,targeted,betweenness,86,18,0.20930232558139536,18,0.20930232558139536,0
0.19,1348054557,targeted,betweenness,86,18,0.20930232558139536,18,0.20930232558139536,0
0.19,251200764,targeted,betweenness,86,18,0.20930232558139536,18,0.20930232558139536,0
0.19,495902386,targeted,betweenness,86,18,0.20930232558139536,18,0.20930232558139536,0
0.19,2469413742,targeted,betweenness,86,18,0.20930232558139536,18,0.20930232558139536,0
0.2,1013476761,targeted,betweenness,86,18,0.20930232558139536,18,0.20930232558139536,0
0.2,792112385,targeted,betweenness,86,18,0.20930232558139536,18,0.20930232558139536,0
0.2,1649030191,targeted,betweenness,86,18,0.20930232558139536,18,0.20930232558139536,0
0.2,2125331731,targeted,betweenness,86,18,0.20930232558139536,18,0.20930232558139536,0
0.2,2774393773,targeted,betweenness,86,18,0.20930232558139536,18,0.20930232558139536,0
0.2,1152866935,targeted,betweenness,86,18,0.20930232558139536,18,0.20930232558139536,0
0.2,3195286228,targeted,betweenness,86,18,0.20930232558139536,18,0.20930232558139536,0
0.2,3130263069,targeted,betweenness,86,18,0.20930232558139536,18,0.20930232558139536,0
0.2,2697507912,targeted,betweenness,86,18,0.20930232558139536,18,0.20930232558139536,0
0.2,658571342,targeted,betweenness,86,18,0.20930232558139536,18,0.20930232558139536,0
0.2,2653987476,targeted,betweenness,86,18,0.20930232558139536,18,0.20930232558139536,0
0.2,370440379,targeted,betweenness,86,18,0.20930232558139536,18,0.20930232558139536,0
0.2,2263919815,targeted,betweenness,86,18,0.20930232558139536,18,0.20930232558139536,0
0.2,677694638,targeted,betweenness,86,18,0.20930232558139536,18,0.20930232558139536,0
0.2,1058136663,targeted,betweenness,86,18,0.20930232558139536,18,0.20930232558139536,0
0.2,16837254,targeted,betweenness,86,18,0.20930232558139536,18,0.20930232558139536,0
0.2,3290154937,targeted,betweenness,86,18,0.20930232558139536,18,0.20930232558139536,0
0.2,2422493486,targeted,betweenness,86,18,0.20930232558139536,18,0.20930232558139536,0
0.2,594704484,targeted,betweenness,86,18,0.20930232558139536,18,0.20930232558139536,0
0.2,990346255,targeted,betweenness,86,18,0.20930232558139536,18,0.20930232558139536,0
0.2,3938926203,targeted,betweenness,86,18,0.20930232558139536,18,0.20930232558139536,0
0.2,2155540984,targeted,betweenness,86,18,0.20930232558139536,18,0.20930232558139536,0
0.2,359198341,targeted,betweenness,86,18,0.20930232558139536,18,0.20930232558139536,0
0.2,1980989797,targeted,betweenness,86,18,0.20930232558139536,18,0.20930232558139536,0
0.2,888890024,targeted,betweenness,86,18,0.20930232558139536,18,0.20930232558139536,0
0.2,3229906047,targeted,betweenness,86,18,0.20930232558139536,18,0.20930232558139536,0
0.2,307144130,targeted,betweenness,86,18,0.20930232558139536,18,0.20930232558139536,0
0.2,3733809390,targeted,betweenness,86,18,0.20930232558139536,18,0.20930232558139536,0
0.2,3152967024,targeted,betweenness,86,18,0.20930232558139536,18,0.20930232558139536,0
0.2,3529616624,targeted,betweenness,86,18,0.20930232558139536,18,0.20930232558139536,0
0.2,1702180582,targeted,betweenness,86,18,0.20930232558139536,18,0.20930232558139536,0
0.2,3110621919,targeted,betweenness,86,18,0.20930232558139536,18,0.20930232558139536,0
0.2,2531486864,targeted,betweenness,86,18,0.20930232558139536,18,0.20930232558139536,0
0.2,1202916474,targeted,betweenness,86,18,0.20930232558139536,18,0.20930232558139536,0
0.2,795646668,targeted,betweenness,86,18,0.20930232558139536,18,0.20930232558139536,0
0.2,929048133,targeted,betweenness,86,18,0.20930232558139536,18,0.20930232558139536,0
0.2,3111725203,targeted,betweenness,86,18,0.20930232558139536,18,0.20930232558139536,0
0.2,3712706132,targeted,betweenness,86,18,0.20930232558139536,18,0.20930232558139536,0
0.2,329486407,targeted,betweenness,86,18,0.20930232558139536,18,0.20930232558139536,0
0.2,3257955374,targeted,betweenness,86,18,0.20930232558139536,18,0.20930232558139536,0
0.2,1425454289,targeted,betweenness,86,18,0.20930232558139536,18,0.20930232558139536,0
0.2,721038681,targeted,betweenness,86,18,0.20930232558139536,18,0.20930232558139536,0
0.2,153292079,targeted,betweenness,86,18,0.20930232558139536,18,0.20930232558139536,0
0.2,1198104637,targeted,betweenness,86,18,0.20930232558139536,18,0.20930232558139536,0
0.2,4202329064,targeted,betweenness,86,18,0.20930232558139536,18,0.20930232558139536,0
0.2,2077398632,targeted,betweenness,86,18,0.20930232558139536,18,0.20930232558139536,0
0.2,2307808541,targeted,betweenness,86,18,0.20930232558139536,18,0.20930232558139536,0
0.2,397358400,targeted,betweenness,86,18,0.20930232558139536,18,0.20930232558139536,0
0.2,3111947890,targeted,betweenness,86,18,0.20930232558139536,18,0.20930232558139536,0
0.2,158568739,targeted,betweenness,86,18,0.20930232558139536,18,0.20930232558139536,0
0.2,1254030037,targeted,betweenness,86,18,0.20930232558139536,18,0.20930232558139536,0
0.2,2771919878,targeted,betweenness,86,18,0.20930232558139536,18,0.20930232558139536,0
0.2,3779765292,targeted,betweenness,86,18,0.20930232558139536,18,0.20930232558139536,0
0.2,1506719927,targeted,betweenness,86,18,0.20930232558139536,18,0.20930232558139536,0
0.2,3575207195,targeted,betweenness,86,18,0.20930232558139536,18,0.20930232558139536,0
0.2,2417333942,targeted,betweenness,86,18,0.20930232558139536,18,0.20930232558139536,0
0.2,2314091597,targeted,betweenness,86,18,0.20930232558139536,18,0.20930232558139536,0
0.2,2347110828,targeted,betweenness,86,18,0.20930232558139536,18,0.20930232558139536,0
0.2,635867597,targeted,betweenness,86,18,0.20930232558139536,18,0.20930232558139536,0
0.2,2974914788,targeted,betweenness,86,18,0.20930232558139536,18,0.20930232558139536,0
0.2,609698617,targeted,betweenness,86,18,0.20930232558139536,18,0.20930232558139536,0
0.2,3777324872,targeted,betweenness,86,18,0.20930232558139536,18,0.20930232558139536,0
0.2,2533860451,targeted,betweenness,86,18,0.20930232558139536,18,0.20930232558139536,0
0.2,1200474895,targeted,betweenness,86,18,0.20930232558139536,18,0.20930232558139536,0
0.2,845434425,targeted,betweenness,86,18,0.20930232558139536,18,0.20930232558139536,0
0.2,1661906254,targeted,betweenness,86,18,0.20930232558139536,18,0.20930232558139536,0
0.2,1945472803,targeted,betweenness,86,18,0.20930232558139536,18,0.20930232558139536,0
0.2,63196650,targeted,betweenness,86,18,0.20930232558139536,18,0.20930232558139536,0
0.2,2392960656,targeted,betweenness,86,18,0.20930232558139536,18,0.20930232558139536,0
0.2,4193311350,targeted,betweenness,86,18,0.20930232558139536,18,0.20930232558139536,0
0.2,1912747215,targeted,betweenness,86,18,0.20930232558139536,18,0.20930232558139536,0
0.2,1700890036,targeted,betweenness,86,18,0.20930232558139536,18,0.20930232558139536,0
0.2,1008908280,targeted,betweenness,86,18,0.20930232558139536,18,0.20930232558139536,0
0.2,3391091697,targeted,betweenness,86,18,0.20930232558139536,18,0.20930232558139536,0
0.2,3429100656,targeted,betweenness,86,18,0.20930232558139536,18,0.20930232558139536,0
0.2,1319725130,targeted,betweenness,86,18,0.20930232558139536,18,0.20930232558139536,0
0.2,3112942286,targeted,betweenness,86,18,0.20930232558139536,18,0.20930232558139536,0
0.2,1607871417,targeted,betweenness,86,18,0.20930232558139536,18,0.20930232558139536,0
0.2,174059826,targeted,betweenness,86,18,0.20930232558139536,18,0.20930232558139536,0
0.2,2872642224,targeted,betweenness,86,18,0.20930232558139536,18,0.20930232558139536,0
0.2,2036845221,targeted,betweenness,86,18,0.20930232558139536,18,0.20930232558139536,0
0.2,2506571765,targeted,betweenness,86,18,0.20930232558139536,18,0.20930232558139536,0
0.2,4184598954,targeted,betweenness,86,18,0.20930232558139536,18,0.20930232558139536,0
0.2,3145378490,targeted,betweenness,86,18,0.20930232558139536,18,0.20930232558139536,0
0.2,2600865958,targeted,betweenness,86,18,0.20930232558139536,18,0.20930232558139536,0
0.2,4161614824,targeted,betweenness,86,18,0.20930232558139536,18,0.20930232558139536,0
0.2,771683434,targeted,betweenness,86,18,0.20930232558139536,18,0.20930232558139536,0
0.2,2333541563,targeted,betweenness,86,18,0.20930232558139536,18,0.20930232558139536,0
0.2,1137028847,targeted,betweenness,86,18,0.20930232558139536,18,0.20930232558139536,0
0.2,1637595262,targeted,betweenness,86,18,0.20930232558139536,18,0.20930232558139536,0
0.2,4090240675,targeted,betweenness,86,18,0.20930232558139536,18,0.20930232558139536,0
0.2,159891925,targeted,betweenness,86,18,0.20930232558139536,18,0.20930232558139536,0
0.2,336609056,targeted,betweenness,86,18,0.20930232558139536,18,0.20930232558139536,0
0.2,3566801873,targeted,betweenness,86,18,0.20930232558139536,18,0.20930232558139536,0
0.2,1012511963,targeted,betweenness,86,18,0.20930232558139536,18,0.20930232558139536,0
0.2,27520086,targeted,betweenness,86,18,0.20930232558139536,18,0.20930232558139536,0
0.2,3173630124,targeted,betweenness,86,18,0.20930232558139536,18,0.20930232558139536,0
0.2,3199060939,targeted,betweenness,86,18,0.20930232558139536,18,0.20930232558139536,0
0.2,3179700467,targeted,betweenness,86,18,0.20930232558139536,18,0.20930232558139536,0
0.2,3204862583,targeted,betweenness,86,18,0.20930232558139536,18,0.20930232558139536,0
0.21,2687901501,targeted,betweenness,86,18,0.20930232558139536,17,0.19767441860465115,0
0.21,386741512,targeted,betweenness,86,18,0.20930232558139536,17,0.19767441860465115,0
0.21,3130996800,targeted,betweenness,86,18,0.20930232558139536,17,0.19767441860465115,0
0.21,2901685286,targeted,betweenness,86,18,0.20930232558139536,17,0.19767441860465115,0
0.21,3717887653,targeted,betweenness,86,18,0.20930232558139536,17,0.19767441860465115,0
0.21,2853990828,targeted,betweenness,86,18,0.20930232558139536,17,0.19767441860465115,0
0.21,3887873412,targeted,betweenness,86,18,0.20930232558139536,17,0.19767441860465115,0
0.21,472563069,targeted,betweenness,86,18,0.20930232558139536,17,0.19767441860465115,0
0.21,926640191,targeted,betweenness,86,18,0.20930232558139536,17,0.19767441860465115,0
0.21,2684398887,targeted,betweenness,86,18,0.20930232558139536,17,0.19767441860465115,0
0.21,1244200223,targeted,betweenness,86,18,0.20930232558139536,17,0.19767441860465115,0
0.21,3109757523,targeted,betweenness,86,18,0.20930232558139536,17,0.19767441860465115,0
0.21,2555903305,targeted,betweenness,86,18,0.20930232558139536,17,0.19767441860465115,0
0.21,3046532195,targeted,betweenness,86,18,0.20930232558139536,17,0.19767441860465115,0
0.21,1163451190,targeted,betweenness,86,18,0.20930232558139536,17,0.19767441860465115,0
0.21,1340285108,targeted,betweenness,86,18,0.20930232558139536,17,0.19767441860465115,0
0.21,1606403114,targeted,betweenness,86,18,0.20930232558139536,17,0.19767441860465115,0
0.21,3344239486,targeted,betweenness,86,18,0.20930232558139536,17,0.19767441860465115,0
0.21,174696108,targeted,betweenness,86,18,0.20930232558139536,17,0.19767441860465115,0
0.21,720542957,targeted,betweenness,86,18,0.20930232558139536,17,0.19767441860465115,0
0.21,1706656404,targeted,betweenness,86,18,0.20930232558139536,17,0.19767441860465115,0
0.21,21240242,targeted,betweenness,86,18,0.20930232558139536,17,0.19767441860465115,0
0.21,1444376660,targeted,betweenness,86,18,0.20930232558139536,17,0.19767441860465115,0
0.21,2040443887,targeted,betweenness,86,18,0.20930232558139536,17,0.19767441860465115,0
0.21,2536875294,targeted,betweenness,86,18,0.20930232558139536,17,0.19767441860465115,0
0.21,1062338126,targeted,betweenness,86,18,0.20930232558139536,17,0.19767441860465115,0
0.21,3596592277,targeted,betweenness,86,18,0.20930232558139536,17,0.19767441860465115,0
0.21,3878574946,targeted,betweenness,86,18,0.20930232558139536,17,0.19767441860465115,0
0.21,2609112238,targeted,betweenness,86,18,0.20930232558139536,17,0.19767441860465115,0
0.21,26131975,targeted,betweenness,86,18,0.20930232558139536,17,0.19767441860465115,0
0.21,1183174775,targeted,betweenness,86,18,0.20930232558139536,17,0.19767441860465115,0
0.21,840785661,targeted,betweenness,86,18,0.20930232558139536,17,0.19767441860465115,0
0.21,831678212,targeted,betweenness,86,18,0.20930232558139536,17,0.19767441860465115,0
0.21,1329553379,targeted,betweenness,86,18,0.20930232558139536,17,0.19767441860465115,0
0.21,1453709557,targeted,betweenness,86,18,0.20930232558139536,17,0.19767441860465115,0
0.21,3489873080,targeted,betweenness,86,18,0.20930232558139536,17,0.19767441860465115,0
0.21,2425695337,targeted,betweenness,86,18,0.20930232558139536,17,0.19767441860465115,0
0.21,130871036,targeted,betweenness,86,18,0.20930232558139536,17,0.19767441860465115,0
0.21,50934091,targeted,betweenness,86,18,0.20930232558139536,17,0.19767441860465115,0
0.21,3944683375,targeted,betweenness,86,18,0.20930232558139536,17,0.19767441860465115,0
0.21,4150471694,targeted,betweenness,86,18,0.20930232558139536,17,0.19767441860465115,0
0.21,3586818023,targeted,betweenness,86,18,0.20930232558139536,17,0.19767441860465115,0
0.21,183829100,targeted,betweenness,86,18,0.20930232558139536,17,0.19767441860465115,0
0.21,4201860020,targeted,betweenness,86,18,0.20930232558139536,17,0.19767441860465115,0
0.21,2471243556,targeted,betweenness,86,18,0.20930232558139536,17,0.19767441860465115,0
0.21,1070765545,targeted,betweenness,86,18,0.20930232558139536,17,0.19767441860465115,0
0.21,1689997128,targeted,betweenness,86,18,0.20930232558139536,17,0.19767441860465115,0
0.21,2142668747,targeted,betweenness,86,18,0.20930232558139536,17,0.19767441860465115,0
0.21,1624965712,targeted,betweenness,86,18,0.20930232558139536,17,0.19767441860465115,0
0.21,2145695957,targeted,betweenness,86,18,0.20930232558139536,17,0.19767441860465115,0
0.21,1039931136,targeted,betweenness,86,18,0.20930232558139536,17,0.19767441860465115,0
0.21,2982108776,targeted,betweenness,86,18,0.20930232558139536,17,0.19767441860465115,0
0.21,126856683,targeted,betweenness,86,18,0.20930232558139536,17,0.19767441860465115,0
0.21,2937276543,targeted,betweenness,86,18,0.20930232558139536,17,0.19767441860465115,0
0.21,1610325625,targeted,betweenness,86,18,0.20930232558139536,17,0.19767441860465115,0
0.21,3956045766,targeted,betweenness,86,18,0.20930232558139536,17,0.19767441860465115,0
0.21,2675782736,targeted,betweenness,86,18,0.20930232558139536,17,0.19767441860465115,0
0.21,3284474866,targeted,betweenness,86,18,0.20930232558139536,17,0.19767441860465115,0
0.21,1615772220,targeted,betweenness,86,18,0.20930232558139536,17,0.19767441860465115,0
0.21,1276056393,targeted,betweenness,86,18,0.20930232558139536,17,0.19767441860465115,0
0.21,1805261754,targeted,betweenness,86,18,0.20930232558139536,17,0.19767441860465115,0
0.21,444547065,targeted,betweenness,86,18,0.20930232558139536,17,0.19767441860465115,0
0.21,2432437486,targeted,betweenness,86,18,0.20930232558139536,17,0.19767441860465115,0
0.21,4276001988,targeted,betweenness,86,18,0.20930232558139536,17,0.19767441860465115,0
0.21,4048878539,targeted,betweenness,86,18,0.20930232558139536,17,0.19767441860465115,0
0.21,795788197,targeted,betweenness,86,18,0.20930232558139536,17,0.19767441860465115,0
0.21,1730756561,targeted,betweenness,86,18,0.20930232558139536,17,0.19767441860465115,0
0.21,3480771047,targeted,betweenness,86,18,0.20930232558139536,17,0.19767441860465115,0
0.21,3338455871,targeted,betweenness,86,18,0.20930232558139536,17,0.19767441860465115,0
0.21,2319307239,targeted,betweenness,86,18,0.20930232558139536,17,0.19767441860465115,0
0.21,1972604008,targeted,betweenness,86,18,0.20930232558139536,17,0.19767441860465115,0
0.21,239946312,targeted,betweenness,86,18,0.20930232558139536,17,0.19767441860465115,0
0.21,3964433384,targeted,betweenness,86,18,0.20930232558139536,17,0.19767441860465115,0
0.21,1942885712,targeted,betweenness,86,18,0.20930232558139536,17,0.19767441860465115,0
0.21,2316859690,targeted,betweenness,86,18,0.20930232558139536,17,0.19767441860465115,0
0.21,2130378911,targeted,betweenness,86,18,0.20930232558139536,17,0.19767441860465115,0
0.21,133779893,targeted,betweenness,86,18,0.20930232558139536,17,0.19767441860465115,0
0.21,3167869911,targeted,betweenness,86,18,0.20930232558139536,17,0.19767441860465115,0
0.21,1069124223,targeted,betweenness,86,18,0.20930232558139536,17,0.19767441860465115,0
0.21,3374271754,targeted,betweenness,86,18,0.20930232558139536,17,0.19767441860465115,0
0.21,2308482461,targeted,betweenness,86,18,0.20930232558139536,17,0.19767441860465115,0
0.21,3636811088,targeted,betweenness,86,18,0.20930232558139536,17,0.19767441860465115,0
0.21,3490561919,targeted,betweenness,86,18,0.20930232558139536,17,0.19767441860465115,0
0.21,230997840,targeted,betweenness,86,18,0.20930232558139536,17,0.19767441860465115,0
0.21,278893351,targeted,betweenness,86,18,0.20930232558139536,17,0.19767441860465115,0
0.21,2163147413,targeted,betweenness,86,18,0.20930232558139536,17,0.19767441860465115,0
0.21,1628021763,targeted,betweenness,86,18,0.20930232558139536,17,0.19767441860465115,0
0.21,1700408978,targeted,betweenness,86,18,0.20930232558139536,17,0.19767441860465115,0
0.21,2712538769,targeted,betweenness,86,18,0.20930232558139536,17,0.19767441860465115,0
0.21,3125585883,targeted,betweenness,86,18,0.20930232558139536,17,0.19767441860465115,0
0.21,1945850751,targeted,betweenness,86,18,0.20930232558139536,17,0.19767441860465115,0
0.21,2373717197,targeted,betweenness,86,18,0.20930232558139536,17,0.19767441860465115,0
0.21,3903266350,targeted,betweenness,86,18,0.20930232558139536,17,0.19767441860465115,0
0.21,873485988,targeted,betweenness,86,18,0.20930232558139536,17,0.19767441860465115,0
0.21,831197104,targeted,betweenness,86,18,0.20930232558139536,17,0.19767441860465115,0
0.21,1824048924,targeted,betweenness,86,18,0.20930232558139536,17,0.19767441860465115,0
0.21,2021575932,targeted,betweenness,86,18,0.20930232558139536,17,0.19767441860465115,0
0.21,1143921506,targeted,betweenness,86,18,0.20930232558139536,17,0.19767441860465115,0
0.21,749672671,targeted,betweenness,86,18,0.20930232558139536,17,0.19767441860465115,0
0.21,3598743816,targeted,betweenness,86,18,0.20930232558139536,17,0.19767441860465115,0
0.22,693246976,targeted,betweenness,86,17,0.19767441860465115,17,0.19767441860465115,0
0.22,1170002066,targeted,betweenness,86,17,0.19767441860465115,17,0.19767441860465115,0
0.22,419811854,targeted,betweenness,86,17,0.19767441860465115,17,0.19767441860465115,0
0.22,3879490515,targeted,betweenness,86,17,0.19767441860465115,17,0.19767441860465115,0
0.22,1321260050,targeted,betweenness,86,17,0.19767441860465115,17,0.19767441860465115,0
0.22,3523261583,targeted,betweenness,86,17,0.19767441860465115,17,0.19767441860465115,0
0.22,1950384261,targeted,betweenness,86,17,0.19767441860465115,17,0.19767441860465115,0
0.22,2984838718,targeted,betweenness,86,17,0.19767441860465115,17,0.19767441860465115,0
0.22,3658068384,targeted,betweenness,86,17,0.19767441860465115,17,0.19767441860465115,0
0.22,469646659,targeted,betweenness,86,17,0.19767441860465115,17,0.19767441860465115,0
0.22,2343460213,targeted,betweenness,86,17,0.19767441860465115,17,0.19767441860465115,0
0.22,642342510,targeted,betweenness,86,17,0.19767441860465115,17,0.19767441860465115,0
0.22,1723084778,targeted,betweenness,86,17,0.19767441860465115,17,0.19767441860465115,0
0.22,567453171,targeted,betweenness,86,17,0.19767441860465115,17,0.19767441860465115,0
0.22,2278611904,targeted,betweenness,86,17,0.19767441860465115,17,0.19767441860465115,0
0.22,1251784400,targeted,betweenness,86,17,0.19767441860465115,17,0.19767441860465115,0
0.22,2506471690,targeted,betweenness,86,17,0.19767441860465115,17,0.19767441860465115,0
0.22,490881352,targeted,betweenness,86,17,0.19767441860465115,17,0.19767441860465115,0
0.22,1073261818,targeted,betweenness,86,17,0.19767441860465115,17,0.19767441860465115,0
0.22,2989142341,targeted,betweenness,86,17,0.19767441860465115,17,0.19767441860465115,0
0.22,3800545641,targeted,betweenness,86,17,0.19767441860465115,17,0.19767441860465115,0
0.22,1537932748,targeted,betweenness,86,17,0.19767441860465115,17,0.19767441860465115,0
0.22,962146987,targeted,betweenness,86,17,0.19767441860465115,17,0.19767441860465115,0
0.22,1823546398,targeted,betweenness,86,17,0.19767441860465115,17,0.19767441860465115,0
0.22,1262926715,targeted,betweenness,86,17,0.19767441860465115,17,0.19767441860465115,0
0.22,3952038505,targeted,betweenness,86,17,0.19767441860465115,17,0.19767441860465115,0
0.22,757156259,targeted,betweenness,86,17,0.19767441860465115,17,0.19767441860465115,0
0.22,1605712980,targeted,betweenness,86,17,0.19767441860465115,17,0.19767441860465115,0
0.22,203798008,targeted,betweenness,86,17,0.19767441860465115,17,0.19767441860465115,0
0.22,2124241989,targeted,betweenness,86,17,0.19767441860465115,17,0.19767441860465115,0
0.22,2793611714,targeted,betweenness,86,17,0.19767441860465115,17,0.19767441860465115,0
0.22,1228507502,targeted,betweenness,86,17,0.19767441860465115,17,0.19767441860465115,0
0.22,4246164783,targeted,betweenness,86,17,0.19767441860465115,17,0.19767441860465115,0
0.22,1658131137,targeted,betweenness,86,17,0.19767441860465115,17,0.19767441860465115,0
0.22,2899912341,targeted,betweenness,86,17,0.19767441860465115,17,0.19767441860465115,0
0.22,1624348946,targeted,betweenness,86,17,0.19767441860465115,17,0.19767441860465115,0
0.22,2804493175,targeted,betweenness,86,17,0.19767441860465115,17,0.19767441860465115,0
0.22,1930233080,targeted,betweenness,86,17,0.19767441860465115,17,0.19767441860465115,0
0.22,2741447790,targeted,betweenness,86,17,0.19767441860465115,17,0.19767441860465115,0
0.22,1639225724,targeted,betweenness,86,17,0.19767441860465115,17,0.19767441860465115,0
0.22,1806138385,targeted,betweenness,86,17,0.19767441860465115,17,0.19767441860465115,0
0.22,121621226,targeted,betweenness,86,17,0.19767441860465115,17,0.19767441860465115,0
0.22,3545694443,targeted,betweenness,86,17,0.19767441860465115,17,0.19767441860465115,0
0.22,1518107762,targeted,betweenness,86,17,0.19767441860465115,17,0.19767441860465115,0
0.22,3090275004,targeted,betweenness,86,17,0.19767441860465115,17,0.19767441860465115,0
0.22,3683692623,targeted,betweenness,86,17,0.19767441860465115,17,0.19767441860465115,0
0.22,596670143,targeted,betweenness,86,17,0.19767441860465115,17,0.19767441860465115,0
0.22,3303475816,targeted,betweenness,86,17,0.19767441860465115,17,0.19767441860465115,0
0.22,321254797,targeted,betweenness,86,17,0.19767441860465115,17,0.19767441860465115,0
0.22,3467274928,targeted,betweenness,86,17,0.19767441860465115,17,0.19767441860465115,0
0.22,472980068,targeted,betweenness,86,17,0.19767441860465115,17,0.19767441860465115,0
0.22,2690054031,targeted,betweenness,86,17,0.19767441860465115,17,0.19767441860465115,0
0.22,3492420097,targeted,betweenness,86,17,0.19767441860465115,17,0.19767441860465115,0
0.22,3717769641,targeted,betweenness,86,17,0.19767441860465115,17,0.19767441860465115,0
0.22,3174290959,targeted,betweenness,86,17,0.19767441860465115,17,0.19767441860465115,0
0.22,2973270506,targeted,betweenness,86,17,0.19767441860465115,17,0.19767441860465115,0
0.22,1804554398,targeted,betweenness,86,17,0.19767441860465115,17,0.19767441860465115,0
0.22,2951510650,targeted,betweenness,86,17,0.19767441860465115,17,0.19767441860465115,0
0.22,864391061,targeted,betweenness,86,17,0.19767441860465115,17,0.19767441860465115,0
0.22,2819939264,targeted,betweenness,86,17,0.19767441860465115,17,0.19767441860465115,0
0.22,2468574362,targeted,betweenness,86,17,0.19767441860465115,17,0.19767441860465115,0
0.22,3110484376,targeted,betweenness,86,17,0.19767441860465115,17,0.19767441860465115,0
0.22,1994123222,targeted,betweenness,86,17,0.19767441860465115,17,0.19767441860465115,0
0.22,2004006668,targeted,betweenness,86,17,0.19767441860465115,17,0.19767441860465115,0
0.22,2916783425,targeted,betweenness,86,17,0.19767441860465115,17,0.19767441860465115,0
0.22,2440273049,targeted,betweenness,86,17,0.19767441860465115,17,0.19767441860465115,0
0.22,2539407783,targeted,betweenness,86,17,0.19767441860465115,17,0.19767441860465115,0
0.22,576830744,targeted,betweenness,86,17,0.19767441860465115,17,0.19767441860465115,0
0.22,4018761886,targeted,betweenness,86,17,0.19767441860465115,17,0.19767441860465115,0
0.22,3260269670,targeted,betweenness,86,17,0.19767441860465115,17,0.19767441860465115,0
0.22,2999195,targeted,betweenness,86,17,0.19767441860465115,17,0.19767441860465115,0
0.22,3156184610,targeted,betweenness,86,17,0.19767441860465115,17,0.19767441860465115,0
0.22,1195164267,targeted,betweenness,86,17,0.19767441860465115,17,0.19767441860465115,0
0.22,4151084240,targeted,betweenness,86,17,0.19767441860465115,17,0.19767441860465115,0
0.22,1427925782,targeted,betweenness,86,17,0.19767441860465115,17,0.19767441860465115,0
0.22,1003873129,targeted,betweenness,86,17,0.19767441860465115,17,0.19767441860465115,0
0.22,3750102691,targeted,betweenness,86,17,0.19767441860465115,17,0.19767441860465115,0
0.22,862931998,targeted,betweenness,86,17,0.19767441860465115,17,0.19767441860465115,0
0.22,3253706735,targeted,betweenness,86,17,0.19767441860465115,17,0.19767441860465115,0
0.22,2460361282,targeted,betweenness,86,17,0.19767441860465115,17,0.19767441860465115,0
0.22,1828905628,targeted,betweenness,86,17,0.19767441860465115,17,0.19767441860465115,0
0.22,972335010,targeted,betweenness,86,17,0.19767441860465115,17,0.19767441860465115,0
0.22,3970276682,targeted,betweenness,86,17,0.19767441860465115,17,0.19767441860465115,0
0.22,632658321,targeted,betweenness,86,17,0.19767441860465115,17,0.19767441860465115,0
0.22,2682379671,targeted,betweenness,86,17,0.19767441860465115,17,0.19767441860465115,0
0.22,92572817,targeted,betweenness,86,17,0.19767441860465115,17,0.19767441860465115,0
0.22,2820788461,targeted,betweenness,86,17,0.19767441860465115,17,0.19767441860465115,0
0.22,2557808778,targeted,betweenness,86,17,0.19767441860465115,17,0.19767441860465115,0
0.22,822016570,targeted,betweenness,86,17,0.19767441860465115,17,0.19767441860465115,0
0.22,4166093357,targeted,betweenness,86,17,0.19767441860465115,17,0.19767441860465115,0
0.22,1240772378,targeted,betweenness,86,17,0.19767441860465115,17,0.19767441860465115,0
0.22,89508347,targeted,betweenness,86,17,0.19767441860465115,17,0.19767441860465115,0
0.22,2254910266,targeted,betweenness,86,17,0.19767441860465115,17,0.19767441860465115,0
0.22,66740682,targeted,betweenness,86,17,0.19767441860465115,17,0.19767441860465115,0
0.22,885559285,targeted,betweenness,86,17,0.19767441860465115,17,0.19767441860465115,0
0.22,3021034217,targeted,betweenness,86,17,0.19767441860465115,17,0.19767441860465115,0
0.22,677040242,targeted,betweenness,86,17,0.19767441860465115,17,0.19767441860465115,0
0.22,3622656373,targeted,betweenness,86,17,0.19767441860465115,17,0.19767441860465115,0
0.22,61345647,targeted,betweenness,86,17,0.19767441860465115,17,0.19767441860465115,0
0.22,1977780237,targeted,betweenness,86,17,0.19767441860465115,17,0.19767441860465115,0
0.23,1889559468,targeted,betweenness,86,17,0.19767441860465115,17,0.19767441860465115,1
0.23,840809512,targeted,betweenness,86,17,0.19767441860465115,17,0.19767441860465115,1
0.23,2237192387,targeted,betweenness,86,17,0.19767441860465115,17,0.19767441860465115,1
0.23,1777041312,targeted,betweenness,86,17,0.19767441860465115,17,0.19767441860465115,1
0.23,4191887264,targeted,betweenness,86,17,0.19767441860465115,17,0.19767441860465115,1
0.23,1952812991,targeted,betweenness,86,17,0.19767441860465115,17,0.19767441860465115,1
0.23,2747191106,targeted,betweenness,86,17,0.19767441860465115,17,0.19767441860465115,1
0.23,729263449,targeted,betweenness,86,17,0.19767441860465115,17,0.19767441860465115,1
0.23,1376666596,targeted,betweenness,86,17,0.19767441860465115,17,0.19767441860465115,1
0.23,2198610910,targeted,betweenness,86,17,0.19767441860465115,17,0.19767441860465115,1
0.23,2499247801,targeted,betweenness,86,17,0.19767441860465115,17,0.19767441860465115,1
0.23,2326647354,targeted,betweenness,86,17,0.19767441860465115,17,0.19767441860465115,1
0.23,3737404097,targeted,betweenness,86,17,0.19767441860465115,17,0.19767441860465115,1
0.23,2153789548,targeted,betweenness,86,17,0.19767441860465115,17,0.19767441860465115,1
0.23,487019862,targeted,betweenness,86,17,0.19767441860465115,17,0.19767441860465115,1
0.23,3510356352,targeted,betweenness,86,17,0.19767441860465115,17,0.19767441860465115,1
0.23,297729063,targeted,betweenness,86,17,0.19767441860465115,17,0.19767441860465115,1
0.23,3396185305,targeted,betweenness,86,17,0.19767441860465115,17,0.19767441860465115,1
0.23,1088608219,targeted,betweenness,86,17,0.19767441860465115,17,0.19767441860465115,1
0.23,1728753206,targeted,betweenness,86,17,0.19767441860465115,17,0.19767441860465115,1
0.23,450285703,targeted,betweenness,86,17,0.19767441860465115,17,0.19767441860465115,1
0.23,2546003851,targeted,betweenness,86,17,0.19767441860465115,17,0.19767441860465115,1
0.23,2770318966,targeted,betweenness,86,17,0.19767441860465115,17,0.19767441860465115,1
0.23,1759364277,targeted,betweenness,86,17,0.19767441860465115,17,0.19767441860465115,1
0.23,3263491114,targeted,betweenness,86,17,0.19767441860465115,17,0.19767441860465115,1
0.23,2154668991,targeted,betweenness,86,17,0.19767441860465115,17,0.19767441860465115,1
0.23,893577459,targeted,betweenness,86,17,0.19767441860465115,17,0.19767441860465115,1
0.23,674972208,targeted,betweenness,86,17,0.19767441860465115,17,0.19767441860465115,1
0.23,1590603613,targeted,betweenness,86,17,0.19767441860465115,17,0.19767441860465115,1
0.23,2387965163,targeted,betweenness,86,17,0.19767441860465115,17,0.19767441860465115,1
0.23,1858861702,targeted,betweenness,86,17,0.19767441860465115,17,0.19767441860465115,1
0.23,1018484253,targeted,betweenness,86,17,0.19767441860465115,17,0.19767441860465115,1
0.23,1972304288,targeted,betweenness,86,17,0.19767441860465115,17,0.19767441860465115,1
0.23,1904088283,targeted,betweenness,86,17,0.19767441860465115,17,0.19767441860465115,1
0.23,1088336582,targeted,betweenness,86,17,0.19767441860465115,17,0.19767441860465115,1
0.23,2826327121,targeted,betweenness,86,17,0.19767441860465115,17,0.19767441860465115,1
0.23,3766672865,targeted,betweenness,86,17,0.19767441860465115,17,0.19767441860465115,1
0.23,935743097,targeted,betweenness,86,17,0.19767441860465115,17,0.19767441860465115,1
0.23,2276062994,targeted,betweenness,86,17,0.19767441860465115,17,0.19767441860465115,1
0.23,3963707525,targeted,betweenness,86,17,0.19767441860465115,17,0.19767441860465115,1
0.23,3235701643,targeted,betweenness,86,17,0.19767441860465115,17,0.19767441860465115,1
0.23,3791223175,targeted,betweenness,86,17,0.19767441860465115,17,0.19767441860465115,1
0.23,862747185,targeted,betweenness,86,17,0.19767441860465115,17,0.19767441860465115,1
0.23,3968427903,targeted,betweenness,86,17,0.19767441860465115,17,0.19767441860465115,1
0.23,2838584092,targeted,betweenness,86,17,0.19767441860465115,17,0.19767441860465115,1
0.23,3898819425,targeted,betweenness,86,17,0.19767441860465115,17,0.19767441860465115,1
0.23,1048756513,targeted,betweenness,86,17,0.19767441860465115,17,0.19767441860465115,1
0.23,105740295,targeted,betweenness,86,17,0.19767441860465115,17,0.19767441860465115,1
0.23,2194633947,targeted,betweenness,86,17,0.19767441860465115,17,0.19767441860465115,1
0.23,2903911752,targeted,betweenness,86,17,0.19767441860465115,17,0.19767441860465115,1
0.23,422912613,targeted,betweenness,86,17,0.19767441860465115,17,0.19767441860465115,1
0.23,2449830612,targeted,betweenness,86,17,0.19767441860465115,17,0.19767441860465115,1
0.23,2480501159,targeted,betweenness,86,17,0.19767441860465115,17,0.19767441860465115,1
0.23,1003551297,targeted,betweenness,86,17,0.19767441860465115,17,0.19767441860465115,1
0.23,2504406303,targeted,betweenness,86,17,0.19767441860465115,17,0.19767441860465115,1
0.23,3864936768,targeted,betweenness,86,17,0.19767441860465115,17,0.19767441860465115,1
0.23,844287389,targeted,betweenness,86,17,0.19767441860465115,17,0.19767441860465115,1
0.23,1736259426,targeted,betweenness,86,17,0.19767441860465115,17,0.19767441860465115,1
0.23,840668978,targeted,betweenness,86,17,0.19767441860465115,17,0.19767441860465115,1
0.23,2637857775,targeted,betweenness,86,17,0.19767441860465115,17,0.19767441860465115,1
0.23,3417333494,targeted,betweenness,86,17,0.19767441860465115,17,0.19767441860465115,1
0.23,1611600843,targeted,betweenness,86,17,0.19767441860465115,17,0.19767441860465115,1
0.23,222279907,targeted,betweenness,86,17,0.19767441860465115,17,0.19767441860465115,1
0.23,844259038,targeted,betweenness,86,17,0.19767441860465115,17,0.19767441860465115,1
0.23,590801280,targeted,betweenness,86,17,0.19767441860465115,17,0.19767441860465115,1
0.23,3696128461,targeted,betweenness,86,17,0.19767441860465115,17,0.19767441860465115,1
0.23,3302469151,targeted,betweenness,86,17,0.19767441860465115,17,0.19767441860465115,1
0.23,2957028842,targeted,betweenness,86,17,0.19767441860465115,17,0.19767441860465115,1
0.23,2995308204,targeted,betweenness,86,17,0.19767441860465115,17,0.19767441860465115,1
0.23,2598512929,targeted,betweenness,86,17,0.19767441860465115,17,0.19767441860465115,1
0.23,51983682,targeted,betweenness,86,17,0.19767441860465115,17,0.19767441860465115,1
0.23,3695130853,targeted,betweenness,86,17,0.19767441860465115,17,0.19767441860465115,1
0.23,1969474188,targeted,betweenness,86,17,0.19767441860465115,17,0.19767441860465115,1
0.23,2882039372,targeted,betweenness,86,17,0.19767441860465115,17,0.19767441860465115,1
0.23,433458491,targeted,betweenness,86,17,0.19767441860465115,17,0.19767441860465115,1
0.23,1689625774,targeted,betweenness,86,17,0.19767441860465115,17,0.19767441860465115,1
0.23,2530218336,targeted,betweenness,86,17,0.19767441860465115,17,0.19767441860465115,1
0.23,4103317798,targeted,betweenness,86,17,0.19767441860465115,17,0.19767441860465115,1
0.23,3652522416,targeted,betweenness,86,17,0.19767441860465115,17,0.19767441860465115,1
0.23,3451408413,targeted,betweenness,86,17,0.19767441860465115,17,0.19767441860465115,1
0.23,2600290955,targeted,betweenness,86,17,0.19767441860465115,17,0.19767441860465115,1
0.23,92865180,targeted,betweenness,86,17,0.19767441860465115,17,0.19767441860465115,1
0.23,4232623072,targeted,betweenness,86,17,0.19767441860465115,17,0.19767441860465115,1
0.23,354140517,targeted,betweenness,86,17,0.19767441860465115,17,0.19767441860465115,1
0.23,3760502148,targeted,betweenness,86,17,0.19767441860465115,17,0.19767441860465115,1
0.23,2748774656,targeted,betweenness,86,17,0.19767441860465115,17,0.19767441860465115,1
0.23,1588081336,targeted,betweenness,86,17,0.19767441860465115,17,0.19767441860465115,1
0.23,2814463752,targeted,betweenness,86,17,0.19767441860465115,17,0.19767441860465115,1
0.23,609289320,targeted,betweenness,86,17,0.19767441860465115,17,0.19767441860465115,1
0.23,954447245,targeted,betweenness,86,17,0.19767441860465115,17,0.19767441860465115,1
0.23,1101024017,targeted,betweenness,86,17,0.19767441860465115,17,0.19767441860465115,1
0.23,3109076300,targeted,betweenness,86,17,0.19767441860465115,17,0.19767441860465115,1
0.23,3668166684,targeted,betweenness,86,17,0.19767441860465115,17,0.19767441860465115,1
0.23,801784422,targeted,betweenness,86,17,0.19767441860465115,17,0.19767441860465115,1
0.23,2619706287,targeted,betweenness,86,17,0.19767441860465115,17,0.19767441860465115,1
0.23,2269392778,targeted,betweenness,86,17,0.19767441860465115,17,0.19767441860465115,1
0.23,3645498743,targeted,betweenness,86,17,0.19767441860465115,17,0.19767441860465115,1
0.23,3763450529,targeted,betweenness,86,17,0.19767441860465115,17,0.19767441860465115,1
0.23,2523804339,targeted,betweenness,86,17,0.19767441860465115,17,0.19767441860465115,1
0.23,3932244157,targeted,betweenness,86,17,0.19767441860465115,17,0.19767441860465115,1
0.24,397828459,targeted,betweenness,86,17,0.19767441860465115,17,0.19767441860465115,0
0.24,2629711015,targeted,betweenness,86,17,0.19767441860465115,17,0.19767441860465115,0
0.24,3450110748,targeted,betweenness,86,17,0.19767441860465115,17,0.19767441860465115,0
0.24,2580287188,targeted,betweenness,86,17,0.19767441860465115,17,0.19767441860465115,0
0.24,1706333325,targeted,betweenness,86,17,0.19767441860465115,17,0.19767441860465115,0
0.24,1193129155,targeted,betweenness,86,17,0.19767441860465115,17,0.19767441860465115,0
0.24,1268654755,targeted,betweenness,86,17,0.19767441860465115,17,0.19767441860465115,0
0.24,2394996092,targeted,betweenness,86,17,0.19767441860465115,17,0.19767441860465115,0
0.24,2133914592,targeted,betweenness,86,17,0.19767441860465115,17,0.19767441860465115,0
0.24,2025456805,targeted,betweenness,86,17,0.19767441860465115,17,0.19767441860465115,0
0.24,2654189737,targeted,betweenness,86,17,0.19767441860465115,17,0.19767441860465115,0
0.24,4265782825,targeted,betweenness,86,17,0.19767441860465115,17,0.19767441860465115,0
0.24,1058984654,targeted,betweenness,86,17,0.19767441860465115,17,0.19767441860465115,0
0.24,2040280674,targeted,betweenness,86,17,0.19767441860465115,17,0.19767441860465115,0
0.24,3214189445,targeted,betweenness,86,17,0.19767441860465115,17,0.19767441860465115,0
0.24,2991554960,targeted,betweenness,86,17,0.19767441860465115,17,0.19767441860465115,0
0.24,1767899127,targeted,betweenness,86,17,0.19767441860465115,17,0.19767441860465115,0
0.24,2265627016,targeted,betweenness,86,17,0.19767441860465115,17,0.19767441860465115,0
0.24,2616146979,targeted,betweenness,86,17,0.19767441860465115,17,0.19767441860465115,0
0.24,1423363879,targeted,betweenness,86,17,0.19767441860465115,17,0.19767441860465115,0
0.24,244823270,targeted,betweenness,86,17,0.19767441860465115,17,0.19767441860465115,0
0.24,1497209217,targeted,betweenness,86,17,0.19767441860465115,17,0.19767441860465115,0
0.24,2470410780,targeted,betweenness,86,17,0.19767441860465115,17,0.19767441860465115,0
0.24,1993429183,targeted,betweenness,86,17,0.19767441860465115,17,0.19767441860465115,0
0.24,1129086113,targeted,betweenness,86,17,0.19767441860465115,17,0.19767441860465115,0
0.24,1942403530,targeted,betweenness,86,17,0.19767441860465115,17,0.19767441860465115,0
0.24,3503696140,targeted,betweenness,86,17,0.19767441860465115,17,0.19767441860465115,0
0.24,1983516401,targeted,betweenness,86,17,0.19767441860465115,17,0.19767441860465115,0
0.24,85013961,targeted,betweenness,86,17,0.19767441860465115,17,0.19767441860465115,0
0.24,2560865273,targeted,betweenness,86,17,0.19767441860465115,17,0.19767441860465115,0
0.24,3514581636,targeted,betweenness,86,17,0.19767441860465115,17,0.19767441860465115,0
0.24,1937719238,targeted,betweenness,86,17,0.19767441860465115,17,0.19767441860465115,0
0.24,3786151089,targeted,betweenness,86,17,0.19767441860465115,17,0.19767441860465115,0
0.24,182714323,targeted,betweenness,86,17,0.19767441860465115,17,0.19767441860465115,0
0.24,2761273492,targeted,betweenness,86,17,0.19767441860465115,17,0.19767441860465115,0
0.24,2790251881,targeted,betweenness,86,17,0.19767441860465115,17,0.19767441860465115,0
0.24,3282751899,targeted,betweenness,86,17,0.19767441860465115,17,0.19767441860465115,0
0.24,2700109587,targeted,betweenness,86,17,0.19767441860465115,17,0.19767441860465115,0
0.24,931478053,targeted,betweenness,86,17,0.19767441860465115,17,0.19767441860465115,0
0.24,3241090520,targeted,betweenness,86,17,0.19767441860465115,17,0.19767441860465115,0
0.24,1840634062,targeted,betweenness,86,17,0.19767441860465115,17,0.19767441860465115,0
0.24,274077326,targeted,betweenness,86,17,0.19767441860465115,17,0.19767441860465115,0
0.24,1135026343,targeted,betweenness,86,17,0.19767441860465115,17,0.19767441860465115,0
0.24,3442367583,targeted,betweenness,86,17,0.19767441860465115,17,0.19767441860465115,0
0.24,1043489526,targeted,betweenness,86,17,0.19767441860465115,17,0.19767441860465115,0
0.24,3018464561,targeted,betweenness,86,17,0.19767441860465115,17,0.19767441860465115,0
0.24,1547696703,targeted,betweenness,86,17,0.19767441860465115,17,0.19767441860465115,0
0.24,2596802573,targeted,betweenness,86,17,0.19767441860465115,17,0.19767441860465115,0
0.24,2909342865,targeted,betweenness,86,17,0.19767441860465115,17,0.19767441860465115,0
0.24,2097221816,targeted,betweenness,86,17,0.19767441860465115,17,0.19767441860465115,0
0.24,3799278902,targeted,betweenness,86,17,0.19767441860465115,17,0.19767441860465115,0
0.24,3894899849,targeted,betweenness,86,17,0.19767441860465115,17,0.19767441860465115,0
0.24,250791346,targeted,betweenness,86,17,0.19767441860465115,17,0.19767441860465115,0
0.24,557035019,targeted,betweenness,86,17,0.19767441860465115,17,0.19767441860465115,0
0.24,654482375,targeted,betweenness,86,17,0.19767441860465115,17,0.19767441860465115,0
0.24,696864798,targeted,betweenness,86,17,0.19767441860465115,17,0.19767441860465115,0
0.24,2652841616,targeted,betweenness,86,17,0.19767441860465115,17,0.19767441860465115,0
0.24,3473266903,targeted,betweenness,86,17,0.19767441860465115,17,0.19767441860465115,0
0.24,1661983838,targeted,betweenness,86,17,0.19767441860465115,17,0.19767441860465115,0
0.24,1192193835,targeted,betweenness,86,17,0.19767441860465115,17,0.19767441860465115,0
0.24,2428060954,targeted,betweenness,86,17,0.19767441860465115,17,0.19767441860465115,0
0.24,570471991,targeted,betweenness,86,17,0.19767441860465115,17,0.19767441860465115,0
0.24,1197769679,targeted,betweenness,86,17,0.19767441860465115,17,0.19767441860465115,0
0.24,2970976241,targeted,betweenness,86,17,0.19767441860465115,17,0.19767441860465115,0
0.24,1783098851,targeted,betweenness,86,17,0.19767441860465115,17,0.19767441860465115,0
0.24,1624866076,targeted,betweenness,86,17,0.19767441860465115,17,0.19767441860465115,0
0.24,2841311922,targeted,betweenness,86,17,0.19767441860465115,17,0.19767441860465115,0
0.24,3703998954,targeted,betweenness,86,17,0.19767441860465115,17,0.19767441860465115,0
0.24,910425419,targeted,betweenness,86,17,0.19767441860465115,17,0.19767441860465115,0
0.24,3764483962,targeted,betweenness,86,17,0.19767441860465115,17,0.19767441860465115,0
0.24,3632191715,targeted,betweenness,86,17,0.19767441860465115,17,0.19767441860465115,0
0.24,345731536,targeted,betweenness,86,17,0.19767441860465115,17,0.19767441860465115,0
0.24,1339295572,targeted,betweenness,86,17,0.19767441860465115,17,0.19767441860465115,0
0.24,2875186370,targeted,betweenness,86,17,0.19767441860465115,17,0.19767441860465115,0
0.24,1705371716,targeted,betweenness,86,17,0.19767441860465115,17,0.19767441860465115,0
0.24,1226192142,targeted,betweenness,86,17,0.19767441860465115,17,0.19767441860465115,0
0.24,4279208960,targeted,betweenness,86,17,0.19767441860465115,17,0.19767441860465115,0
0.24,2862280348,targeted,betweenness,86,17,0.19767441860465115,17,0.19767441860465115,0
0.24,939038343,targeted,betweenness,86,17,0.19767441860465115,17,0.19767441860465115,0
0.24,873263338,targeted,betweenness,86,17,0.19767441860465115,17,0.19767441860465115,0
0.24,1537194278,targeted,betweenness,86,17,0.19767441860465115,17,0.19767441860465115,0
0.24,3588227968,targeted,betweenness,86,17,0.19767441860465115,17,0.19767441860465115,0
0.24,2985506150,targeted,betweenness,86,17,0.19767441860465115,17,0.19767441860465115,0
0.24,3117805896,targeted,betweenness,86,17,0.19767441860465115,17,0.19767441860465115,0
0.24,3488188511,targeted,betweenness,86,17,0.19767441860465115,17,0.19767441860465115,0
0.24,54824633,targeted,betweenness,86,17,0.19767441860465115,17,0.19767441860465115,0
0.24,756704868,targeted,betweenness,86,17,0.19767441860465115,17,0.19767441860465115,0
0.24,761766405,targeted,betweenness,86,17,0.19767441860465115,17,0.19767441860465115,0
0.24,3296347419,targeted,betweenness,86,17,0.19767441860465115,17,0.19767441860465115,0
0.24,1950975184,targeted,betweenness,86,17,0.19767441860465115,17,0.19767441860465115,0
0.24,1554552425,targeted,betweenness,86,17,0.19767441860465115,17,0.19767441860465115,0
0.24,3946213596,targeted,betweenness,86,17,0.19767441860465115,17,0.19767441860465115,0
0.24,840570843,targeted,betweenness,86,17,0.19767441860465115,17,0.19767441860465115,0
0.24,3466096199,targeted,betweenness,86,17,0.19767441860465115,17,0.19767441860465115,0
0.24,1357718704,targeted,betweenness,86,17,0.19767441860465115,17,0.19767441860465115,0
0.24,1363458592,targeted,betweenness,86,17,0.19767441860465115,17,0.19767441860465115,0
0.24,166294681,targeted,betweenness,86,17,0.19767441860465115,17,0.19767441860465115,0
0.24,640658724,targeted,betweenness,86,17,0.19767441860465115,17,0.19767441860465115,0
0.24,2850789212,targeted,betweenness,86,17,0.19767441860465115,17,0.19767441860465115,0
0.24,1389059858,targeted,betweenness,86,17,0.19767441860465115,17,0.19767441860465115,0
0.25,3634855938,targeted,betweenness,86,17,0.19767441860465115,16,0.18604651162790697,0
0.25,516692007,targeted,betweenness,86,17,0.19767441860465115,16,0.18604651162790697,0
0.25,2268374731,targeted,betweenness,86,17,0.19767441860465115,16,0.18604651162790697,0
0.25,2240117500,targeted,betweenness,86,17,0.19767441860465115,16,0.18604651162790697,0
0.25,1751764076,targeted,betweenness,86,17,0.19767441860465115,16,0.18604651162790697,0
0.25,2438154591,targeted,betweenness,86,17,0.19767441860465115,16,0.18604651162790697,0
0.25,2231688041,targeted,betweenness,86,17,0.19767441860465115,16,0.18604651162790697,0
0.25,866061757,targeted,betweenness,86,17,0.19767441860465115,16,0.18604651162790697,0
0.25,2751258755,targeted,betweenness,86,17,0.19767441860465115,16,0.18604651162790697,0
0.25,1721048742,targeted,betweenness,86,17,0.19767441860465115,16,0.18604651162790697,0
0.25,1426627918,targeted,betweenness,86,17,0.19767441860465115,16,0.18604651162790697,0
0.25,946360141,targeted,betweenness,86,17,0.19767441860465115,16,0.18604651162790697,0
0.25,2136780486,targeted,betweenness,86,17,0.19767441860465115,16,0.18604651162790697,0
0.25,2163848086,targeted,betweenness,86,17,0.19767441860465115,16,0.18604651162790697,0
0.25,3357575134,targeted,betweenness,86,17,0.19767441860465115,16,0.18604651162790697,0
0.25,2694668791,targeted,betweenness,86,17,0.19767441860465115,16,0.18604651162790697,0
0.25,1162515777,targeted,betweenness,86,17,0.19767441860465115,16,0.18604651162790697,0
0.25,3770888821,targeted,betweenness,86,17,0.19767441860465115,16,0.18604651162790697,0
0.25,1979276352,targeted,betweenness,86,17,0.19767441860465115,16,0.18604651162790697,0
0.25,387134239,targeted,betweenness,86,17,0.19767441860465115,16,0.18604651162790697,0
0.25,39119832,targeted,betweenness,86,17,0.19767441860465115,16,0.18604651162790697,0
0.25,4247718401,targeted,betweenness,86,17,0.19767441860465115,16,0.18604651162790697,0
0.25,3505926240,targeted,betweenness,86,17,0.19767441860465115,16,0.18604651162790697,0
0.25,2106492946,targeted,betweenness,86,17,0.19767441860465115,16,0.18604651162790697,0
0.25,1811462441,targeted,betweenness,86,17,0.19767441860465115,16,0.18604651162790697,0
0.25,1087104580,targeted,betweenness,86,17,0.19767441860465115,16,0.18604651162790697,0
0.25,2319010382,targeted,betweenness,86,17,0.19767441860465115,16,0.18604651162790697,0
0.25,1055060028,targeted,betweenness,86,17,0.19767441860465115,16,0.18604651162790697,0
0.25,374012849,targeted,betweenness,86,17,0.19767441860465115,16,0.18604651162790697,0
0.25,1326353623,targeted,betweenness,86,17,0.19767441860465115,16,0.18604651162790697,0
0.25,1318002259,targeted,betweenness,86,17,0.19767441860465115,16,0.18604651162790697,0
0.25,1833778755,targeted,betweenness,86,17,0.19767441860465115,16,0.18604651162790697,0
0.25,1051729843,targeted,betweenness,86,17,0.19767441860465115,16,0.18604651162790697,0
0.25,3541020616,targeted,betweenness,86,17,0.19767441860465115,16,0.18604651162790697,0
0.25,2178998403,targeted,betweenness,86,17,0.19767441860465115,16,0.18604651162790697,0
0.25,2951391243,targeted,betweenness,86,17,0.19767441860465115,16,0.18604651162790697,0
0.25,2323169115,targeted,betweenness,86,17,0.19767441860465115,16,0.18604651162790697,0
0.25,281400692,targeted,betweenness,86,17,0.19767441860465115,16,0.18604651162790697,0
0.25,156108846,targeted,betweenness,86,17,0.19767441860465115,16,0.18604651162790697,0
0.25,2883883166,targeted,betweenness,86,17,0.19767441860465115,16,0.18604651162790697,0
0.25,4233677197,targeted,betweenness,86,17,0.19767441860465115,16,0.18604651162790697,0
0.25,3298073193,targeted,betweenness,86,17,0.19767441860465115,16,0.18604651162790697,0
0.25,4283003158,targeted,betweenness,86,17,0.19767441860465115,16,0.18604651162790697,0
0.25,1092978389,targeted,betweenness,86,17,0.19767441860465115,16,0.18604651162790697,0
0.25,217307516,targeted,betweenness,86,17,0.19767441860465115,16,0.18604651162790697,0
0.25,3409739697,targeted,betweenness,86,17,0.19767441860465115,16,0.18604651162790697,0
0.25,1734805761,targeted,betweenness,86,17,0.19767441860465115,16,0.18604651162790697,0
0.25,3601220399,targeted,betweenness,86,17,0.19767441860465115,16,0.18604651162790697,0
0.25,4288218992,targeted,betweenness,86,17,0.19767441860465115,16,0.18604651162790697,0
0.25,2634850997,targeted,betweenness,86,17,0.19767441860465115,16,0.18604651162790697,0
0.25,3058957342,targeted,betweenness,86,17,0.19767441860465115,16,0.18604651162790697,0
0.25,1506787097,targeted,betweenness,86,17,0.19767441860465115,16,0.18604651162790697,0
0.25,3586916787,targeted,betweenness,86,17,0.19767441860465115,16,0.18604651162790697,0
0.25,2336777150,targeted,betweenness,86,17,0.19767441860465115,16,0.18604651162790697,0
0.25,1551146790,targeted,betweenness,86,17,0.19767441860465115,16,0.18604651162790697,0
0.25,980897968,targeted,betweenness,86,17,0.19767441860465115,16,0.18604651162790697,0
0.25,4051674598,targeted,betweenness,86,17,0.19767441860465115,16,0.18604651162790697,0
0.25,420823213,targeted,betweenness,86,17,0.19767441860465115,16,0.18604651162790697,0
0.25,3111499246,targeted,betweenness,86,17,0.19767441860465115,16,0.18604651162790697,0
0.25,40236612,targeted,betweenness,86,17,0.19767441860465115,16,0.18604651162790697,0
0.25,2321833832,targeted,betweenness,86,17,0.19767441860465115,16,0.18604651162790697,0
0.25,3575880884,targeted,betweenness,86,17,0.19767441860465115,16,0.18604651162790697,0
0.25,3447531142,targeted,betweenness,86,17,0.19767441860465115,16,0.18604651162790697,0
0.25,1026065112,targeted,betweenness,86,17,0.19767441860465115,16,0.18604651162790697,0
0.25,3127856540,targeted,betweenness,86,17,0.19767441860465115,16,0.18604651162790697,0
0.25,3549126635,targeted,betweenness,86,17,0.19767441860465115,16,0.18604651162790697,0
0.25,787193295,targeted,betweenness,86,17,0.19767441860465115,16,0.18604651162790697,0
0.25,2916883236,targeted,betweenness,86,17,0.19767441860465115,16,0.18604651162790697,0
0.25,686496887,targeted,betweenness,86,17,0.19767441860465115,16,0.18604651162790697,0
0.25,2572375271,targeted,betweenness,86,17,0.19767441860465115,16,0.18604651162790697,0
0.25,2507185169,targeted,betweenness,86,17,0.19767441860465115,16,0.18604651162790697,0
0.25,57821290,targeted,betweenness,86,17,0.19767441860465115,16,0.18604651162790697,0
0.25,541531948,targeted,betweenness,86,17,0.19767441860465115,16,0.18604651162790697,0
0.25,2214899676,targeted,betweenness,86,17,0.19767441860465115,16,0.18604651162790697,0
0.25,3413487672,targeted,betweenness,86,17,0.19767441860465115,16,0.18604651162790697,0
0.25,2291709055,targeted,betweenness,86,17,0.19767441860465115,16,0.18604651162790697,0
0.25,1437916159,targeted,betweenness,86,17,0.19767441860465115,16,0.18604651162790697,0
0.25,1957937873,targeted,betweenness,86,17,0.19767441860465115,16,0.18604651162790697,0
0.25,2755434743,targeted,betweenness,86,17,0.19767441860465115,16,0.18604651162790697,0
0.25,268088258,targeted,betweenness,86,17,0.19767441860465115,16,0.18604651162790697,0
0.25,3658027274,targeted,betweenness,86,17,0.19767441860465115,16,0.18604651162790697,0
0.25,1549526582,targeted,betweenness,86,17,0.19767441860465115,16,0.18604651162790697,0
0.25,3602504560,targeted,betweenness,86,17,0.19767441860465115,16,0.18604651162790697,0
0.25,2027471927,targeted,betweenness,86,17,0.19767441860465115,16,0.18604651162790697,0
0.25,1374010501,targeted,betweenness,86,17,0.19767441860465115,16,0.18604651162790697,0
0.25,232905273,targeted,betweenness,86,17,0.19767441860465115,16,0.18604651162790697,0
0.25,4278619180,targeted,betweenness,86,17,0.19767441860465115,16,0.18604651162790697,0
0.25,4231501075,targeted,betweenness,86,17,0.19767441860465115,16,0.18604651162790697,0
0.25,3660055179,targeted,betweenness,86,17,0.19767441860465115,16,0.18604651162790697,0
0.25,2196231158,targeted,betweenness,86,17,0.19767441860465115,16,0.18604651162790697,0
0.25,11237066,targeted,betweenness,86,17,0.19767441860465115,16,0.18604651162790697,0
0.25,3891316437,targeted,betweenness,86,17,0.19767441860465115,16,0.18604651162790697,0
0.25,2560877759,targeted,betweenness,86,17,0.19767441860465115,16,0.18604651162790697,0
0.25,3903032068,targeted,betweenness,86,17,0.19767441860465115,16,0.18604651162790697,0
0.25,1731654394,targeted,betweenness,86,17,0.19767441860465115,16,0.18604651162790697,0
0.25,1898951987,targeted,betweenness,86,17,0.19767441860465115,16,0.18604651162790697,0
0.25,2770282964,targeted,betweenness,86,17,0.19767441860465115,16,0.18604651162790697,0
0.25,3486632083,targeted,betweenness,86,17,0.19767441860465115,16,0.18604651162790697,0
0.25,3657930489,targeted,betweenness,86,17,0.19767441860465115,16,0.18604651162790697,0
0.25,2364808272,targeted,betweenness,86,17,0.19767441860465115,16,0.18604651162790697,0
0.26,782541189,targeted,betweenness,86,17,0.19767441860465115,16,0.18604651162790697,0
0.26,716994557,targeted,betweenness,86,17,0.19767441860465115,16,0.18604651162790697,0
0.26,3079857406,targeted,betweenness,86,17,0.19767441860465115,16,0.18604651162790697,0
0.26,1890689176,targeted,betweenness,86,17,0.19767441860465115,16,0.18604651162790697,0
0.26,4250427208,targeted,betweenness,86,17,0.19767441860465115,16,0.18604651162790697,0
0.26,1334868938,targeted,betweenness,86,17,0.19767441860465115,16,0.18604651162790697,0
0.26,1296882489,targeted,betweenness,86,17,0.19767441860465115,16,0.18604651162790697,0
0.26,390135625,targeted,betweenness,86,17,0.19767441860465115,16,0.18604651162790697,0
0.26,4055067249,targeted,betweenness,86,17,0.19767441860465115,16,0.18604651162790697,0
0.26,655298589,targeted,betweenness,86,17,0.19767441860465115,16,0.18604651162790697,0
0.26,2223353613,targeted,betweenness,86,17,0.19767441860465115,16,0.18604651162790697,0
0.26,1449218362,targeted,betweenness,86,17,0.19767441860465115,16,0.18604651162790697,0
0.26,834726281,targeted,betweenness,86,17,0.19767441860465115,16,0.18604651162790697,0
0.26,4284462338,targeted,betweenness,86,17,0.19767441860465115,16,0.18604651162790697,0
0.26,752031325,targeted,betweenness,86,17,0.19767441860465115,16,0.18604651162790697,0
0.26,1117678024,targeted,betweenness,86,17,0.19767441860465115,16,0.18604651162790697,0
0.26,2352092916,targeted,betweenness,86,17,0.19767441860465115,16,0.18604651162790697,0
0.26,548220488,targeted,betweenness,86,17,0.19767441860465115,16,0.18604651162790697,0
0.26,3697447656,targeted,betweenness,86,17,0.19767441860465115,16,0.18604651162790697,0
0.26,1501516147,targeted,betweenness,86,17,0.19767441860465115,16,0.18604651162790697,0
0.26,2554329147,targeted,betweenness,86,17,0.19767441860465115,16,0.18604651162790697,0
0.26,116230439,targeted,betweenness,86,17,0.19767441860465115,16,0.18604651162790697,0
0.26,4025244041,targeted,betweenness,86,17,0.19767441860465115,16,0.18604651162790697,0
0.26,3902950942,targeted,betweenness,86,17,0.19767441860465115,16,0.18604651162790697,0
0.26,653564681,targeted,betweenness,86,17,0.19767441860465115,16,0.18604651162790697,0
0.26,1829099088,targeted,betweenness,86,17,0.19767441860465115,16,0.18604651162790697,0
0.26,2254340590,targeted,betweenness,86,17,0.19767441860465115,16,0.18604651162790697,0
0.26,1596396936,targeted,betweenness,86,17,0.19767441860465115,16,0.18604651162790697,0
0.26,915579208,targeted,betweenness,86,17,0.19767441860465115,16,0.18604651162790697,0
0.26,250937113,targeted,betweenness,86,17,0.19767441860465115,16,0.18604651162790697,0
0.26,584066885,targeted,betweenness,86,17,0.19767441860465115,16,0.18604651162790697,0
0.26,1616829610,targeted,betweenness,86,17,0.19767441860465115,16,0.18604651162790697,0
0.26,2899248977,targeted,betweenness,86,17,0.19767441860465115,16,0.18604651162790697,0
0.26,2976741322,targeted,betweenness,86,17,0.19767441860465115,16,0.18604651162790697,0
0.26,2996852099,targeted,betweenness,86,17,0.19767441860465115,16,0.18604651162790697,0
0.26,2099901773,targeted,betweenness,86,17,0.19767441860465115,16,0.18604651162790697,0
0.26,1837407094,targeted,betweenness,86,17,0.19767441860465115,16,0.18604651162790697,0
0.26,1290835596,targeted,betweenness,86,17,0.19767441860465115,16,0.18604651162790697,0
0.26,2652667780,targeted,betweenness,86,17,0.19767441860465115,16,0.18604651162790697,0
0.26,1451639150,targeted,betweenness,86,17,0.19767441860465115,16,0.18604651162790697,0
0.26,4158607069,targeted,betweenness,86,17,0.19767441860465115,16,0.18604651162790697,0
0.26,1961866410,targeted,betweenness,86,17,0.19767441860465115,16,0.18604651162790697,0
0.26,1432360375,targeted,betweenness,86,17,0.19767441860465115,16,0.18604651162790697,0
0.26,1224572613,targeted,betweenness,86,17,0.19767441860465115,16,0.18604651162790697,0
0.26,3205690421,targeted,betweenness,86,17,0.19767441860465115,16,0.18604651162790697,0
0.26,4236639074,targeted,betweenness,86,17,0.19767441860465115,16,0.18604651162790697,0
0.26,3421899245,targeted,betweenness,86,17,0.19767441860465115,16,0.18604651162790697,0
0.26,2138196283,targeted,betweenness,86,17,0.19767441860465115,16,0.18604651162790697,0
0.26,356611750,targeted,betweenness,86,17,0.19767441860465115,16,0.18604651162790697,0
0.26,2777692477,targeted,betweenness,86,17,0.19767441860465115,16,0.18604651162790697,0
0.26,1554190607,targeted,betweenness,86,17,0.19767441860465115,16,0.18604651162790697,0
0.26,1335918247,targeted,betweenness,86,17,0.19767441860465115,16,0.18604651162790697,0
0.26,3932053727,targeted,betweenness,86,17,0.19767441860465115,16,0.18604651162790697,0
0.26,1022563687,targeted,betweenness,86,17,0.19767441860465115,16,0.18604651162790697,0
0.26,129749376,targeted,betweenness,86,17,0.19767441860465115,16,0.18604651162790697,0
0.26,2095694989,targeted,betweenness,86,17,0.19767441860465115,16,0.18604651162790697,0
0.26,219970733,targeted,betweenness,86,17,0.19767441860465115,16,0.18604651162790697,0
0.26,2686671646,targeted,betweenness,86,17,0.19767441860465115,16,0.18604651162790697,0
0.26,3596334000,targeted,betweenness,86,17,0.19767441860465115,16,0.18604651162790697,0
0.26,4286799706,targeted,betweenness,86,17,0.19767441860465115,16,0.18604651162790697,0
0.26,1220660797,targeted,betweenness,86,17,0.19767441860465115,16,0.18604651162790697,0
0.26,3323070210,targeted,betweenness,86,17,0.19767441860465115,16,0.18604651162790697,0
0.26,3245891332,targeted,betweenness,86,17,0.19767441860465115,16,0.18604651162790697,0
0.26,1535652413,targeted,betweenness,86,17,0.19767441860465115,16,0.18604651162790697,0
0.26,1859260459,targeted,betweenness,86,17,0.19767441860465115,16,0.18604651162790697,0
0.26,2678706166,targeted,betweenness,86,17,0.19767441860465115,16,0.18604651162790697,0
0.26,2306302400,targeted,betweenness,86,17,0.19767441860465115,16,0.18604651162790697,0
0.26,3851318490,targeted,betweenness,86,17,0.19767441860465115,16,0.18604651162790697,0
0.26,3944372587,targeted,betweenness,86,17,0.19767441860465115,16,0.18604651162790697,0
0.26,215786471,targeted,betweenness,86,17,0.19767441860465115,16,0.18604651162790697,0
0.26,1398387323,targeted,betweenness,86,17,0.19767441860465115,16,0.18604651162790697,0
0.26,1856778994,targeted,betweenness,86,17,0.19767441860465115,16,0.18604651162790697,0
0.26,4203179318,targeted,betweenness,86,17,0.19767441860465115,16,0.18604651162790697,0
0.26,1952782071,targeted,betweenness,86,17,0.19767441860465115,16,0.18604651162790697,0
0.26,1751878958,targeted,betweenness,86,17,0.19767441860465115,16,0.18604651162790697,0
0.26,1752821059,targeted,betweenness,86,17,0.19767441860465115,16,0.18604651162790697,0
0.26,3081678895,targeted,betweenness,86,17,0.19767441860465115,16,0.18604651162790697,0
0.26,355026250,targeted,betweenness,86,17,0.19767441860465115,16,0.18604651162790697,0
0.26,2617261647,targeted,betweenness,86,17,0.19767441860465115,16,0.18604651162790697,0
0.26,1297121732,targeted,betweenness,86,17,0.19767441860465115,16,0.18604651162790697,0
0.26,2014340731,targeted,betweenness,86,17,0.19767441860465115,16,0.18604651162790697,0
0.26,4157281694,targeted,betweenness,86,17,0.19767441860465115,16,0.18604651162790697,0
0.26,3705410326,targeted,betweenness,86,17,0.19767441860465115,16,0.18604651162790697,0
0.26,1889036182,targeted,betweenness,86,17,0.19767441860465115,16,0.18604651162790697,0
0.26,227467680,targeted,betweenness,86,17,0.19767441860465115,16,0.18604651162790697,0
0.26,2213188659,targeted,betweenness,86,17,0.19767441860465115,16,0.18604651162790697,0
0.26,2081076301,targeted,betweenness,86,17,0.19767441860465115,16,0.18604651162790697,0
0.26,3566997286,targeted,betweenness,86,17,0.19767441860465115,16,0.18604651162790697,0
0.26,4245898710,targeted,betweenness,86,17,0.19767441860465115,16,0.18604651162790697,0
0.26,1030448943,targeted,betweenness,86,17,0.19767441860465115,16,0.18604651162790697,0
0.26,3637461280,targeted,betweenness,86,17,0.19767441860465115,16,0.18604651162790697,0
0.26,2326121963,targeted,betweenness,86,17,0.19767441860465115,16,0.18604651162790697,0
0.26,850772756,targeted,betweenness,86,17,0.19767441860465115,16,0.18604651162790697,0
0.26,3898617349,targeted,betweenness,86,17,0.19767441860465115,16,0.18604651162790697,0
0.26,2228804031,targeted,betweenness,86,17,0.19767441860465115,16,0.18604651162790697,0
0.26,3880832049,targeted,betweenness,86,17,0.19767441860465115,16,0.18604651162790697,0
0.26,1523472191,targeted,betweenness,86,17,0.19767441860465115,16,0.18604651162790697,0
0.26,1299650879,targeted,betweenness,86,17,0.19767441860465115,16,0.18604651162790697,0
0.26,2718724500,targeted,betweenness,86,17,0.19767441860465115,16,0.18604651162790697,0
0.26,970312751,targeted,betweenness,86,17,0.19767441860465115,16,0.18604651162790697,0
0.27,1205035877,targeted,betweenness,86,16,0.18604651162790697,16,0.18604651162790697,0
0.27,4179170333,targeted,betweenness,86,16,0.18604651162790697,16,0.18604651162790697,0
0.27,568732558,targeted,betweenness,86,16,0.18604651162790697,16,0.18604651162790697,0
0.27,3299652418,targeted,betweenness,86,16,0.18604651162790697,16,0.18604651162790697,0
0.27,2550130274,targeted,betweenness,86,16,0.18604651162790697,16,0.18604651162790697,0
0.27,2602921299,targeted,betweenness,86,16,0.18604651162790697,16,0.18604651162790697,0
0.27,3069883379,targeted,betweenness,86,16,0.18604651162790697,16,0.18604651162790697,0
0.27,3353105958,targeted,betweenness,86,16,0.18604651162790697,16,0.18604651162790697,0
0.27,625876952,targeted,betweenness,86,16,0.18604651162790697,16,0.18604651162790697,0
0.27,351863207,targeted,betweenness,86,16,0.18604651162790697,16,0.18604651162790697,0
0.27,120062124,targeted,betweenness,86,16,0.18604651162790697,16,0.18604651162790697,0
0.27,4255804114,targeted,betweenness,86,16,0.18604651162790697,16,0.18604651162790697,0
0.27,1864211399,targeted,betweenness,86,16,0.18604651162790697,16,0.18604651162790697,0
0.27,3439734258,targeted,betweenness,86,16,0.18604651162790697,16,0.18604651162790697,0
0.27,607813332,targeted,betweenness,86,16,0.18604651162790697,16,0.18604651162790697,0
0.27,3662948034,targeted,betweenness,86,16,0.18604651162790697,16,0.18604651162790697,0
0.27,4238959607,targeted,betweenness,86,16,0.18604651162790697,16,0.18604651162790697,0
0.27,3965270389,targeted,betweenness,86,16,0.18604651162790697,16,0.18604651162790697,0
0.27,3360598382,targeted,betweenness,86,16,0.18604651162790697,16,0.18604651162790697,0
0.27,1631159984,targeted,betweenness,86,16,0.18604651162790697,16,0.18604651162790697,0
0.27,3789745527,targeted,betweenness,86,16,0.18604651162790697,16,0.18604651162790697,0
0.27,1208298645,targeted,betweenness,86,16,0.18604651162790697,16,0.18604651162790697,0
0.27,3232323532,targeted,betweenness,86,16,0.18604651162790697,16,0.18604651162790697,0
0.27,3609753341,targeted,betweenness,86,16,0.18604651162790697,16,0.18604651162790697,0
0.27,3049169853,targeted,betweenness,86,16,0.18604651162790697,16,0.18604651162790697,0
0.27,846005848,targeted,betweenness,86,16,0.18604651162790697,16,0.18604651162790697,0
0.27,4245148179,targeted,betweenness,86,16,0.18604651162790697,16,0.18604651162790697,0
0.27,1034881179,targeted,betweenness,86,16,0.18604651162790697,16,0.18604651162790697,0
0.27,4117859482,targeted,betweenness,86,16,0.18604651162790697,16,0.18604651162790697,0
0.27,4091166668,targeted,betweenness,86,16,0.18604651162790697,16,0.18604651162790697,0
0.27,3290618265,targeted,betweenness,86,16,0.18604651162790697,16,0.18604651162790697,0
0.27,3288788865,targeted,betweenness,86,16,0.18604651162790697,16,0.18604651162790697,0
0.27,2931531210,targeted,betweenness,86,16,0.18604651162790697,16,0.18604651162790697,0
0.27,3221655643,targeted,betweenness,86,16,0.18604651162790697,16,0.18604651162790697,0
0.27,2381372729,targeted,betweenness,86,16,0.18604651162790697,16,0.18604651162790697,0
0.27,2045331422,targeted,betweenness,86,16,0.18604651162790697,16,0.18604651162790697,0
0.27,833318061,targeted,betweenness,86,16,0.18604651162790697,16,0.18604651162790697,0
0.27,1231990759,targeted,betweenness,86,16,0.18604651162790697,16,0.18604651162790697,0
0.27,2538582531,targeted,betweenness,86,16,0.18604651162790697,16,0.18604651162790697,0
0.27,2426094122,targeted,betweenness,86,16,0.18604651162790697,16,0.18604651162790697,0
0.27,1508270713,targeted,betweenness,86,16,0.18604651162790697,16,0.18604651162790697,0
0.27,269005755,targeted,betweenness,86,16,0.18604651162790697,16,0.18604651162790697,0
0.27,3683554736,targeted,betweenness,86,16,0.18604651162790697,16,0.18604651162790697,0
0.27,3538969566,targeted,betweenness,86,16,0.18604651162790697,16,0.18604651162790697,0
0.27,3442119965,targeted,betweenness,86,16,0.18604651162790697,16,0.18604651162790697,0
0.27,1700914842,targeted,betweenness,86,16,0.18604651162790697,16,0.18604651162790697,0
0.27,2488097678,targeted,betweenness,86,16,0.18604651162790697,16,0.18604651162790697,0
0.27,3719196959,targeted,betweenness,86,16,0.18604651162790697,16,0.18604651162790697,0
0.27,3159245249,targeted,betweenness,86,16,0.18604651162790697,16,0.18604651162790697,0
0.27,3318324689,targeted,betweenness,86,16,0.18604651162790697,16,0.18604651162790697,0
0.27,2068156546,targeted,betweenness,86,16,0.18604651162790697,16,0.18604651162790697,0
0.27,91243875,targeted,betweenness,86,16,0.18604651162790697,16,0.18604651162790697,0
0.27,2604757932,targeted,betweenness,86,16,0.18604651162790697,16,0.18604651162790697,0
0.27,2297474960,targeted,betweenness,86,16,0.18604651162790697,16,0.18604651162790697,0
0.27,305724058,targeted,betweenness,86,16,0.18604651162790697,16,0.18604651162790697,0
0.27,3125470618,targeted,betweenness,86,16,0.18604651162790697,16,0.18604651162790697,0
0.27,3953809830,targeted,betweenness,86,16,0.18604651162790697,16,0.18604651162790697,0
0.27,2596575839,targeted,betweenness,86,16,0.18604651162790697,16,0.18604651162790697,0
0.27,2583152472,targeted,betweenness,86,16,0.18604651162790697,16,0.18604651162790697,0
0.27,2458083725,targeted,betweenness,86,16,0.18604651162790697,16,0.18604651162790697,0
0.27,2074939074,targeted,betweenness,86,16,0.18604651162790697,16,0.18604651162790697,0
0.27,955879241,targeted,betweenness,86,16,0.18604651162790697,16,0.18604651162790697,0
0.27,1728061955,targeted,betweenness,86,16,0.18604651162790697,16,0.18604651162790697,0
0.27,687825914,targeted,betweenness,86,16,0.18604651162790697,16,0.18604651162790697,0
0.27,3885785853,targeted,betweenness,86,16,0.18604651162790697,16,0.18604651162790697,0
0.27,970715810,targeted,betweenness,86,16,0.18604651162790697,16,0.18604651162790697,0
0.27,283233690,targeted,betweenness,86,16,0.18604651162790697,16,0.18604651162790697,0
0.27,2053034968,targeted,betweenness,86,16,0.18604651162790697,16,0.18604651162790697,0
0.27,1762075570,targeted,betweenness,86,16,0.18604651162790697,16,0.18604651162790697,0
0.27,4066363297,targeted,betweenness,86,16,0.18604651162790697,16,0.18604651162790697,0
0.27,215677765,targeted,betweenness,86,16,0.18604651162790697,16,0.18604651162790697,0
0.27,3457542422,targeted,betweenness,86,16,0.18604651162790697,16,0.18604651162790697,0
0.27,2408700616,targeted,betweenness,86,16,0.18604651162790697,16,0.18604651162790697,0
0.27,4056640837,targeted,betweenness,86,16,0.18604651162790697,16,0.18604651162790697,0
0.27,1255908470,targeted,betweenness,86,16,0.18604651162790697,16,0.18604651162790697,0
0.27,599908809,targeted,betweenness,86,16,0.18604651162790697,16,0.18604651162790697,0
0.27,1241485737,targeted,betweenness,86,16,0.18604651162790697,16,0.18604651162790697,0
0.27,1037057744,targeted,betweenness,86,16,0.18604651162790697,16,0.18604651162790697,0
0.27,318084154,targeted,betweenness,86,16,0.18604651162790697,16,0.18604651162790697,0
0.27,3062927019,targeted,betweenness,86,16,0.18604651162790697,16,0.18604651162790697,0
0.27,1029637104,targeted,betweenness,86,16,0.18604651162790697,16,0.18604651162790697,0
0.27,2475886710,targeted,betweenness,86,16,0.18604651162790697,16,0.18604651162790697,0
0.27,301705143,targeted,betweenness,86,16,0.18604651162790697,16,0.18604651162790697,0
0.27,2026310316,targeted,betweenness,86,16,0.18604651162790697,16,0.18604651162790697,0
0.27,587455638,targeted,betweenness,86,16,0.18604651162790697,16,0.18604651162790697,0
0.27,3805304690,targeted,betweenness,86,16,0.18604651162790697,16,0.18604651162790697,0
0.27,2117557148,targeted,betweenness,86,16,0.18604651162790697,16,0.18604651162790697,0
0.27,695131663,targeted,betweenness,86,16,0.18604651162790697,16,0.18604651162790697,0
0.27,3292488493,targeted,betweenness,86,16,0.18604651162790697,16,0.18604651162790697,0
0.27,704640790,targeted,betweenness,86,16,0.18604651162790697,16,0.18604651162790697,0
0.27,3642062155,targeted,betweenness,86,16,0.18604651162790697,16,0.18604651162790697,0
0.27,1244978723,targeted,betweenness,86,16,0.18604651162790697,16,0.18604651162790697,0
0.27,1687898423,targeted,betweenness,86,16,0.18604651162790697,16,0.18604651162790697,0
0.27,4005738759,targeted,betweenness,86,16,0.18604651162790697,16,0.18604651162790697,0
0.27,1020438777,targeted,betweenness,86,16,0.18604651162790697,16,0.18604651162790697,0
0.27,2891411009,targeted,betweenness,86,16,0.18604651162790697,16,0.18604651162790697,0
0.27,1330296769,targeted,betweenness,86,16,0.18604651162790697,16,0.18604651162790697,0
0.27,79521528,targeted,betweenness,86,16,0.18604651162790697,16,0.18604651162790697,0
0.27,4128451665,targeted,betweenness,86,16,0.18604651162790697,16,0.18604651162790697,0
0.27,1070830231,targeted,betweenness,86,16,0.18604651162790697,16,0.18604651162790697,0
0.28,296076971,targeted,betweenness,86,16,0.18604651162790697,15,0.1744186046511628,0
0.28,3724013344,targeted,betweenness,86,16,0.18604651162790697,15,0.1744186046511628,0
0.28,3796309918,targeted,betweenness,86,16,0.18604651162790697,15,0.1744186046511628,0
0.28,2923139944,targeted,betweenness,86,16,0.18604651162790697,15,0.1744186046511628,0
0.28,2302560991,targeted,betweenness,86,16,0.18604651162790697,15,0.1744186046511628,0
0.28,1285787110,targeted,betweenness,86,16,0.18604651162790697,15,0.1744186046511628,0
0.28,3145133597,targeted,betweenness,86,16,0.18604651162790697,15,0.1744186046511628,0
0.28,1127082246,targeted,betweenness,86,16,0.18604651162790697,15,0.1744186046511628,0
0.28,318655756,targeted,betweenness,86,16,0.18604651162790697,15,0.1744186046511628,0
0.28,1673836652,targeted,betweenness,86,16,0.18604651162790697,15,0.1744186046511628,0
0.28,3406435667,targeted,betweenness,86,16,0.18604651162790697,15,0.1744186046511628,0
0.28,2694443628,targeted,betweenness,86,16,0.18604651162790697,15,0.1744186046511628,0
0.28,3393545027,targeted,betweenness,86,16,0.18604651162790697,15,0.1744186046511628,0
0.28,3036742969,targeted,betweenness,86,16,0.18604651162790697,15,0.1744186046511628,0
0.28,3572552709,targeted,betweenness,86,16,0.18604651162790697,15,0.1744186046511628,0
0.28,3697032338,targeted,betweenness,86,16,0.18604651162790697,15,0.1744186046511628,0
0.28,2227632130,targeted,betweenness,86,16,0.18604651162790697,15,0.1744186046511628,0
0.28,3298053414,targeted,betweenness,86,16,0.18604651162790697,15,0.1744186046511628,0
0.28,2537201223,targeted,betweenness,86,16,0.18604651162790697,15,0.1744186046511628,0
0.28,2697654388,targeted,betweenness,86,16,0.18604651162790697,15,0.1744186046511628,0
0.28,543121179,targeted,betweenness,86,16,0.18604651162790697,15,0.1744186046511628,0
0.28,1239478718,targeted,betweenness,86,16,0.18604651162790697,15,0.1744186046511628,0
0.28,3483239675,targeted,betweenness,86,16,0.18604651162790697,15,0.1744186046511628,0
0.28,863912624,targeted,betweenness,86,16,0.18604651162790697,15,0.1744186046511628,0
0.28,1039479167,targeted,betweenness,86,16,0.18604651162790697,15,0.1744186046511628,0
0.28,1131850504,targeted,betweenness,86,16,0.18604651162790697,15,0.1744186046511628,0
0.28,1685890331,targeted,betweenness,86,16,0.18604651162790697,15,0.1744186046511628,0
0.28,1005685667,targeted,betweenness,86,16,0.18604651162790697,15,0.1744186046511628,0
0.28,1247599629,targeted,betweenness,86,16,0.18604651162790697,15,0.1744186046511628,0
0.28,4092478866,targeted,betweenness,86,16,0.18604651162790697,15,0.1744186046511628,0
0.28,3171907508,targeted,betweenness,86,16,0.18604651162790697,15,0.1744186046511628,0
0.28,3811816257,targeted,betweenness,86,16,0.18604651162790697,15,0.1744186046511628,0
0.28,1581773804,targeted,betweenness,86,16,0.18604651162790697,15,0.1744186046511628,0
0.28,1041742349,targeted,betweenness,86,16,0.18604651162790697,15,0.1744186046511628,0
0.28,1243080627,targeted,betweenness,86,16,0.18604651162790697,15,0.1744186046511628,0
0.28,2079883715,targeted,betweenness,86,16,0.18604651162790697,15,0.1744186046511628,0
0.28,1905543984,targeted,betweenness,86,16,0.18604651162790697,15,0.1744186046511628,0
0.28,1167041096,targeted,betweenness,86,16,0.18604651162790697,15,0.1744186046511628,0
0.28,904231230,targeted,betweenness,86,16,0.18604651162790697,15,0.1744186046511628,0
0.28,1582467723,targeted,betweenness,86,16,0.18604651162790697,15,0.1744186046511628,0
0.28,969753618,targeted,betweenness,86,16,0.18604651162790697,15,0.1744186046511628,0
0.28,4285255659,targeted,betweenness,86,16,0.18604651162790697,15,0.1744186046511628,0
0.28,2585745225,targeted,betweenness,86,16,0.18604651162790697,15,0.1744186046511628,0
0.28,2286702648,targeted,betweenness,86,16,0.18604651162790697,15,0.1744186046511628,0
0.28,3851432587,targeted,betweenness,86,16,0.18604651162790697,15,0.1744186046511628,0
0.28,1719037387,targeted,betweenness,86,16,0.18604651162790697,15,0.1744186046511628,0
0.28,1925490856,targeted,betweenness,86,16,0.18604651162790697,15,0.1744186046511628,0
0.28,2162496184,targeted,betweenness,86,16,0.18604651162790697,15,0.1744186046511628,0
0.28,973280555,targeted,betweenness,86,16,0.18604651162790697,15,0.1744186046511628,0
0.28,1033992623,targeted,betweenness,86,16,0.18604651162790697,15,0.1744186046511628,0
0.28,550258227,targeted,betweenness,86,16,0.18604651162790697,15,0.1744186046511628,0
0.28,3833296857,targeted,betweenness,86,16,0.18604651162790697,15,0.1744186046511628,0
0.28,1401091663,targeted,betweenness,86,16,0.18604651162790697,15,0.1744186046511628,0
0.28,4220987196,targeted,betweenness,86,16,0.18604651162790697,15,0.1744186046511628,0
0.28,3226061260,targeted,betweenness,86,16,0.18604651162790697,15,0.1744186046511628,0
0.28,2511626862,targeted,betweenness,86,16,0.18604651162790697,15,0.1744186046511628,0
0.28,3861344786,targeted,betweenness,86,16,0.18604651162790697,15,0.1744186046511628,0
0.28,3087511677,targeted,betweenness,86,16,0.18604651162790697,15,0.1744186046511628,0
0.28,2980245850,targeted,betweenness,86,16,0.18604651162790697,15,0.1744186046511628,0
0.28,2612719001,targeted,betweenness,86,16,0.18604651162790697,15,0.1744186046511628,0
0.28,3166724790,targeted,betweenness,86,16,0.18604651162790697,15,0.1744186046511628,0
0.28,3592856815,targeted,betweenness,86,16,0.18604651162790697,15,0.1744186046511628,0
0.28,1664750865,targeted,betweenness,86,16,0.18604651162790697,15,0.1744186046511628,0
0.28,329951275,targeted,betweenness,86,16,0.18604651162790697,15,0.1744186046511628,0
0.28,3903743306,targeted,betweenness,86,16,0.18604651162790697,15,0.1744186046511628,0
0.28,2886003957,targeted,betweenness,86,16,0.18604651162790697,15,0.1744186046511628,0
0.28,2418111938,targeted,betweenness,86,16,0.18604651162790697,15,0.1744186046511628,0
0.28,2565767050,targeted,betweenness,86,16,0.18604651162790697,15,0.1744186046511628,0
0.28,3147798588,targeted,betweenness,86,16,0.18604651162790697,15,0.1744186046511628,0
0.28,1827353927,targeted,betweenness,86,16,0.18604651162790697,15,0.1744186046511628,0
0.28,855524903,targeted,betweenness,86,16,0.18604651162790697,15,0.1744186046511628,0
0.28,1927211500,targeted,betweenness,86,16,0.18604651162790697,15,0.1744186046511628,0
0.28,254484793,targeted,betweenness,86,16,0.18604651162790697,15,0.1744186046511628,0
0.28,549172491,targeted,betweenness,86,16,0.18604651162790697,15,0.1744186046511628,0
0.28,1660267226,targeted,betweenness,86,16,0.18604651162790697,15,0.1744186046511628,0
0.28,2887348202,targeted,betweenness,86,16,0.18604651162790697,15,0.1744186046511628,0
0.28,1881584670,targeted,betweenness,86,16,0.18604651162790697,15,0.1744186046511628,0
0.28,679740479,targeted,betweenness,86,16,0.18604651162790697,15,0.1744186046511628,0
0.28,4005401406,targeted,betweenness,86,16,0.18604651162790697,15,0.1744186046511628,0
0.28,792749207,targeted,betweenness,86,16,0.18604651162790697,15,0.1744186046511628,0
0.28,303473804,targeted,betweenness,86,16,0.18604651162790697,15,0.1744186046511628,0
0.28,3455124633,targeted,betweenness,86,16,0.18604651162790697,15,0.1744186046511628,0
0.28,1948600685,targeted,betweenness,86,16,0.18604651162790697,15,0.1744186046511628,0
0.28,280943205,targeted,betweenness,86,16,0.18604651162790697,15,0.1744186046511628,0
0.28,3770429156,targeted,betweenness,86,16,0.18604651162790697,15,0.1744186046511628,0
0.28,1893909219,targeted,betweenness,86,16,0.18604651162790697,15,0.1744186046511628,0
0.28,1925266744,targeted,betweenness,86,16,0.18604651162790697,15,0.1744186046511628,0
0.28,3043182131,targeted,betweenness,86,16,0.18604651162790697,15,0.1744186046511628,0
0.28,1914673093,targeted,betweenness,86,16,0.18604651162790697,15,0.1744186046511628,0
0.28,978488563,targeted,betweenness,86,16,0.18604651162790697,15,0.1744186046511628,0
0.28,2827718436,targeted,betweenness,86,16,0.18604651162790697,15,0.1744186046511628,0
0.28,1333627230,targeted,betweenness,86,16,0.18604651162790697,15,0.1744186046511628,0
0.28,821141988,targeted,betweenness,86,16,0.18604651162790697,15,0.1744186046511628,0
0.28,4255824512,targeted,betweenness,86,16,0.18604651162790697,15,0.1744186046511628,0
0.28,1411818684,targeted,betweenness,86,16,0.18604651162790697,15,0.1744186046511628,0
0.28,3076577607,targeted,betweenness,86,16,0.18604651162790697,15,0.1744186046511628,0
0.28,3025420917,targeted,betweenness,86,16,0.18604651162790697,15,0.1744186046511628,0
0.28,1746677811,targeted,betweenness,86,16,0.18604651162790697,15,0.1744186046511628,0
0.28,37388751,targeted,betweenness,86,16,0.18604651162790697,15,0.1744186046511628,0
0.28,273359430,targeted,betweenness,86,16,0.18604651162790697,15,0.1744186046511628,0
0.29,1425869459,targeted,betweenness,86,15,0.1744186046511628,15,0.1744186046511628,0
0.29,1766518444,targeted,betweenness,86,15,0.1744186046511628,15,0.1744186046511628,0
0.29,3950366895,targeted,betweenness,86,15,0.1744186046511628,15,0.1744186046511628,0
0.29,1645764358,targeted,betweenness,86,15,0.1744186046511628,15,0.1744186046511628,0
0.29,2549779661,targeted,betweenness,86,15,0.1744186046511628,15,0.1744186046511628,0
0.29,2027147432,targeted,betweenness,86,15,0.1744186046511628,15,0.1744186046511628,0
0.29,2593387932,targeted,betweenness,86,15,0.1744186046511628,15,0.1744186046511628,0
0.29,2655628903,targeted,betweenness,86,15,0.1744186046511628,15,0.1744186046511628,0
0.29,2497049183,targeted,betweenness,86,15,0.1744186046511628,15,0.1744186046511628,0
0.29,3882202748,targeted,betweenness,86,15,0.1744186046511628,15,0.1744186046511628,0
0.29,1522840367,targeted,betweenness,86,15,0.1744186046511628,15,0.1744186046511628,0
0.29,3099005860,targeted,betweenness,86,15,0.1744186046511628,15,0.1744186046511628,0
0.29,4034343428,targeted,betweenness,86,15,0.1744186046511628,15,0.1744186046511628,0
0.29,2811339883,targeted,betweenness,86,15,0.1744186046511628,15,0.1744186046511628,0
0.29,190354245,targeted,betweenness,86,15,0.1744186046511628,15,0.1744186046511628,0
0.29,3035070565,targeted,betweenness,86,15,0.1744186046511628,15,0.1744186046511628,0
0.29,2462728909,targeted,betweenness,86,15,0.1744186046511628,15,0.1744186046511628,0
0.29,4209674141,targeted,betweenness,86,15,0.1744186046511628,15,0.1744186046511628,0
0.29,2944359904,targeted,betweenness,86,15,0.1744186046511628,15,0.1744186046511628,0
0.29,679215514,targeted,betweenness,86,15,0.1744186046511628,15,0.1744186046511628,0
0.29,684192017,targeted,betweenness,86,15,0.1744186046511628,15,0.1744186046511628,0
0.29,285112864,targeted,betweenness,86,15,0.1744186046511628,15,0.1744186046511628,0
0.29,1715243017,targeted,betweenness,86,15,0.1744186046511628,15,0.1744186046511628,0
0.29,3075043148,targeted,betweenness,86,15,0.1744186046511628,15,0.1744186046511628,0
0.29,3340204024,targeted,betweenness,86,15,0.1744186046511628,15,0.1744186046511628,0
0.29,3860888484,targeted,betweenness,86,15,0.1744186046511628,15,0.1744186046511628,0
0.29,3350383207,targeted,betweenness,86,15,0.1744186046511628,15,0.1744186046511628,0
0.29,960831165,targeted,betweenness,86,15,0.1744186046511628,15,0.1744186046511628,0
0.29,3480636937,targeted,betweenness,86,15,0.1744186046511628,15,0.1744186046511628,0
0.29,2773018253,targeted,betweenness,86,15,0.1744186046511628,15,0.1744186046511628,0
0.29,2746272871,targeted,betweenness,86,15,0.1744186046511628,15,0.1744186046511628,0
0.29,3106059166,targeted,betweenness,86,15,0.1744186046511628,15,0.1744186046511628,0
0.29,3967014517,targeted,betweenness,86,15,0.1744186046511628,15,0.1744186046511628,0
0.29,332534708,targeted,betweenness,86,15,0.1744186046511628,15,0.1744186046511628,0
0.29,4202164809,targeted,betweenness,86,15,0.1744186046511628,15,0.1744186046511628,0
0.29,2640271138,targeted,betweenness,86,15,0.1744186046511628,15,0.1744186046511628,0
0.29,606195137,targeted,betweenness,86,15,0.1744186046511628,15,0.1744186046511628,0
0.29,3533647006,targeted,betweenness,86,15,0.1744186046511628,15,0.1744186046511628,0
0.29,1978536176,targeted,betweenness,86,15,0.1744186046511628,15,0.1744186046511628,0
0.29,4270808688,targeted,betweenness,86,15,0.1744186046511628,15,0.1744186046511628,0
0.29,529823457,targeted,betweenness,86,15,0.1744186046511628,15,0.1744186046511628,0
0.29,2140221550,targeted,betweenness,86,15,0.1744186046511628,15,0.1744186046511628,0
0.29,3472022294,targeted,betweenness,86,15,0.1744186046511628,15,0.1744186046511628,0
0.29,1186212593,targeted,betweenness,86,15,0.1744186046511628,15,0.1744186046511628,0
0.29,2215633410,targeted,betweenness,86,15,0.1744186046511628,15,0.1744186046511628,0
0.29,4212887819,targeted,betweenness,86,15,0.1744186046511628,15,0.1744186046511628,0
0.29,3393475394,targeted,betweenness,86,15,0.1744186046511628,15,0.1744186046511628,0
0.29,2528512781,targeted,betweenness,86,15,0.1744186046511628,15,0.1744186046511628,0
0.29,2664353992,targeted,betweenness,86,15,0.1744186046511628,15,0.1744186046511628,0
0.29,2729507275,targeted,betweenness,86,15,0.1744186046511628,15,0.1744186046511628,0
0.29,1233108196,targeted,betweenness,86,15,0.1744186046511628,15,0.1744186046511628,0
0.29,4073143963,targeted,betweenness,86,15,0.1744186046511628,15,0.1744186046511628,0
0.29,564938524,targeted,betweenness,86,15,0.1744186046511628,15,0.1744186046511628,0
0.29,2828688777,targeted,betweenness,86,15,0.1744186046511628,15,0.1744186046511628,0
0.29,3713468491,targeted,betweenness,86,15,0.1744186046511628,15,0.1744186046511628,0
0.29,1536157789,targeted,betweenness,86,15,0.1744186046511628,15,0.1744186046511628,0
0.29,1029376830,targeted,betweenness,86,15,0.1744186046511628,15,0.1744186046511628,0
0.29,944604308,targeted,betweenness,86,15,0.1744186046511628,15,0.1744186046511628,0
0.29,482442894,targeted,betweenness,86,15,0.1744186046511628,15,0.1744186046511628,0
0.29,214515013,targeted,betweenness,86,15,0.1744186046511628,15,0.1744186046511628,0
0.29,3402852020,targeted,betweenness,86,15,0.1744186046511628,15,0.1744186046511628,0
0.29,2609508560,targeted,betweenness,86,15,0.1744186046511628,15,0.1744186046511628,0
0.29,1265371472,targeted,betweenness,86,15,0.1744186046511628,15,0.1744186046511628,0
0.29,2458387590,targeted,betweenness,86,15,0.1744186046511628,15,0.1744186046511628,0
0.29,1953869265,targeted,betweenness,86,15,0.1744186046511628,15,0.1744186046511628,0
0.29,632239109,targeted,betweenness,86,15,0.1744186046511628,15,0.1744186046511628,0
0.29,782454197,targeted,betweenness,86,15,0.1744186046511628,15,0.1744186046511628,0
0.29,46377267,targeted,betweenness,86,15,0.1744186046511628,15,0.1744186046511628,0
0.29,3406779059,targeted,betweenness,86,15,0.1744186046511628,15,0.1744186046511628,0
0.29,1626706126,targeted,betweenness,86,15,0.1744186046511628,15,0.1744186046511628,0
0.29,825996346,targeted,betweenness,86,15,0.1744186046511628,15,0.1744186046511628,0
0.29,58826660,targeted,betweenness,86,15,0.1744186046511628,15,0.1744186046511628,0
0.29,1325179132,targeted,betweenness,86,15,0.1744186046511628,15,0.1744186046511628,0
0.29,3466049065,targeted,betweenness,86,15,0.1744186046511628,15,0.1744186046511628,0
0.29,190816625,targeted,betweenness,86,15,0.1744186046511628,15,0.1744186046511628,0
0.29,3988426552,targeted,betweenness,86,15,0.1744186046511628,15,0.1744186046511628,0
0.29,918787263,targeted,betweenness,86,15,0.1744186046511628,15,0.1744186046511628,0
0.29,601909270,targeted,betweenness,86,15,0.1744186046511628,15,0.1744186046511628,0
0.29,3366338019,targeted,betweenness,86,15,0.1744186046511628,15,0.1744186046511628,0
0.29,603797046,targeted,betweenness,86,15,0.1744186046511628,15,0.1744186046511628,0
0.29,1624892142,targeted,betweenness,86,15,0.1744186046511628,15,0.1744186046511628,0
0.29,4204289026,targeted,betweenness,86,15,0.1744186046511628,15,0.1744186046511628,0
0.29,1625690081,targeted,betweenness,86,15,0.1744186046511628,15,0.1744186046511628,0
0.29,1786855574,targeted,betweenness,86,15,0.1744186046511628,15,0.1744186046511628,0
0.29,3714800951,targeted,betweenness,86,15,0.1744186046511628,15,0.1744186046511628,0
0.29,1296228920,targeted,betweenness,86,15,0.1744186046511628,15,0.1744186046511628,0
0.29,307348143,targeted,betweenness,86,15,0.1744186046511628,15,0.1744186046511628,0
0.29,372745421,targeted,betweenness,86,15,0.1744186046511628,15,0.1744186046511628,0
0.29,2969846938,targeted,betweenness,86,15,0.1744186046511628,15,0.1744186046511628,0
0.29,1431993595,targeted,betweenness,86,15,0.1744186046511628,15,0.1744186046511628,0
0.29,2036864576,targeted,betweenness,86,15,0.1744186046511628,15,0.1744186046511628,0
0.29,3837361924,targeted,betweenness,86,15,0.1744186046511628,15,0.1744186046511628,0
0.29,2703278003,targeted,betweenness,86,15,0.1744186046511628,15,0.1744186046511628,0
0.29,935592274,targeted,betweenness,86,15,0.1744186046511628,15,0.1744186046511628,0
0.29,169620803,targeted,betweenness,86,15,0.1744186046511628,15,0.1744186046511628,0
0.29,2181765607,targeted,betweenness,86,15,0.1744186046511628,15,0.1744186046511628,0
0.29,1213629437,targeted,betweenness,86,15,0.1744186046511628,15,0.1744186046511628,0
0.29,1816006329,targeted,betweenness,86,15,0.1744186046511628,15,0.1744186046511628,0
0.29,1473078129,targeted,betweenness,86,15,0.1744186046511628,15,0.1744186046511628,0
0.29,3564427922,targeted,betweenness,86,15,0.1744186046511628,15,0.1744186046511628,0
0.3,2732912765,targeted,betweenness,86,15,0.1744186046511628,14,0.16279069767441862,0
0.3,3044451371,targeted,betweenness,86,15,0.1744186046511628,14,0.16279069767441862,0
0.3,1537413525,targeted,betweenness,86,15,0.1744186046511628,14,0.16279069767441862,0
0.3,2367399688,targeted,betweenness,86,15,0.1744186046511628,14,0.16279069767441862,0
0.3,523857748,targeted,betweenness,86,15,0.1744186046511628,14,0.16279069767441862,0
0.3,4022056918,targeted,betweenness,86,15,0.1744186046511628,14,0.16279069767441862,0
0.3,2171547667,targeted,betweenness,86,15,0.1744186046511628,14,0.16279069767441862,0
0.3,733928568,targeted,betweenness,86,15,0.1744186046511628,14,0.16279069767441862,0
0.3,8839827,targeted,betweenness,86,15,0.1744186046511628,14,0.16279069767441862,0
0.3,2350415781,targeted,betweenness,86,15,0.1744186046511628,14,0.16279069767441862,0
0.3,2532622069,targeted,betweenness,86,15,0.1744186046511628,14,0.16279069767441862,0
0.3,1904512770,targeted,betweenness,86,15,0.1744186046511628,14,0.16279069767441862,0
0.3,1105237346,targeted,betweenness,86,15,0.1744186046511628,14,0.16279069767441862,0
0.3,1454617498,targeted,betweenness,86,15,0.1744186046511628,14,0.16279069767441862,0
0.3,2777493125,targeted,betweenness,86,15,0.1744186046511628,14,0.16279069767441862,0
0.3,2029905015,targeted,betweenness,86,15,0.1744186046511628,14,0.16279069767441862,0
0.3,1339209926,targeted,betweenness,86,15,0.1744186046511628,14,0.16279069767441862,0
0.3,2828906468,targeted,betweenness,86,15,0.1744186046511628,14,0.16279069767441862,0
0.3,2219512125,targeted,betweenness,86,15,0.1744186046511628,14,0.16279069767441862,0
0.3,914227716,targeted,betweenness,86,15,0.1744186046511628,14,0.16279069767441862,0
0.3,4083565824,targeted,betweenness,86,15,0.1744186046511628,14,0.16279069767441862,0
0.3,1308339511,targeted,betweenness,86,15,0.1744186046511628,14,0.16279069767441862,0
0.3,3361843442,targeted,betweenness,86,15,0.1744186046511628,14,0.16279069767441862,0
0.3,3706455229,targeted,betweenness,86,15,0.1744186046511628,14,0.16279069767441862,0
0.3,1944391894,targeted,betweenness,86,15,0.1744186046511628,14,0.16279069767441862,0
0.3,1272710247,targeted,betweenness,86,15,0.1744186046511628,14,0.16279069767441862,0
0.3,2663543283,targeted,betweenness,86,15,0.1744186046511628,14,0.16279069767441862,0
0.3,445652759,targeted,betweenness,86,15,0.1744186046511628,14,0.16279069767441862,0
0.3,1188852885,targeted,betweenness,86,15,0.1744186046511628,14,0.16279069767441862,0
0.3,348643862,targeted,betweenness,86,15,0.1744186046511628,14,0.16279069767441862,0
0.3,2494170817,targeted,betweenness,86,15,0.1744186046511628,14,0.16279069767441862,0
0.3,2707174357,targeted,betweenness,86,15,0.1744186046511628,14,0.16279069767441862,0
0.3,3657042009,targeted,betweenness,86,15,0.1744186046511628,14,0.16279069767441862,0
0.3,133435096,targeted,betweenness,86,15,0.1744186046511628,14,0.16279069767441862,0
0.3,2137572907,targeted,betweenness,86,15,0.1744186046511628,14,0.16279069767441862,0
0.3,689774159,targeted,betweenness,86,15,0.1744186046511628,14,0.16279069767441862,0
0.3,352393695,targeted,betweenness,86,15,0.1744186046511628,14,0.16279069767441862,0
0.3,524474895,targeted,betweenness,86,15,0.1744186046511628,14,0.16279069767441862,0
0.3,1325404247,targeted,betweenness,86,15,0.1744186046511628,14,0.16279069767441862,0
0.3,2441075099,targeted,betweenness,86,15,0.1744186046511628,14,0.16279069767441862,0
0.3,2850554893,targeted,betweenness,86,15,0.1744186046511628,14,0.16279069767441862,0
0.3,3435267379,targeted,betweenness,86,15,0.1744186046511628,14,0.16279069767441862,0
0.3,4189582869,targeted,betweenness,86,15,0.1744186046511628,14,0.16279069767441862,0
0.3,2447143960,targeted,betweenness,86,15,0.1744186046511628,14,0.16279069767441862,0
0.3,3914181309,targeted,betweenness,86,15,0.1744186046511628,14,0.16279069767441862,0
0.3,218889462,targeted,betweenness,86,15,0.1744186046511628,14,0.16279069767441862,0
0.3,2318581817,targeted,betweenness,86,15,0.1744186046511628,14,0.16279069767441862,0
0.3,445332101,targeted,betweenness,86,15,0.1744186046511628,14,0.16279069767441862,0
0.3,2667596920,targeted,betweenness,86,15,0.1744186046511628,14,0.16279069767441862,0
0.3,2260166031,targeted,betweenness,86,15,0.1744186046511628,14,0.16279069767441862,0
0.3,1497273072,targeted,betweenness,86,15,0.1744186046511628,14,0.16279069767441862,0
0.3,3863852091,targeted,betweenness,86,15,0.1744186046511628,14,0.16279069767441862,0
0.3,3859209117,targeted,betweenness,86,15,0.1744186046511628,14,0.16279069767441862,0
0.3,3592032658,targeted,betweenness,86,15,0.1744186046511628,14,0.16279069767441862,0
0.3,3552158723,targeted,betweenness,86,15,0.1744186046511628,14,0.16279069767441862,0
0.3,1180755570,targeted,betweenness,86,15,0.1744186046511628,14,0.16279069767441862,0
0.3,2368523919,targeted,betweenness,86,15,0.1744186046511628,14,0.16279069767441862,0
0.3,2842425582,targeted,betweenness,86,15,0.1744186046511628,14,0.16279069767441862,0
0.3,1224949432,targeted,betweenness,86,15,0.1744186046511628,14,0.16279069767441862,0
0.3,1254224306,targeted,betweenness,86,15,0.1744186046511628,14,0.16279069767441862,0
0.3,1818522389,targeted,betweenness,86,15,0.1744186046511628,14,0.16279069767441862,0
0.3,1196616849,targeted,betweenness,86,15,0.1744186046511628,14,0.16279069767441862,0
0.3,1898970290,targeted,betweenness,86,15,0.1744186046511628,14,0.16279069767441862,0
0.3,2249539228,targeted,betweenness,86,15,0.1744186046511628,14,0.16279069767441862,0
0.3,2451040948,targeted,betweenness,86,15,0.1744186046511628,14,0.16279069767441862,0
0.3,2781533861,targeted,betweenness,86,15,0.1744186046511628,14,0.16279069767441862,0
0.3,3254739737,targeted,betweenness,86,15,0.1744186046511628,14,0.16279069767441862,0
0.3,1414959382,targeted,betweenness,86,15,0.1744186046511628,14,0.16279069767441862,0
0.3,3847377011,targeted,betweenness,86,15,0.1744186046511628,14,0.16279069767441862,0
0.3,3676024911,targeted,betweenness,86,15,0.1744186046511628,14,0.16279069767441862,0
0.3,2177749329,targeted,betweenness,86,15,0.1744186046511628,14,0.16279069767441862,0
0.3,3247824899,targeted,betweenness,86,15,0.1744186046511628,14,0.16279069767441862,0
0.3,327002037,targeted,betweenness,86,15,0.1744186046511628,14,0.16279069767441862,0
0.3,1982679978,targeted,betweenness,86,15,0.1744186046511628,14,0.16279069767441862,0
0.3,4155517056,targeted,betweenness,86,15,0.1744186046511628,14,0.16279069767441862,0
0.3,212036689,targeted,betweenness,86,15,0.1744186046511628,14,0.16279069767441862,0
0.3,177498542,targeted,betweenness,86,15,0.1744186046511628,14,0.16279069767441862,0
0.3,1219827631,targeted,betweenness,86,15,0.1744186046511628,14,0.16279069767441862,0
0.3,524855157,targeted,betweenness,86,15,0.1744186046511628,14,0.16279069767441862,0
0.3,248854513,targeted,betweenness,86,15,0.1744186046511628,14,0.16279069767441862,0
0.3,3764408413,targeted,betweenness,86,15,0.1744186046511628,14,0.16279069767441862,0
0.3,3792506089,targeted,betweenness,86,15,0.1744186046511628,14,0.16279069767441862,0
0.3,3273142363,targeted,betweenness,86,15,0.1744186046511628,14,0.16279069767441862,0
0.3,3155217119,targeted,betweenness,86,15,0.1744186046511628,14,0.16279069767441862,0
0.3,3340333646,targeted,betweenness,86,15,0.1744186046511628,14,0.16279069767441862,0
0.3,2737810217,targeted,betweenness,86,15,0.1744186046511628,14,0.16279069767441862,0
0.3,1617117451,targeted,betweenness,86,15,0.1744186046511628,14,0.16279069767441862,0
0.3,1925217126,targeted,betweenness,86,15,0.1744186046511628,14,0.16279069767441862,0
0.3,3053767237,targeted,betweenness,86,15,0.1744186046511628,14,0.16279069767441862,0
0.3,1787406222,targeted,betweenness,86,15,0.1744186046511628,14,0.16279069767441862,0
0.3,1495729898,targeted,betweenness,86,15,0.1744186046511628,14,0.16279069767441862,0
0.3,2674104377,targeted,betweenness,86,15,0.1744186046511628,14,0.16279069767441862,0
0.3,439031044,targeted,betweenness,86,15,0.1744186046511628,14,0.16279069767441862,0
0.3,3147509711,targeted,betweenness,86,15,0.1744186046511628,14,0.16279069767441862,0
0.3,3860389253,targeted,betweenness,86,15,0.1744186046511628,14,0.16279069767441862,0
0.3,324946905,targeted,betweenness,86,15,0.1744186046511628,14,0.16279069767441862,0
0.3,2922589466,targeted,betweenness,86,15,0.1744186046511628,14,0.16279069767441862,0
0.3,849905967,targeted,betweenness,86,15,0.1744186046511628,14,0.16279069767441862,0
0.3,2803210980,targeted,betweenness,86,15,0.1744186046511628,14,0.16279069767441862,0
0.3,613813631,targeted,betweenness,86,15,0.1744186046511628,14,0.16279069767441862,0
0.31,3478692713,targeted,betweenness,86,14,0.16279069767441862,14,0.16279069767441862,0
0.31,208209291,targeted,betweenness,86,14,0.16279069767441862,14,0.16279069767441862,0
0.31,3454749378,targeted,betweenness,86,14,0.16279069767441862,14,0.16279069767441862,0
0.31,3234528148,targeted,betweenness,86,14,0.16279069767441862,14,0.16279069767441862,0
0.31,2194027480,targeted,betweenness,86,14,0.16279069767441862,14,0.16279069767441862,0
0.31,2543646578,targeted,betweenness,86,14,0.16279069767441862,14,0.16279069767441862,0
0.31,2643111681,targeted,betweenness,86,14,0.16279069767441862,14,0.16279069767441862,0
0.31,2977320146,targeted,betweenness,86,14,0.16279069767441862,14,0.16279069767441862,0
0.31,940075073,targeted,betweenness,86,14,0.16279069767441862,14,0.16279069767441862,0
0.31,516160611,targeted,betweenness,86,14,0.16279069767441862,14,0.16279069767441862,0
0.31,1001532149,targeted,betweenness,86,14,0.16279069767441862,14,0.16279069767441862,0
0.31,2752723296,targeted,betweenness,86,14,0.16279069767441862,14,0.16279069767441862,0
0.31,3066027597,targeted,betweenness,86,14,0.16279069767441862,14,0.16279069767441862,0
0.31,2516027277,targeted,betweenness,86,14,0.16279069767441862,14,0.16279069767441862,0
0.31,2174177950,targeted,betweenness,86,14,0.16279069767441862,14,0.16279069767441862,0
0.31,4167263027,targeted,betweenness,86,14,0.16279069767441862,14,0.16279069767441862,0
0.31,461748462,targeted,betweenness,86,14,0.16279069767441862,14,0.16279069767441862,0
0.31,4151552709,targeted,betweenness,86,14,0.16279069767441862,14,0.16279069767441862,0
0.31,3277506117,targeted,betweenness,86,14,0.16279069767441862,14,0.16279069767441862,0
0.31,410576397,targeted,betweenness,86,14,0.16279069767441862,14,0.16279069767441862,0
0.31,2496336041,targeted,betweenness,86,14,0.16279069767441862,14,0.16279069767441862,0
0.31,364579519,targeted,betweenness,86,14,0.16279069767441862,14,0.16279069767441862,0
0.31,2495180939,targeted,betweenness,86,14,0.16279069767441862,14,0.16279069767441862,0
0.31,744937607,targeted,betweenness,86,14,0.16279069767441862,14,0.16279069767441862,0
0.31,3298578755,targeted,betweenness,86,14,0.16279069767441862,14,0.16279069767441862,0
0.31,166169531,targeted,betweenness,86,14,0.16279069767441862,14,0.16279069767441862,0
0.31,3520906739,targeted,betweenness,86,14,0.16279069767441862,14,0.16279069767441862,0
0.31,348235449,targeted,betweenness,86,14,0.16279069767441862,14,0.16279069767441862,0
0.31,2606033802,targeted,betweenness,86,14,0.16279069767441862,14,0.16279069767441862,0
0.31,2071298759,targeted,betweenness,86,14,0.16279069767441862,14,0.16279069767441862,0
0.31,1240867916,targeted,betweenness,86,14,0.16279069767441862,14,0.16279069767441862,0
0.31,796003641,targeted,betweenness,86,14,0.16279069767441862,14,0.16279069767441862,0
0.31,2462325706,targeted,betweenness,86,14,0.16279069767441862,14,0.16279069767441862,0
0.31,668371122,targeted,betweenness,86,14,0.16279069767441862,14,0.16279069767441862,0
0.31,363688117,targeted,betweenness,86,14,0.16279069767441862,14,0.16279069767441862,0
0.31,153584720,targeted,betweenness,86,14,0.16279069767441862,14,0.16279069767441862,0
0.31,2711557632,targeted,betweenness,86,14,0.16279069767441862,14,0.16279069767441862,0
0.31,2775234851,targeted,betweenness,86,14,0.16279069767441862,14,0.16279069767441862,0
0.31,580661369,targeted,betweenness,86,14,0.16279069767441862,14,0.16279069767441862,0
0.31,3269613193,targeted,betweenness,86,14,0.16279069767441862,14,0.16279069767441862,0
0.31,1805461208,targeted,betweenness,86,14,0.16279069767441862,14,0.16279069767441862,0
0.31,2735062550,targeted,betweenness,86,14,0.16279069767441862,14,0.16279069767441862,0
0.31,1402818082,targeted,betweenness,86,14,0.16279069767441862,14,0.16279069767441862,0
0.31,3825552596,targeted,betweenness,86,14,0.16279069767441862,14,0.16279069767441862,0
0.31,3212413413,targeted,betweenness,86,14,0.16279069767441862,14,0.16279069767441862,0
0.31,508931209,targeted,betweenness,86,14,0.16279069767441862,14,0.16279069767441862,0
0.31,71532905,targeted,betweenness,86,14,0.16279069767441862,14,0.16279069767441862,0
0.31,2625254589,targeted,betweenness,86,14,0.16279069767441862,14,0.16279069767441862,0
0.31,3263543141,targeted,betweenness,86,14,0.16279069767441862,14,0.16279069767441862,0
0.31,1566267515,targeted,betweenness,86,14,0.16279069767441862,14,0.16279069767441862,0
0.31,3312226666,targeted,betweenness,86,14,0.16279069767441862,14,0.16279069767441862,0
0.31,3930483035,targeted,betweenness,86,14,0.16279069767441862,14,0.16279069767441862,0
0.31,2619012265,targeted,betweenness,86,14,0.16279069767441862,14,0.16279069767441862,0
0.31,2204127372,targeted,betweenness,86,14,0.16279069767441862,14,0.16279069767441862,0
0.31,3389543352,targeted,betweenness,86,14,0.16279069767441862,14,0.16279069767441862,0
0.31,1938458618,targeted,betweenness,86,14,0.16279069767441862,14,0.16279069767441862,0
0.31,962827070,targeted,betweenness,86,14,0.16279069767441862,14,0.16279069767441862,0
0.31,3970202495,targeted,betweenness,86,14,0.16279069767441862,14,0.16279069767441862,0
0.31,3188577575,targeted,betweenness,86,14,0.16279069767441862,14,0.16279069767441862,0
0.31,530913499,targeted,betweenness,86,14,0.16279069767441862,14,0.16279069767441862,0
0.31,1018624900,targeted,betweenness,86,14,0.16279069767441862,14,0.16279069767441862,0
0.31,3596776191,targeted,betweenness,86,14,0.16279069767441862,14,0.16279069767441862,0
0.31,1531722510,targeted,betweenness,86,14,0.16279069767441862,14,0.16279069767441862,0
0.31,3788799918,targeted,betweenness,86,14,0.16279069767441862,14,0.16279069767441862,0
0.31,1736830337,targeted,betweenness,86,14,0.16279069767441862,14,0.16279069767441862,0
0.31,227780251,targeted,betweenness,86,14,0.16279069767441862,14,0.16279069767441862,0
0.31,689027403,targeted,betweenness,86,14,0.16279069767441862,14,0.16279069767441862,0
0.31,2930681790,targeted,betweenness,86,14,0.16279069767441862,14,0.16279069767441862,0
0.31,3316160823,targeted,betweenness,86,14,0.16279069767441862,14,0.16279069767441862,0
0.31,682641890,targeted,betweenness,86,14,0.16279069767441862,14,0.16279069767441862,0
0.31,3953161688,targeted,betweenness,86,14,0.16279069767441862,14,0.16279069767441862,0
0.31,2522017156,targeted,betweenness,86,14,0.16279069767441862,14,0.16279069767441862,0
0.31,417480530,targeted,betweenness,86,14,0.16279069767441862,14,0.16279069767441862,0
0.31,285869388,targeted,betweenness,86,14,0.16279069767441862,14,0.16279069767441862,0
0.31,892300945,targeted,betweenness,86,14,0.16279069767441862,14,0.16279069767441862,0
0.31,3475022539,targeted,betweenness,86,14,0.16279069767441862,14,0.16279069767441862,0
0.31,2401991547,targeted,betweenness,86,14,0.16279069767441862,14,0.16279069767441862,0
0.31,3858778565,targeted,betweenness,86,14,0.16279069767441862,14,0.16279069767441862,0
0.31,3737214865,targeted,betweenness,86,14,0.16279069767441862,14,0.16279069767441862,0
0.31,3879037392,targeted,betweenness,86,14,0.16279069767441862,14,0.16279069767441862,0
0.31,1880364517,targeted,betweenness,86,14,0.16279069767441862,14,0.16279069767441862,0
0.31,254306749,targeted,betweenness,86,14,0.16279069767441862,14,0.16279069767441862,0
0.31,2241327988,targeted,betweenness,86,14,0.16279069767441862,14,0.16279069767441862,0
0.31,3376131539,targeted,betweenness,86,14,0.16279069767441862,14,0.16279069767441862,0
0.31,3723086810,targeted,betweenness,86,14,0.16279069767441862,14,0.16279069767441862,0
0.31,3360152148,targeted,betweenness,86,14,0.16279069767441862,14,0.16279069767441862,0
0.31,1729352902,targeted,betweenness,86,14,0.16279069767441862,14,0.16279069767441862,0
0.31,3320490771,targeted,betweenness,86,14,0.16279069767441862,14,0.16279069767441862,0
0.31,3487995675,targeted,betweenness,86,14,0.16279069767441862,14,0.16279069767441862,0
0.31,1126604870,targeted,betweenness,86,14,0.16279069767441862,14,0.16279069767441862,0
0.31,137364541,targeted,betweenness,86,14,0.16279069767441862,14,0.16279069767441862,0
0.31,2054212274,targeted,betweenness,86,14,0.16279069767441862,14,0.16279069767441862,0
0.31,13346256,targeted,betweenness,86,14,0.16279069767441862,14,0.16279069767441862,0
0.31,2828201404,targeted,betweenness,86,14,0.16279069767441862,14,0.16279069767441862,0
0.31,3884605323,targeted,betweenness,86,14,0.16279069767441862,14,0.16279069767441862,0
0.31,4056787582,targeted,betweenness,86,14,0.16279069767441862,14,0.16279069767441862,0
0.31,410377993,targeted,betweenness,86,14,0.16279069767441862,14,0.16279069767441862,0
0.31,3724474317,targeted,betweenness,86,14,0.16279069767441862,14,0.16279069767441862,0
0.31,3549550091,targeted,betweenness,86,14,0.16279069767441862,14,0.16279069767441862,0
0.31,1969655970,targeted,betweenness,86,14,0.16279069767441862,14,0.16279069767441862,0
0.32,1596040906,targeted,betweenness,86,14,0.16279069767441862,13,0.1511627906976744,0
0.32,882040823,targeted,betweenness,86,14,0.16279069767441862,13,0.1511627906976744,0
0.32,2207273114,targeted,betweenness,86,14,0.16279069767441862,13,0.1511627906976744,0
0.32,3414723483,targeted,betweenness,86,14,0.16279069767441862,13,0.1511627906976744,0
0.32,1735456839,targeted,betweenness,86,14,0.16279069767441862,13,0.1511627906976744,0
0.32,2720648502,targeted,betweenness,86,14,0.16279069767441862,13,0.1511627906976744,0
0.32,3700458788,targeted,betweenness,86,14,0.16279069767441862,13,0.1511627906976744,0
0.32,3458351926,targeted,betweenness,86,14,0.16279069767441862,13,0.1511627906976744,0
0.32,2553827253,targeted,betweenness,86,14,0.16279069767441862,13,0.1511627906976744,0
0.32,1644404531,targeted,betweenness,86,14,0.16279069767441862,13,0.1511627906976744,0
0.32,2450686579,targeted,betweenness,86,14,0.16279069767441862,13,0.1511627906976744,0
0.32,1786067065,targeted,betweenness,86,14,0.16279069767441862,13,0.1511627906976744,0
0.32,3545101573,targeted,betweenness,86,14,0.16279069767441862,13,0.1511627906976744,0
0.32,3744945421,targeted,betweenness,86,14,0.16279069767441862,13,0.1511627906976744,0
0.32,839518863,targeted,betweenness,86,14,0.16279069767441862,13,0.1511627906976744,0
0.32,3599943475,targeted,betweenness,86,14,0.16279069767441862,13,0.1511627906976744,0
0.32,4247032438,targeted,betweenness,86,14,0.16279069767441862,13,0.1511627906976744,0
0.32,3289851496,targeted,betweenness,86,14,0.16279069767441862,13,0.1511627906976744,0
0.32,2105695186,targeted,betweenness,86,14,0.16279069767441862,13,0.1511627906976744,0
0.32,3021622255,targeted,betweenness,86,14,0.16279069767441862,13,0.1511627906976744,0
0.32,1880232588,targeted,betweenness,86,14,0.16279069767441862,13,0.1511627906976744,0
0.32,2440982597,targeted,betweenness,86,14,0.16279069767441862,13,0.1511627906976744,0
0.32,1141186881,targeted,betweenness,86,14,0.16279069767441862,13,0.1511627906976744,0
0.32,730918050,targeted,betweenness,86,14,0.16279069767441862,13,0.1511627906976744,0
0.32,2004777474,targeted,betweenness,86,14,0.16279069767441862,13,0.1511627906976744,0
0.32,157910204,targeted,betweenness,86,14,0.16279069767441862,13,0.1511627906976744,0
0.32,1320970748,targeted,betweenness,86,14,0.16279069767441862,13,0.1511627906976744,0
0.32,1470588452,targeted,betweenness,86,14,0.16279069767441862,13,0.1511627906976744,0
0.32,3204336560,targeted,betweenness,86,14,0.16279069767441862,13,0.1511627906976744,0
0.32,2565110065,targeted,betweenness,86,14,0.16279069767441862,13,0.1511627906976744,0
0.32,3637412837,targeted,betweenness,86,14,0.16279069767441862,13,0.1511627906976744,0
0.32,1787157812,targeted,betweenness,86,14,0.16279069767441862,13,0.1511627906976744,0
0.32,1722549029,targeted,betweenness,86,14,0.16279069767441862,13,0.1511627906976744,0
0.32,640766983,targeted,betweenness,86,14,0.16279069767441862,13,0.1511627906976744,0
0.32,3990111848,targeted,betweenness,86,14,0.16279069767441862,13,0.1511627906976744,0
0.32,3280432767,targeted,betweenness,86,14,0.16279069767441862,13,0.1511627906976744,0
0.32,2743782890,targeted,betweenness,86,14,0.16279069767441862,13,0.1511627906976744,0
0.32,1867782783,targeted,betweenness,86,14,0.16279069767441862,13,0.1511627906976744,0
0.32,3418666094,targeted,betweenness,86,14,0.16279069767441862,13,0.1511627906976744,0
0.32,35047514,targeted,betweenness,86,14,0.16279069767441862,13,0.1511627906976744,0
0.32,3410573629,targeted,betweenness,86,14,0.16279069767441862,13,0.1511627906976744,0
0.32,2159350683,targeted,betweenness,86,14,0.16279069767441862,13,0.1511627906976744,0
0.32,1417273721,targeted,betweenness,86,14,0.16279069767441862,13,0.1511627906976744,0
0.32,314269170,targeted,betweenness,86,14,0.16279069767441862,13,0.1511627906976744,0
0.32,2278123256,targeted,betweenness,86,14,0.16279069767441862,13,0.1511627906976744,0
0.32,623435610,targeted,betweenness,86,14,0.16279069767441862,13,0.1511627906976744,0
0.32,3260913252,targeted,betweenness,86,14,0.16279069767441862,13,0.1511627906976744,0
0.32,2857668432,targeted,betweenness,86,14,0.16279069767441862,13,0.1511627906976744,0
0.32,2354520983,targeted,betweenness,86,14,0.16279069767441862,13,0.1511627906976744,0
0.32,1858945173,targeted,betweenness,86,14,0.16279069767441862,13,0.1511627906976744,0
0.32,61889831,targeted,betweenness,86,14,0.16279069767441862,13,0.1511627906976744,0
0.32,714101555,targeted,betweenness,86,14,0.16279069767441862,13,0.1511627906976744,0
0.32,2704391629,targeted,betweenness,86,14,0.16279069767441862,13,0.1511627906976744,0
0.32,918248085,targeted,betweenness,86,14,0.16279069767441862,13,0.1511627906976744,0
0.32,3659711430,targeted,betweenness,86,14,0.16279069767441862,13,0.1511627906976744,0
0.32,3055417815,targeted,betweenness,86,14,0.16279069767441862,13,0.1511627906976744,0
0.32,2051575648,targeted,betweenness,86,14,0.16279069767441862,13,0.1511627906976744,0
0.32,1443671381,targeted,betweenness,86,14,0.16279069767441862,13,0.1511627906976744,0
0.32,1771051831,targeted,betweenness,86,14,0.16279069767441862,13,0.1511627906976744,0
0.32,501389084,targeted,betweenness,86,14,0.16279069767441862,13,0.1511627906976744,0
0.32,2561648150,targeted,betweenness,86,14,0.16279069767441862,13,0.1511627906976744,0
0.32,2806081916,targeted,betweenness,86,14,0.16279069767441862,13,0.1511627906976744,0
0.32,3777302086,targeted,betweenness,86,14,0.16279069767441862,13,0.1511627906976744,0
0.32,3248860014,targeted,betweenness,86,14,0.16279069767441862,13,0.1511627906976744,0
0.32,3035277011,targeted,betweenness,86,14,0.16279069767441862,13,0.1511627906976744,0
0.32,2091816506,targeted,betweenness,86,14,0.16279069767441862,13,0.1511627906976744,0
0.32,2982808272,targeted,betweenness,86,14,0.16279069767441862,13,0.1511627906976744,0
0.32,1604694332,targeted,betweenness,86,14,0.16279069767441862,13,0.1511627906976744,0
0.32,428610039,targeted,betweenness,86,14,0.16279069767441862,13,0.1511627906976744,0
0.32,3981636842,targeted,betweenness,86,14,0.16279069767441862,13,0.1511627906976744,0
0.32,2063726531,targeted,betweenness,86,14,0.16279069767441862,13,0.1511627906976744,0
0.32,2649215181,targeted,betweenness,86,14,0.16279069767441862,13,0.1511627906976744,0
0.32,3927978568,targeted,betweenness,86,14,0.16279069767441862,13,0.1511627906976744,0
0.32,1937263264,targeted,betweenness,86,14,0.16279069767441862,13,0.1511627906976744,0
0.32,1672892764,targeted,betweenness,86,14,0.16279069767441862,13,0.1511627906976744,0
0.32,3721211309,targeted,betweenness,86,14,0.16279069767441862,13,0.1511627906976744,0
0.32,756966328,targeted,betweenness,86,14,0.16279069767441862,13,0.1511627906976744,0
0.32,2268072879,targeted,betweenness,86,14,0.16279069767441862,13,0.1511627906976744,0
0.32,3871122430,targeted,betweenness,86,14,0.16279069767441862,13,0.1511627906976744,0
0.32,3509494917,targeted,betweenness,86,14,0.16279069767441862,13,0.1511627906976744,0
0.32,2325399623,targeted,betweenness,86,14,0.16279069767441862,13,0.1511627906976744,0
0.32,922312121,targeted,betweenness,86,14,0.16279069767441862,13,0.1511627906976744,0
0.32,2896508551,targeted,betweenness,86,14,0.16279069767441862,13,0.1511627906976744,0
0.32,1751439564,targeted,betweenness,86,14,0.16279069767441862,13,0.1511627906976744,0
0.32,2209569395,targeted,betweenness,86,14,0.16279069767441862,13,0.1511627906976744,0
0.32,2126073693,targeted,betweenness,86,14,0.16279069767441862,13,0.1511627906976744,0
0.32,119530570,targeted,betweenness,86,14,0.16279069767441862,13,0.1511627906976744,0
0.32,310383191,targeted,betweenness,86,14,0.16279069767441862,13,0.1511627906976744,0
0.32,1068080203,targeted,betweenness,86,14,0.16279069767441862,13,0.1511627906976744,0
0.32,1120058141,targeted,betweenness,86,14,0.16279069767441862,13,0.1511627906976744,0
0.32,1343922073,targeted,betweenness,86,14,0.16279069767441862,13,0.1511627906976744,0
0.32,1242392158,targeted,betweenness,86,14,0.16279069767441862,13,0.1511627906976744,0
0.32,1317914328,targeted,betweenness,86,14,0.16279069767441862,13,0.1511627906976744,0
0.32,168141432,targeted,betweenness,86,14,0.16279069767441862,13,0.1511627906976744,0
0.32,2841818478,targeted,betweenness,86,14,0.16279069767441862,13,0.1511627906976744,0
0.32,4180622152,targeted,betweenness,86,14,0.16279069767441862,13,0.1511627906976744,0
0.32,2832546966,targeted,betweenness,86,14,0.16279069767441862,13,0.1511627906976744,0
0.32,3961310240,targeted,betweenness,86,14,0.16279069767441862,13,0.1511627906976744,0
0.32,2557399528,targeted,betweenness,86,14,0.16279069767441862,13,0.1511627906976744,0
0.32,1056206408,targeted,betweenness,86,14,0.16279069767441862,13,0.1511627906976744,0
0.33,3344922676,targeted,betweenness,86,14,0.16279069767441862,13,0.1511627906976744,0
0.33,1119544478,targeted,betweenness,86,14,0.16279069767441862,13,0.1511627906976744,0
0.33,1365566309,targeted,betweenness,86,14,0.16279069767441862,13,0.1511627906976744,0
0.33,3981387322,targeted,betweenness,86,14,0.16279069767441862,13,0.1511627906976744,0
0.33,3821667283,targeted,betweenness,86,14,0.16279069767441862,13,0.1511627906976744,0
0.33,3133419783,targeted,betweenness,86,14,0.16279069767441862,13,0.1511627906976744,0
0.33,1667484903,targeted,betweenness,86,14,0.16279069767441862,13,0.1511627906976744,0
0.33,765860827,targeted,betweenness,86,14,0.16279069767441862,13,0.1511627906976744,0
0.33,891194086,targeted,betweenness,86,14,0.16279069767441862,13,0.1511627906976744,0
0.33,3214701125,targeted,betweenness,86,14,0.16279069767441862,13,0.1511627906976744,0
0.33,3362169863,targeted,betweenness,86,14,0.16279069767441862,13,0.1511627906976744,0
0.33,954740300,targeted,betweenness,86,14,0.16279069767441862,13,0.1511627906976744,0
0.33,252542315,targeted,betweenness,86,14,0.16279069767441862,13,0.1511627906976744,0
0.33,196982990,targeted,betweenness,86,14,0.16279069767441862,13,0.1511627906976744,0
0.33,1436905843,targeted,betweenness,86,14,0.16279069767441862,13,0.1511627906976744,0
0.33,629620145,targeted,betweenness,86,14,0.16279069767441862,13,0.1511627906976744,0
0.33,3458829802,targeted,betweenness,86,14,0.16279069767441862,13,0.1511627906976744,0
0.33,1199502140,targeted,betweenness,86,14,0.16279069767441862,13,0.1511627906976744,0
0.33,3827007149,targeted,betweenness,86,14,0.16279069767441862,13,0.1511627906976744,0
0.33,3445046120,targeted,betweenness,86,14,0.16279069767441862,13,0.1511627906976744,0
0.33,1127693568,targeted,betweenness,86,14,0.16279069767441862,13,0.1511627906976744,0
0.33,4032276781,targeted,betweenness,86,14,0.16279069767441862,13,0.1511627906976744,0
0.33,367537780,targeted,betweenness,86,14,0.16279069767441862,13,0.1511627906976744,0
0.33,1989875365,targeted,betweenness,86,14,0.16279069767441862,13,0.1511627906976744,0
0.33,3369472552,targeted,betweenness,86,14,0.16279069767441862,13,0.1511627906976744,0
0.33,1477674721,targeted,betweenness,86,14,0.16279069767441862,13,0.1511627906976744,0
0.33,3073637430,targeted,betweenness,86,14,0.16279069767441862,13,0.1511627906976744,0
0.33,2445513281,targeted,betweenness,86,14,0.16279069767441862,13,0.1511627906976744,0
0.33,2427396250,targeted,betweenness,86,14,0.16279069767441862,13,0.1511627906976744,0
0.33,3627994155,targeted,betweenness,86,14,0.16279069767441862,13,0.1511627906976744,0
0.33,1180019918,targeted,betweenness,86,14,0.16279069767441862,13,0.1511627906976744,0
0.33,1717199002,targeted,betweenness,86,14,0.16279069767441862,13,0.1511627906976744,0
0.33,3124989996,targeted,betweenness,86,14,0.16279069767441862,13,0.1511627906976744,0
0.33,4036230701,targeted,betweenness,86,14,0.16279069767441862,13,0.1511627906976744,0
0.33,760014579,targeted,betweenness,86,14,0.16279069767441862,13,0.1511627906976744,0
0.33,815341715,targeted,betweenness,86,14,0.16279069767441862,13,0.1511627906976744,0
0.33,1374206420,targeted,betweenness,86,14,0.16279069767441862,13,0.1511627906976744,0
0.33,2095545236,targeted,betweenness,86,14,0.16279069767441862,13,0.1511627906976744,0
0.33,3435756167,targeted,betweenness,86,14,0.16279069767441862,13,0.1511627906976744,0
0.33,4000493408,targeted,betweenness,86,14,0.16279069767441862,13,0.1511627906976744,0
0.33,583524307,targeted,betweenness,86,14,0.16279069767441862,13,0.1511627906976744,0
0.33,300277188,targeted,betweenness,86,14,0.16279069767441862,13,0.1511627906976744,0
0.33,1167629013,targeted,betweenness,86,14,0.16279069767441862,13,0.1511627906976744,0
0.33,2765680238,targeted,betweenness,86,14,0.16279069767441862,13,0.1511627906976744,0
0.33,2371583781,targeted,betweenness,86,14,0.16279069767441862,13,0.1511627906976744,0
0.33,4085015512,targeted,betweenness,86,14,0.16279069767441862,13,0.1511627906976744,0
0.33,1938032801,targeted,betweenness,86,14,0.16279069767441862,13,0.1511627906976744,0
0.33,2211088076,targeted,betweenness,86,14,0.16279069767441862,13,0.1511627906976744,0
0.33,2341597742,targeted,betweenness,86,14,0.16279069767441862,13,0.1511627906976744,0
0.33,159228448,targeted,betweenness,86,14,0.16279069767441862,13,0.1511627906976744,0
0.33,2168654545,targeted,betweenness,86,14,0.16279069767441862,13,0.1511627906976744,0
0.33,1430709347,targeted,betweenness,86,14,0.16279069767441862,13,0.1511627906976744,0
0.33,2532831917,targeted,betweenness,86,14,0.16279069767441862,13,0.1511627906976744,0
0.33,1444349190,targeted,betweenness,86,14,0.16279069767441862,13,0.1511627906976744,0
0.33,3302478213,targeted,betweenness,86,14,0.16279069767441862,13,0.1511627906976744,0
0.33,1357776318,targeted,betweenness,86,14,0.16279069767441862,13,0.1511627906976744,0
0.33,3042075057,targeted,betweenness,86,14,0.16279069767441862,13,0.1511627906976744,0
0.33,3624773288,targeted,betweenness,86,14,0.16279069767441862,13,0.1511627906976744,0
0.33,1587767399,targeted,betweenness,86,14,0.16279069767441862,13,0.1511627906976744,0
0.33,2349399765,targeted,betweenness,86,14,0.16279069767441862,13,0.1511627906976744,0
0.33,187546640,targeted,betweenness,86,14,0.16279069767441862,13,0.1511627906976744,0
0.33,416678177,targeted,betweenness,86,14,0.16279069767441862,13,0.1511627906976744,0
0.33,3312276955,targeted,betweenness,86,14,0.16279069767441862,13,0.1511627906976744,0
0.33,3209946542,targeted,betweenness,86,14,0.16279069767441862,13,0.1511627906976744,0
0.33,1762226490,targeted,betweenness,86,14,0.16279069767441862,13,0.1511627906976744,0
0.33,159917294,targeted,betweenness,86,14,0.16279069767441862,13,0.1511627906976744,0
0.33,753767640,targeted,betweenness,86,14,0.16279069767441862,13,0.1511627906976744,0
0.33,1503067291,targeted,betweenness,86,14,0.16279069767441862,13,0.1511627906976744,0
0.33,3894362132,targeted,betweenness,86,14,0.16279069767441862,13,0.1511627906976744,0
0.33,66204990,targeted,betweenness,86,14,0.16279069767441862,13,0.1511627906976744,0
0.33,3035680064,targeted,betweenness,86,14,0.16279069767441862,13,0.1511627906976744,0
0.33,3157327175,targeted,betweenness,86,14,0.16279069767441862,13,0.1511627906976744,0
0.33,1405548672,targeted,betweenness,86,14,0.16279069767441862,13,0.1511627906976744,0
0.33,1790582534,targeted,betweenness,86,14,0.16279069767441862,13,0.1511627906976744,0
0.33,769206148,targeted,betweenness,86,14,0.16279069767441862,13,0.1511627906976744,0
0.33,2416539250,targeted,betweenness,86,14,0.16279069767441862,13,0.1511627906976744,0
0.33,1489328675,targeted,betweenness,86,14,0.16279069767441862,13,0.1511627906976744,0
0.33,626824365,targeted,betweenness,86,14,0.16279069767441862,13,0.1511627906976744,0
0.33,909625967,targeted,betweenness,86,14,0.16279069767441862,13,0.1511627906976744,0
0.33,323976020,targeted,betweenness,86,14,0.16279069767441862,13,0.1511627906976744,0
0.33,3958329177,targeted,betweenness,86,14,0.16279069767441862,13,0.1511627906976744,0
0.33,237728959,targeted,betweenness,86,14,0.16279069767441862,13,0.1511627906976744,0
0.33,820119314,targeted,betweenness,86,14,0.16279069767441862,13,0.1511627906976744,0
0.33,1337159235,targeted,betweenness,86,14,0.16279069767441862,13,0.1511627906976744,0
0.33,1242207888,targeted,betweenness,86,14,0.16279069767441862,13,0.1511627906976744,0
0.33,3744610844,targeted,betweenness,86,14,0.16279069767441862,13,0.1511627906976744,0
0.33,505304550,targeted,betweenness,86,14,0.16279069767441862,13,0.1511627906976744,0
0.33,2699470036,targeted,betweenness,86,14,0.16279069767441862,13,0.1511627906976744,0
0.33,738125066,targeted,betweenness,86,14,0.16279069767441862,13,0.1511627906976744,0
0.33,1806118164,targeted,betweenness,86,14,0.16279069767441862,13,0.1511627906976744,0
0.33,858883729,targeted,betweenness,86,14,0.16279069767441862,13,0.1511627906976744,0
0.33,4264687250,targeted,betweenness,86,14,0.16279069767441862,13,0.1511627906976744,0
0.33,194759908,targeted,betweenness,86,14,0.16279069767441862,13,0.1511627906976744,0
0.33,1308243695,targeted,betweenness,86,14,0.16279069767441862,13,0.1511627906976744,0
0.33,706617361,targeted,betweenness,86,14,0.16279069767441862,13,0.1511627906976744,0
0.33,3678621391,targeted,betweenness,86,14,0.16279069767441862,13,0.1511627906976744,0
0.33,432382417,targeted,betweenness,86,14,0.16279069767441862,13,0.1511627906976744,0
0.33,2770102448,targeted,betweenness,86,14,0.16279069767441862,13,0.1511627906976744,0
0.33,3745505360,targeted,betweenness,86,14,0.16279069767441862,13,0.1511627906976744,0
0.33,2184626041,targeted,betweenness,86,14,0.16279069767441862,13,0.1511627906976744,0
0.34,1155119200,targeted,betweenness,86,13,0.1511627906976744,13,0.1511627906976744,0
0.34,3525777249,targeted,betweenness,86,13,0.1511627906976744,13,0.1511627906976744,0
0.34,2880018238,targeted,betweenness,86,13,0.1511627906976744,13,0.1511627906976744,0
0.34,1496335034,targeted,betweenness,86,13,0.1511627906976744,13,0.1511627906976744,0
0.34,3816761020,targeted,betweenness,86,13,0.1511627906976744,13,0.1511627906976744,0
0.34,1868657478,targeted,betweenness,86,13,0.1511627906976744,13,0.1511627906976744,0
0.34,4289851018,targeted,betweenness,86,13,0.1511627906976744,13,0.1511627906976744,0
0.34,3356728906,targeted,betweenness,86,13,0.1511627906976744,13,0.1511627906976744,0
0.34,947151303,targeted,betweenness,86,13,0.1511627906976744,13,0.1511627906976744,0
0.34,1008539134,targeted,betweenness,86,13,0.1511627906976744,13,0.1511627906976744,0
0.34,1778930689,targeted,betweenness,86,13,0.1511627906976744,13,0.1511627906976744,0
0.34,2176479624,targeted,betweenness,86,13,0.1511627906976744,13,0.1511627906976744,0
0.34,737518981,targeted,betweenness,86,13,0.1511627906976744,13,0.1511627906976744,0
0.34,600043923,targeted,betweenness,86,13,0.1511627906976744,13,0.1511627906976744,0
0.34,2841694149,targeted,betweenness,86,13,0.1511627906976744,13,0.1511627906976744,0
0.34,29592387,targeted,betweenness,86,13,0.1511627906976744,13,0.1511627906976744,0
0.34,2106530386,targeted,betweenness,86,13,0.1511627906976744,13,0.1511627906976744,0
0.34,2637615825,targeted,betweenness,86,13,0.1511627906976744,13,0.1511627906976744,0
0.34,870444898,targeted,betweenness,86,13,0.1511627906976744,13,0.1511627906976744,0
0.34,820737063,targeted,betweenness,86,13,0.1511627906976744,13,0.1511627906976744,0
0.34,1997950687,targeted,betweenness,86,13,0.1511627906976744,13,0.1511627906976744,0
0.34,1072539910,targeted,betweenness,86,13,0.1511627906976744,13,0.1511627906976744,0
0.34,3332847102,targeted,betweenness,86,13,0.1511627906976744,13,0.1511627906976744,0
0.34,3775233259,targeted,betweenness,86,13,0.1511627906976744,13,0.1511627906976744,0
0.34,197783611,targeted,betweenness,86,13,0.1511627906976744,13,0.1511627906976744,0
0.34,1212606491,targeted,betweenness,86,13,0.1511627906976744,13,0.1511627906976744,0
0.34,397784431,targeted,betweenness,86,13,0.1511627906976744,13,0.1511627906976744,0
0.34,3832407807,targeted,betweenness,86,13,0.1511627906976744,13,0.1511627906976744,0
0.34,1238029317,targeted,betweenness,86,13,0.1511627906976744,13,0.1511627906976744,0
0.34,3907396274,targeted,betweenness,86,13,0.1511627906976744,13,0.1511627906976744,0
0.34,2939034813,targeted,betweenness,86,13,0.1511627906976744,13,0.1511627906976744,0
0.34,1419940105,targeted,betweenness,86,13,0.1511627906976744,13,0.1511627906976744,0
0.34,4182684450,targeted,betweenness,86,13,0.1511627906976744,13,0.1511627906976744,0
0.34,3417406699,targeted,betweenness,86,13,0.1511627906976744,13,0.1511627906976744,0
0.34,1911460523,targeted,betweenness,86,13,0.1511627906976744,13,0.1511627906976744,0
0.34,1722946527,targeted,betweenness,86,13,0.1511627906976744,13,0.1511627906976744,0
0.34,3637467080,targeted,betweenness,86,13,0.1511627906976744,13,0.1511627906976744,0
0.34,289827312,targeted,betweenness,86,13,0.1511627906976744,13,0.1511627906976744,0
0.34,3135226927,targeted,betweenness,86,13,0.1511627906976744,13,0.1511627906976744,0
0.34,1810896893,targeted,betweenness,86,13,0.1511627906976744,13,0.1511627906976744,0
0.34,180969940,targeted,betweenness,86,13,0.1511627906976744,13,0.1511627906976744,0
0.34,2112175060,targeted,betweenness,86,13,0.1511627906976744,13,0.1511627906976744,0
0.34,618097777,targeted,betweenness,86,13,0.1511627906976744,13,0.1511627906976744,0
0.34,880375367,targeted,betweenness,86,13,0.1511627906976744,13,0.1511627906976744,0
0.34,105120546,targeted,betweenness,86,13,0.1511627906976744,13,0.1511627906976744,0
0.34,2934203232,targeted,betweenness,86,13,0.1511627906976744,13,0.1511627906976744,0
0.34,1920806447,targeted,betweenness,86,13,0.1511627906976744,13,0.1511627906976744,0
0.34,2536161923,targeted,betweenness,86,13,0.1511627906976744,13,0.1511627906976744,0
0.34,1213643541,targeted,betweenness,86,13,0.1511627906976744,13,0.1511627906976744,0
0.34,526768006,targeted,betweenness,86,13,0.1511627906976744,13,0.1511627906976744,0
0.34,285576121,targeted,betweenness,86,13,0.1511627906976744,13,0.1511627906976744,0
0.34,2235594764,targeted,betweenness,86,13,0.1511627906976744,13,0.1511627906976744,0
0.34,2365278091,targeted,betweenness,86,13,0.1511627906976744,13,0.1511627906976744,0
0.34,3393796215,targeted,betweenness,86,13,0.1511627906976744,13,0.1511627906976744,0
0.34,2239527363,targeted,betweenness,86,13,0.1511627906976744,13,0.1511627906976744,0
0.34,2573562183,targeted,betweenness,86,13,0.1511627906976744,13,0.1511627906976744,0
0.34,347117104,targeted,betweenness,86,13,0.1511627906976744,13,0.1511627906976744,0
0.34,3999210796,targeted,betweenness,86,13,0.1511627906976744,13,0.1511627906976744,0
0.34,1606109427,targeted,betweenness,86,13,0.1511627906976744,13,0.1511627906976744,0
0.34,2554926397,targeted,betweenness,86,13,0.1511627906976744,13,0.1511627906976744,0
0.34,959097863,targeted,betweenness,86,13,0.1511627906976744,13,0.1511627906976744,0
0.34,4092323323,targeted,betweenness,86,13,0.1511627906976744,13,0.1511627906976744,0
0.34,2055800263,targeted,betweenness,86,13,0.1511627906976744,13,0.1511627906976744,0
0.34,902035171,targeted,betweenness,86,13,0.1511627906976744,13,0.1511627906976744,0
0.34,412324829,targeted,betweenness,86,13,0.1511627906976744,13,0.1511627906976744,0
0.34,4106591925,targeted,betweenness,86,13,0.1511627906976744,13,0.1511627906976744,0
0.34,4289566284,targeted,betweenness,86,13,0.1511627906976744,13,0.1511627906976744,0
0.34,3407577849,targeted,betweenness,86,13,0.1511627906976744,13,0.1511627906976744,0
0.34,2539407913,targeted,betweenness,86,13,0.1511627906976744,13,0.1511627906976744,0
0.34,2897946916,targeted,betweenness,86,13,0.1511627906976744,13,0.1511627906976744,0
0.34,2031164602,targeted,betweenness,86,13,0.1511627906976744,13,0.1511627906976744,0
0.34,3200879429,targeted,betweenness,86,13,0.1511627906976744,13,0.1511627906976744,0
0.34,923416033,targeted,betweenness,86,13,0.1511627906976744,13,0.1511627906976744,0
0.34,2451562776,targeted,betweenness,86,13,0.1511627906976744,13,0.1511627906976744,0
0.34,1918298345,targeted,betweenness,86,13,0.1511627906976744,13,0.1511627906976744,0
0.34,3194728795,targeted,betweenness,86,13,0.1511627906976744,13,0.1511627906976744,0
0.34,710708391,targeted,betweenness,86,13,0.1511627906976744,13,0.1511627906976744,0
0.34,2102309111,targeted,betweenness,86,13,0.1511627906976744,13,0.1511627906976744,0
0.34,3302448195,targeted,betweenness,86,13,0.1511627906976744,13,0.1511627906976744,0
0.34,557009866,targeted,betweenness,86,13,0.1511627906976744,13,0.1511627906976744,0
0.34,2503083337,targeted,betweenness,86,13,0.1511627906976744,13,0.1511627906976744,0
0.34,2954018991,targeted,betweenness,86,13,0.1511627906976744,13,0.1511627906976744,0
0.34,380198388,targeted,betweenness,86,13,0.1511627906976744,13,0.1511627906976744,0
0.34,1910309889,targeted,betweenness,86,13,0.1511627906976744,13,0.1511627906976744,0
0.34,1320583058,targeted,betweenness,86,13,0.1511627906976744,13,0.1511627906976744,0
0.34,397859822,targeted,betweenness,86,13,0.1511627906976744,13,0.1511627906976744,0
0.34,3366685551,targeted,betweenness,86,13,0.1511627906976744,13,0.1511627906976744,0
0.34,2756700346,targeted,betweenness,86,13,0.1511627906976744,13,0.1511627906976744,0
0.34,593349004,targeted,betweenness,86,13,0.1511627906976744,13,0.1511627906976744,0
0.34,2871102520,targeted,betweenness,86,13,0.1511627906976744,13,0.1511627906976744,0
0.34,2158593425,targeted,betweenness,86,13,0.1511627906976744,13,0.1511627906976744,0
0.34,3271327619,targeted,betweenness,86,13,0.1511627906976744,13,0.1511627906976744,0
0.34,708898578,targeted,betweenness,86,13,0.1511627906976744,13,0.1511627906976744,0
0.34,471103852,targeted,betweenness,86,13,0.1511627906976744,13,0.1511627906976744,0
0.34,3506051978,targeted,betweenness,86,13,0.1511627906976744,13,0.1511627906976744,0
0.34,4139406212,targeted,betweenness,86,13,0.1511627906976744,13,0.1511627906976744,0
0.34,2892103560,targeted,betweenness,86,13,0.1511627906976744,13,0.1511627906976744,0
0.34,2275073497,targeted,betweenness,86,13,0.1511627906976744,13,0.1511627906976744,0
0.34,1810803746,targeted,betweenness,86,13,0.1511627906976744,13,0.1511627906976744,0
0.34,2322042765,targeted,betweenness,86,13,0.1511627906976744,13,0.1511627906976744,0
0.35,542567736,targeted,betweenness,86,13,0.1511627906976744,12,0.13953488372093023,0
0.35,2682155093,targeted,betweenness,86,13,0.1511627906976744,12,0.13953488372093023,0
0.35,2064172372,targeted,betweenness,86,13,0.1511627906976744,12,0.13953488372093023,0
0.35,1970912567,targeted,betweenness,86,13,0.1511627906976744,12,0.13953488372093023,0
0.35,3869248807,targeted,betweenness,86,13,0.1511627906976744,12,0.13953488372093023,0
0.35,3137784046,targeted,betweenness,86,13,0.1511627906976744,12,0.13953488372093023,0
0.35,1220661831,targeted,betweenness,86,13,0.1511627906976744,12,0.13953488372093023,0
0.35,3603228813,targeted,betweenness,86,13,0.1511627906976744,12,0.13953488372093023,0
0.35,387035981,targeted,betweenness,86,13,0.1511627906976744,12,0.13953488372093023,0
0.35,648857215,targeted,betweenness,86,13,0.1511627906976744,12,0.13953488372093023,0
0.35,957445327,targeted,betweenness,86,13,0.1511627906976744,12,0.13953488372093023,0
0.35,1821178872,targeted,betweenness,86,13,0.1511627906976744,12,0.13953488372093023,0
0.35,4272392945,targeted,betweenness,86,13,0.1511627906976744,12,0.13953488372093023,0
0.35,553848096,targeted,betweenness,86,13,0.1511627906976744,12,0.13953488372093023,0
0.35,1277365655,targeted,betweenness,86,13,0.1511627906976744,12,0.13953488372093023,0
0.35,2505104226,targeted,betweenness,86,13,0.1511627906976744,12,0.13953488372093023,0
0.35,1174380628,targeted,betweenness,86,13,0.1511627906976744,12,0.13953488372093023,0
0.35,2733852097,targeted,betweenness,86,13,0.1511627906976744,12,0.13953488372093023,0
0.35,2910730557,targeted,betweenness,86,13,0.1511627906976744,12,0.13953488372093023,0
0.35,3265676830,targeted,betweenness,86,13,0.1511627906976744,12,0.13953488372093023,0
0.35,2192224758,targeted,betweenness,86,13,0.1511627906976744,12,0.13953488372093023,0
0.35,3996773008,targeted,betweenness,86,13,0.1511627906976744,12,0.13953488372093023,0
0.35,3613006285,targeted,betweenness,86,13,0.1511627906976744,12,0.13953488372093023,0
0.35,1737844069,targeted,betweenness,86,13,0.1511627906976744,12,0.13953488372093023,0
0.35,2345946831,targeted,betweenness,86,13,0.1511627906976744,12,0.13953488372093023,0
0.35,592725943,targeted,betweenness,86,13,0.1511627906976744,12,0.13953488372093023,0
0.35,2599896474,targeted,betweenness,86,13,0.1511627906976744,12,0.13953488372093023,0
0.35,113906362,targeted,betweenness,86,13,0.1511627906976744,12,0.13953488372093023,0
0.35,2541736839,targeted,betweenness,86,13,0.1511627906976744,12,0.13953488372093023,0
0.35,1170435114,targeted,betweenness,86,13,0.1511627906976744,12,0.13953488372093023,0
0.35,2597066928,targeted,betweenness,86,13,0.1511627906976744,12,0.13953488372093023,0
0.35,2765261749,targeted,betweenness,86,13,0.1511627906976744,12,0.13953488372093023,0
0.35,3477662597,targeted,betweenness,86,13,0.1511627906976744,12,0.13953488372093023,0
0.35,1385711441,targeted,betweenness,86,13,0.1511627906976744,12,0.13953488372093023,0
0.35,2857979726,targeted,betweenness,86,13,0.1511627906976744,12,0.13953488372093023,0
0.35,93402808,targeted,betweenness,86,13,0.1511627906976744,12,0.13953488372093023,0
0.35,1871097167,targeted,betweenness,86,13,0.1511627906976744,12,0.13953488372093023,0
0.35,3384688101,targeted,betweenness,86,13,0.1511627906976744,12,0.13953488372093023,0
0.35,3941404957,targeted,betweenness,86,13,0.1511627906976744,12,0.13953488372093023,0
0.35,3749462228,targeted,betweenness,86,13,0.1511627906976744,12,0.13953488372093023,0
0.35,2227347111,targeted,betweenness,86,13,0.1511627906976744,12,0.13953488372093023,0
0.35,2104041036,targeted,betweenness,86,13,0.1511627906976744,12,0.13953488372093023,0
0.35,2939185409,targeted,betweenness,86,13,0.1511627906976744,12,0.13953488372093023,0
0.35,648284625,targeted,betweenness,86,13,0.1511627906976744,12,0.13953488372093023,0
0.35,1985612489,targeted,betweenness,86,13,0.1511627906976744,12,0.13953488372093023,0
0.35,1710179340,targeted,betweenness,86,13,0.1511627906976744,12,0.13953488372093023,0
0.35,4192903769,targeted,betweenness,86,13,0.1511627906976744,12,0.13953488372093023,0
0.35,758605126,targeted,betweenness,86,13,0.1511627906976744,12,0.13953488372093023,0
0.35,3084024408,targeted,betweenness,86,13,0.1511627906976744,12,0.13953488372093023,0
0.35,1398453922,targeted,betweenness,86,13,0.1511627906976744,12,0.13953488372093023,0
0.35,1301044950,targeted,betweenness,86,13,0.1511627906976744,12,0.13953488372093023,0
0.35,264753721,targeted,betweenness,86,13,0.1511627906976744,12,0.13953488372093023,0
0.35,2695118865,targeted,betweenness,86,13,0.1511627906976744,12,0.13953488372093023,0
0.35,3755314850,targeted,betweenness,86,13,0.1511627906976744,12,0.13953488372093023,0
0.35,2274403297,targeted,betweenness,86,13,0.1511627906976744,12,0.13953488372093023,0
0.35,1226282953,targeted,betweenness,86,13,0.1511627906976744,12,0.13953488372093023,0
0.35,3701718924,targeted,betweenness,86,13,0.1511627906976744,12,0.13953488372093023,0
0.35,291246671,targeted,betweenness,86,13,0.1511627906976744,12,0.13953488372093023,0
0.35,44280279,targeted,betweenness,86,13,0.1511627906976744,12,0.13953488372093023,0
0.35,412536077,targeted,betweenness,86,13,0.1511627906976744,12,0.13953488372093023,0
0.35,954881264,targeted,betweenness,86,13,0.1511627906976744,12,0.13953488372093023,0
0.35,3240511274,targeted,betweenness,86,13,0.1511627906976744,12,0.13953488372093023,0
0.35,741930248,targeted,betweenness,86,13,0.1511627906976744,12,0.13953488372093023,0
0.35,2275912656,targeted,betweenness,86,13,0.1511627906976744,12,0.13953488372093023,0
0.35,339258182,targeted,betweenness,86,13,0.1511627906976744,12,0.13953488372093023,0
0.35,482381908,targeted,betweenness,86,13,0.1511627906976744,12,0.13953488372093023,0
0.35,3846481186,targeted,betweenness,86,13,0.1511627906976744,12,0.13953488372093023,0
0.35,1312291619,targeted,betweenness,86,13,0.1511627906976744,12,0.13953488372093023,0
0.35,59695250,targeted,betweenness,86,13,0.1511627906976744,12,0.13953488372093023,0
0.35,1073527509,targeted,betweenness,86,13,0.1511627906976744,12,0.13953488372093023,0
0.35,1135778309,targeted,betweenness,86,13,0.1511627906976744,12,0.13953488372093023,0
0.35,2073592561,targeted,betweenness,86,13,0.1511627906976744,12,0.13953488372093023,0
0.35,1130332983,targeted,betweenness,86,13,0.1511627906976744,12,0.13953488372093023,0
0.35,1160114635,targeted,betweenness,86,13,0.1511627906976744,12,0.13953488372093023,0
0.35,2997332429,targeted,betweenness,86,13,0.1511627906976744,12,0.13953488372093023,0
0.35,108189191,targeted,betweenness,86,13,0.1511627906976744,12,0.13953488372093023,0
0.35,326925695,targeted,betweenness,86,13,0.1511627906976744,12,0.13953488372093023,0
0.35,2995384887,targeted,betweenness,86,13,0.1511627906976744,12,0.13953488372093023,0
0.35,3529897179,targeted,betweenness,86,13,0.1511627906976744,12,0.13953488372093023,0
0.35,171337566,targeted,betweenness,86,13,0.1511627906976744,12,0.13953488372093023,0
0.35,3423052493,targeted,betweenness,86,13,0.1511627906976744,12,0.13953488372093023,0
0.35,4215389412,targeted,betweenness,86,13,0.1511627906976744,12,0.13953488372093023,0
0.35,1227794471,targeted,betweenness,86,13,0.1511627906976744,12,0.13953488372093023,0
0.35,1613064432,targeted,betweenness,86,13,0.1511627906976744,12,0.13953488372093023,0
0.35,3793404978,targeted,betweenness,86,13,0.1511627906976744,12,0.13953488372093023,0
0.35,3253913875,targeted,betweenness,86,13,0.1511627906976744,12,0.13953488372093023,0
0.35,1269356347,targeted,betweenness,86,13,0.1511627906976744,12,0.13953488372093023,0
0.35,1751416830,targeted,betweenness,86,13,0.1511627906976744,12,0.13953488372093023,0
0.35,1060500980,targeted,betweenness,86,13,0.1511627906976744,12,0.13953488372093023,0
0.35,2633263670,targeted,betweenness,86,13,0.1511627906976744,12,0.13953488372093023,0
0.35,2376523851,targeted,betweenness,86,13,0.1511627906976744,12,0.13953488372093023,0
0.35,952356655,targeted,betweenness,86,13,0.1511627906976744,12,0.13953488372093023,0
0.35,1985045342,targeted,betweenness,86,13,0.1511627906976744,12,0.13953488372093023,0
0.35,1359608613,targeted,betweenness,86,13,0.1511627906976744,12,0.13953488372093023,0
0.35,1951119098,targeted,betweenness,86,13,0.1511627906976744,12,0.13953488372093023,0
0.35,1201823700,targeted,betweenness,86,13,0.1511627906976744,12,0.13953488372093023,0
0.35,4191720314,targeted,betweenness,86,13,0.1511627906976744,12,0.13953488372093023,0
0.35,478249216,targeted,betweenness,86,13,0.1511627906976744,12,0.13953488372093023,0
0.35,4182264722,targeted,betweenness,86,13,0.1511627906976744,12,0.13953488372093023,0
0.35,536018706,targeted,betweenness,86,13,0.1511627906976744,12,0.13953488372093023,0
0.36,522690950,targeted,betweenness,86,12,0.13953488372093023,12,0.13953488372093023,0
0.36,2563361976,targeted,betweenness,86,12,0.13953488372093023,12,0.13953488372093023,0
0.36,3732991104,targeted,betweenness,86,12,0.13953488372093023,12,0.13953488372093023,0
0.36,528338047,targeted,betweenness,86,12,0.13953488372093023,12,0.13953488372093023,0
0.36,1630375010,targeted,betweenness,86,12,0.13953488372093023,12,0.13953488372093023,0
0.36,645435397,targeted,betweenness,86,12,0.13953488372093023,12,0.13953488372093023,0
0.36,758738786,targeted,betweenness,86,12,0.13953488372093023,12,0.13953488372093023,0
0.36,2971692771,targeted,betweenness,86,12,0.13953488372093023,12,0.13953488372093023,0
0.36,1585083929,targeted,betweenness,86,12,0.13953488372093023,12,0.13953488372093023,0
0.36,2511578016,targeted,betweenness,86,12,0.13953488372093023,12,0.13953488372093023,0
0.36,1195009429,targeted,betweenness,86,12,0.13953488372093023,12,0.13953488372093023,0
0.36,608287638,targeted,betweenness,86,12,0.13953488372093023,12,0.13953488372093023,0
0.36,3180425851,targeted,betweenness,86,12,0.13953488372093023,12,0.13953488372093023,0
0.36,1105596210,targeted,betweenness,86,12,0.13953488372093023,12,0.13953488372093023,0
0.36,12600606,targeted,betweenness,86,12,0.13953488372093023,12,0.13953488372093023,0
0.36,3648231001,targeted,betweenness,86,12,0.13953488372093023,12,0.13953488372093023,0
0.36,1631321423,targeted,betweenness,86,12,0.13953488372093023,12,0.13953488372093023,0
0.36,2968747519,targeted,betweenness,86,12,0.13953488372093023,12,0.13953488372093023,0
0.36,1608276362,targeted,betweenness,86,12,0.13953488372093023,12,0.13953488372093023,0
0.36,1619659169,targeted,betweenness,86,12,0.13953488372093023,12,0.13953488372093023,0
0.36,2353828913,targeted,betweenness,86,12,0.13953488372093023,12,0.13953488372093023,0
0.36,3772399789,targeted,betweenness,86,12,0.13953488372093023,12,0.13953488372093023,0
0.36,3627930,targeted,betweenness,86,12,0.13953488372093023,12,0.13953488372093023,0
0.36,2303383543,targeted,betweenness,86,12,0.13953488372093023,12,0.13953488372093023,0
0.36,3726605739,targeted,betweenness,86,12,0.13953488372093023,12,0.13953488372093023,0
0.36,793732595,targeted,betweenness,86,12,0.13953488372093023,12,0.13953488372093023,0
0.36,2737535326,targeted,betweenness,86,12,0.13953488372093023,12,0.13953488372093023,0
0.36,3476444727,targeted,betweenness,86,12,0.13953488372093023,12,0.13953488372093023,0
0.36,2097092237,targeted,betweenness,86,12,0.13953488372093023,12,0.13953488372093023,0
0.36,2195198550,targeted,betweenness,86,12,0.13953488372093023,12,0.13953488372093023,0
0.36,1175454123,targeted,betweenness,86,12,0.13953488372093023,12,0.13953488372093023,0
0.36,4224100150,targeted,betweenness,86,12,0.13953488372093023,12,0.13953488372093023,0
0.36,2542104356,targeted,betweenness,86,12,0.13953488372093023,12,0.13953488372093023,0
0.36,1308154679,targeted,betweenness,86,12,0.13953488372093023,12,0.13953488372093023,0
0.36,4087020070,targeted,betweenness,86,12,0.13953488372093023,12,0.13953488372093023,0
0.36,1071172826,targeted,betweenness,86,12,0.13953488372093023,12,0.13953488372093023,0
0.36,3026053462,targeted,betweenness,86,12,0.13953488372093023,12,0.13953488372093023,0
0.36,1872834576,targeted,betweenness,86,12,0.13953488372093023,12,0.13953488372093023,0
0.36,115353300,targeted,betweenness,86,12,0.13953488372093023,12,0.13953488372093023,0
0.36,80957457,targeted,betweenness,86,12,0.13953488372093023,12,0.13953488372093023,0
0.36,650942415,targeted,betweenness,86,12,0.13953488372093023,12,0.13953488372093023,0
0.36,2241692090,targeted,betweenness,86,12,0.13953488372093023,12,0.13953488372093023,0
0.36,757283655,targeted,betweenness,86,12,0.13953488372093023,12,0.13953488372093023,0
0.36,3680836318,targeted,betweenness,86,12,0.13953488372093023,12,0.13953488372093023,0
0.36,819856123,targeted,betweenness,86,12,0.13953488372093023,12,0.13953488372093023,0
0.36,864866045,targeted,betweenness,86,12,0.13953488372093023,12,0.13953488372093023,0
0.36,1359930623,targeted,betweenness,86,12,0.13953488372093023,12,0.13953488372093023,0
0.36,3392754886,targeted,betweenness,86,12,0.13953488372093023,12,0.13953488372093023,0
0.36,1414122170,targeted,betweenness,86,12,0.13953488372093023,12,0.13953488372093023,0
0.36,1204386653,targeted,betweenness,86,12,0.13953488372093023,12,0.13953488372093023,0
0.36,3652882251,targeted,betweenness,86,12,0.13953488372093023,12,0.13953488372093023,0
0.36,524873263,targeted,betweenness,86,12,0.13953488372093023,12,0.13953488372093023,0
0.36,215927210,targeted,betweenness,86,12,0.13953488372093023,12,0.13953488372093023,0
0.36,3920913311,targeted,betweenness,86,12,0.13953488372093023,12,0.13953488372093023,0
0.36,68085012,targeted,betweenness,86,12,0.13953488372093023,12,0.13953488372093023,0
0.36,3495321745,targeted,betweenness,86,12,0.13953488372093023,12,0.13953488372093023,0
0.36,3239368443,targeted,betweenness,86,12,0.13953488372093023,12,0.13953488372093023,0
0.36,4287105564,targeted,betweenness,86,12,0.13953488372093023,12,0.13953488372093023,0
0.36,1830776512,targeted,betweenness,86,12,0.13953488372093023,12,0.13953488372093023,0
0.36,2127794119,targeted,betweenness,86,12,0.13953488372093023,12,0.13953488372093023,0
0.36,1922666233,targeted,betweenness,86,12,0.13953488372093023,12,0.13953488372093023,0
0.36,69767807,targeted,betweenness,86,12,0.13953488372093023,12,0.13953488372093023,0
0.36,1177822774,targeted,betweenness,86,12,0.13953488372093023,12,0.13953488372093023,0
0.36,3895101987,targeted,betweenness,86,12,0.13953488372093023,12,0.13953488372093023,0
0.36,1487128442,targeted,betweenness,86,12,0.13953488372093023,12,0.13953488372093023,0
0.36,552741208,targeted,betweenness,86,12,0.13953488372093023,12,0.13953488372093023,0
0.36,2452837559,targeted,betweenness,86,12,0.13953488372093023,12,0.13953488372093023,0
0.36,3793488273,targeted,betweenness,86,12,0.13953488372093023,12,0.13953488372093023,0
0.36,2820178499,targeted,betweenness,86,12,0.13953488372093023,12,0.13953488372093023,0
0.36,2824841287,targeted,betweenness,86,12,0.13953488372093023,12,0.13953488372093023,0
0.36,294163217,targeted,betweenness,86,12,0.13953488372093023,12,0.13953488372093023,0
0.36,473928855,targeted,betweenness,86,12,0.13953488372093023,12,0.13953488372093023,0
0.36,2461237271,targeted,betweenness,86,12,0.13953488372093023,12,0.13953488372093023,0
0.36,2808035572,targeted,betweenness,86,12,0.13953488372093023,12,0.13953488372093023,0
0.36,4127491157,targeted,betweenness,86,12,0.13953488372093023,12,0.13953488372093023,0
0.36,4184672221,targeted,betweenness,86,12,0.13953488372093023,12,0.13953488372093023,0
0.36,3246098937,targeted,betweenness,86,12,0.13953488372093023,12,0.13953488372093023,0
0.36,474335055,targeted,betweenness,86,12,0.13953488372093023,12,0.13953488372093023,0
0.36,771059785,targeted,betweenness,86,12,0.13953488372093023,12,0.13953488372093023,0
0.36,785221068,targeted,betweenness,86,12,0.13953488372093023,12,0.13953488372093023,0
0.36,4223475422,targeted,betweenness,86,12,0.13953488372093023,12,0.13953488372093023,0
0.36,3439398080,targeted,betweenness,86,12,0.13953488372093023,12,0.13953488372093023,0
0.36,3426037973,targeted,betweenness,86,12,0.13953488372093023,12,0.13953488372093023,0
0.36,911845494,targeted,betweenness,86,12,0.13953488372093023,12,0.13953488372093023,0
0.36,3114296605,targeted,betweenness,86,12,0.13953488372093023,12,0.13953488372093023,0
0.36,2621900789,targeted,betweenness,86,12,0.13953488372093023,12,0.13953488372093023,0
0.36,1779416888,targeted,betweenness,86,12,0.13953488372093023,12,0.13953488372093023,0
0.36,2606615630,targeted,betweenness,86,12,0.13953488372093023,12,0.13953488372093023,0
0.36,3776884186,targeted,betweenness,86,12,0.13953488372093023,12,0.13953488372093023,0
0.36,2918107919,targeted,betweenness,86,12,0.13953488372093023,12,0.13953488372093023,0
0.36,1041771187,targeted,betweenness,86,12,0.13953488372093023,12,0.13953488372093023,0
0.36,1436408021,targeted,betweenness,86,12,0.13953488372093023,12,0.13953488372093023,0
0.36,245738536,targeted,betweenness,86,12,0.13953488372093023,12,0.13953488372093023,0
0.36,571841599,targeted,betweenness,86,12,0.13953488372093023,12,0.13953488372093023,0
0.36,2783751199,targeted,betweenness,86,12,0.13953488372093023,12,0.13953488372093023,0
0.36,2506499389,targeted,betweenness,86,12,0.13953488372093023,12,0.13953488372093023,0
0.36,27263947,targeted,betweenness,86,12,0.13953488372093023,12,0.13953488372093023,0
0.36,3549176965,targeted,betweenness,86,12,0.13953488372093023,12,0.13953488372093023,0
0.36,1316606112,targeted,betweenness,86,12,0.13953488372093023,12,0.13953488372093023,0
0.36,3158244726,targeted,betweenness,86,12,0.13953488372093023,12,0.13953488372093023,0
0.37,77752796,targeted,betweenness,86,12,0.13953488372093023,11,0.12790697674418605,0
0.37,1963548256,targeted,betweenness,86,12,0.13953488372093023,11,0.12790697674418605,0
0.37,3573142588,targeted,betweenness,86,12,0.13953488372093023,11,0.12790697674418605,0
0.37,2521027840,targeted,betweenness,86,12,0.13953488372093023,11,0.12790697674418605,0
0.37,2044330600,targeted,betweenness,86,12,0.13953488372093023,11,0.12790697674418605,0
0.37,2537493665,targeted,betweenness,86,12,0.13953488372093023,11,0.12790697674418605,0
0.37,2474736020,targeted,betweenness,86,12,0.13953488372093023,11,0.12790697674418605,0
0.37,1863930967,targeted,betweenness,86,12,0.13953488372093023,11,0.12790697674418605,0
0.37,2592712672,targeted,betweenness,86,12,0.13953488372093023,11,0.12790697674418605,0
0.37,3770657558,targeted,betweenness,86,12,0.13953488372093023,11,0.12790697674418605,0
0.37,2556021298,targeted,betweenness,86,12,0.13953488372093023,11,0.12790697674418605,0
0.37,3265225383,targeted,betweenness,86,12,0.13953488372093023,11,0.12790697674418605,0
0.37,1023480201,targeted,betweenness,86,12,0.13953488372093023,11,0.12790697674418605,0
0.37,1509448360,targeted,betweenness,86,12,0.13953488372093023,11,0.12790697674418605,0
0.37,1750986427,targeted,betweenness,86,12,0.13953488372093023,11,0.12790697674418605,0
0.37,884003335,targeted,betweenness,86,12,0.13953488372093023,11,0.12790697674418605,0
0.37,1967595887,targeted,betweenness,86,12,0.13953488372093023,11,0.12790697674418605,0
0.37,4106378266,targeted,betweenness,86,12,0.13953488372093023,11,0.12790697674418605,0
0.37,1691186223,targeted,betweenness,86,12,0.13953488372093023,11,0.12790697674418605,0
0.37,807708631,targeted,betweenness,86,12,0.13953488372093023,11,0.12790697674418605,0
0.37,2514606066,targeted,betweenness,86,12,0.13953488372093023,11,0.12790697674418605,0
0.37,878557291,targeted,betweenness,86,12,0.13953488372093023,11,0.12790697674418605,0
0.37,2406322067,targeted,betweenness,86,12,0.13953488372093023,11,0.12790697674418605,0
0.37,3031313087,targeted,betweenness,86,12,0.13953488372093023,11,0.12790697674418605,0
0.37,2417448624,targeted,betweenness,86,12,0.13953488372093023,11,0.12790697674418605,0
0.37,813635011,targeted,betweenness,86,12,0.13953488372093023,11,0.12790697674418605,0
0.37,3229943054,targeted,betweenness,86,12,0.13953488372093023,11,0.12790697674418605,0
0.37,1010864397,targeted,betweenness,86,12,0.13953488372093023,11,0.12790697674418605,0
0.37,2430801434,targeted,betweenness,86,12,0.13953488372093023,11,0.12790697674418605,0
0.37,2061855035,targeted,betweenness,86,12,0.13953488372093023,11,0.12790697674418605,0
0.37,2552126265,targeted,betweenness,86,12,0.13953488372093023,11,0.12790697674418605,0
0.37,3179343940,targeted,betweenness,86,12,0.13953488372093023,11,0.12790697674418605,0
0.37,2047756842,targeted,betweenness,86,12,0.13953488372093023,11,0.12790697674418605,0
0.37,3681666579,targeted,betweenness,86,12,0.13953488372093023,11,0.12790697674418605,0
0.37,4056852815,targeted,betweenness,86,12,0.13953488372093023,11,0.12790697674418605,0
0.37,2438449615,targeted,betweenness,86,12,0.13953488372093023,11,0.12790697674418605,0
0.37,1060947922,targeted,betweenness,86,12,0.13953488372093023,11,0.12790697674418605,0
0.37,3013227199,targeted,betweenness,86,12,0.13953488372093023,11,0.12790697674418605,0
0.37,2217514859,targeted,betweenness,86,12,0.13953488372093023,11,0.12790697674418605,0
0.37,4122616842,targeted,betweenness,86,12,0.13953488372093023,11,0.12790697674418605,0
0.37,3947208151,targeted,betweenness,86,12,0.13953488372093023,11,0.12790697674418605,0
0.37,3224253848,targeted,betweenness,86,12,0.13953488372093023,11,0.12790697674418605,0
0.37,1659459993,targeted,betweenness,86,12,0.13953488372093023,11,0.12790697674418605,0
0.37,2400475857,targeted,betweenness,86,12,0.13953488372093023,11,0.12790697674418605,0
0.37,2430626180,targeted,betweenness,86,12,0.13953488372093023,11,0.12790697674418605,0
0.37,1727056259,targeted,betweenness,86,12,0.13953488372093023,11,0.12790697674418605,0
0.37,3655425245,targeted,betweenness,86,12,0.13953488372093023,11,0.12790697674418605,0
0.37,193155417,targeted,betweenness,86,12,0.13953488372093023,11,0.12790697674418605,0
0.37,3007388542,targeted,betweenness,86,12,0.13953488372093023,11,0.12790697674418605,0
0.37,2731128794,targeted,betweenness,86,12,0.13953488372093023,11,0.12790697674418605,0
0.37,3094043271,targeted,betweenness,86,12,0.13953488372093023,11,0.12790697674418605,0
0.37,2929882813,targeted,betweenness,86,12,0.13953488372093023,11,0.12790697674418605,0
0.37,1388765804,targeted,betweenness,86,12,0.13953488372093023,11,0.12790697674418605,0
0.37,107209722,targeted,betweenness,86,12,0.13953488372093023,11,0.12790697674418605,0
0.37,3274190172,targeted,betweenness,86,12,0.13953488372093023,11,0.12790697674418605,0
0.37,1818009110,targeted,betweenness,86,12,0.13953488372093023,11,0.12790697674418605,0
0.37,2935822671,targeted,betweenness,86,12,0.13953488372093023,11,0.12790697674418605,0
0.37,3277383308,targeted,betweenness,86,12,0.13953488372093023,11,0.12790697674418605,0
0.37,4012053324,targeted,betweenness,86,12,0.13953488372093023,11,0.12790697674418605,0
0.37,1276114708,targeted,betweenness,86,12,0.13953488372093023,11,0.12790697674418605,0
0.37,2228463499,targeted,betweenness,86,12,0.13953488372093023,11,0.12790697674418605,0
0.37,3498155541,targeted,betweenness,86,12,0.13953488372093023,11,0.12790697674418605,0
0.37,569527237,targeted,betweenness,86,12,0.13953488372093023,11,0.12790697674418605,0
0.37,4183674553,targeted,betweenness,86,12,0.13953488372093023,11,0.12790697674418605,0
0.37,44272886,targeted,betweenness,86,12,0.13953488372093023,11,0.12790697674418605,0
0.37,1359342308,targeted,betweenness,86,12,0.13953488372093023,11,0.12790697674418605,0
0.37,566591311,targeted,betweenness,86,12,0.13953488372093023,11,0.12790697674418605,0
0.37,2453901882,targeted,betweenness,86,12,0.13953488372093023,11,0.12790697674418605,0
0.37,2600467908,targeted,betweenness,86,12,0.13953488372093023,11,0.12790697674418605,0
0.37,3052846751,targeted,betweenness,86,12,0.13953488372093023,11,0.12790697674418605,0
0.37,1167032101,targeted,betweenness,86,12,0.13953488372093023,11,0.12790697674418605,0
0.37,3817266712,targeted,betweenness,86,12,0.13953488372093023,11,0.12790697674418605,0
0.37,1299336751,targeted,betweenness,86,12,0.13953488372093023,11,0.12790697674418605,0
0.37,539527866,targeted,betweenness,86,12,0.13953488372093023,11,0.12790697674418605,0
0.37,1209892539,targeted,betweenness,86,12,0.13953488372093023,11,0.12790697674418605,0
0.37,1169714321,targeted,betweenness,86,12,0.13953488372093023,11,0.12790697674418605,0
0.37,1219960929,targeted,betweenness,86,12,0.13953488372093023,11,0.12790697674418605,0
0.37,137497146,targeted,betweenness,86,12,0.13953488372093023,11,0.12790697674418605,0
0.37,2461656108,targeted,betweenness,86,12,0.13953488372093023,11,0.12790697674418605,0
0.37,2731201004,targeted,betweenness,86,12,0.13953488372093023,11,0.12790697674418605,0
0.37,443162361,targeted,betweenness,86,12,0.13953488372093023,11,0.12790697674418605,0
0.37,1095421833,targeted,betweenness,86,12,0.13953488372093023,11,0.12790697674418605,0
0.37,4059594583,targeted,betweenness,86,12,0.13953488372093023,11,0.12790697674418605,0
0.37,1038194417,targeted,betweenness,86,12,0.13953488372093023,11,0.12790697674418605,0
0.37,3484564200,targeted,betweenness,86,12,0.13953488372093023,11,0.12790697674418605,0
0.37,696729688,targeted,betweenness,86,12,0.13953488372093023,11,0.12790697674418605,0
0.37,2987953522,targeted,betweenness,86,12,0.13953488372093023,11,0.12790697674418605,0
0.37,3564490100,targeted,betweenness,86,12,0.13953488372093023,11,0.12790697674418605,0
0.37,1649506317,targeted,betweenness,86,12,0.13953488372093023,11,0.12790697674418605,0
0.37,3150200519,targeted,betweenness,86,12,0.13953488372093023,11,0.12790697674418605,0
0.37,813053749,targeted,betweenness,86,12,0.13953488372093023,11,0.12790697674418605,0
0.37,2458651543,targeted,betweenness,86,12,0.13953488372093023,11,0.12790697674418605,0
0.37,96578385,targeted,betweenness,86,12,0.13953488372093023,11,0.12790697674418605,0
0.37,1146164886,targeted,betweenness,86,12,0.13953488372093023,11,0.12790697674418605,0
0.37,3776894381,targeted,betweenness,86,12,0.13953488372093023,11,0.12790697674418605,0
0.37,3785403702,targeted,betweenness,86,12,0.13953488372093023,11,0.12790697674418605,0
0.37,1336252425,targeted,betweenness,86,12,0.13953488372093023,11,0.12790697674418605,0
0.37,1372251073,targeted,betweenness,86,12,0.13953488372093023,11,0.12790697674418605,0
0.37,4243076514,targeted,betweenness,86,12,0.13953488372093023,11,0.12790697674418605,0
0.37,2256253988,targeted,betweenness,86,12,0.13953488372093023,11,0.12790697674418605,0
0.38,3366820482,targeted,betweenness,86,11,0.12790697674418605,11,0.12790697674418605,0
0.38,3140247803,targeted,betweenness,86,11,0.12790697674418605,11,0.12790697674418605,0
0.38,2600731877,targeted,betweenness,86,11,0.12790697674418605,11,0.12790697674418605,0
0.38,2690709171,targeted,betweenness,86,11,0.12790697674418605,11,0.12790697674418605,0
0.38,2894643862,targeted,betweenness,86,11,0.12790697674418605,11,0.12790697674418605,0
0.38,293191517,targeted,betweenness,86,11,0.12790697674418605,11,0.12790697674418605,0
0.38,1361085430,targeted,betweenness,86,11,0.12790697674418605,11,0.12790697674418605,0
0.38,2560660816,targeted,betweenness,86,11,0.12790697674418605,11,0.12790697674418605,0
0.38,3807544772,targeted,betweenness,86,11,0.12790697674418605,11,0.12790697674418605,0
0.38,2899581347,targeted,betweenness,86,11,0.12790697674418605,11,0.12790697674418605,0
0.38,172525831,targeted,betweenness,86,11,0.12790697674418605,11,0.12790697674418605,0
0.38,1815213195,targeted,betweenness,86,11,0.12790697674418605,11,0.12790697674418605,0
0.38,2409833069,targeted,betweenness,86,11,0.12790697674418605,11,0.12790697674418605,0
0.38,568939847,targeted,betweenness,86,11,0.12790697674418605,11,0.12790697674418605,0
0.38,3438058624,targeted,betweenness,86,11,0.12790697674418605,11,0.12790697674418605,0
0.38,1671069737,targeted,betweenness,86,11,0.12790697674418605,11,0.12790697674418605,0
0.38,52686864,targeted,betweenness,86,11,0.12790697674418605,11,0.12790697674418605,0
0.38,2811541501,targeted,betweenness,86,11,0.12790697674418605,11,0.12790697674418605,0
0.38,2782025925,targeted,betweenness,86,11,0.12790697674418605,11,0.12790697674418605,0
0.38,2525283940,targeted,betweenness,86,11,0.12790697674418605,11,0.12790697674418605,0
0.38,1134998716,targeted,betweenness,86,11,0.12790697674418605,11,0.12790697674418605,0
0.38,137552961,targeted,betweenness,86,11,0.12790697674418605,11,0.12790697674418605,0
0.38,2319192974,targeted,betweenness,86,11,0.12790697674418605,11,0.12790697674418605,0
0.38,1407825467,targeted,betweenness,86,11,0.12790697674418605,11,0.12790697674418605,0
0.38,3621151572,targeted,betweenness,86,11,0.12790697674418605,11,0.12790697674418605,0
0.38,3876297897,targeted,betweenness,86,11,0.12790697674418605,11,0.12790697674418605,0
0.38,1867145618,targeted,betweenness,86,11,0.12790697674418605,11,0.12790697674418605,0
0.38,1863581647,targeted,betweenness,86,11,0.12790697674418605,11,0.12790697674418605,0
0.38,458945834,targeted,betweenness,86,11,0.12790697674418605,11,0.12790697674418605,0
0.38,1829193534,targeted,betweenness,86,11,0.12790697674418605,11,0.12790697674418605,0
0.38,2703796096,targeted,betweenness,86,11,0.12790697674418605,11,0.12790697674418605,0
0.38,2490262601,targeted,betweenness,86,11,0.12790697674418605,11,0.12790697674418605,0
0.38,107370760,targeted,betweenness,86,11,0.12790697674418605,11,0.12790697674418605,0
0.38,2291089958,targeted,betweenness,86,11,0.12790697674418605,11,0.12790697674418605,0
0.38,4001129630,targeted,betweenness,86,11,0.12790697674418605,11,0.12790697674418605,0
0.38,3426571069,targeted,betweenness,86,11,0.12790697674418605,11,0.12790697674418605,0
0.38,1497373308,targeted,betweenness,86,11,0.12790697674418605,11,0.12790697674418605,0
0.38,3357218509,targeted,betweenness,86,11,0.12790697674418605,11,0.12790697674418605,0
0.38,2869890861,targeted,betweenness,86,11,0.12790697674418605,11,0.12790697674418605,0
0.38,400566410,targeted,betweenness,86,11,0.12790697674418605,11,0.12790697674418605,0
0.38,1385399361,targeted,betweenness,86,11,0.12790697674418605,11,0.12790697674418605,0
0.38,3391282684,targeted,betweenness,86,11,0.12790697674418605,11,0.12790697674418605,0
0.38,3519737405,targeted,betweenness,86,11,0.12790697674418605,11,0.12790697674418605,0
0.38,2545283725,targeted,betweenness,86,11,0.12790697674418605,11,0.12790697674418605,0
0.38,2181288216,targeted,betweenness,86,11,0.12790697674418605,11,0.12790697674418605,0
0.38,170452052,targeted,betweenness,86,11,0.12790697674418605,11,0.12790697674418605,0
0.38,4129127785,targeted,betweenness,86,11,0.12790697674418605,11,0.12790697674418605,0
0.38,2937495635,targeted,betweenness,86,11,0.12790697674418605,11,0.12790697674418605,0
0.38,1387782575,targeted,betweenness,86,11,0.12790697674418605,11,0.12790697674418605,0
0.38,4029150633,targeted,betweenness,86,11,0.12790697674418605,11,0.12790697674418605,0
0.38,559915650,targeted,betweenness,86,11,0.12790697674418605,11,0.12790697674418605,0
0.38,1034186340,targeted,betweenness,86,11,0.12790697674418605,11,0.12790697674418605,0
0.38,766500868,targeted,betweenness,86,11,0.12790697674418605,11,0.12790697674418605,0
0.38,2469669848,targeted,betweenness,86,11,0.12790697674418605,11,0.12790697674418605,0
0.38,231299075,targeted,betweenness,86,11,0.12790697674418605,11,0.12790697674418605,0
0.38,3930203755,targeted,betweenness,86,11,0.12790697674418605,11,0.12790697674418605,0
0.38,2684540702,targeted,betweenness,86,11,0.12790697674418605,11,0.12790697674418605,0
0.38,707382659,targeted,betweenness,86,11,0.12790697674418605,11,0.12790697674418605,0
0.38,2586110527,targeted,betweenness,86,11,0.12790697674418605,11,0.12790697674418605,0
0.38,2219434478,targeted,betweenness,86,11,0.12790697674418605,11,0.12790697674418605,0
0.38,3406592540,targeted,betweenness,86,11,0.12790697674418605,11,0.12790697674418605,0
0.38,3879091008,targeted,betweenness,86,11,0.12790697674418605,11,0.12790697674418605,0
0.38,1713317715,targeted,betweenness,86,11,0.12790697674418605,11,0.12790697674418605,0
0.38,208941002,targeted,betweenness,86,11,0.12790697674418605,11,0.12790697674418605,0
0.38,499605193,targeted,betweenness,86,11,0.12790697674418605,11,0.12790697674418605,0
0.38,2440912569,targeted,betweenness,86,11,0.12790697674418605,11,0.12790697674418605,0
0.38,1965777921,targeted,betweenness,86,11,0.12790697674418605,11,0.12790697674418605,0
0.38,4011434791,targeted,betweenness,86,11,0.12790697674418605,11,0.12790697674418605,0
0.38,59196858,targeted,betweenness,86,11,0.12790697674418605,11,0.12790697674418605,0
0.38,2926950659,targeted,betweenness,86,11,0.12790697674418605,11,0.12790697674418605,0
0.38,2546687752,targeted,betweenness,86,11,0.12790697674418605,11,0.12790697674418605,0
0.38,2209236605,targeted,betweenness,86,11,0.12790697674418605,11,0.12790697674418605,0
0.38,1593010170,targeted,betweenness,86,11,0.12790697674418605,11,0.12790697674418605,0
0.38,2179193137,targeted,betweenness,86,11,0.12790697674418605,11,0.12790697674418605,0
0.38,3171479839,targeted,betweenness,86,11,0.12790697674418605,11,0.12790697674418605,0
0.38,1031458316,targeted,betweenness,86,11,0.12790697674418605,11,0.12790697674418605,0
0.38,3246787753,targeted,betweenness,86,11,0.12790697674418605,11,0.12790697674418605,0
0.38,3079719742,targeted,betweenness,86,11,0.12790697674418605,11,0.12790697674418605,0
0.38,3547176554,targeted,betweenness,86,11,0.12790697674418605,11,0.12790697674418605,0
0.38,3828614455,targeted,betweenness,86,11,0.12790697674418605,11,0.12790697674418605,0
0.38,2874041547,targeted,betweenness,86,11,0.12790697674418605,11,0.12790697674418605,0
0.38,3271569512,targeted,betweenness,86,11,0.12790697674418605,11,0.12790697674418605,0
0.38,3048274414,targeted,betweenness,86,11,0.12790697674418605,11,0.12790697674418605,0
0.38,3610867109,targeted,betweenness,86,11,0.12790697674418605,11,0.12790697674418605,0
0.38,2503312173,targeted,betweenness,86,11,0.12790697674418605,11,0.12790697674418605,0
0.38,2922493278,targeted,betweenness,86,11,0.12790697674418605,11,0.12790697674418605,0
0.38,2827595645,targeted,betweenness,86,11,0.12790697674418605,11,0.12790697674418605,0
0.38,1189732418,targeted,betweenness,86,11,0.12790697674418605,11,0.12790697674418605,0
0.38,1355096368,targeted,betweenness,86,11,0.12790697674418605,11,0.12790697674418605,0
0.38,989564770,targeted,betweenness,86,11,0.12790697674418605,11,0.12790697674418605,0
0.38,3377636187,targeted,betweenness,86,11,0.12790697674418605,11,0.12790697674418605,0
0.38,558308613,targeted,betweenness,86,11,0.12790697674418605,11,0.12790697674418605,0
0.38,901497282,targeted,betweenness,86,11,0.12790697674418605,11,0.12790697674418605,0
0.38,1895438305,targeted,betweenness,86,11,0.12790697674418605,11,0.12790697674418605,0
0.38,1062674777,targeted,betweenness,86,11,0.12790697674418605,11,0.12790697674418605,0
0.38,4210295993,targeted,betweenness,86,11,0.12790697674418605,11,0.12790697674418605,0
0.38,2083336973,targeted,betweenness,86,11,0.12790697674418605,11,0.12790697674418605,0
0.38,1847255717,targeted,betweenness,86,11,0.12790697674418605,11,0.12790697674418605,0
0.38,3235642201,targeted,betweenness,86,11,0.12790697674418605,11,0.12790697674418605,0
0.38,101796577,targeted,betweenness,86,11,0.12790697674418605,11,0.12790697674418605,0
0.39,3423510158,targeted,betweenness,86,11,0.12790697674418605,10,0.11627906976744186,0
0.39,2747577021,targeted,betweenness,86,11,0.12790697674418605,10,0.11627906976744186,0
0.39,1663428574,targeted,betweenness,86,11,0.12790697674418605,10,0.11627906976744186,0
0.39,1074320895,targeted,betweenness,86,11,0.12790697674418605,10,0.11627906976744186,0
0.39,1184838978,targeted,betweenness,86,11,0.12790697674418605,10,0.11627906976744186,0
0.39,3597355638,targeted,betweenness,86,11,0.12790697674418605,10,0.11627906976744186,0
0.39,3819295167,targeted,betweenness,86,11,0.12790697674418605,10,0.11627906976744186,0
0.39,3621151892,targeted,betweenness,86,11,0.12790697674418605,10,0.11627906976744186,0
0.39,2385800604,targeted,betweenness,86,11,0.12790697674418605,10,0.11627906976744186,0
0.39,2567176856,targeted,betweenness,86,11,0.12790697674418605,10,0.11627906976744186,0
0.39,155845594,targeted,betweenness,86,11,0.12790697674418605,10,0.11627906976744186,0
0.39,3729878263,targeted,betweenness,86,11,0.12790697674418605,10,0.11627906976744186,0
0.39,746560041,targeted,betweenness,86,11,0.12790697674418605,10,0.11627906976744186,0
0.39,1419855960,targeted,betweenness,86,11,0.12790697674418605,10,0.11627906976744186,0
0.39,393196683,targeted,betweenness,86,11,0.12790697674418605,10,0.11627906976744186,0
0.39,1857392826,targeted,betweenness,86,11,0.12790697674418605,10,0.11627906976744186,0
0.39,2073627883,targeted,betweenness,86,11,0.12790697674418605,10,0.11627906976744186,0
0.39,4278908226,targeted,betweenness,86,11,0.12790697674418605,10,0.11627906976744186,0
0.39,1653217471,targeted,betweenness,86,11,0.12790697674418605,10,0.11627906976744186,0
0.39,3462026497,targeted,betweenness,86,11,0.12790697674418605,10,0.11627906976744186,0
0.39,3705290998,targeted,betweenness,86,11,0.12790697674418605,10,0.11627906976744186,0
0.39,199359256,targeted,betweenness,86,11,0.12790697674418605,10,0.11627906976744186,0
0.39,1669976542,targeted,betweenness,86,11,0.12790697674418605,10,0.11627906976744186,0
0.39,4051920080,targeted,betweenness,86,11,0.12790697674418605,10,0.11627906976744186,0
0.39,567446038,targeted,betweenness,86,11,0.12790697674418605,10,0.11627906976744186,0
0.39,903816661,targeted,betweenness,86,11,0.12790697674418605,10,0.11627906976744186,0
0.39,946673079,targeted,betweenness,86,11,0.12790697674418605,10,0.11627906976744186,0
0.39,1618619999,targeted,betweenness,86,11,0.12790697674418605,10,0.11627906976744186,0
0.39,1391063029,targeted,betweenness,86,11,0.12790697674418605,10,0.11627906976744186,0
0.39,3364243153,targeted,betweenness,86,11,0.12790697674418605,10,0.11627906976744186,0
0.39,9115940,targeted,betweenness,86,11,0.12790697674418605,10,0.11627906976744186,0
0.39,14956562,targeted,betweenness,86,11,0.12790697674418605,10,0.11627906976744186,0
0.39,648924981,targeted,betweenness,86,11,0.12790697674418605,10,0.11627906976744186,0
0.39,560235488,targeted,betweenness,86,11,0.12790697674418605,10,0.11627906976744186,0
0.39,2769191158,targeted,betweenness,86,11,0.12790697674418605,10,0.11627906976744186,0
0.39,1870984670,targeted,betweenness,86,11,0.12790697674418605,10,0.11627906976744186,0
0.39,2905705492,targeted,betweenness,86,11,0.12790697674418605,10,0.11627906976744186,0
0.39,2760786783,targeted,betweenness,86,11,0.12790697674418605,10,0.11627906976744186,0
0.39,1749457259,targeted,betweenness,86,11,0.12790697674418605,10,0.11627906976744186,0
0.39,4072178747,targeted,betweenness,86,11,0.12790697674418605,10,0.11627906976744186,0
0.39,1385662248,targeted,betweenness,86,11,0.12790697674418605,10,0.11627906976744186,0
0.39,2990493406,targeted,betweenness,86,11,0.12790697674418605,10,0.11627906976744186,0
0.39,3266228007,targeted,betweenness,86,11,0.12790697674418605,10,0.11627906976744186,0
0.39,77650835,targeted,betweenness,86,11,0.12790697674418605,10,0.11627906976744186,0
0.39,416429259,targeted,betweenness,86,11,0.12790697674418605,10,0.11627906976744186,0
0.39,1455313799,targeted,betweenness,86,11,0.12790697674418605,10,0.11627906976744186,0
0.39,2497825989,targeted,betweenness,86,11,0.12790697674418605,10,0.11627906976744186,0
0.39,378502301,targeted,betweenness,86,11,0.12790697674418605,10,0.11627906976744186,0
0.39,1738627264,targeted,betweenness,86,11,0.12790697674418605,10,0.11627906976744186,0
0.39,3471458381,targeted,betweenness,86,11,0.12790697674418605,10,0.11627906976744186,0
0.39,4242623270,targeted,betweenness,86,11,0.12790697674418605,10,0.11627906976744186,0
0.39,1177716404,targeted,betweenness,86,11,0.12790697674418605,10,0.11627906976744186,0
0.39,2062068898,targeted,betweenness,86,11,0.12790697674418605,10,0.11627906976744186,0
0.39,1653517638,targeted,betweenness,86,11,0.12790697674418605,10,0.11627906976744186,0
0.39,4193515760,targeted,betweenness,86,11,0.12790697674418605,10,0.11627906976744186,0
0.39,215465195,targeted,betweenness,86,11,0.12790697674418605,10,0.11627906976744186,0
0.39,2675413966,targeted,betweenness,86,11,0.12790697674418605,10,0.11627906976744186,0
0.39,2052489277,targeted,betweenness,86,11,0.12790697674418605,10,0.11627906976744186,0
0.39,1554268177,targeted,betweenness,86,11,0.12790697674418605,10,0.11627906976744186,0
0.39,2778850005,targeted,betweenness,86,11,0.12790697674418605,10,0.11627906976744186,0
0.39,3635938939,targeted,betweenness,86,11,0.12790697674418605,10,0.11627906976744186,0
0.39,2594986886,targeted,betweenness,86,11,0.12790697674418605,10,0.11627906976744186,0
0.39,913854162,targeted,betweenness,86,11,0.12790697674418605,10,0.11627906976744186,0
0.39,3752435106,targeted,betweenness,86,11,0.12790697674418605,10,0.11627906976744186,0
0.39,4003802609,targeted,betweenness,86,11,0.12790697674418605,10,0.11627906976744186,0
0.39,234978053,targeted,betweenness,86,11,0.12790697674418605,10,0.11627906976744186,0
0.39,31937990,targeted,betweenness,86,11,0.12790697674418605,10,0.11627906976744186,0
0.39,1088280165,targeted,betweenness,86,11,0.12790697674418605,10,0.11627906976744186,0
0.39,237963702,targeted,betweenness,86,11,0.12790697674418605,10,0.11627906976744186,0
0.39,157947620,targeted,betweenness,86,11,0.12790697674418605,10,0.11627906976744186,0
0.39,1595878596,targeted,betweenness,86,11,0.12790697674418605,10,0.11627906976744186,0
0.39,43346731,targeted,betweenness,86,11,0.12790697674418605,10,0.11627906976744186,0
0.39,2717634405,targeted,betweenness,86,11,0.12790697674418605,10,0.11627906976744186,0
0.39,823986563,targeted,betweenness,86,11,0.12790697674418605,10,0.11627906976744186,0
0.39,3750225144,targeted,betweenness,86,11,0.12790697674418605,10,0.11627906976744186,0
0.39,1819138535,targeted,betweenness,86,11,0.12790697674418605,10,0.11627906976744186,0
0.39,1160320443,targeted,betweenness,86,11,0.12790697674418605,10,0.11627906976744186,0
0.39,1160732923,targeted,betweenness,86,11,0.12790697674418605,10,0.11627906976744186,0
0.39,3108815279,targeted,betweenness,86,11,0.12790697674418605,10,0.11627906976744186,0
0.39,1381985004,targeted,betweenness,86,11,0.12790697674418605,10,0.11627906976744186,0
0.39,2633213323,targeted,betweenness,86,11,0.12790697674418605,10,0.11627906976744186,0
0.39,2784855205,targeted,betweenness,86,11,0.12790697674418605,10,0.11627906976744186,0
0.39,3005316962,targeted,betweenness,86,11,0.12790697674418605,10,0.11627906976744186,0
0.39,2978491210,targeted,betweenness,86,11,0.12790697674418605,10,0.11627906976744186,0
0.39,2310063390,targeted,betweenness,86,11,0.12790697674418605,10,0.11627906976744186,0
0.39,2851507767,targeted,betweenness,86,11,0.12790697674418605,10,0.11627906976744186,0
0.39,751956276,targeted,betweenness,86,11,0.12790697674418605,10,0.11627906976744186,0
0.39,3264470231,targeted,betweenness,86,11,0.12790697674418605,10,0.11627906976744186,0
0.39,2506138051,targeted,betweenness,86,11,0.12790697674418605,10,0.11627906976744186,0
0.39,3576214729,targeted,betweenness,86,11,0.12790697674418605,10,0.11627906976744186,0
0.39,1989967216,targeted,betweenness,86,11,0.12790697674418605,10,0.11627906976744186,0
0.39,2992709199,targeted,betweenness,86,11,0.12790697674418605,10,0.11627906976744186,0
0.39,2486440375,targeted,betweenness,86,11,0.12790697674418605,10,0.11627906976744186,0
0.39,1889334359,targeted,betweenness,86,11,0.12790697674418605,10,0.11627906976744186,0
0.39,2003362746,targeted,betweenness,86,11,0.12790697674418605,10,0.11627906976744186,0
0.39,3843402474,targeted,betweenness,86,11,0.12790697674418605,10,0.11627906976744186,0
0.39,756124240,targeted,betweenness,86,11,0.12790697674418605,10,0.11627906976744186,0
0.39,1476720597,targeted,betweenness,86,11,0.12790697674418605,10,0.11627906976744186,0
0.39,136162227,targeted,betweenness,86,11,0.12790697674418605,10,0.11627906976744186,0
0.39,1781720470,targeted,betweenness,86,11,0.12790697674418605,10,0.11627906976744186,0
0.4,1376584573,targeted,betweenness,86,11,0.12790697674418605,10,0.11627906976744186,0
0.4,1041794515,targeted,betweenness,86,11,0.12790697674418605,10,0.11627906976744186,0
0.4,2097050156,targeted,betweenness,86,11,0.12790697674418605,10,0.11627906976744186,0
0.4,3944161186,targeted,betweenness,86,11,0.12790697674418605,10,0.11627906976744186,0
0.4,1196073562,targeted,betweenness,86,11,0.12790697674418605,10,0.11627906976744186,0
0.4,1133833077,targeted,betweenness,86,11,0.12790697674418605,10,0.11627906976744186,0
0.4,1522847796,targeted,betweenness,86,11,0.12790697674418605,10,0.11627906976744186,0
0.4,3554041224,targeted,betweenness,86,11,0.12790697674418605,10,0.11627906976744186,0
0.4,403418003,targeted,betweenness,86,11,0.12790697674418605,10,0.11627906976744186,0
0.4,1649707709,targeted,betweenness,86,11,0.12790697674418605,10,0.11627906976744186,0
0.4,2708517021,targeted,betweenness,86,11,0.12790697674418605,10,0.11627906976744186,0
0.4,4054479759,targeted,betweenness,86,11,0.12790697674418605,10,0.11627906976744186,0
0.4,748672521,targeted,betweenness,86,11,0.12790697674418605,10,0.11627906976744186,0
0.4,1238019436,targeted,betweenness,86,11,0.12790697674418605,10,0.11627906976744186,0
0.4,2503915741,targeted,betweenness,86,11,0.12790697674418605,10,0.11627906976744186,0
0.4,4243761038,targeted,betweenness,86,11,0.12790697674418605,10,0.11627906976744186,0
0.4,315657516,targeted,betweenness,86,11,0.12790697674418605,10,0.11627906976744186,0
0.4,189457739,targeted,betweenness,86,11,0.12790697674418605,10,0.11627906976744186,0
0.4,1216961023,targeted,betweenness,86,11,0.12790697674418605,10,0.11627906976744186,0
0.4,1100941501,targeted,betweenness,86,11,0.12790697674418605,10,0.11627906976744186,0
0.4,896267208,targeted,betweenness,86,11,0.12790697674418605,10,0.11627906976744186,0
0.4,1262143880,targeted,betweenness,86,11,0.12790697674418605,10,0.11627906976744186,0
0.4,692683371,targeted,betweenness,86,11,0.12790697674418605,10,0.11627906976744186,0
0.4,3264151908,targeted,betweenness,86,11,0.12790697674418605,10,0.11627906976744186,0
0.4,3129620884,targeted,betweenness,86,11,0.12790697674418605,10,0.11627906976744186,0
0.4,517017066,targeted,betweenness,86,11,0.12790697674418605,10,0.11627906976744186,0
0.4,2120126696,targeted,betweenness,86,11,0.12790697674418605,10,0.11627906976744186,0
0.4,1044664503,targeted,betweenness,86,11,0.12790697674418605,10,0.11627906976744186,0
0.4,2648688927,targeted,betweenness,86,11,0.12790697674418605,10,0.11627906976744186,0
0.4,4221237795,targeted,betweenness,86,11,0.12790697674418605,10,0.11627906976744186,0
0.4,1689069868,targeted,betweenness,86,11,0.12790697674418605,10,0.11627906976744186,0
0.4,234282533,targeted,betweenness,86,11,0.12790697674418605,10,0.11627906976744186,0
0.4,1005884044,targeted,betweenness,86,11,0.12790697674418605,10,0.11627906976744186,0
0.4,794401584,targeted,betweenness,86,11,0.12790697674418605,10,0.11627906976744186,0
0.4,1311433624,targeted,betweenness,86,11,0.12790697674418605,10,0.11627906976744186,0
0.4,204169564,targeted,betweenness,86,11,0.12790697674418605,10,0.11627906976744186,0
0.4,2002036153,targeted,betweenness,86,11,0.12790697674418605,10,0.11627906976744186,0
0.4,2882986541,targeted,betweenness,86,11,0.12790697674418605,10,0.11627906976744186,0
0.4,2913508084,targeted,betweenness,86,11,0.12790697674418605,10,0.11627906976744186,0
0.4,2666677786,targeted,betweenness,86,11,0.12790697674418605,10,0.11627906976744186,0
0.4,2838440071,targeted,betweenness,86,11,0.12790697674418605,10,0.11627906976744186,0
0.4,2640528355,targeted,betweenness,86,11,0.12790697674418605,10,0.11627906976744186,0
0.4,3683908587,targeted,betweenness,86,11,0.12790697674418605,10,0.11627906976744186,0
0.4,2723477262,targeted,betweenness,86,11,0.12790697674418605,10,0.11627906976744186,0
0.4,1828337326,targeted,betweenness,86,11,0.12790697674418605,10,0.11627906976744186,0
0.4,339435149,targeted,betweenness,86,11,0.12790697674418605,10,0.11627906976744186,0
0.4,901225582,targeted,betweenness,86,11,0.12790697674418605,10,0.11627906976744186,0
0.4,1920269092,targeted,betweenness,86,11,0.12790697674418605,10,0.11627906976744186,0
0.4,2219490839,targeted,betweenness,86,11,0.12790697674418605,10,0.11627906976744186,0
0.4,3773925460,targeted,betweenness,86,11,0.12790697674418605,10,0.11627906976744186,0
0.4,2266449100,targeted,betweenness,86,11,0.12790697674418605,10,0.11627906976744186,0
0.4,1136241662,targeted,betweenness,86,11,0.12790697674418605,10,0.11627906976744186,0
0.4,1632668233,targeted,betweenness,86,11,0.12790697674418605,10,0.11627906976744186,0
0.4,183857194,targeted,betweenness,86,11,0.12790697674418605,10,0.11627906976744186,0
0.4,406046920,targeted,betweenness,86,11,0.12790697674418605,10,0.11627906976744186,0
0.4,1345103352,targeted,betweenness,86,11,0.12790697674418605,10,0.11627906976744186,0
0.4,883761490,targeted,betweenness,86,11,0.12790697674418605,10,0.11627906976744186,0
0.4,2889559273,targeted,betweenness,86,11,0.12790697674418605,10,0.11627906976744186,0
0.4,384209786,targeted,betweenness,86,11,0.12790697674418605,10,0.11627906976744186,0
0.4,2721358504,targeted,betweenness,86,11,0.12790697674418605,10,0.11627906976744186,0
0.4,314948225,targeted,betweenness,86,11,0.12790697674418605,10,0.11627906976744186,0
0.4,605655539,targeted,betweenness,86,11,0.12790697674418605,10,0.11627906976744186,0
0.4,3348865982,targeted,betweenness,86,11,0.12790697674418605,10,0.11627906976744186,0
0.4,1993750174,targeted,betweenness,86,11,0.12790697674418605,10,0.11627906976744186,0
0.4,3663977836,targeted,betweenness,86,11,0.12790697674418605,10,0.11627906976744186,0
0.4,3222988137,targeted,betweenness,86,11,0.12790697674418605,10,0.11627906976744186,0
0.4,874568483,targeted,betweenness,86,11,0.12790697674418605,10,0.11627906976744186,0
0.4,2950725273,targeted,betweenness,86,11,0.12790697674418605,10,0.11627906976744186,0
0.4,2245256929,targeted,betweenness,86,11,0.12790697674418605,10,0.11627906976744186,0
0.4,3310394777,targeted,betweenness,86,11,0.12790697674418605,10,0.11627906976744186,0
0.4,1638598031,targeted,betweenness,86,11,0.12790697674418605,10,0.11627906976744186,0
0.4,3782511127,targeted,betweenness,86,11,0.12790697674418605,10,0.11627906976744186,0
0.4,72115185,targeted,betweenness,86,11,0.12790697674418605,10,0.11627906976744186,0
0.4,1276653890,targeted,betweenness,86,11,0.12790697674418605,10,0.11627906976744186,0
0.4,1823536007,targeted,betweenness,86,11,0.12790697674418605,10,0.11627906976744186,0
0.4,4249644046,targeted,betweenness,86,11,0.12790697674418605,10,0.11627906976744186,0
0.4,880324076,targeted,betweenness,86,11,0.12790697674418605,10,0.11627906976744186,0
0.4,337248545,targeted,betweenness,86,11,0.12790697674418605,10,0.11627906976744186,0
0.4,2806163743,targeted,betweenness,86,11,0.12790697674418605,10,0.11627906976744186,0
0.4,2500588544,targeted,betweenness,86,11,0.12790697674418605,10,0.11627906976744186,0
0.4,2265150233,targeted,betweenness,86,11,0.12790697674418605,10,0.11627906976744186,0
0.4,3287820022,targeted,betweenness,86,11,0.12790697674418605,10,0.11627906976744186,0
0.4,1572803285,targeted,betweenness,86,11,0.12790697674418605,10,0.11627906976744186,0
0.4,693501364,targeted,betweenness,86,11,0.12790697674418605,10,0.11627906976744186,0
0.4,3675219397,targeted,betweenness,86,11,0.12790697674418605,10,0.11627906976744186,0
0.4,2028750151,targeted,betweenness,86,11,0.12790697674418605,10,0.11627906976744186,0
0.4,465415152,targeted,betweenness,86,11,0.12790697674418605,10,0.11627906976744186,0
0.4,2331629940,targeted,betweenness,86,11,0.12790697674418605,10,0.11627906976744186,0
0.4,3663561457,targeted,betweenness,86,11,0.12790697674418605,10,0.11627906976744186,0
0.4,2046544568,targeted,betweenness,86,11,0.12790697674418605,10,0.11627906976744186,0
0.4,3293831407,targeted,betweenness,86,11,0.12790697674418605,10,0.11627906976744186,0
0.4,2623405931,targeted,betweenness,86,11,0.12790697674418605,10,0.11627906976744186,0
0.4,1590598748,targeted,betweenness,86,11,0.12790697674418605,10,0.11627906976744186,0
0.4,1757753591,targeted,betweenness,86,11,0.12790697674418605,10,0.11627906976744186,0
0.4,410333372,targeted,betweenness,86,11,0.12790697674418605,10,0.11627906976744186,0
0.4,158269430,targeted,betweenness,86,11,0.12790697674418605,10,0.11627906976744186,0
0.4,3306525174,targeted,betweenness,86,11,0.12790697674418605,10,0.11627906976744186,0
0.4,1866767764,targeted,betweenness,86,11,0.12790697674418605,10,0.11627906976744186,0
0.4,3746845517,targeted,betweenness,86,11,0.12790697674418605,10,0.11627906976744186,0
0.4,1140833751,targeted,betweenness,86,11,0.12790697674418605,10,0.11627906976744186,0
0.41,2290886530,targeted,betweenness,86,10,0.11627906976744186,10,0.11627906976744186,0
0.41,3329601899,targeted,betweenness,86,10,0.11627906976744186,10,0.11627906976744186,0
0.41,2047960779,targeted,betweenness,86,10,0.11627906976744186,10,0.11627906976744186,0
0.41,1985222587,targeted,betweenness,86,10,0.11627906976744186,10,0.11627906976744186,0
0.41,214194292,targeted,betweenness,86,10,0.11627906976744186,10,0.11627906976744186,0
0.41,3653795694,targeted,betweenness,86,10,0.11627906976744186,10,0.11627906976744186,0
0.41,2641196487,targeted,betweenness,86,10,0.11627906976744186,10,0.11627906976744186,0
0.41,3991313862,targeted,betweenness,86,10,0.11627906976744186,10,0.11627906976744186,0
0.41,2354910255,targeted,betweenness,86,10,0.11627906976744186,10,0.11627906976744186,0
0.41,103421613,targeted,betweenness,86,10,0.11627906976744186,10,0.11627906976744186,0
0.41,2753072772,targeted,betweenness,86,10,0.11627906976744186,10,0.11627906976744186,0
0.41,1833462496,targeted,betweenness,86,10,0.11627906976744186,10,0.11627906976744186,0
0.41,583099274,targeted,betweenness,86,10,0.11627906976744186,10,0.11627906976744186,0
0.41,1266889597,targeted,betweenness,86,10,0.11627906976744186,10,0.11627906976744186,0
0.41,3975129768,targeted,betweenness,86,10,0.11627906976744186,10,0.11627906976744186,0
0.41,2173870054,targeted,betweenness,86,10,0.11627906976744186,10,0.11627906976744186,0
0.41,1940631577,targeted,betweenness,86,10,0.11627906976744186,10,0.11627906976744186,0
0.41,1393254587,targeted,betweenness,86,10,0.11627906976744186,10,0.11627906976744186,0
0.41,1318009995,targeted,betweenness,86,10,0.11627906976744186,10,0.11627906976744186,0
0.41,527959223,targeted,betweenness,86,10,0.11627906976744186,10,0.11627906976744186,0
0.41,3213679803,targeted,betweenness,86,10,0.11627906976744186,10,0.11627906976744186,0
0.41,1130832569,targeted,betweenness,86,10,0.11627906976744186,10,0.11627906976744186,0
0.41,2036679010,targeted,betweenness,86,10,0.11627906976744186,10,0.11627906976744186,0
0.41,3580570558,targeted,betweenness,86,10,0.11627906976744186,10,0.11627906976744186,0
0.41,3641935845,targeted,betweenness,86,10,0.11627906976744186,10,0.11627906976744186,0
0.41,1009433973,targeted,betweenness,86,10,0.11627906976744186,10,0.11627906976744186,0
0.41,1982935816,targeted,betweenness,86,10,0.11627906976744186,10,0.11627906976744186,0
0.41,2574293388,targeted,betweenness,86,10,0.11627906976744186,10,0.11627906976744186,0
0.41,1976454078,targeted,betweenness,86,10,0.11627906976744186,10,0.11627906976744186,0
0.41,2179973062,targeted,betweenness,86,10,0.11627906976744186,10,0.11627906976744186,0
0.41,1824042755,targeted,betweenness,86,10,0.11627906976744186,10,0.11627906976744186,0
0.41,3819759070,targeted,betweenness,86,10,0.11627906976744186,10,0.11627906976744186,0
0.41,427125752,targeted,betweenness,86,10,0.11627906976744186,10,0.11627906976744186,0
0.41,1852361776,targeted,betweenness,86,10,0.11627906976744186,10,0.11627906976744186,0
0.41,1623379606,targeted,betweenness,86,10,0.11627906976744186,10,0.11627906976744186,0
0.41,1939996874,targeted,betweenness,86,10,0.11627906976744186,10,0.11627906976744186,0
0.41,2802410111,targeted,betweenness,86,10,0.11627906976744186,10,0.11627906976744186,0
0.41,2658405775,targeted,betweenness,86,10,0.11627906976744186,10,0.11627906976744186,0
0.41,682576831,targeted,betweenness,86,10,0.11627906976744186,10,0.11627906976744186,0
0.41,992458558,targeted,betweenness,86,10,0.11627906976744186,10,0.11627906976744186,0
0.41,4047379406,targeted,betweenness,86,10,0.11627906976744186,10,0.11627906976744186,0
0.41,2139193979,targeted,betweenness,86,10,0.11627906976744186,10,0.11627906976744186,0
0.41,2343192023,targeted,betweenness,86,10,0.11627906976744186,10,0.11627906976744186,0
0.41,3741239292,targeted,betweenness,86,10,0.11627906976744186,10,0.11627906976744186,0
0.41,3605098680,targeted,betweenness,86,10,0.11627906976744186,10,0.11627906976744186,0
0.41,1540977344,targeted,betweenness,86,10,0.11627906976744186,10,0.11627906976744186,0
0.41,3246442585,targeted,betweenness,86,10,0.11627906976744186,10,0.11627906976744186,0
0.41,129206833,targeted,betweenness,86,10,0.11627906976744186,10,0.11627906976744186,0
0.41,3233032753,targeted,betweenness,86,10,0.11627906976744186,10,0.11627906976744186,0
0.41,3350469188,targeted,betweenness,86,10,0.11627906976744186,10,0.11627906976744186,0
0.41,3889219622,targeted,betweenness,86,10,0.11627906976744186,10,0.11627906976744186,0
0.41,4195889429,targeted,betweenness,86,10,0.11627906976744186,10,0.11627906976744186,0
0.41,54731317,targeted,betweenness,86,10,0.11627906976744186,10,0.11627906976744186,0
0.41,2422692385,targeted,betweenness,86,10,0.11627906976744186,10,0.11627906976744186,0
0.41,1025221575,targeted,betweenness,86,10,0.11627906976744186,10,0.11627906976744186,0
0.41,3649994727,targeted,betweenness,86,10,0.11627906976744186,10,0.11627906976744186,0
0.41,2073714114,targeted,betweenness,86,10,0.11627906976744186,10,0.11627906976744186,0
0.41,3707222425,targeted,betweenness,86,10,0.11627906976744186,10,0.11627906976744186,0
0.41,129095489,targeted,betweenness,86,10,0.11627906976744186,10,0.11627906976744186,0
0.41,528586105,targeted,betweenness,86,10,0.11627906976744186,10,0.11627906976744186,0
0.41,1749767965,targeted,betweenness,86,10,0.11627906976744186,10,0.11627906976744186,0
0.41,1692240192,targeted,betweenness,86,10,0.11627906976744186,10,0.11627906976744186,0
0.41,2142868759,targeted,betweenness,86,10,0.11627906976744186,10,0.11627906976744186,0
0.41,2151149972,targeted,betweenness,86,10,0.11627906976744186,10,0.11627906976744186,0
0.41,1046392748,targeted,betweenness,86,10,0.11627906976744186,10,0.11627906976744186,0
0.41,957976034,targeted,betweenness,86,10,0.11627906976744186,10,0.11627906976744186,0
0.41,2885193477,targeted,betweenness,86,10,0.11627906976744186,10,0.11627906976744186,0
0.41,1878346664,targeted,betweenness,86,10,0.11627906976744186,10,0.11627906976744186,0
0.41,1640247392,targeted,betweenness,86,10,0.11627906976744186,10,0.11627906976744186,0
0.41,1115440957,targeted,betweenness,86,10,0.11627906976744186,10,0.11627906976744186,0
0.41,3658244364,targeted,betweenness,86,10,0.11627906976744186,10,0.11627906976744186,0
0.41,1147381608,targeted,betweenness,86,10,0.11627906976744186,10,0.11627906976744186,0
0.41,2279567950,targeted,betweenness,86,10,0.11627906976744186,10,0.11627906976744186,0
0.41,2025964386,targeted,betweenness,86,10,0.11627906976744186,10,0.11627906976744186,0
0.41,3159452535,targeted,betweenness,86,10,0.11627906976744186,10,0.11627906976744186,0
0.41,28500186,targeted,betweenness,86,10,0.11627906976744186,10,0.11627906976744186,0
0.41,871071499,targeted,betweenness,86,10,0.11627906976744186,10,0.11627906976744186,0
0.41,712389883,targeted,betweenness,86,10,0.11627906976744186,10,0.11627906976744186,0
0.41,3137920427,targeted,betweenness,86,10,0.11627906976744186,10,0.11627906976744186,0
0.41,13147013,targeted,betweenness,86,10,0.11627906976744186,10,0.11627906976744186,0
0.41,1217056330,targeted,betweenness,86,10,0.11627906976744186,10,0.11627906976744186,0
0.41,1048314336,targeted,betweenness,86,10,0.11627906976744186,10,0.11627906976744186,0
0.41,2571533137,targeted,betweenness,86,10,0.11627906976744186,10,0.11627906976744186,0
0.41,4252696007,targeted,betweenness,86,10,0.11627906976744186,10,0.11627906976744186,0
0.41,1565787778,targeted,betweenness,86,10,0.11627906976744186,10,0.11627906976744186,0
0.41,3640095302,targeted,betweenness,86,10,0.11627906976744186,10,0.11627906976744186,0
0.41,3132233459,targeted,betweenness,86,10,0.11627906976744186,10,0.11627906976744186,0
0.41,3532895988,targeted,betweenness,86,10,0.11627906976744186,10,0.11627906976744186,0
0.41,228598114,targeted,betweenness,86,10,0.11627906976744186,10,0.11627906976744186,0
0.41,944747738,targeted,betweenness,86,10,0.11627906976744186,10,0.11627906976744186,0
0.41,1434506374,targeted,betweenness,86,10,0.11627906976744186,10,0.11627906976744186,0
0.41,997225164,targeted,betweenness,86,10,0.11627906976744186,10,0.11627906976744186,0
0.41,415111222,targeted,betweenness,86,10,0.11627906976744186,10,0.11627906976744186,0
0.41,2868533709,targeted,betweenness,86,10,0.11627906976744186,10,0.11627906976744186,0
0.41,1196824634,targeted,betweenness,86,10,0.11627906976744186,10,0.11627906976744186,0
0.41,2887383449,targeted,betweenness,86,10,0.11627906976744186,10,0.11627906976744186,0
0.41,1780360496,targeted,betweenness,86,10,0.11627906976744186,10,0.11627906976744186,0
0.41,1049821964,targeted,betweenness,86,10,0.11627906976744186,10,0.11627906976744186,0
0.41,881835465,targeted,betweenness,86,10,0.11627906976744186,10,0.11627906976744186,0
0.41,4011412381,targeted,betweenness,86,10,0.11627906976744186,10,0.11627906976744186,0
0.42,355231105,targeted,betweenness,86,10,0.11627906976744186,9,0.10465116279069768,0
0.42,349464193,targeted,betweenness,86,10,0.11627906976744186,9,0.10465116279069768,0
0.42,564716849,targeted,betweenness,86,10,0.11627906976744186,9,0.10465116279069768,0
0.42,3074791194,targeted,betweenness,86,10,0.11627906976744186,9,0.10465116279069768,0
0.42,3552020842,targeted,betweenness,86,10,0.11627906976744186,9,0.10465116279069768,0
0.42,1879058137,targeted,betweenness,86,10,0.11627906976744186,9,0.10465116279069768,0
0.42,3428659573,targeted,betweenness,86,10,0.11627906976744186,9,0.10465116279069768,0
0.42,425958224,targeted,betweenness,86,10,0.11627906976744186,9,0.10465116279069768,0
0.42,2676545781,targeted,betweenness,86,10,0.11627906976744186,9,0.10465116279069768,0
0.42,2876099929,targeted,betweenness,86,10,0.11627906976744186,9,0.10465116279069768,0
0.42,3010071037,targeted,betweenness,86,10,0.11627906976744186,9,0.10465116279069768,0
0.42,399912849,targeted,betweenness,86,10,0.11627906976744186,9,0.10465116279069768,0
0.42,698937272,targeted,betweenness,86,10,0.11627906976744186,9,0.10465116279069768,0
0.42,2983056680,targeted,betweenness,86,10,0.11627906976744186,9,0.10465116279069768,0
0.42,1485705869,targeted,betweenness,86,10,0.11627906976744186,9,0.10465116279069768,0
0.42,2606009197,targeted,betweenness,86,10,0.11627906976744186,9,0.10465116279069768,0
0.42,475689303,targeted,betweenness,86,10,0.11627906976744186,9,0.10465116279069768,0
0.42,3475542549,targeted,betweenness,86,10,0.11627906976744186,9,0.10465116279069768,0
0.42,4166806372,targeted,betweenness,86,10,0.11627906976744186,9,0.10465116279069768,0
0.42,1935819098,targeted,betweenness,86,10,0.11627906976744186,9,0.10465116279069768,0
0.42,1431845108,targeted,betweenness,86,10,0.11627906976744186,9,0.10465116279069768,0
0.42,1792395160,targeted,betweenness,86,10,0.11627906976744186,9,0.10465116279069768,0
0.42,1299675874,targeted,betweenness,86,10,0.11627906976744186,9,0.10465116279069768,0
0.42,734976559,targeted,betweenness,86,10,0.11627906976744186,9,0.10465116279069768,0
0.42,1043507832,targeted,betweenness,86,10,0.11627906976744186,9,0.10465116279069768,0
0.42,1056507384,targeted,betweenness,86,10,0.11627906976744186,9,0.10465116279069768,0
0.42,2508965859,targeted,betweenness,86,10,0.11627906976744186,9,0.10465116279069768,0
0.42,3856227446,targeted,betweenness,86,10,0.11627906976744186,9,0.10465116279069768,0
0.42,4083768666,targeted,betweenness,86,10,0.11627906976744186,9,0.10465116279069768,0
0.42,914410877,targeted,betweenness,86,10,0.11627906976744186,9,0.10465116279069768,0
0.42,1924700821,targeted,betweenness,86,10,0.11627906976744186,9,0.10465116279069768,0
0.42,2826789709,targeted,betweenness,86,10,0.11627906976744186,9,0.10465116279069768,0
0.42,2780671843,targeted,betweenness,86,10,0.11627906976744186,9,0.10465116279069768,0
0.42,3485662235,targeted,betweenness,86,10,0.11627906976744186,9,0.10465116279069768,0
0.42,3656570218,targeted,betweenness,86,10,0.11627906976744186,9,0.10465116279069768,0
0.42,1908908786,targeted,betweenness,86,10,0.11627906976744186,9,0.10465116279069768,0
0.42,1564229363,targeted,betweenness,86,10,0.11627906976744186,9,0.10465116279069768,0
0.42,1276657438,targeted,betweenness,86,10,0.11627906976744186,9,0.10465116279069768,0
0.42,874503845,targeted,betweenness,86,10,0.11627906976744186,9,0.10465116279069768,0
0.42,807750672,targeted,betweenness,86,10,0.11627906976744186,9,0.10465116279069768,0
0.42,1104315821,targeted,betweenness,86,10,0.11627906976744186,9,0.10465116279069768,0
0.42,2614635303,targeted,betweenness,86,10,0.11627906976744186,9,0.10465116279069768,0
0.42,2177380159,targeted,betweenness,86,10,0.11627906976744186,9,0.10465116279069768,0
0.42,1906160508,targeted,betweenness,86,10,0.11627906976744186,9,0.10465116279069768,0
0.42,3329339917,targeted,betweenness,86,10,0.11627906976744186,9,0.10465116279069768,0
0.42,1542883708,targeted,betweenness,86,10,0.11627906976744186,9,0.10465116279069768,0
0.42,2635700914,targeted,betweenness,86,10,0.11627906976744186,9,0.10465116279069768,0
0.42,3980633576,targeted,betweenness,86,10,0.11627906976744186,9,0.10465116279069768,0
0.42,3523143350,targeted,betweenness,86,10,0.11627906976744186,9,0.10465116279069768,0
0.42,291199265,targeted,betweenness,86,10,0.11627906976744186,9,0.10465116279069768,0
0.42,4236718518,targeted,betweenness,86,10,0.11627906976744186,9,0.10465116279069768,0
0.42,3858051656,targeted,betweenness,86,10,0.11627906976744186,9,0.10465116279069768,0
0.42,3688677582,targeted,betweenness,86,10,0.11627906976744186,9,0.10465116279069768,0
0.42,3817127308,targeted,betweenness,86,10,0.11627906976744186,9,0.10465116279069768,0
0.42,570360922,targeted,betweenness,86,10,0.11627906976744186,9,0.10465116279069768,0
0.42,1637042737,targeted,betweenness,86,10,0.11627906976744186,9,0.10465116279069768,0
0.42,262025990,targeted,betweenness,86,10,0.11627906976744186,9,0.10465116279069768,0
0.42,947195409,targeted,betweenness,86,10,0.11627906976744186,9,0.10465116279069768,0
0.42,4195004734,targeted,betweenness,86,10,0.11627906976744186,9,0.10465116279069768,0
0.42,676856009,targeted,betweenness,86,10,0.11627906976744186,9,0.10465116279069768,0
0.42,2304711436,targeted,betweenness,86,10,0.11627906976744186,9,0.10465116279069768,0
0.42,3341741776,targeted,betweenness,86,10,0.11627906976744186,9,0.10465116279069768,0
0.42,1142109860,targeted,betweenness,86,10,0.11627906976744186,9,0.10465116279069768,0
0.42,1159233934,targeted,betweenness,86,10,0.11627906976744186,9,0.10465116279069768,0
0.42,2769975704,targeted,betweenness,86,10,0.11627906976744186,9,0.10465116279069768,0
0.42,585047163,targeted,betweenness,86,10,0.11627906976744186,9,0.10465116279069768,0
0.42,2938126582,targeted,betweenness,86,10,0.11627906976744186,9,0.10465116279069768,0
0.42,778691690,targeted,betweenness,86,10,0.11627906976744186,9,0.10465116279069768,0
0.42,1403127384,targeted,betweenness,86,10,0.11627906976744186,9,0.10465116279069768,0
0.42,3824510469,targeted,betweenness,86,10,0.11627906976744186,9,0.10465116279069768,0
0.42,2458075352,targeted,betweenness,86,10,0.11627906976744186,9,0.10465116279069768,0
0.42,210325507,targeted,betweenness,86,10,0.11627906976744186,9,0.10465116279069768,0
0.42,3798614482,targeted,betweenness,86,10,0.11627906976744186,9,0.10465116279069768,0
0.42,3942090587,targeted,betweenness,86,10,0.11627906976744186,9,0.10465116279069768,0
0.42,2577705705,targeted,betweenness,86,10,0.11627906976744186,9,0.10465116279069768,0
0.42,3346862607,targeted,betweenness,86,10,0.11627906976744186,9,0.10465116279069768,0
0.42,813612523,targeted,betweenness,86,10,0.11627906976744186,9,0.10465116279069768,0
0.42,3628670014,targeted,betweenness,86,10,0.11627906976744186,9,0.10465116279069768,0
0.42,3331197662,targeted,betweenness,86,10,0.11627906976744186,9,0.10465116279069768,0
0.42,338401363,targeted,betweenness,86,10,0.11627906976744186,9,0.10465116279069768,0
0.42,1817016417,targeted,betweenness,86,10,0.11627906976744186,9,0.10465116279069768,0
0.42,3897248786,targeted,betweenness,86,10,0.11627906976744186,9,0.10465116279069768,0
0.42,3795228960,targeted,betweenness,86,10,0.11627906976744186,9,0.10465116279069768,0
0.42,3850381852,targeted,betweenness,86,10,0.11627906976744186,9,0.10465116279069768,0
0.42,1722821641,targeted,betweenness,86,10,0.11627906976744186,9,0.10465116279069768,0
0.42,2711446170,targeted,betweenness,86,10,0.11627906976744186,9,0.10465116279069768,0
0.42,2751907114,targeted,betweenness,86,10,0.11627906976744186,9,0.10465116279069768,0
0.42,394246172,targeted,betweenness,86,10,0.11627906976744186,9,0.10465116279069768,0
0.42,1178679266,targeted,betweenness,86,10,0.11627906976744186,9,0.10465116279069768,0
0.42,91224478,targeted,betweenness,86,10,0.11627906976744186,9,0.10465116279069768,0
0.42,1137785784,targeted,betweenness,86,10,0.11627906976744186,9,0.10465116279069768,0
0.42,621626191,targeted,betweenness,86,10,0.11627906976744186,9,0.10465116279069768,0
0.42,4029192853,targeted,betweenness,86,10,0.11627906976744186,9,0.10465116279069768,0
0.42,1332486392,targeted,betweenness,86,10,0.11627906976744186,9,0.10465116279069768,0
0.42,1808329082,targeted,betweenness,86,10,0.11627906976744186,9,0.10465116279069768,0
0.42,3576744768,targeted,betweenness,86,10,0.11627906976744186,9,0.10465116279069768,0
0.42,600342359,targeted,betweenness,86,10,0.11627906976744186,9,0.10465116279069768,0
0.42,852672526,targeted,betweenness,86,10,0.11627906976744186,9,0.10465116279069768,0
0.42,1854796975,targeted,betweenness,86,10,0.11627906976744186,9,0.10465116279069768,0
0.42,3157931628,targeted,betweenness,86,10,0.11627906976744186,9,0.10465116279069768,0
0.43,4135204600,targeted,betweenness,86,9,0.10465116279069768,9,0.10465116279069768,0
0.43,3889238272,targeted,betweenness,86,9,0.10465116279069768,9,0.10465116279069768,0
0.43,2574054347,targeted,betweenness,86,9,0.10465116279069768,9,0.10465116279069768,0
0.43,2295666705,targeted,betweenness,86,9,0.10465116279069768,9,0.10465116279069768,0
0.43,3258900359,targeted,betweenness,86,9,0.10465116279069768,9,0.10465116279069768,0
0.43,2635871629,targeted,betweenness,86,9,0.10465116279069768,9,0.10465116279069768,0
0.43,2420011185,targeted,betweenness,86,9,0.10465116279069768,9,0.10465116279069768,0
0.43,1727922858,targeted,betweenness,86,9,0.10465116279069768,9,0.10465116279069768,0
0.43,4250957364,targeted,betweenness,86,9,0.10465116279069768,9,0.10465116279069768,0
0.43,4274242793,targeted,betweenness,86,9,0.10465116279069768,9,0.10465116279069768,0
0.43,1090287329,targeted,betweenness,86,9,0.10465116279069768,9,0.10465116279069768,0
0.43,146293667,targeted,betweenness,86,9,0.10465116279069768,9,0.10465116279069768,0
0.43,1982915278,targeted,betweenness,86,9,0.10465116279069768,9,0.10465116279069768,0
0.43,1285317876,targeted,betweenness,86,9,0.10465116279069768,9,0.10465116279069768,0
0.43,3791866811,targeted,betweenness,86,9,0.10465116279069768,9,0.10465116279069768,0
0.43,1425024898,targeted,betweenness,86,9,0.10465116279069768,9,0.10465116279069768,0
0.43,1145249144,targeted,betweenness,86,9,0.10465116279069768,9,0.10465116279069768,0
0.43,659672050,targeted,betweenness,86,9,0.10465116279069768,9,0.10465116279069768,0
0.43,479794071,targeted,betweenness,86,9,0.10465116279069768,9,0.10465116279069768,0
0.43,2100369594,targeted,betweenness,86,9,0.10465116279069768,9,0.10465116279069768,0
0.43,4288919145,targeted,betweenness,86,9,0.10465116279069768,9,0.10465116279069768,0
0.43,2328389045,targeted,betweenness,86,9,0.10465116279069768,9,0.10465116279069768,0
0.43,2056351560,targeted,betweenness,86,9,0.10465116279069768,9,0.10465116279069768,0
0.43,2479888878,targeted,betweenness,86,9,0.10465116279069768,9,0.10465116279069768,0
0.43,624160645,targeted,betweenness,86,9,0.10465116279069768,9,0.10465116279069768,0
0.43,376399875,targeted,betweenness,86,9,0.10465116279069768,9,0.10465116279069768,0
0.43,3103641723,targeted,betweenness,86,9,0.10465116279069768,9,0.10465116279069768,0
0.43,1935979555,targeted,betweenness,86,9,0.10465116279069768,9,0.10465116279069768,0
0.43,1676692731,targeted,betweenness,86,9,0.10465116279069768,9,0.10465116279069768,0
0.43,4128408836,targeted,betweenness,86,9,0.10465116279069768,9,0.10465116279069768,0
0.43,3797201436,targeted,betweenness,86,9,0.10465116279069768,9,0.10465116279069768,0
0.43,820079396,targeted,betweenness,86,9,0.10465116279069768,9,0.10465116279069768,0
0.43,3665051981,targeted,betweenness,86,9,0.10465116279069768,9,0.10465116279069768,0
0.43,2349714501,targeted,betweenness,86,9,0.10465116279069768,9,0.10465116279069768,0
0.43,97179553,targeted,betweenness,86,9,0.10465116279069768,9,0.10465116279069768,0
0.43,3867663341,targeted,betweenness,86,9,0.10465116279069768,9,0.10465116279069768,0
0.43,1228457205,targeted,betweenness,86,9,0.10465116279069768,9,0.10465116279069768,0
0.43,310257706,targeted,betweenness,86,9,0.10465116279069768,9,0.10465116279069768,0
0.43,167185834,targeted,betweenness,86,9,0.10465116279069768,9,0.10465116279069768,0
0.43,3383721648,targeted,betweenness,86,9,0.10465116279069768,9,0.10465116279069768,0
0.43,1451409402,targeted,betweenness,86,9,0.10465116279069768,9,0.10465116279069768,0
0.43,3292321015,targeted,betweenness,86,9,0.10465116279069768,9,0.10465116279069768,0
0.43,822648374,targeted,betweenness,86,9,0.10465116279069768,9,0.10465116279069768,0
0.43,4050418645,targeted,betweenness,86,9,0.10465116279069768,9,0.10465116279069768,0
0.43,81010842,targeted,betweenness,86,9,0.10465116279069768,9,0.10465116279069768,0
0.43,2376528229,targeted,betweenness,86,9,0.10465116279069768,9,0.10465116279069768,0
0.43,2637668984,targeted,betweenness,86,9,0.10465116279069768,9,0.10465116279069768,0
0.43,2711510238,targeted,betweenness,86,9,0.10465116279069768,9,0.10465116279069768,0
0.43,1593726057,targeted,betweenness,86,9,0.10465116279069768,9,0.10465116279069768,0
0.43,167692544,targeted,betweenness,86,9,0.10465116279069768,9,0.10465116279069768,0
0.43,1080670428,targeted,betweenness,86,9,0.10465116279069768,9,0.10465116279069768,0
0.43,186769348,targeted,betweenness,86,9,0.10465116279069768,9,0.10465116279069768,0
0.43,1133348467,targeted,betweenness,86,9,0.10465116279069768,9,0.10465116279069768,0
0.43,1032097047,targeted,betweenness,86,9,0.10465116279069768,9,0.10465116279069768,0
0.43,1901251162,targeted,betweenness,86,9,0.10465116279069768,9,0.10465116279069768,0
0.43,1440863786,targeted,betweenness,86,9,0.10465116279069768,9,0.10465116279069768,0
0.43,672073813,targeted,betweenness,86,9,0.10465116279069768,9,0.10465116279069768,0
0.43,3993529073,targeted,betweenness,86,9,0.10465116279069768,9,0.10465116279069768,0
0.43,2674039649,targeted,betweenness,86,9,0.10465116279069768,9,0.10465116279069768,0
0.43,202210580,targeted,betweenness,86,9,0.10465116279069768,9,0.10465116279069768,0
0.43,1421698724,targeted,betweenness,86,9,0.10465116279069768,9,0.10465116279069768,0
0.43,2866916412,targeted,betweenness,86,9,0.10465116279069768,9,0.10465116279069768,0
0.43,1362870313,targeted,betweenness,86,9,0.10465116279069768,9,0.10465116279069768,0
0.43,2249289370,targeted,betweenness,86,9,0.10465116279069768,9,0.10465116279069768,0
0.43,1210570046,targeted,betweenness,86,9,0.10465116279069768,9,0.10465116279069768,0
0.43,2232552918,targeted,betweenness,86,9,0.10465116279069768,9,0.10465116279069768,0
0.43,3512927667,targeted,betweenness,86,9,0.10465116279069768,9,0.10465116279069768,0
0.43,3527295839,targeted,betweenness,86,9,0.10465116279069768,9,0.10465116279069768,0
0.43,906374449,targeted,betweenness,86,9,0.10465116279069768,9,0.10465116279069768,0
0.43,1711585708,targeted,betweenness,86,9,0.10465116279069768,9,0.10465116279069768,0
0.43,467055505,targeted,betweenness,86,9,0.10465116279069768,9,0.10465116279069768,0
0.43,2589214031,targeted,betweenness,86,9,0.10465116279069768,9,0.10465116279069768,0
0.43,417166709,targeted,betweenness,86,9,0.10465116279069768,9,0.10465116279069768,0
0.43,2079732803,targeted,betweenness,86,9,0.10465116279069768,9,0.10465116279069768,0
0.43,4193930102,targeted,betweenness,86,9,0.10465116279069768,9,0.10465116279069768,0
0.43,730793164,targeted,betweenness,86,9,0.10465116279069768,9,0.10465116279069768,0
0.43,3650640106,targeted,betweenness,86,9,0.10465116279069768,9,0.10465116279069768,0
0.43,3521939176,targeted,betweenness,86,9,0.10465116279069768,9,0.10465116279069768,0
0.43,3125286661,targeted,betweenness,86,9,0.10465116279069768,9,0.10465116279069768,0
0.43,4208304458,targeted,betweenness,86,9,0.10465116279069768,9,0.10465116279069768,0
0.43,244250883,targeted,betweenness,86,9,0.10465116279069768,9,0.10465116279069768,0
0.43,4215520446,targeted,betweenness,86,9,0.10465116279069768,9,0.10465116279069768,0
0.43,2922047179,targeted,betweenness,86,9,0.10465116279069768,9,0.10465116279069768,0
0.43,535874285,targeted,betweenness,86,9,0.10465116279069768,9,0.10465116279069768,0
0.43,3928091824,targeted,betweenness,86,9,0.10465116279069768,9,0.10465116279069768,0
0.43,1303975641,targeted,betweenness,86,9,0.10465116279069768,9,0.10465116279069768,0
0.43,2323161775,targeted,betweenness,86,9,0.10465116279069768,9,0.10465116279069768,0
0.43,1986824904,targeted,betweenness,86,9,0.10465116279069768,9,0.10465116279069768,0
0.43,4283990411,targeted,betweenness,86,9,0.10465116279069768,9,0.10465116279069768,0
0.43,4167834613,targeted,betweenness,86,9,0.10465116279069768,9,0.10465116279069768,0
0.43,3649960159,targeted,betweenness,86,9,0.10465116279069768,9,0.10465116279069768,0
0.43,2136605717,targeted,betweenness,86,9,0.10465116279069768,9,0.10465116279069768,0
0.43,2499001945,targeted,betweenness,86,9,0.10465116279069768,9,0.10465116279069768,0
0.43,3707429825,targeted,betweenness,86,9,0.10465116279069768,9,0.10465116279069768,0
0.43,2516070217,targeted,betweenness,86,9,0.10465116279069768,9,0.10465116279069768,0
0.43,100522706,targeted,betweenness,86,9,0.10465116279069768,9,0.10465116279069768,0
0.43,2768937975,targeted,betweenness,86,9,0.10465116279069768,9,0.10465116279069768,0
0.43,4283335925,targeted,betweenness,86,9,0.10465116279069768,9,0.10465116279069768,0
0.43,1207236289,targeted,betweenness,86,9,0.10465116279069768,9,0.10465116279069768,0
0.43,2248689000,targeted,betweenness,86,9,0.10465116279069768,9,0.10465116279069768,0
0.44,1851474727,targeted,betweenness,86,9,0.10465116279069768,9,0.10465116279069768,0
0.44,3810352073,targeted,betweenness,86,9,0.10465116279069768,9,0.10465116279069768,0
0.44,1868075583,targeted,betweenness,86,9,0.10465116279069768,9,0.10465116279069768,0
0.44,1425133850,targeted,betweenness,86,9,0.10465116279069768,9,0.10465116279069768,0
0.44,2453861856,targeted,betweenness,86,9,0.10465116279069768,9,0.10465116279069768,0
0.44,1735362292,targeted,betweenness,86,9,0.10465116279069768,9,0.10465116279069768,0
0.44,2932815224,targeted,betweenness,86,9,0.10465116279069768,9,0.10465116279069768,0
0.44,1080900662,targeted,betweenness,86,9,0.10465116279069768,9,0.10465116279069768,0
0.44,70224734,targeted,betweenness,86,9,0.10465116279069768,9,0.10465116279069768,0
0.44,1463391908,targeted,betweenness,86,9,0.10465116279069768,9,0.10465116279069768,0
0.44,2918588210,targeted,betweenness,86,9,0.10465116279069768,9,0.10465116279069768,0
0.44,1349326234,targeted,betweenness,86,9,0.10465116279069768,9,0.10465116279069768,0
0.44,3516211633,targeted,betweenness,86,9,0.10465116279069768,9,0.10465116279069768,0
0.44,1593059751,targeted,betweenness,86,9,0.10465116279069768,9,0.10465116279069768,0
0.44,3116482816,targeted,betweenness,86,9,0.10465116279069768,9,0.10465116279069768,0
0.44,535799149,targeted,betweenness,86,9,0.10465116279069768,9,0.10465116279069768,0
0.44,964905293,targeted,betweenness,86,9,0.10465116279069768,9,0.10465116279069768,0
0.44,1153202718,targeted,betweenness,86,9,0.10465116279069768,9,0.10465116279069768,0
0.44,2551082783,targeted,betweenness,86,9,0.10465116279069768,9,0.10465116279069768,0
0.44,1552892893,targeted,betweenness,86,9,0.10465116279069768,9,0.10465116279069768,0
0.44,278301869,targeted,betweenness,86,9,0.10465116279069768,9,0.10465116279069768,0
0.44,3854659996,targeted,betweenness,86,9,0.10465116279069768,9,0.10465116279069768,0
0.44,2813414629,targeted,betweenness,86,9,0.10465116279069768,9,0.10465116279069768,0
0.44,3748944038,targeted,betweenness,86,9,0.10465116279069768,9,0.10465116279069768,0
0.44,3770338855,targeted,betweenness,86,9,0.10465116279069768,9,0.10465116279069768,0
0.44,2395728330,targeted,betweenness,86,9,0.10465116279069768,9,0.10465116279069768,0
0.44,1591348854,targeted,betweenness,86,9,0.10465116279069768,9,0.10465116279069768,0
0.44,2335805608,targeted,betweenness,86,9,0.10465116279069768,9,0.10465116279069768,0
0.44,2204402903,targeted,betweenness,86,9,0.10465116279069768,9,0.10465116279069768,0
0.44,295398708,targeted,betweenness,86,9,0.10465116279069768,9,0.10465116279069768,0
0.44,3263625951,targeted,betweenness,86,9,0.10465116279069768,9,0.10465116279069768,0
0.44,4175622268,targeted,betweenness,86,9,0.10465116279069768,9,0.10465116279069768,0
0.44,2074413622,targeted,betweenness,86,9,0.10465116279069768,9,0.10465116279069768,0
0.44,2331264569,targeted,betweenness,86,9,0.10465116279069768,9,0.10465116279069768,0
0.44,3284266674,targeted,betweenness,86,9,0.10465116279069768,9,0.10465116279069768,0
0.44,1746986667,targeted,betweenness,86,9,0.10465116279069768,9,0.10465116279069768,0
0.44,4168950470,targeted,betweenness,86,9,0.10465116279069768,9,0.10465116279069768,0
0.44,3236857299,targeted,betweenness,86,9,0.10465116279069768,9,0.10465116279069768,0
0.44,2459453021,targeted,betweenness,86,9,0.10465116279069768,9,0.10465116279069768,0
0.44,1860311775,targeted,betweenness,86,9,0.10465116279069768,9,0.10465116279069768,0
0.44,2356992005,targeted,betweenness,86,9,0.10465116279069768,9,0.10465116279069768,0
0.44,1353085797,targeted,betweenness,86,9,0.10465116279069768,9,0.10465116279069768,0
0.44,3074653528,targeted,betweenness,86,9,0.10465116279069768,9,0.10465116279069768,0
0.44,1856755097,targeted,betweenness,86,9,0.10465116279069768,9,0.10465116279069768,0
0.44,2065663362,targeted,betweenness,86,9,0.10465116279069768,9,0.10465116279069768,0
0.44,2662751085,targeted,betweenness,86,9,0.10465116279069768,9,0.10465116279069768,0
0.44,3025552016,targeted,betweenness,86,9,0.10465116279069768,9,0.10465116279069768,0
0.44,1599471946,targeted,betweenness,86,9,0.10465116279069768,9,0.10465116279069768,0
0.44,708163219,targeted,betweenness,86,9,0.10465116279069768,9,0.10465116279069768,0
0.44,2753947984,targeted,betweenness,86,9,0.10465116279069768,9,0.10465116279069768,0
0.44,171563380,targeted,betweenness,86,9,0.10465116279069768,9,0.10465116279069768,0
0.44,2179978330,targeted,betweenness,86,9,0.10465116279069768,9,0.10465116279069768,0
0.44,1669634152,targeted,betweenness,86,9,0.10465116279069768,9,0.10465116279069768,0
0.44,3622218137,targeted,betweenness,86,9,0.10465116279069768,9,0.10465116279069768,0
0.44,2283824827,targeted,betweenness,86,9,0.10465116279069768,9,0.10465116279069768,0
0.44,357134217,targeted,betweenness,86,9,0.10465116279069768,9,0.10465116279069768,0
0.44,2825022326,targeted,betweenness,86,9,0.10465116279069768,9,0.10465116279069768,0
0.44,2449271712,targeted,betweenness,86,9,0.10465116279069768,9,0.10465116279069768,0
0.44,744966021,targeted,betweenness,86,9,0.10465116279069768,9,0.10465116279069768,0
0.44,3933723697,targeted,betweenness,86,9,0.10465116279069768,9,0.10465116279069768,0
0.44,2572757513,targeted,betweenness,86,9,0.10465116279069768,9,0.10465116279069768,0
0.44,907383021,targeted,betweenness,86,9,0.10465116279069768,9,0.10465116279069768,0
0.44,3911418408,targeted,betweenness,86,9,0.10465116279069768,9,0.10465116279069768,0
0.44,3479852504,targeted,betweenness,86,9,0.10465116279069768,9,0.10465116279069768,0
0.44,632395913,targeted,betweenness,86,9,0.10465116279069768,9,0.10465116279069768,0
0.44,158510338,targeted,betweenness,86,9,0.10465116279069768,9,0.10465116279069768,0
0.44,1859025073,targeted,betweenness,86,9,0.10465116279069768,9,0.10465116279069768,0
0.44,119783836,targeted,betweenness,86,9,0.10465116279069768,9,0.10465116279069768,0
0.44,2616597974,targeted,betweenness,86,9,0.10465116279069768,9,0.10465116279069768,0
0.44,2277970237,targeted,betweenness,86,9,0.10465116279069768,9,0.10465116279069768,0
0.44,1540780042,targeted,betweenness,86,9,0.10465116279069768,9,0.10465116279069768,0
0.44,733056867,targeted,betweenness,86,9,0.10465116279069768,9,0.10465116279069768,0
0.44,3805332450,targeted,betweenness,86,9,0.10465116279069768,9,0.10465116279069768,0
0.44,2042057954,targeted,betweenness,86,9,0.10465116279069768,9,0.10465116279069768,0
0.44,1109863408,targeted,betweenness,86,9,0.10465116279069768,9,0.10465116279069768,0
0.44,2042849589,targeted,betweenness,86,9,0.10465116279069768,9,0.10465116279069768,0
0.44,69152646,targeted,betweenness,86,9,0.10465116279069768,9,0.10465116279069768,0
0.44,1800626927,targeted,betweenness,86,9,0.10465116279069768,9,0.10465116279069768,0
0.44,2623322037,targeted,betweenness,86,9,0.10465116279069768,9,0.10465116279069768,0
0.44,3074663271,targeted,betweenness,86,9,0.10465116279069768,9,0.10465116279069768,0
0.44,3949053387,targeted,betweenness,86,9,0.10465116279069768,9,0.10465116279069768,0
0.44,2420190743,targeted,betweenness,86,9,0.10465116279069768,9,0.10465116279069768,0
0.44,2449266005,targeted,betweenness,86,9,0.10465116279069768,9,0.10465116279069768,0
0.44,144902278,targeted,betweenness,86,9,0.10465116279069768,9,0.10465116279069768,0
0.44,2751257400,targeted,betweenness,86,9,0.10465116279069768,9,0.10465116279069768,0
0.44,2629953839,targeted,betweenness,86,9,0.10465116279069768,9,0.10465116279069768,0
0.44,2995621497,targeted,betweenness,86,9,0.10465116279069768,9,0.10465116279069768,0
0.44,1352961451,targeted,betweenness,86,9,0.10465116279069768,9,0.10465116279069768,0
0.44,1995662425,targeted,betweenness,86,9,0.10465116279069768,9,0.10465116279069768,0
0.44,3647679621,targeted,betweenness,86,9,0.10465116279069768,9,0.10465116279069768,0
0.44,1313703680,targeted,betweenness,86,9,0.10465116279069768,9,0.10465116279069768,0
0.44,3791494592,targeted,betweenness,86,9,0.10465116279069768,9,0.10465116279069768,0
0.44,4146852497,targeted,betweenness,86,9,0.10465116279069768,9,0.10465116279069768,0
0.44,2404592454,targeted,betweenness,86,9,0.10465116279069768,9,0.10465116279069768,0
0.44,853653735,targeted,betweenness,86,9,0.10465116279069768,9,0.10465116279069768,0
0.44,3290156143,targeted,betweenness,86,9,0.10465116279069768,9,0.10465116279069768,0
0.44,1517553167,targeted,betweenness,86,9,0.10465116279069768,9,0.10465116279069768,0
0.44,4251233647,targeted,betweenness,86,9,0.10465116279069768,9,0.10465116279069768,0
0.44,3891807163,targeted,betweenness,86,9,0.10465116279069768,9,0.10465116279069768,0
0.44,4023211245,targeted,betweenness,86,9,0.10465116279069768,9,0.10465116279069768,0
0.45,406590133,targeted,betweenness,86,9,0.10465116279069768,8,0.09302325581395349,0
0.45,1306826325,targeted,betweenness,86,9,0.10465116279069768,8,0.09302325581395349,0
0.45,3408985775,targeted,betweenness,86,9,0.10465116279069768,8,0.09302325581395349,0
0.45,1511105618,targeted,betweenness,86,9,0.10465116279069768,8,0.09302325581395349,0
0.45,2324745157,targeted,betweenness,86,9,0.10465116279069768,8,0.09302325581395349,0
0.45,882846157,targeted,betweenness,86,9,0.10465116279069768,8,0.09302325581395349,0
0.45,878971234,targeted,betweenness,86,9,0.10465116279069768,8,0.09302325581395349,0
0.45,767270150,targeted,betweenness,86,9,0.10465116279069768,8,0.09302325581395349,0
0.45,2982860211,targeted,betweenness,86,9,0.10465116279069768,8,0.09302325581395349,0
0.45,633271737,targeted,betweenness,86,9,0.10465116279069768,8,0.09302325581395349,0
0.45,548693431,targeted,betweenness,86,9,0.10465116279069768,8,0.09302325581395349,0
0.45,2784182083,targeted,betweenness,86,9,0.10465116279069768,8,0.09302325581395349,0
0.45,992819136,targeted,betweenness,86,9,0.10465116279069768,8,0.09302325581395349,0
0.45,3564085700,targeted,betweenness,86,9,0.10465116279069768,8,0.09302325581395349,0
0.45,1455415540,targeted,betweenness,86,9,0.10465116279069768,8,0.09302325581395349,0
0.45,3029845743,targeted,betweenness,86,9,0.10465116279069768,8,0.09302325581395349,0
0.45,2257160155,targeted,betweenness,86,9,0.10465116279069768,8,0.09302325581395349,0
0.45,1142290201,targeted,betweenness,86,9,0.10465116279069768,8,0.09302325581395349,0
0.45,3473618875,targeted,betweenness,86,9,0.10465116279069768,8,0.09302325581395349,0
0.45,3711611971,targeted,betweenness,86,9,0.10465116279069768,8,0.09302325581395349,0
0.45,995188400,targeted,betweenness,86,9,0.10465116279069768,8,0.09302325581395349,0
0.45,1186569837,targeted,betweenness,86,9,0.10465116279069768,8,0.09302325581395349,0
0.45,195746144,targeted,betweenness,86,9,0.10465116279069768,8,0.09302325581395349,0
0.45,1906337855,targeted,betweenness,86,9,0.10465116279069768,8,0.09302325581395349,0
0.45,2742632886,targeted,betweenness,86,9,0.10465116279069768,8,0.09302325581395349,0
0.45,3540341620,targeted,betweenness,86,9,0.10465116279069768,8,0.09302325581395349,0
0.45,4064307146,targeted,betweenness,86,9,0.10465116279069768,8,0.09302325581395349,0
0.45,3667630574,targeted,betweenness,86,9,0.10465116279069768,8,0.09302325581395349,0
0.45,3713433598,targeted,betweenness,86,9,0.10465116279069768,8,0.09302325581395349,0
0.45,1364949354,targeted,betweenness,86,9,0.10465116279069768,8,0.09302325581395349,0
0.45,3528250623,targeted,betweenness,86,9,0.10465116279069768,8,0.09302325581395349,0
0.45,3282675597,targeted,betweenness,86,9,0.10465116279069768,8,0.09302325581395349,0
0.45,182562079,targeted,betweenness,86,9,0.10465116279069768,8,0.09302325581395349,0
0.45,3241095716,targeted,betweenness,86,9,0.10465116279069768,8,0.09302325581395349,0
0.45,4258779143,targeted,betweenness,86,9,0.10465116279069768,8,0.09302325581395349,0
0.45,3149048755,targeted,betweenness,86,9,0.10465116279069768,8,0.09302325581395349,0
0.45,3463384454,targeted,betweenness,86,9,0.10465116279069768,8,0.09302325581395349,0
0.45,290982792,targeted,betweenness,86,9,0.10465116279069768,8,0.09302325581395349,0
0.45,3053387565,targeted,betweenness,86,9,0.10465116279069768,8,0.09302325581395349,0
0.45,2522059608,targeted,betweenness,86,9,0.10465116279069768,8,0.09302325581395349,0
0.45,529745954,targeted,betweenness,86,9,0.10465116279069768,8,0.09302325581395349,0
0.45,1376428781,targeted,betweenness,86,9,0.10465116279069768,8,0.09302325581395349,0
0.45,433025509,targeted,betweenness,86,9,0.10465116279069768,8,0.09302325581395349,0
0.45,1664639469,targeted,betweenness,86,9,0.10465116279069768,8,0.09302325581395349,0
0.45,2087070561,targeted,betweenness,86,9,0.10465116279069768,8,0.09302325581395349,0
0.45,4190577226,targeted,betweenness,86,9,0.10465116279069768,8,0.09302325581395349,0
0.45,2811848360,targeted,betweenness,86,9,0.10465116279069768,8,0.09302325581395349,0
0.45,498092730,targeted,betweenness,86,9,0.10465116279069768,8,0.09302325581395349,0
0.45,2427782175,targeted,betweenness,86,9,0.10465116279069768,8,0.09302325581395349,0
0.45,2731357683,targeted,betweenness,86,9,0.10465116279069768,8,0.09302325581395349,0
0.45,3137544793,targeted,betweenness,86,9,0.10465116279069768,8,0.09302325581395349,0
0.45,986767117,targeted,betweenness,86,9,0.10465116279069768,8,0.09302325581395349,0
0.45,319271045,targeted,betweenness,86,9,0.10465116279069768,8,0.09302325581395349,0
0.45,3935469018,targeted,betweenness,86,9,0.10465116279069768,8,0.09302325581395349,0
0.45,3082462239,targeted,betweenness,86,9,0.10465116279069768,8,0.09302325581395349,0
0.45,3053892761,targeted,betweenness,86,9,0.10465116279069768,8,0.09302325581395349,0
0.45,2676291494,targeted,betweenness,86,9,0.10465116279069768,8,0.09302325581395349,0
0.45,3632718427,targeted,betweenness,86,9,0.10465116279069768,8,0.09302325581395349,0
0.45,464123579,targeted,betweenness,86,9,0.10465116279069768,8,0.09302325581395349,0
0.45,1035048893,targeted,betweenness,86,9,0.10465116279069768,8,0.09302325581395349,0
0.45,1316996640,targeted,betweenness,86,9,0.10465116279069768,8,0.09302325581395349,0
0.45,716924321,targeted,betweenness,86,9,0.10465116279069768,8,0.09302325581395349,0
0.45,3498288548,targeted,betweenness,86,9,0.10465116279069768,8,0.09302325581395349,0
0.45,3824917101,targeted,betweenness,86,9,0.10465116279069768,8,0.09302325581395349,0
0.45,1833491644,targeted,betweenness,86,9,0.10465116279069768,8,0.09302325581395349,0
0.45,2638056507,targeted,betweenness,86,9,0.10465116279069768,8,0.09302325581395349,0
0.45,1273618679,targeted,betweenness,86,9,0.10465116279069768,8,0.09302325581395349,0
0.45,575138572,targeted,betweenness,86,9,0.10465116279069768,8,0.09302325581395349,0
0.45,684088820,targeted,betweenness,86,9,0.10465116279069768,8,0.09302325581395349,0
0.45,3095333586,targeted,betweenness,86,9,0.10465116279069768,8,0.09302325581395349,0
0.45,3643182696,targeted,betweenness,86,9,0.10465116279069768,8,0.09302325581395349,0
0.45,4060002959,targeted,betweenness,86,9,0.10465116279069768,8,0.09302325581395349,0
0.45,3722017932,targeted,betweenness,86,9,0.10465116279069768,8,0.09302325581395349,0
0.45,294701649,targeted,betweenness,86,9,0.10465116279069768,8,0.09302325581395349,0
0.45,1958028005,targeted,betweenness,86,9,0.10465116279069768,8,0.09302325581395349,0
0.45,2719580963,targeted,betweenness,86,9,0.10465116279069768,8,0.09302325581395349,0
0.45,3307533990,targeted,betweenness,86,9,0.10465116279069768,8,0.09302325581395349,0
0.45,4189367719,targeted,betweenness,86,9,0.10465116279069768,8,0.09302325581395349,0
0.45,2989968713,targeted,betweenness,86,9,0.10465116279069768,8,0.09302325581395349,0
0.45,238839860,targeted,betweenness,86,9,0.10465116279069768,8,0.09302325581395349,0
0.45,2735755127,targeted,betweenness,86,9,0.10465116279069768,8,0.09302325581395349,0
0.45,1259256417,targeted,betweenness,86,9,0.10465116279069768,8,0.09302325581395349,0
0.45,4190426028,targeted,betweenness,86,9,0.10465116279069768,8,0.09302325581395349,0
0.45,84563986,targeted,betweenness,86,9,0.10465116279069768,8,0.09302325581395349,0
0.45,3009450235,targeted,betweenness,86,9,0.10465116279069768,8,0.09302325581395349,0
0.45,2891812649,targeted,betweenness,86,9,0.10465116279069768,8,0.09302325581395349,0
0.45,2070941398,targeted,betweenness,86,9,0.10465116279069768,8,0.09302325581395349,0
0.45,694265163,targeted,betweenness,86,9,0.10465116279069768,8,0.09302325581395349,0
0.45,615752037,targeted,betweenness,86,9,0.10465116279069768,8,0.09302325581395349,0
0.45,829776587,targeted,betweenness,86,9,0.10465116279069768,8,0.09302325581395349,0
0.45,574477064,targeted,betweenness,86,9,0.10465116279069768,8,0.09302325581395349,0
0.45,3930912282,targeted,betweenness,86,9,0.10465116279069768,8,0.09302325581395349,0
0.45,127225165,targeted,betweenness,86,9,0.10465116279069768,8,0.09302325581395349,0
0.45,80433970,targeted,betweenness,86,9,0.10465116279069768,8,0.09302325581395349,0
0.45,3469468702,targeted,betweenness,86,9,0.10465116279069768,8,0.09302325581395349,0
0.45,2845894240,targeted,betweenness,86,9,0.10465116279069768,8,0.09302325581395349,0
0.45,3380893344,targeted,betweenness,86,9,0.10465116279069768,8,0.09302325581395349,0
0.45,1767331945,targeted,betweenness,86,9,0.10465116279069768,8,0.09302325581395349,0
0.45,4293369214,targeted,betweenness,86,9,0.10465116279069768,8,0.09302325581395349,0
0.45,2021504801,targeted,betweenness,86,9,0.10465116279069768,8,0.09302325581395349,0
0.46,3323995209,targeted,betweenness,86,8,0.09302325581395349,8,0.09302325581395349,0
0.46,2113293774,targeted,betweenness,86,8,0.09302325581395349,8,0.09302325581395349,0
0.46,1291596432,targeted,betweenness,86,8,0.09302325581395349,8,0.09302325581395349,0
0.46,3715197447,targeted,betweenness,86,8,0.09302325581395349,8,0.09302325581395349,0
0.46,3336353920,targeted,betweenness,86,8,0.09302325581395349,8,0.09302325581395349,0
0.46,3154536735,targeted,betweenness,86,8,0.09302325581395349,8,0.09302325581395349,0
0.46,2366194122,targeted,betweenness,86,8,0.09302325581395349,8,0.09302325581395349,0
0.46,3321459688,targeted,betweenness,86,8,0.09302325581395349,8,0.09302325581395349,0
0.46,2302581946,targeted,betweenness,86,8,0.09302325581395349,8,0.09302325581395349,0
0.46,2389233148,targeted,betweenness,86,8,0.09302325581395349,8,0.09302325581395349,0
0.46,3793735870,targeted,betweenness,86,8,0.09302325581395349,8,0.09302325581395349,0
0.46,1878259918,targeted,betweenness,86,8,0.09302325581395349,8,0.09302325581395349,0
0.46,2475931998,targeted,betweenness,86,8,0.09302325581395349,8,0.09302325581395349,0
0.46,1959120643,targeted,betweenness,86,8,0.09302325581395349,8,0.09302325581395349,0
0.46,2586984582,targeted,betweenness,86,8,0.09302325581395349,8,0.09302325581395349,0
0.46,3482291747,targeted,betweenness,86,8,0.09302325581395349,8,0.09302325581395349,0
0.46,2578210868,targeted,betweenness,86,8,0.09302325581395349,8,0.09302325581395349,0
0.46,607083412,targeted,betweenness,86,8,0.09302325581395349,8,0.09302325581395349,0
0.46,264589981,targeted,betweenness,86,8,0.09302325581395349,8,0.09302325581395349,0
0.46,2172628449,targeted,betweenness,86,8,0.09302325581395349,8,0.09302325581395349,0
0.46,3291935316,targeted,betweenness,86,8,0.09302325581395349,8,0.09302325581395349,0
0.46,877334123,targeted,betweenness,86,8,0.09302325581395349,8,0.09302325581395349,0
0.46,2643022660,targeted,betweenness,86,8,0.09302325581395349,8,0.09302325581395349,0
0.46,3076023237,targeted,betweenness,86,8,0.09302325581395349,8,0.09302325581395349,0
0.46,3680390969,targeted,betweenness,86,8,0.09302325581395349,8,0.09302325581395349,0
0.46,114698587,targeted,betweenness,86,8,0.09302325581395349,8,0.09302325581395349,0
0.46,584247933,targeted,betweenness,86,8,0.09302325581395349,8,0.09302325581395349,0
0.46,818560825,targeted,betweenness,86,8,0.09302325581395349,8,0.09302325581395349,0
0.46,851885170,targeted,betweenness,86,8,0.09302325581395349,8,0.09302325581395349,0
0.46,2050316172,targeted,betweenness,86,8,0.09302325581395349,8,0.09302325581395349,0
0.46,3326708729,targeted,betweenness,86,8,0.09302325581395349,8,0.09302325581395349,0
0.46,3896649076,targeted,betweenness,86,8,0.09302325581395349,8,0.09302325581395349,0
0.46,335174051,targeted,betweenness,86,8,0.09302325581395349,8,0.09302325581395349,0
0.46,3042363301,targeted,betweenness,86,8,0.09302325581395349,8,0.09302325581395349,0
0.46,403061990,targeted,betweenness,86,8,0.09302325581395349,8,0.09302325581395349,0
0.46,2245480973,targeted,betweenness,86,8,0.09302325581395349,8,0.09302325581395349,0
0.46,3820299387,targeted,betweenness,86,8,0.09302325581395349,8,0.09302325581395349,0
0.46,1659870965,targeted,betweenness,86,8,0.09302325581395349,8,0.09302325581395349,0
0.46,760517513,targeted,betweenness,86,8,0.09302325581395349,8,0.09302325581395349,0
0.46,10998438,targeted,betweenness,86,8,0.09302325581395349,8,0.09302325581395349,0
0.46,2306852008,targeted,betweenness,86,8,0.09302325581395349,8,0.09302325581395349,0
0.46,3778544528,targeted,betweenness,86,8,0.09302325581395349,8,0.09302325581395349,0
0.46,3009889081,targeted,betweenness,86,8,0.09302325581395349,8,0.09302325581395349,0
0.46,2398404334,targeted,betweenness,86,8,0.09302325581395349,8,0.09302325581395349,0
0.46,2682195071,targeted,betweenness,86,8,0.09302325581395349,8,0.09302325581395349,0
0.46,3830407576,targeted,betweenness,86,8,0.09302325581395349,8,0.09302325581395349,0
0.46,2228018961,targeted,betweenness,86,8,0.09302325581395349,8,0.09302325581395349,0
0.46,2876744705,targeted,betweenness,86,8,0.09302325581395349,8,0.09302325581395349,0
0.46,1905203582,targeted,betweenness,86,8,0.09302325581395349,8,0.09302325581395349,0
0.46,1902176385,targeted,betweenness,86,8,0.09302325581395349,8,0.09302325581395349,0
0.46,1344571570,targeted,betweenness,86,8,0.09302325581395349,8,0.09302325581395349,0
0.46,467826492,targeted,betweenness,86,8,0.09302325581395349,8,0.09302325581395349,0
0.46,1781398125,targeted,betweenness,86,8,0.09302325581395349,8,0.09302325581395349,0
0.46,3409072615,targeted,betweenness,86,8,0.09302325581395349,8,0.09302325581395349,0
0.46,124737048,targeted,betweenness,86,8,0.09302325581395349,8,0.09302325581395349,0
0.46,2410859065,targeted,betweenness,86,8,0.09302325581395349,8,0.09302325581395349,0
0.46,1512212564,targeted,betweenness,86,8,0.09302325581395349,8,0.09302325581395349,0
0.46,964205279,targeted,betweenness,86,8,0.09302325581395349,8,0.09302325581395349,0
0.46,2417975591,targeted,betweenness,86,8,0.09302325581395349,8,0.09302325581395349,0
0.46,2189050808,targeted,betweenness,86,8,0.09302325581395349,8,0.09302325581395349,0
0.46,2160846587,targeted,betweenness,86,8,0.09302325581395349,8,0.09302325581395349,0
0.46,637819200,targeted,betweenness,86,8,0.09302325581395349,8,0.09302325581395349,0
0.46,534470958,targeted,betweenness,86,8,0.09302325581395349,8,0.09302325581395349,0
0.46,1514064024,targeted,betweenness,86,8,0.09302325581395349,8,0.09302325581395349,0
0.46,1396369399,targeted,betweenness,86,8,0.09302325581395349,8,0.09302325581395349,0
0.46,788005731,targeted,betweenness,86,8,0.09302325581395349,8,0.09302325581395349,0
0.46,210271314,targeted,betweenness,86,8,0.09302325581395349,8,0.09302325581395349,0
0.46,3501570815,targeted,betweenness,86,8,0.09302325581395349,8,0.09302325581395349,0
0.46,176019687,targeted,betweenness,86,8,0.09302325581395349,8,0.09302325581395349,0
0.46,4182507674,targeted,betweenness,86,8,0.09302325581395349,8,0.09302325581395349,0
0.46,4294629891,targeted,betweenness,86,8,0.09302325581395349,8,0.09302325581395349,0
0.46,980905884,targeted,betweenness,86,8,0.09302325581395349,8,0.09302325581395349,0
0.46,956904489,targeted,betweenness,86,8,0.09302325581395349,8,0.09302325581395349,0
0.46,2599696977,targeted,betweenness,86,8,0.09302325581395349,8,0.09302325581395349,0
0.46,2784096723,targeted,betweenness,86,8,0.09302325581395349,8,0.09302325581395349,0
0.46,3572291211,targeted,betweenness,86,8,0.09302325581395349,8,0.09302325581395349,0
0.46,2831385072,targeted,betweenness,86,8,0.09302325581395349,8,0.09302325581395349,0
0.46,2650207230,targeted,betweenness,86,8,0.09302325581395349,8,0.09302325581395349,0
0.46,2687898932,targeted,betweenness,86,8,0.09302325581395349,8,0.09302325581395349,0
0.46,3319799379,targeted,betweenness,86,8,0.09302325581395349,8,0.09302325581395349,0
0.46,3924865668,targeted,betweenness,86,8,0.09302325581395349,8,0.09302325581395349,0
0.46,337987948,targeted,betweenness,86,8,0.09302325581395349,8,0.09302325581395349,0
0.46,3484704064,targeted,betweenness,86,8,0.09302325581395349,8,0.09302325581395349,0
0.46,3530522065,targeted,betweenness,86,8,0.09302325581395349,8,0.09302325581395349,0
0.46,1133569669,targeted,betweenness,86,8,0.09302325581395349,8,0.09302325581395349,0
0.46,3214693927,targeted,betweenness,86,8,0.09302325581395349,8,0.09302325581395349,0
0.46,257805343,targeted,betweenness,86,8,0.09302325581395349,8,0.09302325581395349,0
0.46,1159967547,targeted,betweenness,86,8,0.09302325581395349,8,0.09302325581395349,0
0.46,1718041847,targeted,betweenness,86,8,0.09302325581395349,8,0.09302325581395349,0
0.46,4202228412,targeted,betweenness,86,8,0.09302325581395349,8,0.09302325581395349,0
0.46,511260453,targeted,betweenness,86,8,0.09302325581395349,8,0.09302325581395349,0
0.46,942336900,targeted,betweenness,86,8,0.09302325581395349,8,0.09302325581395349,0
0.46,4164274978,targeted,betweenness,86,8,0.09302325581395349,8,0.09302325581395349,0
0.46,2125044760,targeted,betweenness,86,8,0.09302325581395349,8,0.09302325581395349,0
0.46,4287055778,targeted,betweenness,86,8,0.09302325581395349,8,0.09302325581395349,0
0.46,343269980,targeted,betweenness,86,8,0.09302325581395349,8,0.09302325581395349,0
0.46,2210494374,targeted,betweenness,86,8,0.09302325581395349,8,0.09302325581395349,0
0.46,3167037421,targeted,betweenness,86,8,0.09302325581395349,8,0.09302325581395349,0
0.46,3023331185,targeted,betweenness,86,8,0.09302325581395349,8,0.09302325581395349,0
0.46,1266988873,targeted,betweenness,86,8,0.09302325581395349,8,0.09302325581395349,0
0.47,1479265454,targeted,betweenness,86,8,0.09302325581395349,8,0.09302325581395349,0
0.47,774666143,targeted,betweenness,86,8,0.09302325581395349,8,0.09302325581395349,0
0.47,403988760,targeted,betweenness,86,8,0.09302325581395349,8,0.09302325581395349,0
0.47,162641541,targeted,betweenness,86,8,0.09302325581395349,8,0.09302325581395349,0
0.47,727492412,targeted,betweenness,86,8,0.09302325581395349,8,0.09302325581395349,0
0.47,625244868,targeted,betweenness,86,8,0.09302325581395349,8,0.09302325581395349,0
0.47,2614486206,targeted,betweenness,86,8,0.09302325581395349,8,0.09302325581395349,0
0.47,2860795638,targeted,betweenness,86,8,0.09302325581395349,8,0.09302325581395349,0
0.47,575353992,targeted,betweenness,86,8,0.09302325581395349,8,0.09302325581395349,0
0.47,1329289376,targeted,betweenness,86,8,0.09302325581395349,8,0.09302325581395349,0
0.47,1883909609,targeted,betweenness,86,8,0.09302325581395349,8,0.09302325581395349,0
0.47,1997694936,targeted,betweenness,86,8,0.09302325581395349,8,0.09302325581395349,0
0.47,3560761823,targeted,betweenness,86,8,0.09302325581395349,8,0.09302325581395349,0
0.47,1685454594,targeted,betweenness,86,8,0.09302325581395349,8,0.09302325581395349,0
0.47,1948724995,targeted,betweenness,86,8,0.09302325581395349,8,0.09302325581395349,0
0.47,2595339501,targeted,betweenness,86,8,0.09302325581395349,8,0.09302325581395349,0
0.47,3915471374,targeted,betweenness,86,8,0.09302325581395349,8,0.09302325581395349,0
0.47,286089655,targeted,betweenness,86,8,0.09302325581395349,8,0.09302325581395349,0
0.47,1872719069,targeted,betweenness,86,8,0.09302325581395349,8,0.09302325581395349,0
0.47,1268095617,targeted,betweenness,86,8,0.09302325581395349,8,0.09302325581395349,0
0.47,28856834,targeted,betweenness,86,8,0.09302325581395349,8,0.09302325581395349,0
0.47,3681646297,targeted,betweenness,86,8,0.09302325581395349,8,0.09302325581395349,0
0.47,869298864,targeted,betweenness,86,8,0.09302325581395349,8,0.09302325581395349,0
0.47,3216931797,targeted,betweenness,86,8,0.09302325581395349,8,0.09302325581395349,0
0.47,924852820,targeted,betweenness,86,8,0.09302325581395349,8,0.09302325581395349,0
0.47,686970850,targeted,betweenness,86,8,0.09302325581395349,8,0.09302325581395349,0
0.47,1627740175,targeted,betweenness,86,8,0.09302325581395349,8,0.09302325581395349,0
0.47,945030278,targeted,betweenness,86,8,0.09302325581395349,8,0.09302325581395349,0
0.47,767863454,targeted,betweenness,86,8,0.09302325581395349,8,0.09302325581395349,0
0.47,2778095475,targeted,betweenness,86,8,0.09302325581395349,8,0.09302325581395349,0
0.47,1092709319,targeted,betweenness,86,8,0.09302325581395349,8,0.09302325581395349,0
0.47,1525005663,targeted,betweenness,86,8,0.09302325581395349,8,0.09302325581395349,0
0.47,3045468621,targeted,betweenness,86,8,0.09302325581395349,8,0.09302325581395349,0
0.47,2801958675,targeted,betweenness,86,8,0.09302325581395349,8,0.09302325581395349,0
0.47,3367047273,targeted,betweenness,86,8,0.09302325581395349,8,0.09302325581395349,0
0.47,3740152291,targeted,betweenness,86,8,0.09302325581395349,8,0.09302325581395349,0
0.47,3572996689,targeted,betweenness,86,8,0.09302325581395349,8,0.09302325581395349,0
0.47,1708147156,targeted,betweenness,86,8,0.09302325581395349,8,0.09302325581395349,0
0.47,2805782281,targeted,betweenness,86,8,0.09302325581395349,8,0.09302325581395349,0
0.47,2491069158,targeted,betweenness,86,8,0.09302325581395349,8,0.09302325581395349,0
0.47,1749623559,targeted,betweenness,86,8,0.09302325581395349,8,0.09302325581395349,0
0.47,1135335827,targeted,betweenness,86,8,0.09302325581395349,8,0.09302325581395349,0
0.47,3714402597,targeted,betweenness,86,8,0.09302325581395349,8,0.09302325581395349,0
0.47,2278212514,targeted,betweenness,86,8,0.09302325581395349,8,0.09302325581395349,0
0.47,960977481,targeted,betweenness,86,8,0.09302325581395349,8,0.09302325581395349,0
0.47,3308169201,targeted,betweenness,86,8,0.09302325581395349,8,0.09302325581395349,0
0.47,3978061412,targeted,betweenness,86,8,0.09302325581395349,8,0.09302325581395349,0
0.47,366767764,targeted,betweenness,86,8,0.09302325581395349,8,0.09302325581395349,0
0.47,2113253962,targeted,betweenness,86,8,0.09302325581395349,8,0.09302325581395349,0
0.47,1106692516,targeted,betweenness,86,8,0.09302325581395349,8,0.09302325581395349,0
0.47,2713282757,targeted,betweenness,86,8,0.09302325581395349,8,0.09302325581395349,0
0.47,3977625303,targeted,betweenness,86,8,0.09302325581395349,8,0.09302325581395349,0
0.47,2937611531,targeted,betweenness,86,8,0.09302325581395349,8,0.09302325581395349,0
0.47,2988800670,targeted,betweenness,86,8,0.09302325581395349,8,0.09302325581395349,0
0.47,3690799235,targeted,betweenness,86,8,0.09302325581395349,8,0.09302325581395349,0
0.47,1185499848,targeted,betweenness,86,8,0.09302325581395349,8,0.09302325581395349,0
0.47,920865251,targeted,betweenness,86,8,0.09302325581395349,8,0.09302325581395349,0
0.47,1603782790,targeted,betweenness,86,8,0.09302325581395349,8,0.09302325581395349,0
0.47,2311609056,targeted,betweenness,86,8,0.09302325581395349,8,0.09302325581395349,0
0.47,2295737116,targeted,betweenness,86,8,0.09302325581395349,8,0.09302325581395349,0
0.47,1654138395,targeted,betweenness,86,8,0.09302325581395349,8,0.09302325581395349,0
0.47,2711924666,targeted,betweenness,86,8,0.09302325581395349,8,0.09302325581395349,0
0.47,3581776470,targeted,betweenness,86,8,0.09302325581395349,8,0.09302325581395349,0
0.47,4125500676,targeted,betweenness,86,8,0.09302325581395349,8,0.09302325581395349,0
0.47,1238897423,targeted,betweenness,86,8,0.09302325581395349,8,0.09302325581395349,0
0.47,4075922383,targeted,betweenness,86,8,0.09302325581395349,8,0.09302325581395349,0
0.47,1439732550,targeted,betweenness,86,8,0.09302325581395349,8,0.09302325581395349,0
0.47,2444422712,targeted,betweenness,86,8,0.09302325581395349,8,0.09302325581395349,0
0.47,590223072,targeted,betweenness,86,8,0.09302325581395349,8,0.09302325581395349,0
0.47,2898172112,targeted,betweenness,86,8,0.09302325581395349,8,0.09302325581395349,0
0.47,587054030,targeted,betweenness,86,8,0.09302325581395349,8,0.09302325581395349,0
0.47,1070586599,targeted,betweenness,86,8,0.09302325581395349,8,0.09302325581395349,0
0.47,147938492,targeted,betweenness,86,8,0.09302325581395349,8,0.09302325581395349,0
0.47,476665616,targeted,betweenness,86,8,0.09302325581395349,8,0.09302325581395349,0
0.47,1403889054,targeted,betweenness,86,8,0.09302325581395349,8,0.09302325581395349,0
0.47,3593752723,targeted,betweenness,86,8,0.09302325581395349,8,0.09302325581395349,0
0.47,4213482650,targeted,betweenness,86,8,0.09302325581395349,8,0.09302325581395349,0
0.47,4156102025,targeted,betweenness,86,8,0.09302325581395349,8,0.09302325581395349,0
0.47,4182003602,targeted,betweenness,86,8,0.09302325581395349,8,0.09302325581395349,0
0.47,3996103452,targeted,betweenness,86,8,0.09302325581395349,8,0.09302325581395349,0
0.47,2658284220,targeted,betweenness,86,8,0.09302325581395349,8,0.09302325581395349,0
0.47,3355189385,targeted,betweenness,86,8,0.09302325581395349,8,0.09302325581395349,0
0.47,689558504,targeted,betweenness,86,8,0.09302325581395349,8,0.09302325581395349,0
0.47,3015529045,targeted,betweenness,86,8,0.09302325581395349,8,0.09302325581395349,0
0.47,2629834706,targeted,betweenness,86,8,0.09302325581395349,8,0.09302325581395349,0
0.47,1578413994,targeted,betweenness,86,8,0.09302325581395349,8,0.09302325581395349,0
0.47,2009510744,targeted,betweenness,86,8,0.09302325581395349,8,0.09302325581395349,0
0.47,1823982599,targeted,betweenness,86,8,0.09302325581395349,8,0.09302325581395349,0
0.47,3205452895,targeted,betweenness,86,8,0.09302325581395349,8,0.09302325581395349,0
0.47,1082035187,targeted,betweenness,86,8,0.09302325581395349,8,0.09302325581395349,0
0.47,2854669172,targeted,betweenness,86,8,0.09302325581395349,8,0.09302325581395349,0
0.47,263876021,targeted,betweenness,86,8,0.09302325581395349,8,0.09302325581395349,0
0.47,2816950770,targeted,betweenness,86,8,0.09302325581395349,8,0.09302325581395349,0
0.47,1338394957,targeted,betweenness,86,8,0.09302325581395349,8,0.09302325581395349,0
0.47,3296920845,targeted,betweenness,86,8,0.09302325581395349,8,0.09302325581395349,0
0.47,460615022,targeted,betweenness,86,8,0.09302325581395349,8,0.09302325581395349,0
0.47,864951515,targeted,betweenness,86,8,0.09302325581395349,8,0.09302325581395349,0
0.47,3857796379,targeted,betweenness,86,8,0.09302325581395349,8,0.09302325581395349,0
0.47,2768304078,targeted,betweenness,86,8,0.09302325581395349,8,0.09302325581395349,0
0.47,2198322337,targeted,betweenness,86,8,0.09302325581395349,8,0.09302325581395349,0
0.48,263501404,targeted,betweenness,86,8,0.09302325581395349,8,0.09302325581395349,0
0.48,4069342113,targeted,betweenness,86,8,0.09302325581395349,8,0.09302325581395349,0
0.48,3518704891,targeted,betweenness,86,8,0.09302325581395349,8,0.09302325581395349,0
0.48,572792098,targeted,betweenness,86,8,0.09302325581395349,8,0.09302325581395349,0
0.48,1569495008,targeted,betweenness,86,8,0.09302325581395349,8,0.09302325581395349,0
0.48,4242796142,targeted,betweenness,86,8,0.09302325581395349,8,0.09302325581395349,0
0.48,3468128041,targeted,betweenness,86,8,0.09302325581395349,8,0.09302325581395349,0
0.48,7486454,targeted,betweenness,86,8,0.09302325581395349,8,0.09302325581395349,0
0.48,1481049333,targeted,betweenness,86,8,0.09302325581395349,8,0.09302325581395349,0
0.48,3395420706,targeted,betweenness,86,8,0.09302325581395349,8,0.09302325581395349,0
0.48,2320336249,targeted,betweenness,86,8,0.09302325581395349,8,0.09302325581395349,0
0.48,903728717,targeted,betweenness,86,8,0.09302325581395349,8,0.09302325581395349,0
0.48,2685677376,targeted,betweenness,86,8,0.09302325581395349,8,0.09302325581395349,0
0.48,1800761763,targeted,betweenness,86,8,0.09302325581395349,8,0.09302325581395349,0
0.48,3153538794,targeted,betweenness,86,8,0.09302325581395349,8,0.09302325581395349,0
0.48,2107398099,targeted,betweenness,86,8,0.09302325581395349,8,0.09302325581395349,0
0.48,2597700937,targeted,betweenness,86,8,0.09302325581395349,8,0.09302325581395349,0
0.48,4196011168,targeted,betweenness,86,8,0.09302325581395349,8,0.09302325581395349,0
0.48,234140084,targeted,betweenness,86,8,0.09302325581395349,8,0.09302325581395349,0
0.48,342047704,targeted,betweenness,86,8,0.09302325581395349,8,0.09302325581395349,0
0.48,4159221794,targeted,betweenness,86,8,0.09302325581395349,8,0.09302325581395349,0
0.48,3710285117,targeted,betweenness,86,8,0.09302325581395349,8,0.09302325581395349,0
0.48,3984253635,targeted,betweenness,86,8,0.09302325581395349,8,0.09302325581395349,0
0.48,4162577506,targeted,betweenness,86,8,0.09302325581395349,8,0.09302325581395349,0
0.48,3493231537,targeted,betweenness,86,8,0.09302325581395349,8,0.09302325581395349,0
0.48,3254648881,targeted,betweenness,86,8,0.09302325581395349,8,0.09302325581395349,0
0.48,750601379,targeted,betweenness,86,8,0.09302325581395349,8,0.09302325581395349,0
0.48,3470523042,targeted,betweenness,86,8,0.09302325581395349,8,0.09302325581395349,0
0.48,3497474393,targeted,betweenness,86,8,0.09302325581395349,8,0.09302325581395349,0
0.48,1227531316,targeted,betweenness,86,8,0.09302325581395349,8,0.09302325581395349,0
0.48,443705438,targeted,betweenness,86,8,0.09302325581395349,8,0.09302325581395349,0
0.48,3184737443,targeted,betweenness,86,8,0.09302325581395349,8,0.09302325581395349,0
0.48,4174260236,targeted,betweenness,86,8,0.09302325581395349,8,0.09302325581395349,0
0.48,1055698743,targeted,betweenness,86,8,0.09302325581395349,8,0.09302325581395349,0
0.48,700502477,targeted,betweenness,86,8,0.09302325581395349,8,0.09302325581395349,0
0.48,3992310705,targeted,betweenness,86,8,0.09302325581395349,8,0.09302325581395349,0
0.48,4035412687,targeted,betweenness,86,8,0.09302325581395349,8,0.09302325581395349,0
0.48,2299825482,targeted,betweenness,86,8,0.09302325581395349,8,0.09302325581395349,0
0.48,3330538033,targeted,betweenness,86,8,0.09302325581395349,8,0.09302325581395349,0
0.48,4063020763,targeted,betweenness,86,8,0.09302325581395349,8,0.09302325581395349,0
0.48,2377532179,targeted,betweenness,86,8,0.09302325581395349,8,0.09302325581395349,0
0.48,3069522459,targeted,betweenness,86,8,0.09302325581395349,8,0.09302325581395349,0
0.48,253297891,targeted,betweenness,86,8,0.09302325581395349,8,0.09302325581395349,0
0.48,3377572916,targeted,betweenness,86,8,0.09302325581395349,8,0.09302325581395349,0
0.48,1959810248,targeted,betweenness,86,8,0.09302325581395349,8,0.09302325581395349,0
0.48,289627520,targeted,betweenness,86,8,0.09302325581395349,8,0.09302325581395349,0
0.48,3034841726,targeted,betweenness,86,8,0.09302325581395349,8,0.09302325581395349,0
0.48,1935245001,targeted,betweenness,86,8,0.09302325581395349,8,0.09302325581395349,0
0.48,3491051650,targeted,betweenness,86,8,0.09302325581395349,8,0.09302325581395349,0
0.48,413362934,targeted,betweenness,86,8,0.09302325581395349,8,0.09302325581395349,0
0.48,1490635049,targeted,betweenness,86,8,0.09302325581395349,8,0.09302325581395349,0
0.48,1254044416,targeted,betweenness,86,8,0.09302325581395349,8,0.09302325581395349,0
0.48,4140590442,targeted,betweenness,86,8,0.09302325581395349,8,0.09302325581395349,0
0.48,462976069,targeted,betweenness,86,8,0.09302325581395349,8,0.09302325581395349,0
0.48,2804415117,targeted,betweenness,86,8,0.09302325581395349,8,0.09302325581395349,0
0.48,3604422790,targeted,betweenness,86,8,0.09302325581395349,8,0.09302325581395349,0
0.48,3371603929,targeted,betweenness,86,8,0.09302325581395349,8,0.09302325581395349,0
0.48,1186255028,targeted,betweenness,86,8,0.09302325581395349,8,0.09302325581395349,0
0.48,1240222445,targeted,betweenness,86,8,0.09302325581395349,8,0.09302325581395349,0
0.48,1283369205,targeted,betweenness,86,8,0.09302325581395349,8,0.09302325581395349,0
0.48,893094004,targeted,betweenness,86,8,0.09302325581395349,8,0.09302325581395349,0
0.48,427729020,targeted,betweenness,86,8,0.09302325581395349,8,0.09302325581395349,0
0.48,2635854746,targeted,betweenness,86,8,0.09302325581395349,8,0.09302325581395349,0
0.48,3168880943,targeted,betweenness,86,8,0.09302325581395349,8,0.09302325581395349,0
0.48,1920891918,targeted,betweenness,86,8,0.09302325581395349,8,0.09302325581395349,0
0.48,173136310,targeted,betweenness,86,8,0.09302325581395349,8,0.09302325581395349,0
0.48,2023852307,targeted,betweenness,86,8,0.09302325581395349,8,0.09302325581395349,0
0.48,3277036909,targeted,betweenness,86,8,0.09302325581395349,8,0.09302325581395349,0
0.48,3823888458,targeted,betweenness,86,8,0.09302325581395349,8,0.09302325581395349,0
0.48,3662114249,targeted,betweenness,86,8,0.09302325581395349,8,0.09302325581395349,0
0.48,1921666295,targeted,betweenness,86,8,0.09302325581395349,8,0.09302325581395349,0
0.48,1900650651,targeted,betweenness,86,8,0.09302325581395349,8,0.09302325581395349,0
0.48,3461339946,targeted,betweenness,86,8,0.09302325581395349,8,0.09302325581395349,0
0.48,3839645038,targeted,betweenness,86,8,0.09302325581395349,8,0.09302325581395349,0
0.48,584615968,targeted,betweenness,86,8,0.09302325581395349,8,0.09302325581395349,0
0.48,4003991820,targeted,betweenness,86,8,0.09302325581395349,8,0.09302325581395349,0
0.48,2223815313,targeted,betweenness,86,8,0.09302325581395349,8,0.09302325581395349,0
0.48,4212173822,targeted,betweenness,86,8,0.09302325581395349,8,0.09302325581395349,0
0.48,1842122174,targeted,betweenness,86,8,0.09302325581395349,8,0.09302325581395349,0
0.48,1513704482,targeted,betweenness,86,8,0.09302325581395349,8,0.09302325581395349,0
0.48,1667585986,targeted,betweenness,86,8,0.09302325581395349,8,0.09302325581395349,0
0.48,1735799607,targeted,betweenness,86,8,0.09302325581395349,8,0.09302325581395349,0
0.48,953060691,targeted,betweenness,86,8,0.09302325581395349,8,0.09302325581395349,0
0.48,3282310845,targeted,betweenness,86,8,0.09302325581395349,8,0.09302325581395349,0
0.48,3898972924,targeted,betweenness,86,8,0.09302325581395349,8,0.09302325581395349,0
0.48,3188294046,targeted,betweenness,86,8,0.09302325581395349,8,0.09302325581395349,0
0.48,3846488881,targeted,betweenness,86,8,0.09302325581395349,8,0.09302325581395349,0
0.48,3196027115,targeted,betweenness,86,8,0.09302325581395349,8,0.09302325581395349,0
0.48,1200161788,targeted,betweenness,86,8,0.09302325581395349,8,0.09302325581395349,0
0.48,1157735736,targeted,betweenness,86,8,0.09302325581395349,8,0.09302325581395349,0
0.48,1479717881,targeted,betweenness,86,8,0.09302325581395349,8,0.09302325581395349,0
0.48,865290910,targeted,betweenness,86,8,0.09302325581395349,8,0.09302325581395349,0
0.48,2244971065,targeted,betweenness,86,8,0.09302325581395349,8,0.09302325581395349,0
0.48,2647606679,targeted,betweenness,86,8,0.09302325581395349,8,0.09302325581395349,0
0.48,2546371252,targeted,betweenness,86,8,0.09302325581395349,8,0.09302325581395349,0
0.48,3540527351,targeted,betweenness,86,8,0.09302325581395349,8,0.09302325581395349,0
0.48,3574581693,targeted,betweenness,86,8,0.09302325581395349,8,0.09302325581395349,0
0.48,3308171683,targeted,betweenness,86,8,0.09302325581395349,8,0.09302325581395349,0
0.48,2945722271,targeted,betweenness,86,8,0.09302325581395349,8,0.09302325581395349,0
0.48,2379599582,targeted,betweenness,86,8,0.09302325581395349,8,0.09302325581395349,0
0.49,1214854204,targeted,betweenness,86,8,0.09302325581395349,7,0.08139534883720931,0
0.49,3017887073,targeted,betweenness,86,8,0.09302325581395349,7,0.08139534883720931,0
0.49,1557278809,targeted,betweenness,86,8,0.09302325581395349,7,0.08139534883720931,0
0.49,1196271683,targeted,betweenness,86,8,0.09302325581395349,7,0.08139534883720931,0
0.49,852312153,targeted,betweenness,86,8,0.09302325581395349,7,0.08139534883720931,0
0.49,2346514817,targeted,betweenness,86,8,0.09302325581395349,7,0.08139534883720931,0
0.49,1517391308,targeted,betweenness,86,8,0.09302325581395349,7,0.08139534883720931,0
0.49,999475683,targeted,betweenness,86,8,0.09302325581395349,7,0.08139534883720931,0
0.49,3330722044,targeted,betweenness,86,8,0.09302325581395349,7,0.08139534883720931,0
0.49,3853316489,targeted,betweenness,86,8,0.09302325581395349,7,0.08139534883720931,0
0.49,2106466633,targeted,betweenness,86,8,0.09302325581395349,7,0.08139534883720931,0
0.49,849827381,targeted,betweenness,86,8,0.09302325581395349,7,0.08139534883720931,0
0.49,162760917,targeted,betweenness,86,8,0.09302325581395349,7,0.08139534883720931,0
0.49,489512613,targeted,betweenness,86,8,0.09302325581395349,7,0.08139534883720931,0
0.49,207889979,targeted,betweenness,86,8,0.09302325581395349,7,0.08139534883720931,0
0.49,3873514824,targeted,betweenness,86,8,0.09302325581395349,7,0.08139534883720931,0
0.49,3670733877,targeted,betweenness,86,8,0.09302325581395349,7,0.08139534883720931,0
0.49,531231046,targeted,betweenness,86,8,0.09302325581395349,7,0.08139534883720931,0
0.49,1853003189,targeted,betweenness,86,8,0.09302325581395349,7,0.08139534883720931,0
0.49,817107476,targeted,betweenness,86,8,0.09302325581395349,7,0.08139534883720931,0
0.49,1541733308,targeted,betweenness,86,8,0.09302325581395349,7,0.08139534883720931,0
0.49,1378052449,targeted,betweenness,86,8,0.09302325581395349,7,0.08139534883720931,0
0.49,1258214696,targeted,betweenness,86,8,0.09302325581395349,7,0.08139534883720931,0
0.49,3042036062,targeted,betweenness,86,8,0.09302325581395349,7,0.08139534883720931,0
0.49,2406246324,targeted,betweenness,86,8,0.09302325581395349,7,0.08139534883720931,0
0.49,4006730762,targeted,betweenness,86,8,0.09302325581395349,7,0.08139534883720931,0
0.49,461721535,targeted,betweenness,86,8,0.09302325581395349,7,0.08139534883720931,0
0.49,2852470692,targeted,betweenness,86,8,0.09302325581395349,7,0.08139534883720931,0
0.49,1200347391,targeted,betweenness,86,8,0.09302325581395349,7,0.08139534883720931,0
0.49,1951582504,targeted,betweenness,86,8,0.09302325581395349,7,0.08139534883720931,0
0.49,1673180275,targeted,betweenness,86,8,0.09302325581395349,7,0.08139534883720931,0
0.49,1368347160,targeted,betweenness,86,8,0.09302325581395349,7,0.08139534883720931,0
0.49,4264614545,targeted,betweenness,86,8,0.09302325581395349,7,0.08139534883720931,0
0.49,140637557,targeted,betweenness,86,8,0.09302325581395349,7,0.08139534883720931,0
0.49,3685397276,targeted,betweenness,86,8,0.09302325581395349,7,0.08139534883720931,0
0.49,3963675901,targeted,betweenness,86,8,0.09302325581395349,7,0.08139534883720931,0
0.49,1610792317,targeted,betweenness,86,8,0.09302325581395349,7,0.08139534883720931,0
0.49,3489911253,targeted,betweenness,86,8,0.09302325581395349,7,0.08139534883720931,0
0.49,4273426786,targeted,betweenness,86,8,0.09302325581395349,7,0.08139534883720931,0
0.49,1529371486,targeted,betweenness,86,8,0.09302325581395349,7,0.08139534883720931,0
0.49,2854642727,targeted,betweenness,86,8,0.09302325581395349,7,0.08139534883720931,0
0.49,560992686,targeted,betweenness,86,8,0.09302325581395349,7,0.08139534883720931,0
0.49,1742688368,targeted,betweenness,86,8,0.09302325581395349,7,0.08139534883720931,0
0.49,3282870148,targeted,betweenness,86,8,0.09302325581395349,7,0.08139534883720931,0
0.49,3645675378,targeted,betweenness,86,8,0.09302325581395349,7,0.08139534883720931,0
0.49,2438998792,targeted,betweenness,86,8,0.09302325581395349,7,0.08139534883720931,0
0.49,1840437912,targeted,betweenness,86,8,0.09302325581395349,7,0.08139534883720931,0
0.49,795401310,targeted,betweenness,86,8,0.09302325581395349,7,0.08139534883720931,0
0.49,771257859,targeted,betweenness,86,8,0.09302325581395349,7,0.08139534883720931,0
0.49,734590944,targeted,betweenness,86,8,0.09302325581395349,7,0.08139534883720931,0
0.49,2805124006,targeted,betweenness,86,8,0.09302325581395349,7,0.08139534883720931,0
0.49,686014619,targeted,betweenness,86,8,0.09302325581395349,7,0.08139534883720931,0
0.49,4075659936,targeted,betweenness,86,8,0.09302325581395349,7,0.08139534883720931,0
0.49,2608919684,targeted,betweenness,86,8,0.09302325581395349,7,0.08139534883720931,0
0.49,4238848424,targeted,betweenness,86,8,0.09302325581395349,7,0.08139534883720931,0
0.49,1610721885,targeted,betweenness,86,8,0.09302325581395349,7,0.08139534883720931,0
0.49,838098030,targeted,betweenness,86,8,0.09302325581395349,7,0.08139534883720931,0
0.49,3383704230,targeted,betweenness,86,8,0.09302325581395349,7,0.08139534883720931,0
0.49,1196844166,targeted,betweenness,86,8,0.09302325581395349,7,0.08139534883720931,0
0.49,3805551613,targeted,betweenness,86,8,0.09302325581395349,7,0.08139534883720931,0
0.49,3171636403,targeted,betweenness,86,8,0.09302325581395349,7,0.08139534883720931,0
0.49,1485269305,targeted,betweenness,86,8,0.09302325581395349,7,0.08139534883720931,0
0.49,3003902472,targeted,betweenness,86,8,0.09302325581395349,7,0.08139534883720931,0
0.49,3999822535,targeted,betweenness,86,8,0.09302325581395349,7,0.08139534883720931,0
0.49,194640920,targeted,betweenness,86,8,0.09302325581395349,7,0.08139534883720931,0
0.49,2847242213,targeted,betweenness,86,8,0.09302325581395349,7,0.08139534883720931,0
0.49,1974847725,targeted,betweenness,86,8,0.09302325581395349,7,0.08139534883720931,0
0.49,1850555825,targeted,betweenness,86,8,0.09302325581395349,7,0.08139534883720931,0
0.49,2052364071,targeted,betweenness,86,8,0.09302325581395349,7,0.08139534883720931,0
0.49,2340371085,targeted,betweenness,86,8,0.09302325581395349,7,0.08139534883720931,0
0.49,3233126257,targeted,betweenness,86,8,0.09302325581395349,7,0.08139534883720931,0
0.49,1959765366,targeted,betweenness,86,8,0.09302325581395349,7,0.08139534883720931,0
0.49,841918015,targeted,betweenness,86,8,0.09302325581395349,7,0.08139534883720931,0
0.49,4133635157,targeted,betweenness,86,8,0.09302325581395349,7,0.08139534883720931,0
0.49,1824055392,targeted,betweenness,86,8,0.09302325581395349,7,0.08139534883720931,0
0.49,160838576,targeted,betweenness,86,8,0.09302325581395349,7,0.08139534883720931,0
0.49,4125797826,targeted,betweenness,86,8,0.09302325581395349,7,0.08139534883720931,0
0.49,811825827,targeted,betweenness,86,8,0.09302325581395349,7,0.08139534883720931,0
0.49,2853453856,targeted,betweenness,86,8,0.09302325581395349,7,0.08139534883720931,0
0.49,1643611991,targeted,betweenness,86,8,0.09302325581395349,7,0.08139534883720931,0
0.49,758517122,targeted,betweenness,86,8,0.09302325581395349,7,0.08139534883720931,0
0.49,1827804509,targeted,betweenness,86,8,0.09302325581395349,7,0.08139534883720931,0
0.49,1406401345,targeted,betweenness,86,8,0.09302325581395349,7,0.08139534883720931,0
0.49,1269798542,targeted,betweenness,86,8,0.09302325581395349,7,0.08139534883720931,0
0.49,3641391469,targeted,betweenness,86,8,0.09302325581395349,7,0.08139534883720931,0
0.49,242401250,targeted,betweenness,86,8,0.09302325581395349,7,0.08139534883720931,0
0.49,48622414,targeted,betweenness,86,8,0.09302325581395349,7,0.08139534883720931,0
0.49,803853864,targeted,betweenness,86,8,0.09302325581395349,7,0.08139534883720931,0
0.49,1608788143,targeted,betweenness,86,8,0.09302325581395349,7,0.08139534883720931,0
0.49,3384775653,targeted,betweenness,86,8,0.09302325581395349,7,0.08139534883720931,0
0.49,1038919418,targeted,betweenness,86,8,0.09302325581395349,7,0.08139534883720931,0
0.49,3501506619,targeted,betweenness,86,8,0.09302325581395349,7,0.08139534883720931,0
0.49,136736436,targeted,betweenness,86,8,0.09302325581395349,7,0.08139534883720931,0
0.49,808716655,targeted,betweenness,86,8,0.09302325581395349,7,0.08139534883720931,0
0.49,733434686,targeted,betweenness,86,8,0.09302325581395349,7,0.08139534883720931,0
0.49,3392252454,targeted,betweenness,86,8,0.09302325581395349,7,0.08139534883720931,0
0.49,2968204011,targeted,betweenness,86,8,0.09302325581395349,7,0.08139534883720931,0
0.49,3644629557,targeted,betweenness,86,8,0.09302325581395349,7,0.08139534883720931,0
0.49,2312418488,targeted,betweenness,86,8,0.09302325581395349,7,0.08139534883720931,0
0.49,3420514046,targeted,betweenness,86,8,0.09302325581395349,7,0.08139534883720931,0
0.5,4269347463,targeted,betweenness,86,7,0.08139534883720931,7,0.08139534883720931,0
0.5,2899892214,targeted,betweenness,86,7,0.08139534883720931,7,0.08139534883720931,0
0.5,3845271827,targeted,betweenness,86,7,0.08139534883720931,7,0.08139534883720931,0
0.5,3943566412,targeted,betweenness,86,7,0.08139534883720931,7,0.08139534883720931,0
0.5,1174862789,targeted,betweenness,86,7,0.08139534883720931,7,0.08139534883720931,0
0.5,1012055375,targeted,betweenness,86,7,0.08139534883720931,7,0.08139534883720931,0
0.5,2340855673,targeted,betweenness,86,7,0.08139534883720931,7,0.08139534883720931,0
0.5,2836477879,targeted,betweenness,86,7,0.08139534883720931,7,0.08139534883720931,0
0.5,437695734,targeted,betweenness,86,7,0.08139534883720931,7,0.08139534883720931,0
0.5,2553889470,targeted,betweenness,86,7,0.08139534883720931,7,0.08139534883720931,0
0.5,2890979076,targeted,betweenness,86,7,0.08139534883720931,7,0.08139534883720931,0
0.5,350477204,targeted,betweenness,86,7,0.08139534883720931,7,0.08139534883720931,0
0.5,4288034499,targeted,betweenness,86,7,0.08139534883720931,7,0.08139534883720931,0
0.5,4268443437,targeted,betweenness,86,7,0.08139534883720931,7,0.08139534883720931,0
0.5,888014770,targeted,betweenness,86,7,0.08139534883720931,7,0.08139534883720931,0
0.5,247489287,targeted,betweenness,86,7,0.08139534883720931,7,0.08139534883720931,0
0.5,517544392,targeted,betweenness,86,7,0.08139534883720931,7,0.08139534883720931,0
0.5,1690598871,targeted,betweenness,86,7,0.08139534883720931,7,0.08139534883720931,0
0.5,3680323225,targeted,betweenness,86,7,0.08139534883720931,7,0.08139534883720931,0
0.5,3820563772,targeted,betweenness,86,7,0.08139534883720931,7,0.08139534883720931,0
0.5,1839416832,targeted,betweenness,86,7,0.08139534883720931,7,0.08139534883720931,0
0.5,2469118493,targeted,betweenness,86,7,0.08139534883720931,7,0.08139534883720931,0
0.5,3157758394,targeted,betweenness,86,7,0.08139534883720931,7,0.08139534883720931,0
0.5,676437114,targeted,betweenness,86,7,0.08139534883720931,7,0.08139534883720931,0
0.5,634641855,targeted,betweenness,86,7,0.08139534883720931,7,0.08139534883720931,0
0.5,1554169706,targeted,betweenness,86,7,0.08139534883720931,7,0.08139534883720931,0
0.5,1359418737,targeted,betweenness,86,7,0.08139534883720931,7,0.08139534883720931,0
0.5,2320672526,targeted,betweenness,86,7,0.08139534883720931,7,0.08139534883720931,0
0.5,1801893122,targeted,betweenness,86,7,0.08139534883720931,7,0.08139534883720931,0
0.5,3428509086,targeted,betweenness,86,7,0.08139534883720931,7,0.08139534883720931,0
0.5,1903809861,targeted,betweenness,86,7,0.08139534883720931,7,0.08139534883720931,0
0.5,616215353,targeted,betweenness,86,7,0.08139534883720931,7,0.08139534883720931,0
0.5,2296054898,targeted,betweenness,86,7,0.08139534883720931,7,0.08139534883720931,0
0.5,367069723,targeted,betweenness,86,7,0.08139534883720931,7,0.08139534883720931,0
0.5,2948405246,targeted,betweenness,86,7,0.08139534883720931,7,0.08139534883720931,0
0.5,3197287403,targeted,betweenness,86,7,0.08139534883720931,7,0.08139534883720931,0
0.5,2974552591,targeted,betweenness,86,7,0.08139534883720931,7,0.08139534883720931,0
0.5,3316258628,targeted,betweenness,86,7,0.08139534883720931,7,0.08139534883720931,0
0.5,2461828708,targeted,betweenness,86,7,0.08139534883720931,7,0.08139534883720931,0
0.5,703147742,targeted,betweenness,86,7,0.08139534883720931,7,0.08139534883720931,0
0.5,4053908052,targeted,betweenness,86,7,0.08139534883720931,7,0.08139534883720931,0
0.5,4228923748,targeted,betweenness,86,7,0.08139534883720931,7,0.08139534883720931,0
0.5,894821241,targeted,betweenness,86,7,0.08139534883720931,7,0.08139534883720931,0
0.5,129320307,targeted,betweenness,86,7,0.08139534883720931,7,0.08139534883720931,0
0.5,796383626,targeted,betweenness,86,7,0.08139534883720931,7,0.08139534883720931,0
0.5,2428082224,targeted,betweenness,86,7,0.08139534883720931,7,0.08139534883720931,0
0.5,1485301599,targeted,betweenness,86,7,0.08139534883720931,7,0.08139534883720931,0
0.5,907888457,targeted,betweenness,86,7,0.08139534883720931,7,0.08139534883720931,0
0.5,529512928,targeted,betweenness,86,7,0.08139534883720931,7,0.08139534883720931,0
0.5,3815590056,targeted,betweenness,86,7,0.08139534883720931,7,0.08139534883720931,0
0.5,2763303737,targeted,betweenness,86,7,0.08139534883720931,7,0.08139534883720931,0
0.5,2294084551,targeted,betweenness,86,7,0.08139534883720931,7,0.08139534883720931,0
0.5,846207796,targeted,betweenness,86,7,0.08139534883720931,7,0.08139534883720931,0
0.5,338213939,targeted,betweenness,86,7,0.08139534883720931,7,0.08139534883720931,0
0.5,3516934138,targeted,betweenness,86,7,0.08139534883720931,7,0.08139534883720931,0
0.5,2266043598,targeted,betweenness,86,7,0.08139534883720931,7,0.08139534883720931,0
0.5,486744634,targeted,betweenness,86,7,0.08139534883720931,7,0.08139534883720931,0
0.5,302494536,targeted,betweenness,86,7,0.08139534883720931,7,0.08139534883720931,0
0.5,2068609602,targeted,betweenness,86,7,0.08139534883720931,7,0.08139534883720931,0
0.5,39140127,targeted,betweenness,86,7,0.08139534883720931,7,0.08139534883720931,0
0.5,3952835598,targeted,betweenness,86,7,0.08139534883720931,7,0.08139534883720931,0
0.5,1739613831,targeted,betweenness,86,7,0.08139534883720931,7,0.08139534883720931,0
0.5,3815754342,targeted,betweenness,86,7,0.08139534883720931,7,0.08139534883720931,0
0.5,4023280848,targeted,betweenness,86,7,0.08139534883720931,7,0.08139534883720931,0
0.5,1299702723,targeted,betweenness,86,7,0.08139534883720931,7,0.08139534883720931,0
0.5,1632836019,targeted,betweenness,86,7,0.08139534883720931,7,0.08139534883720931,0
0.5,3243306165,targeted,betweenness,86,7,0.08139534883720931,7,0.08139534883720931,0
0.5,293263646,targeted,betweenness,86,7,0.08139534883720931,7,0.08139534883720931,0
0.5,2316483945,targeted,betweenness,86,7,0.08139534883720931,7,0.08139534883720931,0
0.5,1681854436,targeted,betweenness,86,7,0.08139534883720931,7,0.08139534883720931,0
0.5,3437742889,targeted,betweenness,86,7,0.08139534883720931,7,0.08139534883720931,0
0.5,1142100881,targeted,betweenness,86,7,0.08139534883720931,7,0.08139534883720931,0
0.5,1326654738,targeted,betweenness,86,7,0.08139534883720931,7,0.08139534883720931,0
0.5,3560306384,targeted,betweenness,86,7,0.08139534883720931,7,0.08139534883720931,0
0.5,3531010483,targeted,betweenness,86,7,0.08139534883720931,7,0.08139534883720931,0
0.5,1446258629,targeted,betweenness,86,7,0.08139534883720931,7,0.08139534883720931,0
0.5,1800119542,targeted,betweenness,86,7,0.08139534883720931,7,0.08139534883720931,0
0.5,1087173052,targeted,betweenness,86,7,0.08139534883720931,7,0.08139534883720931,0
0.5,2911553030,targeted,betweenness,86,7,0.08139534883720931,7,0.08139534883720931,0
0.5,1779864695,targeted,betweenness,86,7,0.08139534883720931,7,0.08139534883720931,0
0.5,290950340,targeted,betweenness,86,7,0.08139534883720931,7,0.08139534883720931,0
0.5,554060029,targeted,betweenness,86,7,0.08139534883720931,7,0.08139534883720931,0
0.5,3192153445,targeted,betweenness,86,7,0.08139534883720931,7,0.08139534883720931,0
0.5,697583005,targeted,betweenness,86,7,0.08139534883720931,7,0.08139534883720931,0
0.5,2336616577,targeted,betweenness,86,7,0.08139534883720931,7,0.08139534883720931,0
0.5,57368978,targeted,betweenness,86,7,0.08139534883720931,7,0.08139534883720931,0
0.5,101694493,targeted,betweenness,86,7,0.08139534883720931,7,0.08139534883720931,0
0.5,3638765770,targeted,betweenness,86,7,0.08139534883720931,7,0.08139534883720931,0
0.5,1751733215,targeted,betweenness,86,7,0.08139534883720931,7,0.08139534883720931,0
0.5,3955710809,targeted,betweenness,86,7,0.08139534883720931,7,0.08139534883720931,0
0.5,1276055505,targeted,betweenness,86,7,0.08139534883720931,7,0.08139534883720931,0
0.5,3479338654,targeted,betweenness,86,7,0.08139534883720931,7,0.08139534883720931,0
0.5,3225739427,targeted,betweenness,86,7,0.08139534883720931,7,0.08139534883720931,0
0.5,3014657480,targeted,betweenness,86,7,0.08139534883720931,7,0.08139534883720931,0
0.5,2080188579,targeted,betweenness,86,7,0.08139534883720931,7,0.08139534883720931,0
0.5,2881159200,targeted,betweenness,86,7,0.08139534883720931,7,0.08139534883720931,0
0.5,2778640634,targeted,betweenness,86,7,0.08139534883720931,7,0.08139534883720931,0
0.5,3789731282,targeted,betweenness,86,7,0.08139534883720931,7,0.08139534883720931,0
0.5,1883315673,targeted,betweenness,86,7,0.08139534883720931,7,0.08139534883720931,0
0.5,3011611349,targeted,betweenness,86,7,0.08139534883720931,7,0.08139534883720931,0
0.51,2466335232,targeted,betweenness,86,7,0.08139534883720931,7,0.08139534883720931,0
0.51,2742363967,targeted,betweenness,86,7,0.08139534883720931,7,0.08139534883720931,0
0.51,645732813,targeted,betweenness,86,7,0.08139534883720931,7,0.08139534883720931,0
0.51,2657118185,targeted,betweenness,86,7,0.08139534883720931,7,0.08139534883720931,0
0.51,4234496232,targeted,betweenness,86,7,0.08139534883720931,7,0.08139534883720931,0
0.51,3660292156,targeted,betweenness,86,7,0.08139534883720931,7,0.08139534883720931,0
0.51,3756630798,targeted,betweenness,86,7,0.08139534883720931,7,0.08139534883720931,0
0.51,540509300,targeted,betweenness,86,7,0.08139534883720931,7,0.08139534883720931,0
0.51,196740700,targeted,betweenness,86,7,0.08139534883720931,7,0.08139534883720931,0
0.51,1567495928,targeted,betweenness,86,7,0.08139534883720931,7,0.08139534883720931,0
0.51,3825219498,targeted,betweenness,86,7,0.08139534883720931,7,0.08139534883720931,0
0.51,2366301041,targeted,betweenness,86,7,0.08139534883720931,7,0.08139534883720931,0
0.51,1198255528,targeted,betweenness,86,7,0.08139534883720931,7,0.08139534883720931,0
0.51,1770872630,targeted,betweenness,86,7,0.08139534883720931,7,0.08139534883720931,0
0.51,3498221662,targeted,betweenness,86,7,0.08139534883720931,7,0.08139534883720931,0
0.51,3494125868,targeted,betweenness,86,7,0.08139534883720931,7,0.08139534883720931,0
0.51,2529113403,targeted,betweenness,86,7,0.08139534883720931,7,0.08139534883720931,0
0.51,1849877372,targeted,betweenness,86,7,0.08139534883720931,7,0.08139534883720931,0
0.51,2402659235,targeted,betweenness,86,7,0.08139534883720931,7,0.08139534883720931,0
0.51,2086611577,targeted,betweenness,86,7,0.08139534883720931,7,0.08139534883720931,0
0.51,1263874147,targeted,betweenness,86,7,0.08139534883720931,7,0.08139534883720931,0
0.51,1604633635,targeted,betweenness,86,7,0.08139534883720931,7,0.08139534883720931,0
0.51,2497896611,targeted,betweenness,86,7,0.08139534883720931,7,0.08139534883720931,0
0.51,4172658844,targeted,betweenness,86,7,0.08139534883720931,7,0.08139534883720931,0
0.51,1776097416,targeted,betweenness,86,7,0.08139534883720931,7,0.08139534883720931,0
0.51,3313012162,targeted,betweenness,86,7,0.08139534883720931,7,0.08139534883720931,0
0.51,2360428257,targeted,betweenness,86,7,0.08139534883720931,7,0.08139534883720931,0
0.51,666610950,targeted,betweenness,86,7,0.08139534883720931,7,0.08139534883720931,0
0.51,3040966931,targeted,betweenness,86,7,0.08139534883720931,7,0.08139534883720931,0
0.51,3779445786,targeted,betweenness,86,7,0.08139534883720931,7,0.08139534883720931,0
0.51,1917012912,targeted,betweenness,86,7,0.08139534883720931,7,0.08139534883720931,0
0.51,1111475414,targeted,betweenness,86,7,0.08139534883720931,7,0.08139534883720931,0
0.51,2043352664,targeted,betweenness,86,7,0.08139534883720931,7,0.08139534883720931,0
0.51,1398231757,targeted,betweenness,86,7,0.08139534883720931,7,0.08139534883720931,0
0.51,2465237605,targeted,betweenness,86,7,0.08139534883720931,7,0.08139534883720931,0
0.51,3033941157,targeted,betweenness,86,7,0.08139534883720931,7,0.08139534883720931,0
0.51,2690578245,targeted,betweenness,86,7,0.08139534883720931,7,0.08139534883720931,0
0.51,130925252,targeted,betweenness,86,7,0.08139534883720931,7,0.08139534883720931,0
0.51,430656751,targeted,betweenness,86,7,0.08139534883720931,7,0.08139534883720931,0
0.51,696595691,targeted,betweenness,86,7,0.08139534883720931,7,0.08139534883720931,0
0.51,907459894,targeted,betweenness,86,7,0.08139534883720931,7,0.08139534883720931,0
0.51,2917385746,targeted,betweenness,86,7,0.08139534883720931,7,0.08139534883720931,0
0.51,1068638360,targeted,betweenness,86,7,0.08139534883720931,7,0.08139534883720931,0
0.51,2564200350,targeted,betweenness,86,7,0.08139534883720931,7,0.08139534883720931,0
0.51,1493755678,targeted,betweenness,86,7,0.08139534883720931,7,0.08139534883720931,0
0.51,2521135218,targeted,betweenness,86,7,0.08139534883720931,7,0.08139534883720931,0
0.51,2999397838,targeted,betweenness,86,7,0.08139534883720931,7,0.08139534883720931,0
0.51,1753080382,targeted,betweenness,86,7,0.08139534883720931,7,0.08139534883720931,0
0.51,3401058947,targeted,betweenness,86,7,0.08139534883720931,7,0.08139534883720931,0
0.51,2283110271,targeted,betweenness,86,7,0.08139534883720931,7,0.08139534883720931,0
0.51,1592128445,targeted,betweenness,86,7,0.08139534883720931,7,0.08139534883720931,0
0.51,3233094797,targeted,betweenness,86,7,0.08139534883720931,7,0.08139534883720931,0
0.51,3441093918,targeted,betweenness,86,7,0.08139534883720931,7,0.08139534883720931,0
0.51,2317614339,targeted,betweenness,86,7,0.08139534883720931,7,0.08139534883720931,0
0.51,2604707385,targeted,betweenness,86,7,0.08139534883720931,7,0.08139534883720931,0
0.51,1322761619,targeted,betweenness,86,7,0.08139534883720931,7,0.08139534883720931,0
0.51,3895080491,targeted,betweenness,86,7,0.08139534883720931,7,0.08139534883720931,0
0.51,3662573283,targeted,betweenness,86,7,0.08139534883720931,7,0.08139534883720931,0
0.51,2878173129,targeted,betweenness,86,7,0.08139534883720931,7,0.08139534883720931,0
0.51,765004528,targeted,betweenness,86,7,0.08139534883720931,7,0.08139534883720931,0
0.51,2504859527,targeted,betweenness,86,7,0.08139534883720931,7,0.08139534883720931,0
0.51,973285368,targeted,betweenness,86,7,0.08139534883720931,7,0.08139534883720931,0
0.51,4233559921,targeted,betweenness,86,7,0.08139534883720931,7,0.08139534883720931,0
0.51,3679710778,targeted,betweenness,86,7,0.08139534883720931,7,0.08139534883720931,0
0.51,1448635923,targeted,betweenness,86,7,0.08139534883720931,7,0.08139534883720931,0
0.51,1987627805,targeted,betweenness,86,7,0.08139534883720931,7,0.08139534883720931,0
0.51,971077184,targeted,betweenness,86,7,0.08139534883720931,7,0.08139534883720931,0
0.51,1605958940,targeted,betweenness,86,7,0.08139534883720931,7,0.08139534883720931,0
0.51,2393588762,targeted,betweenness,86,7,0.08139534883720931,7,0.08139534883720931,0
0.51,592933484,targeted,betweenness,86,7,0.08139534883720931,7,0.08139534883720931,0
0.51,1823598879,targeted,betweenness,86,7,0.08139534883720931,7,0.08139534883720931,0
0.51,1880598301,targeted,betweenness,86,7,0.08139534883720931,7,0.08139534883720931,0
0.51,1587128159,targeted,betweenness,86,7,0.08139534883720931,7,0.08139534883720931,0
0.51,219168609,targeted,betweenness,86,7,0.08139534883720931,7,0.08139534883720931,0
0.51,3109891528,targeted,betweenness,86,7,0.08139534883720931,7,0.08139534883720931,0
0.51,2388022663,targeted,betweenness,86,7,0.08139534883720931,7,0.08139534883720931,0
0.51,2307113470,targeted,betweenness,86,7,0.08139534883720931,7,0.08139534883720931,0
0.51,515020542,targeted,betweenness,86,7,0.08139534883720931,7,0.08139534883720931,0
0.51,1242558761,targeted,betweenness,86,7,0.08139534883720931,7,0.08139534883720931,0
0.51,2792925876,targeted,betweenness,86,7,0.08139534883720931,7,0.08139534883720931,0
0.51,3387317185,targeted,betweenness,86,7,0.08139534883720931,7,0.08139534883720931,0
0.51,2832083880,targeted,betweenness,86,7,0.08139534883720931,7,0.08139534883720931,0
0.51,2784647678,targeted,betweenness,86,7,0.08139534883720931,7,0.08139534883720931,0
0.51,2654589006,targeted,betweenness,86,7,0.08139534883720931,7,0.08139534883720931,0
0.51,1613457598,targeted,betweenness,86,7,0.08139534883720931,7,0.08139534883720931,0
0.51,3335296302,targeted,betweenness,86,7,0.08139534883720931,7,0.08139534883720931,0
0.51,3659923101,targeted,betweenness,86,7,0.08139534883720931,7,0.08139534883720931,0
0.51,910813427,targeted,betweenness,86,7,0.08139534883720931,7,0.08139534883720931,0
0.51,1674270453,targeted,betweenness,86,7,0.08139534883720931,7,0.08139534883720931,0
0.51,1778149436,targeted,betweenness,86,7,0.08139534883720931,7,0.08139534883720931,0
0.51,683440135,targeted,betweenness,86,7,0.08139534883720931,7,0.08139534883720931,0
0.51,3468703358,targeted,betweenness,86,7,0.08139534883720931,7,0.08139534883720931,0
0.51,1408923967,targeted,betweenness,86,7,0.08139534883720931,7,0.08139534883720931,0
0.51,3229511918,targeted,betweenness,86,7,0.08139534883720931,7,0.08139534883720931,0
0.51,2264297031,targeted,betweenness,86,7,0.08139534883720931,7,0.08139534883720931,0
0.51,1392895756,targeted,betweenness,86,7,0.08139534883720931,7,0.08139534883720931,0
0.51,2971061495,targeted,betweenness,86,7,0.08139534883720931,7,0.08139534883720931,0
0.51,3407210291,targeted,betweenness,86,7,0.08139534883720931,7,0.08139534883720931,0
0.51,3439163326,targeted,betweenness,86,7,0.08139534883720931,7,0.08139534883720931,0
0.51,3410417110,targeted,betweenness,86,7,0.08139534883720931,7,0.08139534883720931,0
0.52,3064972875,targeted,betweenness,86,7,0.08139534883720931,7,0.08139534883720931,0
0.52,418085088,targeted,betweenness,86,7,0.08139534883720931,7,0.08139534883720931,0
0.52,3309091666,targeted,betweenness,86,7,0.08139534883720931,7,0.08139534883720931,0
0.52,2181506206,targeted,betweenness,86,7,0.08139534883720931,7,0.08139534883720931,0
0.52,1142700369,targeted,betweenness,86,7,0.08139534883720931,7,0.08139534883720931,0
0.52,3191717429,targeted,betweenness,86,7,0.08139534883720931,7,0.08139534883720931,0
0.52,2086667808,targeted,betweenness,86,7,0.08139534883720931,7,0.08139534883720931,0
0.52,4075610374,targeted,betweenness,86,7,0.08139534883720931,7,0.08139534883720931,0
0.52,2075899633,targeted,betweenness,86,7,0.08139534883720931,7,0.08139534883720931,0
0.52,3080899016,targeted,betweenness,86,7,0.08139534883720931,7,0.08139534883720931,0
0.52,3165677740,targeted,betweenness,86,7,0.08139534883720931,7,0.08139534883720931,0
0.52,1960340433,targeted,betweenness,86,7,0.08139534883720931,7,0.08139534883720931,0
0.52,3788488359,targeted,betweenness,86,7,0.08139534883720931,7,0.08139534883720931,0
0.52,1960729792,targeted,betweenness,86,7,0.08139534883720931,7,0.08139534883720931,0
0.52,1610059960,targeted,betweenness,86,7,0.08139534883720931,7,0.08139534883720931,0
0.52,3644424069,targeted,betweenness,86,7,0.08139534883720931,7,0.08139534883720931,0
0.52,995235424,targeted,betweenness,86,7,0.08139534883720931,7,0.08139534883720931,0
0.52,2873780443,targeted,betweenness,86,7,0.08139534883720931,7,0.08139534883720931,0
0.52,482761417,targeted,betweenness,86,7,0.08139534883720931,7,0.08139534883720931,0
0.52,4220079589,targeted,betweenness,86,7,0.08139534883720931,7,0.08139534883720931,0
0.52,707916060,targeted,betweenness,86,7,0.08139534883720931,7,0.08139534883720931,0
0.52,1556140753,targeted,betweenness,86,7,0.08139534883720931,7,0.08139534883720931,0
0.52,1399994038,targeted,betweenness,86,7,0.08139534883720931,7,0.08139534883720931,0
0.52,3852994656,targeted,betweenness,86,7,0.08139534883720931,7,0.08139534883720931,0
0.52,3055840072,targeted,betweenness,86,7,0.08139534883720931,7,0.08139534883720931,0
0.52,2605616623,targeted,betweenness,86,7,0.08139534883720931,7,0.08139534883720931,0
0.52,3236135519,targeted,betweenness,86,7,0.08139534883720931,7,0.08139534883720931,0
0.52,231413649,targeted,betweenness,86,7,0.08139534883720931,7,0.08139534883720931,0
0.52,2289971929,targeted,betweenness,86,7,0.08139534883720931,7,0.08139534883720931,0
0.52,2166990292,targeted,betweenness,86,7,0.08139534883720931,7,0.08139534883720931,0
0.52,359306325,targeted,betweenness,86,7,0.08139534883720931,7,0.08139534883720931,0
0.52,273510887,targeted,betweenness,86,7,0.08139534883720931,7,0.08139534883720931,0
0.52,208537975,targeted,betweenness,86,7,0.08139534883720931,7,0.08139534883720931,0
0.52,2261144340,targeted,betweenness,86,7,0.08139534883720931,7,0.08139534883720931,0
0.52,1776179049,targeted,betweenness,86,7,0.08139534883720931,7,0.08139534883720931,0
0.52,3873754829,targeted,betweenness,86,7,0.08139534883720931,7,0.08139534883720931,0
0.52,3750237279,targeted,betweenness,86,7,0.08139534883720931,7,0.08139534883720931,0
0.52,2583094115,targeted,betweenness,86,7,0.08139534883720931,7,0.08139534883720931,0
0.52,1400077810,targeted,betweenness,86,7,0.08139534883720931,7,0.08139534883720931,0
0.52,2672075681,targeted,betweenness,86,7,0.08139534883720931,7,0.08139534883720931,0
0.52,1483791966,targeted,betweenness,86,7,0.08139534883720931,7,0.08139534883720931,0
0.52,3536970505,targeted,betweenness,86,7,0.08139534883720931,7,0.08139534883720931,0
0.52,4166062965,targeted,betweenness,86,7,0.08139534883720931,7,0.08139534883720931,0
0.52,1054836130,targeted,betweenness,86,7,0.08139534883720931,7,0.08139534883720931,0
0.52,143405639,targeted,betweenness,86,7,0.08139534883720931,7,0.08139534883720931,0
0.52,1775601806,targeted,betweenness,86,7,0.08139534883720931,7,0.08139534883720931,0
0.52,2597633345,targeted,betweenness,86,7,0.08139534883720931,7,0.08139534883720931,0
0.52,3395935261,targeted,betweenness,86,7,0.08139534883720931,7,0.08139534883720931,0
0.52,3839760075,targeted,betweenness,86,7,0.08139534883720931,7,0.08139534883720931,0
0.52,3950034392,targeted,betweenness,86,7,0.08139534883720931,7,0.08139534883720931,0
0.52,3491673669,targeted,betweenness,86,7,0.08139534883720931,7,0.08139534883720931,0
0.52,4277067122,targeted,betweenness,86,7,0.08139534883720931,7,0.08139534883720931,0
0.52,3382576091,targeted,betweenness,86,7,0.08139534883720931,7,0.08139534883720931,0
0.52,3165398447,targeted,betweenness,86,7,0.08139534883720931,7,0.08139534883720931,0
0.52,400156659,targeted,betweenness,86,7,0.08139534883720931,7,0.08139534883720931,0
0.52,4073976860,targeted,betweenness,86,7,0.08139534883720931,7,0.08139534883720931,0
0.52,321481142,targeted,betweenness,86,7,0.08139534883720931,7,0.08139534883720931,0
0.52,1466127285,targeted,betweenness,86,7,0.08139534883720931,7,0.08139534883720931,0
0.52,3324804177,targeted,betweenness,86,7,0.08139534883720931,7,0.08139534883720931,0
0.52,417129418,targeted,betweenness,86,7,0.08139534883720931,7,0.08139534883720931,0
0.52,3879080491,targeted,betweenness,86,7,0.08139534883720931,7,0.08139534883720931,0
0.52,1334520380,targeted,betweenness,86,7,0.08139534883720931,7,0.08139534883720931,0
0.52,2857757055,targeted,betweenness,86,7,0.08139534883720931,7,0.08139534883720931,0
0.52,1396055010,targeted,betweenness,86,7,0.08139534883720931,7,0.08139534883720931,0
0.52,3839337158,targeted,betweenness,86,7,0.08139534883720931,7,0.08139534883720931,0
0.52,4112542470,targeted,betweenness,86,7,0.08139534883720931,7,0.08139534883720931,0
0.52,2195429959,targeted,betweenness,86,7,0.08139534883720931,7,0.08139534883720931,0
0.52,609815643,targeted,betweenness,86,7,0.08139534883720931,7,0.08139534883720931,0
0.52,3445224937,targeted,betweenness,86,7,0.08139534883720931,7,0.08139534883720931,0
0.52,2422980120,targeted,betweenness,86,7,0.08139534883720931,7,0.08139534883720931,0
0.52,514881983,targeted,betweenness,86,7,0.08139534883720931,7,0.08139534883720931,0
0.52,1378649953,targeted,betweenness,86,7,0.08139534883720931,7,0.08139534883720931,0
0.52,2790654239,targeted,betweenness,86,7,0.08139534883720931,7,0.08139534883720931,0
0.52,422878776,targeted,betweenness,86,7,0.08139534883720931,7,0.08139534883720931,0
0.52,1735966926,targeted,betweenness,86,7,0.08139534883720931,7,0.08139534883720931,0
0.52,2505362686,targeted,betweenness,86,7,0.08139534883720931,7,0.08139534883720931,0
0.52,1629713554,targeted,betweenness,86,7,0.08139534883720931,7,0.08139534883720931,0
0.52,1697529584,targeted,betweenness,86,7,0.08139534883720931,7,0.08139534883720931,0
0.52,4139464315,targeted,betweenness,86,7,0.08139534883720931,7,0.08139534883720931,0
0.52,2628349044,targeted,betweenness,86,7,0.08139534883720931,7,0.08139534883720931,0
0.52,1630775073,targeted,betweenness,86,7,0.08139534883720931,7,0.08139534883720931,0
0.52,109908806,targeted,betweenness,86,7,0.08139534883720931,7,0.08139534883720931,0
0.52,3282380986,targeted,betweenness,86,7,0.08139534883720931,7,0.08139534883720931,0
0.52,181352918,targeted,betweenness,86,7,0.08139534883720931,7,0.08139534883720931,0
0.52,1375591790,targeted,betweenness,86,7,0.08139534883720931,7,0.08139534883720931,0
0.52,3251246955,targeted,betweenness,86,7,0.08139534883720931,7,0.08139534883720931,0
0.52,4254399693,targeted,betweenness,86,7,0.08139534883720931,7,0.08139534883720931,0
0.52,2708500888,targeted,betweenness,86,7,0.08139534883720931,7,0.08139534883720931,0
0.52,1056489069,targeted,betweenness,86,7,0.08139534883720931,7,0.08139534883720931,0
0.52,3726751472,targeted,betweenness,86,7,0.08139534883720931,7,0.08139534883720931,0
0.52,4260704704,targeted,betweenness,86,7,0.08139534883720931,7,0.08139534883720931,0
0.52,2253885882,targeted,betweenness,86,7,0.08139534883720931,7,0.08139534883720931,0
0.52,3094848678,targeted,betweenness,86,7,0.08139534883720931,7,0.08139534883720931,0
0.52,444441088,targeted,betweenness,86,7,0.08139534883720931,7,0.08139534883720931,0
0.52,1223951427,targeted,betweenness,86,7,0.08139534883720931,7,0.08139534883720931,0
0.52,2302335875,targeted,betweenness,86,7,0.08139534883720931,7,0.08139534883720931,0
0.52,3815808682,targeted,betweenness,86,7,0.08139534883720931,7,0.08139534883720931,0
0.52,2727610147,targeted,betweenness,86,7,0.08139534883720931,7,0.08139534883720931,0
0.52,2348869187,targeted,betweenness,86,7,0.08139534883720931,7,0.08139534883720931,0
0.52,2701676931,targeted,betweenness,86,7,0.08139534883720931,7,0.08139534883720931,0
0.53,3996091297,targeted,betweenness,86,7,0.08139534883720931,7,0.08139534883720931,0
0.53,1657943039,targeted,betweenness,86,7,0.08139534883720931,7,0.08139534883720931,0
0.53,1925626127,targeted,betweenness,86,7,0.08139534883720931,7,0.08139534883720931,0
0.53,2456771463,targeted,betweenness,86,7,0.08139534883720931,7,0.08139534883720931,0
0.53,1027511124,targeted,betweenness,86,7,0.08139534883720931,7,0.08139534883720931,0
0.53,1709214112,targeted,betweenness,86,7,0.08139534883720931,7,0.08139534883720931,0
0.53,978509304,targeted,betweenness,86,7,0.08139534883720931,7,0.08139534883720931,0
0.53,4177020395,targeted,betweenness,86,7,0.08139534883720931,7,0.08139534883720931,0
0.53,2303272554,targeted,betweenness,86,7,0.08139534883720931,7,0.08139534883720931,0
0.53,1521539601,targeted,betweenness,86,7,0.08139534883720931,7,0.08139534883720931,0
0.53,584047370,targeted,betweenness,86,7,0.08139534883720931,7,0.08139534883720931,0
0.53,1240849772,targeted,betweenness,86,7,0.08139534883720931,7,0.08139534883720931,0
0.53,2577992963,targeted,betweenness,86,7,0.08139534883720931,7,0.08139534883720931,0
0.53,980705413,targeted,betweenness,86,7,0.08139534883720931,7,0.08139534883720931,0
0.53,1597690754,targeted,betweenness,86,7,0.08139534883720931,7,0.08139534883720931,0
0.53,2705739899,targeted,betweenness,86,7,0.08139534883720931,7,0.08139534883720931,0
0.53,2361066353,targeted,betweenness,86,7,0.08139534883720931,7,0.08139534883720931,0
0.53,1968357681,targeted,betweenness,86,7,0.08139534883720931,7,0.08139534883720931,0
0.53,2655342045,targeted,betweenness,86,7,0.08139534883720931,7,0.08139534883720931,0
0.53,3642982593,targeted,betweenness,86,7,0.08139534883720931,7,0.08139534883720931,0
0.53,2199365885,targeted,betweenness,86,7,0.08139534883720931,7,0.08139534883720931,0
0.53,3194087661,targeted,betweenness,86,7,0.08139534883720931,7,0.08139534883720931,0
0.53,3438950855,targeted,betweenness,86,7,0.08139534883720931,7,0.08139534883720931,0
0.53,2906032216,targeted,betweenness,86,7,0.08139534883720931,7,0.08139534883720931,0
0.53,3984484268,targeted,betweenness,86,7,0.08139534883720931,7,0.08139534883720931,0
0.53,2134060065,targeted,betweenness,86,7,0.08139534883720931,7,0.08139534883720931,0
0.53,1359219488,targeted,betweenness,86,7,0.08139534883720931,7,0.08139534883720931,0
0.53,1553574536,targeted,betweenness,86,7,0.08139534883720931,7,0.08139534883720931,0
0.53,3671700154,targeted,betweenness,86,7,0.08139534883720931,7,0.08139534883720931,0
0.53,1667479476,targeted,betweenness,86,7,0.08139534883720931,7,0.08139534883720931,0
0.53,1063740186,targeted,betweenness,86,7,0.08139534883720931,7,0.08139534883720931,0
0.53,1805841195,targeted,betweenness,86,7,0.08139534883720931,7,0.08139534883720931,0
0.53,64956672,targeted,betweenness,86,7,0.08139534883720931,7,0.08139534883720931,0
0.53,2725240762,targeted,betweenness,86,7,0.08139534883720931,7,0.08139534883720931,0
0.53,1551478290,targeted,betweenness,86,7,0.08139534883720931,7,0.08139534883720931,0
0.53,3507090160,targeted,betweenness,86,7,0.08139534883720931,7,0.08139534883720931,0
0.53,1616100774,targeted,betweenness,86,7,0.08139534883720931,7,0.08139534883720931,0
0.53,3170761366,targeted,betweenness,86,7,0.08139534883720931,7,0.08139534883720931,0
0.53,3614599431,targeted,betweenness,86,7,0.08139534883720931,7,0.08139534883720931,0
0.53,1081455845,targeted,betweenness,86,7,0.08139534883720931,7,0.08139534883720931,0
0.53,2214340783,targeted,betweenness,86,7,0.08139534883720931,7,0.08139534883720931,0
0.53,2441346553,targeted,betweenness,86,7,0.08139534883720931,7,0.08139534883720931,0
0.53,1682609148,targeted,betweenness,86,7,0.08139534883720931,7,0.08139534883720931,0
0.53,3862137670,targeted,betweenness,86,7,0.08139534883720931,7,0.08139534883720931,0
0.53,1075983244,targeted,betweenness,86,7,0.08139534883720931,7,0.08139534883720931,0
0.53,3637784668,targeted,betweenness,86,7,0.08139534883720931,7,0.08139534883720931,0
0.53,3562919681,targeted,betweenness,86,7,0.08139534883720931,7,0.08139534883720931,0
0.53,1088880958,targeted,betweenness,86,7,0.08139534883720931,7,0.08139534883720931,0
0.53,3056561894,targeted,betweenness,86,7,0.08139534883720931,7,0.08139534883720931,0
0.53,919646947,targeted,betweenness,86,7,0.08139534883720931,7,0.08139534883720931,0
0.53,2089516075,targeted,betweenness,86,7,0.08139534883720931,7,0.08139534883720931,0
0.53,3214482984,targeted,betweenness,86,7,0.08139534883720931,7,0.08139534883720931,0
0.53,1840392063,targeted,betweenness,86,7,0.08139534883720931,7,0.08139534883720931,0
0.53,1689938614,targeted,betweenness,86,7,0.08139534883720931,7,0.08139534883720931,0
0.53,894170267,targeted,betweenness,86,7,0.08139534883720931,7,0.08139534883720931,0
0.53,3271477060,targeted,betweenness,86,7,0.08139534883720931,7,0.08139534883720931,0
0.53,1846412495,targeted,betweenness,86,7,0.08139534883720931,7,0.08139534883720931,0
0.53,2403870855,targeted,betweenness,86,7,0.08139534883720931,7,0.08139534883720931,0
0.53,3043661808,targeted,betweenness,86,7,0.08139534883720931,7,0.08139534883720931,0
0.53,106496401,targeted,betweenness,86,7,0.08139534883720931,7,0.08139534883720931,0
0.53,2463471299,targeted,betweenness,86,7,0.08139534883720931,7,0.08139534883720931,0
0.53,2297915563,targeted,betweenness,86,7,0.08139534883720931,7,0.08139534883720931,0
0.53,692057053,targeted,betweenness,86,7,0.08139534883720931,7,0.08139534883720931,0
0.53,1352930998,targeted,betweenness,86,7,0.08139534883720931,7,0.08139534883720931,0
0.53,533109151,targeted,betweenness,86,7,0.08139534883720931,7,0.08139534883720931,0
0.53,2971353166,targeted,betweenness,86,7,0.08139534883720931,7,0.08139534883720931,0
0.53,942045852,targeted,betweenness,86,7,0.08139534883720931,7,0.08139534883720931,0
0.53,3360552399,targeted,betweenness,86,7,0.08139534883720931,7,0.08139534883720931,0
0.53,425015820,targeted,betweenness,86,7,0.08139534883720931,7,0.08139534883720931,0
0.53,2409852638,targeted,betweenness,86,7,0.08139534883720931,7,0.08139534883720931,0
0.53,1616704548,targeted,betweenness,86,7,0.08139534883720931,7,0.08139534883720931,0
0.53,1292742757,targeted,betweenness,86,7,0.08139534883720931,7,0.08139534883720931,0
0.53,4193982282,targeted,betweenness,86,7,0.08139534883720931,7,0.08139534883720931,0
0.53,3028333285,targeted,betweenness,86,7,0.08139534883720931,7,0.08139534883720931,0
0.53,2901288161,targeted,betweenness,86,7,0.08139534883720931,7,0.08139534883720931,0
0.53,671064886,targeted,betweenness,86,7,0.08139534883720931,7,0.08139534883720931,0
0.53,3082302976,targeted,betweenness,86,7,0.08139534883720931,7,0.08139534883720931,0
0.53,3555087526,targeted,betweenness,86,7,0.08139534883720931,7,0.08139534883720931,0
0.53,4078344334,targeted,betweenness,86,7,0.08139534883720931,7,0.08139534883720931,0
0.53,661262938,targeted,betweenness,86,7,0.08139534883720931,7,0.08139534883720931,0
0.53,675378648,targeted,betweenness,86,7,0.08139534883720931,7,0.08139534883720931,0
0.53,4001954081,targeted,betweenness,86,7,0.08139534883720931,7,0.08139534883720931,0
0.53,1426321337,targeted,betweenness,86,7,0.08139534883720931,7,0.08139534883720931,0
0.53,3889825368,targeted,betweenness,86,7,0.08139534883720931,7,0.08139534883720931,0
0.53,1646512078,targeted,betweenness,86,7,0.08139534883720931,7,0.08139534883720931,0
0.53,3474114939,targeted,betweenness,86,7,0.08139534883720931,7,0.08139534883720931,0
0.53,2848271914,targeted,betweenness,86,7,0.08139534883720931,7,0.08139534883720931,0
0.53,2757016522,targeted,betweenness,86,7,0.08139534883720931,7,0.08139534883720931,0
0.53,1323710832,targeted,betweenness,86,7,0.08139534883720931,7,0.08139534883720931,0
0.53,2748133750,targeted,betweenness,86,7,0.08139534883720931,7,0.08139534883720931,0
0.53,3428414577,targeted,betweenness,86,7,0.08139534883720931,7,0.08139534883720931,0
0.53,239934481,targeted,betweenness,86,7,0.08139534883720931,7,0.08139534883720931,0
0.53,3824034040,targeted,betweenness,86,7,0.08139534883720931,7,0.08139534883720931,0
0.53,1008887515,targeted,betweenness,86,7,0.08139534883720931,7,0.08139534883720931,0
0.53,68333225,targeted,betweenness,86,7,0.08139534883720931,7,0.08139534883720931,0
0.53,3809961535,targeted,betweenness,86,7,0.08139534883720931,7,0.08139534883720931,0
0.53,2503276648,targeted,betweenness,86,7,0.08139534883720931,7,0.08139534883720931,0
0.53,2732277421,targeted,betweenness,86,7,0.08139534883720931,7,0.08139534883720931,0
0.53,1216726949,targeted,betweenness,86,7,0.08139534883720931,7,0.08139534883720931,0
0.53,515951981,targeted,betweenness,86,7,0.08139534883720931,7,0.08139534883720931,0
0.54,2308870606,targeted,betweenness,86,7,0.08139534883720931,7,0.08139534883720931,0
0.54,2688525115,targeted,betweenness,86,7,0.08139534883720931,7,0.08139534883720931,0
0.54,3924085482,targeted,betweenness,86,7,0.08139534883720931,7,0.08139534883720931,0
0.54,3390805899,targeted,betweenness,86,7,0.08139534883720931,7,0.08139534883720931,0
0.54,3553699648,targeted,betweenness,86,7,0.08139534883720931,7,0.08139534883720931,0
0.54,4205432810,targeted,betweenness,86,7,0.08139534883720931,7,0.08139534883720931,0
0.54,4238709160,targeted,betweenness,86,7,0.08139534883720931,7,0.08139534883720931,0
0.54,3295367883,targeted,betweenness,86,7,0.08139534883720931,7,0.08139534883720931,0
0.54,2337466940,targeted,betweenness,86,7,0.08139534883720931,7,0.08139534883720931,0
0.54,1909143684,targeted,betweenness,86,7,0.08139534883720931,7,0.08139534883720931,0
0.54,409693705,targeted,betweenness,86,7,0.08139534883720931,7,0.08139534883720931,0
0.54,3789893622,targeted,betweenness,86,7,0.08139534883720931,7,0.08139534883720931,0
0.54,1850858773,targeted,betweenness,86,7,0.08139534883720931,7,0.08139534883720931,0
0.54,3809418212,targeted,betweenness,86,7,0.08139534883720931,7,0.08139534883720931,0
0.54,1834912500,targeted,betweenness,86,7,0.08139534883720931,7,0.08139534883720931,0
0.54,2724575359,targeted,betweenness,86,7,0.08139534883720931,7,0.08139534883720931,0
0.54,1735357551,targeted,betweenness,86,7,0.08139534883720931,7,0.08139534883720931,0
0.54,1236483612,targeted,betweenness,86,7,0.08139534883720931,7,0.08139534883720931,0
0.54,131858291,targeted,betweenness,86,7,0.08139534883720931,7,0.08139534883720931,0
0.54,2212811418,targeted,betweenness,86,7,0.08139534883720931,7,0.08139534883720931,0
0.54,3471858052,targeted,betweenness,86,7,0.08139534883720931,7,0.08139534883720931,0
0.54,562690711,targeted,betweenness,86,7,0.08139534883720931,7,0.08139534883720931,0
0.54,68259668,targeted,betweenness,86,7,0.08139534883720931,7,0.08139534883720931,0
0.54,565333908,targeted,betweenness,86,7,0.08139534883720931,7,0.08139534883720931,0
0.54,1662723278,targeted,betweenness,86,7,0.08139534883720931,7,0.08139534883720931,0
0.54,1912631515,targeted,betweenness,86,7,0.08139534883720931,7,0.08139534883720931,0
0.54,2731938116,targeted,betweenness,86,7,0.08139534883720931,7,0.08139534883720931,0
0.54,2252637003,targeted,betweenness,86,7,0.08139534883720931,7,0.08139534883720931,0
0.54,802652973,targeted,betweenness,86,7,0.08139534883720931,7,0.08139534883720931,0
0.54,2103251063,targeted,betweenness,86,7,0.08139534883720931,7,0.08139534883720931,0
0.54,4105322279,targeted,betweenness,86,7,0.08139534883720931,7,0.08139534883720931,0
0.54,3650246496,targeted,betweenness,86,7,0.08139534883720931,7,0.08139534883720931,0
0.54,3010265803,targeted,betweenness,86,7,0.08139534883720931,7,0.08139534883720931,0
0.54,1498422545,targeted,betweenness,86,7,0.08139534883720931,7,0.08139534883720931,0
0.54,967077139,targeted,betweenness,86,7,0.08139534883720931,7,0.08139534883720931,0
0.54,853561950,targeted,betweenness,86,7,0.08139534883720931,7,0.08139534883720931,0
0.54,2403446885,targeted,betweenness,86,7,0.08139534883720931,7,0.08139534883720931,0
0.54,2567609887,targeted,betweenness,86,7,0.08139534883720931,7,0.08139534883720931,0
0.54,3627265294,targeted,betweenness,86,7,0.08139534883720931,7,0.08139534883720931,0
0.54,438335099,targeted,betweenness,86,7,0.08139534883720931,7,0.08139534883720931,0
0.54,1703254302,targeted,betweenness,86,7,0.08139534883720931,7,0.08139534883720931,0
0.54,175784511,targeted,betweenness,86,7,0.08139534883720931,7,0.08139534883720931,0
0.54,2284118247,targeted,betweenness,86,7,0.08139534883720931,7,0.08139534883720931,0
0.54,3132004304,targeted,betweenness,86,7,0.08139534883720931,7,0.08139534883720931,0
0.54,1113957190,targeted,betweenness,86,7,0.08139534883720931,7,0.08139534883720931,0
0.54,2574681561,targeted,betweenness,86,7,0.08139534883720931,7,0.08139534883720931,0
0.54,1824147893,targeted,betweenness,86,7,0.08139534883720931,7,0.08139534883720931,0
0.54,4124596046,targeted,betweenness,86,7,0.08139534883720931,7,0.08139534883720931,0
0.54,3344030983,targeted,betweenness,86,7,0.08139534883720931,7,0.08139534883720931,0
0.54,1130605733,targeted,betweenness,86,7,0.08139534883720931,7,0.08139534883720931,0
0.54,1041938139,targeted,betweenness,86,7,0.08139534883720931,7,0.08139534883720931,0
0.54,3557671674,targeted,betweenness,86,7,0.08139534883720931,7,0.08139534883720931,0
0.54,62999744,targeted,betweenness,86,7,0.08139534883720931,7,0.08139534883720931,0
0.54,1763922827,targeted,betweenness,86,7,0.08139534883720931,7,0.08139534883720931,0
0.54,3186363763,targeted,betweenness,86,7,0.08139534883720931,7,0.08139534883720931,0
0.54,2442558749,targeted,betweenness,86,7,0.08139534883720931,7,0.08139534883720931,0
0.54,777003055,targeted,betweenness,86,7,0.08139534883720931,7,0.08139534883720931,0
0.54,477457499,targeted,betweenness,86,7,0.08139534883720931,7,0.08139534883720931,0
0.54,187174,targeted,betweenness,86,7,0.08139534883720931,7,0.08139534883720931,0
0.54,2295444954,targeted,betweenness,86,7,0.08139534883720931,7,0.08139534883720931,0
0.54,3595371421,targeted,betweenness,86,7,0.08139534883720931,7,0.08139534883720931,0
0.54,2078407309,targeted,betweenness,86,7,0.08139534883720931,7,0.08139534883720931,0
0.54,2830116869,targeted,betweenness,86,7,0.08139534883720931,7,0.08139534883720931,0
0.54,1320571245,targeted,betweenness,86,7,0.08139534883720931,7,0.08139534883720931,0
0.54,629412177,targeted,betweenness,86,7,0.08139534883720931,7,0.08139534883720931,0
0.54,2239309098,targeted,betweenness,86,7,0.08139534883720931,7,0.08139534883720931,0
0.54,4033426669,targeted,betweenness,86,7,0.08139534883720931,7,0.08139534883720931,0
0.54,1091678871,targeted,betweenness,86,7,0.08139534883720931,7,0.08139534883720931,0
0.54,1143032182,targeted,betweenness,86,7,0.08139534883720931,7,0.08139534883720931,0
0.54,2239019031,targeted,betweenness,86,7,0.08139534883720931,7,0.08139534883720931,0
0.54,785094797,targeted,betweenness,86,7,0.08139534883720931,7,0.08139534883720931,0
0.54,867937890,targeted,betweenness,86,7,0.08139534883720931,7,0.08139534883720931,0
0.54,1227928732,targeted,betweenness,86,7,0.08139534883720931,7,0.08139534883720931,0
0.54,509758091,targeted,betweenness,86,7,0.08139534883720931,7,0.08139534883720931,0
0.54,4102020316,targeted,betweenness,86,7,0.08139534883720931,7,0.08139534883720931,0
0.54,3018373657,targeted,betweenness,86,7,0.08139534883720931,7,0.08139534883720931,0
0.54,3181920345,targeted,betweenness,86,7,0.08139534883720931,7,0.08139534883720931,0
0.54,1161206011,targeted,betweenness,86,7,0.08139534883720931,7,0.08139534883720931,0
0.54,1093093813,targeted,betweenness,86,7,0.08139534883720931,7,0.08139534883720931,0
0.54,3660324234,targeted,betweenness,86,7,0.08139534883720931,7,0.08139534883720931,0
0.54,1698672360,targeted,betweenness,86,7,0.08139534883720931,7,0.08139534883720931,0
0.54,1395564878,targeted,betweenness,86,7,0.08139534883720931,7,0.08139534883720931,0
0.54,57457455,targeted,betweenness,86,7,0.08139534883720931,7,0.08139534883720931,0
0.54,4002689831,targeted,betweenness,86,7,0.08139534883720931,7,0.08139534883720931,0
0.54,2639137408,targeted,betweenness,86,7,0.08139534883720931,7,0.08139534883720931,0
0.54,3561091355,targeted,betweenness,86,7,0.08139534883720931,7,0.08139534883720931,0
0.54,3794896638,targeted,betweenness,86,7,0.08139534883720931,7,0.08139534883720931,0
0.54,584746658,targeted,betweenness,86,7,0.08139534883720931,7,0.08139534883720931,0
0.54,842883695,targeted,betweenness,86,7,0.08139534883720931,7,0.08139534883720931,0
0.54,3150352292,targeted,betweenness,86,7,0.08139534883720931,7,0.08139534883720931,0
0.54,2876864827,targeted,betweenness,86,7,0.08139534883720931,7,0.08139534883720931,0
0.54,559767875,targeted,betweenness,86,7,0.08139534883720931,7,0.08139534883720931,0
0.54,3742975760,targeted,betweenness,86,7,0.08139534883720931,7,0.08139534883720931,0
0.54,1001887240,targeted,betweenness,86,7,0.08139534883720931,7,0.08139534883720931,0
0.54,1862266089,targeted,betweenness,86,7,0.08139534883720931,7,0.08139534883720931,0
0.54,1869936315,targeted,betweenness,86,7,0.08139534883720931,7,0.08139534883720931,0
0.54,2119767398,targeted,betweenness,86,7,0.08139534883720931,7,0.08139534883720931,0
0.54,3999199991,targeted,betweenness,86,7,0.08139534883720931,7,0.08139534883720931,0
0.54,2972901071,targeted,betweenness,86,7,0.08139534883720931,7,0.08139534883720931,0
0.54,3127947823,targeted,betweenness,86,7,0.08139534883720931,7,0.08139534883720931,0
0.55,661298497,targeted,betweenness,86,7,0.08139534883720931,6,0.06976744186046512,0
0.55,3942937306,targeted,betweenness,86,7,0.08139534883720931,6,0.06976744186046512,0
0.55,390051414,targeted,betweenness,86,7,0.08139534883720931,6,0.06976744186046512,0
0.55,3363920319,targeted,betweenness,86,7,0.08139534883720931,6,0.06976744186046512,0
0.55,1220734014,targeted,betweenness,86,7,0.08139534883720931,6,0.06976744186046512,0
0.55,479435211,targeted,betweenness,86,7,0.08139534883720931,6,0.06976744186046512,0
0.55,2204779215,targeted,betweenness,86,7,0.08139534883720931,6,0.06976744186046512,0
0.55,585129532,targeted,betweenness,86,7,0.08139534883720931,6,0.06976744186046512,0
0.55,2207275548,targeted,betweenness,86,7,0.08139534883720931,6,0.06976744186046512,0
0.55,3200332587,targeted,betweenness,86,7,0.08139534883720931,6,0.06976744186046512,0
0.55,3694856478,targeted,betweenness,86,7,0.08139534883720931,6,0.06976744186046512,0
0.55,2081126619,targeted,betweenness,86,7,0.08139534883720931,6,0.06976744186046512,0
0.55,2872311180,targeted,betweenness,86,7,0.08139534883720931,6,0.06976744186046512,0
0.55,1329005210,targeted,betweenness,86,7,0.08139534883720931,6,0.06976744186046512,0
0.55,2841176666,targeted,betweenness,86,7,0.08139534883720931,6,0.06976744186046512,0
0.55,2922716292,targeted,betweenness,86,7,0.08139534883720931,6,0.06976744186046512,0
0.55,125452507,targeted,betweenness,86,7,0.08139534883720931,6,0.06976744186046512,0
0.55,1411572053,targeted,betweenness,86,7,0.08139534883720931,6,0.06976744186046512,0
0.55,1267186971,targeted,betweenness,86,7,0.08139534883720931,6,0.06976744186046512,0
0.55,770216741,targeted,betweenness,86,7,0.08139534883720931,6,0.06976744186046512,0
0.55,3356906632,targeted,betweenness,86,7,0.08139534883720931,6,0.06976744186046512,0
0.55,2515291891,targeted,betweenness,86,7,0.08139534883720931,6,0.06976744186046512,0
0.55,3621172981,targeted,betweenness,86,7,0.08139534883720931,6,0.06976744186046512,0
0.55,439448076,targeted,betweenness,86,7,0.08139534883720931,6,0.06976744186046512,0
0.55,1561741610,targeted,betweenness,86,7,0.08139534883720931,6,0.06976744186046512,0
0.55,3871188460,targeted,betweenness,86,7,0.08139534883720931,6,0.06976744186046512,0
0.55,3308268666,targeted,betweenness,86,7,0.08139534883720931,6,0.06976744186046512,0
0.55,1111024328,targeted,betweenness,86,7,0.08139534883720931,6,0.06976744186046512,0
0.55,2664432983,targeted,betweenness,86,7,0.08139534883720931,6,0.06976744186046512,0
0.55,1275979259,targeted,betweenness,86,7,0.08139534883720931,6,0.06976744186046512,0
0.55,247098168,targeted,betweenness,86,7,0.08139534883720931,6,0.06976744186046512,0
0.55,3542241136,targeted,betweenness,86,7,0.08139534883720931,6,0.06976744186046512,0
0.55,162783695,targeted,betweenness,86,7,0.08139534883720931,6,0.06976744186046512,0
0.55,3264114295,targeted,betweenness,86,7,0.08139534883720931,6,0.06976744186046512,0
0.55,839216947,targeted,betweenness,86,7,0.08139534883720931,6,0.06976744186046512,0
0.55,4167229145,targeted,betweenness,86,7,0.08139534883720931,6,0.06976744186046512,0
0.55,592933378,targeted,betweenness,86,7,0.08139534883720931,6,0.06976744186046512,0
0.55,3583572348,targeted,betweenness,86,7,0.08139534883720931,6,0.06976744186046512,0
0.55,2322187983,targeted,betweenness,86,7,0.08139534883720931,6,0.06976744186046512,0
0.55,1580048580,targeted,betweenness,86,7,0.08139534883720931,6,0.06976744186046512,0
0.55,3788222526,targeted,betweenness,86,7,0.08139534883720931,6,0.06976744186046512,0
0.55,774053307,targeted,betweenness,86,7,0.08139534883720931,6,0.06976744186046512,0
0.55,3255451372,targeted,betweenness,86,7,0.08139534883720931,6,0.06976744186046512,0
0.55,1809208707,targeted,betweenness,86,7,0.08139534883720931,6,0.06976744186046512,0
0.55,634210837,targeted,betweenness,86,7,0.08139534883720931,6,0.06976744186046512,0
0.55,755430745,targeted,betweenness,86,7,0.08139534883720931,6,0.06976744186046512,0
0.55,1153463260,targeted,betweenness,86,7,0.08139534883720931,6,0.06976744186046512,0
0.55,2535354603,targeted,betweenness,86,7,0.08139534883720931,6,0.06976744186046512,0
0.55,885250026,targeted,betweenness,86,7,0.08139534883720931,6,0.06976744186046512,0
0.55,1998187960,targeted,betweenness,86,7,0.08139534883720931,6,0.06976744186046512,0
0.55,3364614818,targeted,betweenness,86,7,0.08139534883720931,6,0.06976744186046512,0
0.55,895500359,targeted,betweenness,86,7,0.08139534883720931,6,0.06976744186046512,0
0.55,2842559197,targeted,betweenness,86,7,0.08139534883720931,6,0.06976744186046512,0
0.55,827122731,targeted,betweenness,86,7,0.08139534883720931,6,0.06976744186046512,0
0.55,2204848631,targeted,betweenness,86,7,0.08139534883720931,6,0.06976744186046512,0
0.55,36372579,targeted,betweenness,86,7,0.08139534883720931,6,0.06976744186046512,0
0.55,1896935222,targeted,betweenness,86,7,0.08139534883720931,6,0.06976744186046512,0
0.55,1726647903,targeted,betweenness,86,7,0.08139534883720931,6,0.06976744186046512,0
0.55,2322487952,targeted,betweenness,86,7,0.08139534883720931,6,0.06976744186046512,0
0.55,2077342871,targeted,betweenness,86,7,0.08139534883720931,6,0.06976744186046512,0
0.55,3719326354,targeted,betweenness,86,7,0.08139534883720931,6,0.06976744186046512,0
0.55,4189887030,targeted,betweenness,86,7,0.08139534883720931,6,0.06976744186046512,0
0.55,1427306318,targeted,betweenness,86,7,0.08139534883720931,6,0.06976744186046512,0
0.55,1316858433,targeted,betweenness,86,7,0.08139534883720931,6,0.06976744186046512,0
0.55,2062850220,targeted,betweenness,86,7,0.08139534883720931,6,0.06976744186046512,0
0.55,4084533347,targeted,betweenness,86,7,0.08139534883720931,6,0.06976744186046512,0
0.55,3821119834,targeted,betweenness,86,7,0.08139534883720931,6,0.06976744186046512,0
0.55,3227208118,targeted,betweenness,86,7,0.08139534883720931,6,0.06976744186046512,0
0.55,1697113563,targeted,betweenness,86,7,0.08139534883720931,6,0.06976744186046512,0
0.55,955168294,targeted,betweenness,86,7,0.08139534883720931,6,0.06976744186046512,0
0.55,4113364486,targeted,betweenness,86,7,0.08139534883720931,6,0.06976744186046512,0
0.55,3143980133,targeted,betweenness,86,7,0.08139534883720931,6,0.06976744186046512,0
0.55,2732679515,targeted,betweenness,86,7,0.08139534883720931,6,0.06976744186046512,0
0.55,2274711659,targeted,betweenness,86,7,0.08139534883720931,6,0.06976744186046512,0
0.55,3744660228,targeted,betweenness,86,7,0.08139534883720931,6,0.06976744186046512,0
0.55,2816190435,targeted,betweenness,86,7,0.08139534883720931,6,0.06976744186046512,0
0.55,2756947702,targeted,betweenness,86,7,0.08139534883720931,6,0.06976744186046512,0
0.55,1275879745,targeted,betweenness,86,7,0.08139534883720931,6,0.06976744186046512,0
0.55,1203763519,targeted,betweenness,86,7,0.08139534883720931,6,0.06976744186046512,0
0.55,1518233511,targeted,betweenness,86,7,0.08139534883720931,6,0.06976744186046512,0
0.55,4031286762,targeted,betweenness,86,7,0.08139534883720931,6,0.06976744186046512,0
0.55,93459251,targeted,betweenness,86,7,0.08139534883720931,6,0.06976744186046512,0
0.55,3064488833,targeted,betweenness,86,7,0.08139534883720931,6,0.06976744186046512,0
0.55,3233233107,targeted,betweenness,86,7,0.08139534883720931,6,0.06976744186046512,0
0.55,2261363585,targeted,betweenness,86,7,0.08139534883720931,6,0.06976744186046512,0
0.55,2448541490,targeted,betweenness,86,7,0.08139534883720931,6,0.06976744186046512,0
0.55,496246509,targeted,betweenness,86,7,0.08139534883720931,6,0.06976744186046512,0
0.55,516164303,targeted,betweenness,86,7,0.08139534883720931,6,0.06976744186046512,0
0.55,2858501550,targeted,betweenness,86,7,0.08139534883720931,6,0.06976744186046512,0
0.55,2857285943,targeted,betweenness,86,7,0.08139534883720931,6,0.06976744186046512,0
0.55,1839982735,targeted,betweenness,86,7,0.08139534883720931,6,0.06976744186046512,0
0.55,2735962326,targeted,betweenness,86,7,0.08139534883720931,6,0.06976744186046512,0
0.55,177105959,targeted,betweenness,86,7,0.08139534883720931,6,0.06976744186046512,0
0.55,132027639,targeted,betweenness,86,7,0.08139534883720931,6,0.06976744186046512,0
0.55,91736229,targeted,betweenness,86,7,0.08139534883720931,6,0.06976744186046512,0
0.55,1634909247,targeted,betweenness,86,7,0.08139534883720931,6,0.06976744186046512,0
0.55,3972098974,targeted,betweenness,86,7,0.08139534883720931,6,0.06976744186046512,0
0.55,3286218335,targeted,betweenness,86,7,0.08139534883720931,6,0.06976744186046512,0
0.55,1779625962,targeted,betweenness,86,7,0.08139534883720931,6,0.06976744186046512,0
0.55,2872933985,targeted,betweenness,86,7,0.08139534883720931,6,0.06976744186046512,0
0.56,2141830014,targeted,betweenness,86,6,0.06976744186046512,6,0.06976744186046512,0
0.56,310275186,targeted,betweenness,86,6,0.06976744186046512,6,0.06976744186046512,0
0.56,3631875328,targeted,betweenness,86,6,0.06976744186046512,6,0.06976744186046512,0
0.56,274108788,targeted,betweenness,86,6,0.06976744186046512,6,0.06976744186046512,0
0.56,2939559042,targeted,betweenness,86,6,0.06976744186046512,6,0.06976744186046512,0
0.56,2738115611,targeted,betweenness,86,6,0.06976744186046512,6,0.06976744186046512,0
0.56,2004530412,targeted,betweenness,86,6,0.06976744186046512,6,0.06976744186046512,0
0.56,725415256,targeted,betweenness,86,6,0.06976744186046512,6,0.06976744186046512,0
0.56,827496013,targeted,betweenness,86,6,0.06976744186046512,6,0.06976744186046512,0
0.56,1576793012,targeted,betweenness,86,6,0.06976744186046512,6,0.06976744186046512,0
0.56,2446587226,targeted,betweenness,86,6,0.06976744186046512,6,0.06976744186046512,0
0.56,2265854263,targeted,betweenness,86,6,0.06976744186046512,6,0.06976744186046512,0
0.56,30367588,targeted,betweenness,86,6,0.06976744186046512,6,0.06976744186046512,0
0.56,918463237,targeted,betweenness,86,6,0.06976744186046512,6,0.06976744186046512,0
0.56,437164252,targeted,betweenness,86,6,0.06976744186046512,6,0.06976744186046512,0
0.56,3086761833,targeted,betweenness,86,6,0.06976744186046512,6,0.06976744186046512,0
0.56,2397789227,targeted,betweenness,86,6,0.06976744186046512,6,0.06976744186046512,0
0.56,3986196474,targeted,betweenness,86,6,0.06976744186046512,6,0.06976744186046512,0
0.56,131828722,targeted,betweenness,86,6,0.06976744186046512,6,0.06976744186046512,0
0.56,759910094,targeted,betweenness,86,6,0.06976744186046512,6,0.06976744186046512,0
0.56,1384448913,targeted,betweenness,86,6,0.06976744186046512,6,0.06976744186046512,0
0.56,3026685083,targeted,betweenness,86,6,0.06976744186046512,6,0.06976744186046512,0
0.56,1401659937,targeted,betweenness,86,6,0.06976744186046512,6,0.06976744186046512,0
0.56,2069743334,targeted,betweenness,86,6,0.06976744186046512,6,0.06976744186046512,0
0.56,2768979510,targeted,betweenness,86,6,0.06976744186046512,6,0.06976744186046512,0
0.56,2153329650,targeted,betweenness,86,6,0.06976744186046512,6,0.06976744186046512,0
0.56,2092567443,targeted,betweenness,86,6,0.06976744186046512,6,0.06976744186046512,0
0.56,4033478840,targeted,betweenness,86,6,0.06976744186046512,6,0.06976744186046512,0
0.56,3139307224,targeted,betweenness,86,6,0.06976744186046512,6,0.06976744186046512,0
0.56,2434747515,targeted,betweenness,86,6,0.06976744186046512,6,0.06976744186046512,0
0.56,2601452610,targeted,betweenness,86,6,0.06976744186046512,6,0.06976744186046512,0
0.56,399190174,targeted,betweenness,86,6,0.06976744186046512,6,0.06976744186046512,0
0.56,1347649660,targeted,betweenness,86,6,0.06976744186046512,6,0.06976744186046512,0
0.56,869687614,targeted,betweenness,86,6,0.06976744186046512,6,0.06976744186046512,0
0.56,1268000208,targeted,betweenness,86,6,0.06976744186046512,6,0.06976744186046512,0
0.56,3785732141,targeted,betweenness,86,6,0.06976744186046512,6,0.06976744186046512,0
0.56,1373565731,targeted,betweenness,86,6,0.06976744186046512,6,0.06976744186046512,0
0.56,2351419742,targeted,betweenness,86,6,0.06976744186046512,6,0.06976744186046512,0
0.56,2886725689,targeted,betweenness,86,6,0.06976744186046512,6,0.06976744186046512,0
0.56,263585120,targeted,betweenness,86,6,0.06976744186046512,6,0.06976744186046512,0
0.56,2628251409,targeted,betweenness,86,6,0.06976744186046512,6,0.06976744186046512,0
0.56,1548894697,targeted,betweenness,86,6,0.06976744186046512,6,0.06976744186046512,0
0.56,998042902,targeted,betweenness,86,6,0.06976744186046512,6,0.06976744186046512,0
0.56,595631269,targeted,betweenness,86,6,0.06976744186046512,6,0.06976744186046512,0
0.56,2430720474,targeted,betweenness,86,6,0.06976744186046512,6,0.06976744186046512,0
0.56,2799174856,targeted,betweenness,86,6,0.06976744186046512,6,0.06976744186046512,0
0.56,2537722593,targeted,betweenness,86,6,0.06976744186046512,6,0.06976744186046512,0
0.56,450735783,targeted,betweenness,86,6,0.06976744186046512,6,0.06976744186046512,0
0.56,1983520420,targeted,betweenness,86,6,0.06976744186046512,6,0.06976744186046512,0
0.56,4288723679,targeted,betweenness,86,6,0.06976744186046512,6,0.06976744186046512,0
0.56,3583305133,targeted,betweenness,86,6,0.06976744186046512,6,0.06976744186046512,0
0.56,1955286550,targeted,betweenness,86,6,0.06976744186046512,6,0.06976744186046512,0
0.56,1571879533,targeted,betweenness,86,6,0.06976744186046512,6,0.06976744186046512,0
0.56,3799817539,targeted,betweenness,86,6,0.06976744186046512,6,0.06976744186046512,0
0.56,208554208,targeted,betweenness,86,6,0.06976744186046512,6,0.06976744186046512,0
0.56,3451700958,targeted,betweenness,86,6,0.06976744186046512,6,0.06976744186046512,0
0.56,2902867798,targeted,betweenness,86,6,0.06976744186046512,6,0.06976744186046512,0
0.56,1678405992,targeted,betweenness,86,6,0.06976744186046512,6,0.06976744186046512,0
0.56,597369268,targeted,betweenness,86,6,0.06976744186046512,6,0.06976744186046512,0
0.56,3392538643,targeted,betweenness,86,6,0.06976744186046512,6,0.06976744186046512,0
0.56,3076479122,targeted,betweenness,86,6,0.06976744186046512,6,0.06976744186046512,0
0.56,2501006883,targeted,betweenness,86,6,0.06976744186046512,6,0.06976744186046512,0
0.56,33166775,targeted,betweenness,86,6,0.06976744186046512,6,0.06976744186046512,0
0.56,4099811400,targeted,betweenness,86,6,0.06976744186046512,6,0.06976744186046512,0
0.56,3618268944,targeted,betweenness,86,6,0.06976744186046512,6,0.06976744186046512,0
0.56,2593376438,targeted,betweenness,86,6,0.06976744186046512,6,0.06976744186046512,0
0.56,2532931293,targeted,betweenness,86,6,0.06976744186046512,6,0.06976744186046512,0
0.56,3343192020,targeted,betweenness,86,6,0.06976744186046512,6,0.06976744186046512,0
0.56,2218333112,targeted,betweenness,86,6,0.06976744186046512,6,0.06976744186046512,0
0.56,2449500792,targeted,betweenness,86,6,0.06976744186046512,6,0.06976744186046512,0
0.56,309436080,targeted,betweenness,86,6,0.06976744186046512,6,0.06976744186046512,0
0.56,1098528694,targeted,betweenness,86,6,0.06976744186046512,6,0.06976744186046512,0
0.56,2669272678,targeted,betweenness,86,6,0.06976744186046512,6,0.06976744186046512,0
0.56,882023057,targeted,betweenness,86,6,0.06976744186046512,6,0.06976744186046512,0
0.56,3730455,targeted,betweenness,86,6,0.06976744186046512,6,0.06976744186046512,0
0.56,2920853557,targeted,betweenness,86,6,0.06976744186046512,6,0.06976744186046512,0
0.56,3579290553,targeted,betweenness,86,6,0.06976744186046512,6,0.06976744186046512,0
0.56,938477518,targeted,betweenness,86,6,0.06976744186046512,6,0.06976744186046512,0
0.56,3856427393,targeted,betweenness,86,6,0.06976744186046512,6,0.06976744186046512,0
0.56,4236968129,targeted,betweenness,86,6,0.06976744186046512,6,0.06976744186046512,0
0.56,2021055903,targeted,betweenness,86,6,0.06976744186046512,6,0.06976744186046512,0
0.56,3307107945,targeted,betweenness,86,6,0.06976744186046512,6,0.06976744186046512,0
0.56,836264055,targeted,betweenness,86,6,0.06976744186046512,6,0.06976744186046512,0
0.56,4030907373,targeted,betweenness,86,6,0.06976744186046512,6,0.06976744186046512,0
0.56,327871161,targeted,betweenness,86,6,0.06976744186046512,6,0.06976744186046512,0
0.56,577714209,targeted,betweenness,86,6,0.06976744186046512,6,0.06976744186046512,0
0.56,3043552965,targeted,betweenness,86,6,0.06976744186046512,6,0.06976744186046512,0
0.56,1608248579,targeted,betweenness,86,6,0.06976744186046512,6,0.06976744186046512,0
0.56,3724000533,targeted,betweenness,86,6,0.06976744186046512,6,0.06976744186046512,0
0.56,2850534829,targeted,betweenness,86,6,0.06976744186046512,6,0.06976744186046512,0
0.56,847735324,targeted,betweenness,86,6,0.06976744186046512,6,0.06976744186046512,0
0.56,3484447921,targeted,betweenness,86,6,0.06976744186046512,6,0.06976744186046512,0
0.56,304216737,targeted,betweenness,86,6,0.06976744186046512,6,0.06976744186046512,0
0.56,3813294566,targeted,betweenness,86,6,0.06976744186046512,6,0.06976744186046512,0
0.56,174239270,targeted,betweenness,86,6,0.06976744186046512,6,0.06976744186046512,0
0.56,804670158,targeted,betweenness,86,6,0.06976744186046512,6,0.06976744186046512,0
0.56,3398238799,targeted,betweenness,86,6,0.06976744186046512,6,0.06976744186046512,0
0.56,1135300750,targeted,betweenness,86,6,0.06976744186046512,6,0.06976744186046512,0
0.56,559884699,targeted,betweenness,86,6,0.06976744186046512,6,0.06976744186046512,0
0.56,3972978935,targeted,betweenness,86,6,0.06976744186046512,6,0.06976744186046512,0
0.57,2848575681,targeted,betweenness,86,6,0.06976744186046512,6,0.06976744186046512,0
0.57,200444425,targeted,betweenness,86,6,0.06976744186046512,6,0.06976744186046512,0
0.57,1166300131,targeted,betweenness,86,6,0.06976744186046512,6,0.06976744186046512,0
0.57,1123778632,targeted,betweenness,86,6,0.06976744186046512,6,0.06976744186046512,0
0.57,2574119810,targeted,betweenness,86,6,0.06976744186046512,6,0.06976744186046512,0
0.57,3318813210,targeted,betweenness,86,6,0.06976744186046512,6,0.06976744186046512,0
0.57,4254908409,targeted,betweenness,86,6,0.06976744186046512,6,0.06976744186046512,0
0.57,170694173,targeted,betweenness,86,6,0.06976744186046512,6,0.06976744186046512,0
0.57,110127939,targeted,betweenness,86,6,0.06976744186046512,6,0.06976744186046512,0
0.57,1939945951,targeted,betweenness,86,6,0.06976744186046512,6,0.06976744186046512,0
0.57,4276800142,targeted,betweenness,86,6,0.06976744186046512,6,0.06976744186046512,0
0.57,2237888318,targeted,betweenness,86,6,0.06976744186046512,6,0.06976744186046512,0
0.57,980830378,targeted,betweenness,86,6,0.06976744186046512,6,0.06976744186046512,0
0.57,4223272131,targeted,betweenness,86,6,0.06976744186046512,6,0.06976744186046512,0
0.57,1394122376,targeted,betweenness,86,6,0.06976744186046512,6,0.06976744186046512,0
0.57,4123437009,targeted,betweenness,86,6,0.06976744186046512,6,0.06976744186046512,0
0.57,4192316351,targeted,betweenness,86,6,0.06976744186046512,6,0.06976744186046512,0
0.57,1696832781,targeted,betweenness,86,6,0.06976744186046512,6,0.06976744186046512,0
0.57,2798047044,targeted,betweenness,86,6,0.06976744186046512,6,0.06976744186046512,0
0.57,1424646984,targeted,betweenness,86,6,0.06976744186046512,6,0.06976744186046512,0
0.57,3227154883,targeted,betweenness,86,6,0.06976744186046512,6,0.06976744186046512,0
0.57,1140037854,targeted,betweenness,86,6,0.06976744186046512,6,0.06976744186046512,0
0.57,3992781069,targeted,betweenness,86,6,0.06976744186046512,6,0.06976744186046512,0
0.57,1317516800,targeted,betweenness,86,6,0.06976744186046512,6,0.06976744186046512,0
0.57,1952281927,targeted,betweenness,86,6,0.06976744186046512,6,0.06976744186046512,0
0.57,763132740,targeted,betweenness,86,6,0.06976744186046512,6,0.06976744186046512,0
0.57,1635356863,targeted,betweenness,86,6,0.06976744186046512,6,0.06976744186046512,0
0.57,602161231,targeted,betweenness,86,6,0.06976744186046512,6,0.06976744186046512,0
0.57,2657126401,targeted,betweenness,86,6,0.06976744186046512,6,0.06976744186046512,0
0.57,779744032,targeted,betweenness,86,6,0.06976744186046512,6,0.06976744186046512,0
0.57,177677635,targeted,betweenness,86,6,0.06976744186046512,6,0.06976744186046512,0
0.57,558324856,targeted,betweenness,86,6,0.06976744186046512,6,0.06976744186046512,0
0.57,1915768379,targeted,betweenness,86,6,0.06976744186046512,6,0.06976744186046512,0
0.57,1437634451,targeted,betweenness,86,6,0.06976744186046512,6,0.06976744186046512,0
0.57,562016289,targeted,betweenness,86,6,0.06976744186046512,6,0.06976744186046512,0
0.57,1924896058,targeted,betweenness,86,6,0.06976744186046512,6,0.06976744186046512,0
0.57,3781226239,targeted,betweenness,86,6,0.06976744186046512,6,0.06976744186046512,0
0.57,1447558560,targeted,betweenness,86,6,0.06976744186046512,6,0.06976744186046512,0
0.57,2850418862,targeted,betweenness,86,6,0.06976744186046512,6,0.06976744186046512,0
0.57,2130187948,targeted,betweenness,86,6,0.06976744186046512,6,0.06976744186046512,0
0.57,3120909899,targeted,betweenness,86,6,0.06976744186046512,6,0.06976744186046512,0
0.57,2513952908,targeted,betweenness,86,6,0.06976744186046512,6,0.06976744186046512,0
0.57,4021907937,targeted,betweenness,86,6,0.06976744186046512,6,0.06976744186046512,0
0.57,2399022345,targeted,betweenness,86,6,0.06976744186046512,6,0.06976744186046512,0
0.57,1171960232,targeted,betweenness,86,6,0.06976744186046512,6,0.06976744186046512,0
0.57,4022790245,targeted,betweenness,86,6,0.06976744186046512,6,0.06976744186046512,0
0.57,407079731,targeted,betweenness,86,6,0.06976744186046512,6,0.06976744186046512,0
0.57,3451683489,targeted,betweenness,86,6,0.06976744186046512,6,0.06976744186046512,0
0.57,3201801489,targeted,betweenness,86,6,0.06976744186046512,6,0.06976744186046512,0
0.57,2562299618,targeted,betweenness,86,6,0.06976744186046512,6,0.06976744186046512,0
0.57,3526094173,targeted,betweenness,86,6,0.06976744186046512,6,0.06976744186046512,0
0.57,1302731686,targeted,betweenness,86,6,0.06976744186046512,6,0.06976744186046512,0
0.57,2131976710,targeted,betweenness,86,6,0.06976744186046512,6,0.06976744186046512,0
0.57,53487921,targeted,betweenness,86,6,0.06976744186046512,6,0.06976744186046512,0
0.57,335994248,targeted,betweenness,86,6,0.06976744186046512,6,0.06976744186046512,0
0.57,1152843836,targeted,betweenness,86,6,0.06976744186046512,6,0.06976744186046512,0
0.57,1661459700,targeted,betweenness,86,6,0.06976744186046512,6,0.06976744186046512,0
0.57,197982538,targeted,betweenness,86,6,0.06976744186046512,6,0.06976744186046512,0
0.57,2385443507,targeted,betweenness,86,6,0.06976744186046512,6,0.06976744186046512,0
0.57,2997899833,targeted,betweenness,86,6,0.06976744186046512,6,0.06976744186046512,0
0.57,1136082482,targeted,betweenness,86,6,0.06976744186046512,6,0.06976744186046512,0
0.57,3513686940,targeted,betweenness,86,6,0.06976744186046512,6,0.06976744186046512,0
0.57,1787486168,targeted,betweenness,86,6,0.06976744186046512,6,0.06976744186046512,0
0.57,2395643380,targeted,betweenness,86,6,0.06976744186046512,6,0.06976744186046512,0
0.57,1551445225,targeted,betweenness,86,6,0.06976744186046512,6,0.06976744186046512,0
0.57,288020701,targeted,betweenness,86,6,0.06976744186046512,6,0.06976744186046512,0
0.57,3482740345,targeted,betweenness,86,6,0.06976744186046512,6,0.06976744186046512,0
0.57,3622810609,targeted,betweenness,86,6,0.06976744186046512,6,0.06976744186046512,0
0.57,322623155,targeted,betweenness,86,6,0.06976744186046512,6,0.06976744186046512,0
0.57,932244642,targeted,betweenness,86,6,0.06976744186046512,6,0.06976744186046512,0
0.57,1791395132,targeted,betweenness,86,6,0.06976744186046512,6,0.06976744186046512,0
0.57,3105946706,targeted,betweenness,86,6,0.06976744186046512,6,0.06976744186046512,0
0.57,507609262,targeted,betweenness,86,6,0.06976744186046512,6,0.06976744186046512,0
0.57,2032455648,targeted,betweenness,86,6,0.06976744186046512,6,0.06976744186046512,0
0.57,448618184,targeted,betweenness,86,6,0.06976744186046512,6,0.06976744186046512,0
0.57,683506083,targeted,betweenness,86,6,0.06976744186046512,6,0.06976744186046512,0
0.57,817122854,targeted,betweenness,86,6,0.06976744186046512,6,0.06976744186046512,0
0.57,2523424772,targeted,betweenness,86,6,0.06976744186046512,6,0.06976744186046512,0
0.57,2643787576,targeted,betweenness,86,6,0.06976744186046512,6,0.06976744186046512,0
0.57,2663635298,targeted,betweenness,86,6,0.06976744186046512,6,0.06976744186046512,0
0.57,88086553,targeted,betweenness,86,6,0.06976744186046512,6,0.06976744186046512,0
0.57,519227998,targeted,betweenness,86,6,0.06976744186046512,6,0.06976744186046512,0
0.57,1315740363,targeted,betweenness,86,6,0.06976744186046512,6,0.06976744186046512,0
0.57,2339310783,targeted,betweenness,86,6,0.06976744186046512,6,0.06976744186046512,0
0.57,1020624703,targeted,betweenness,86,6,0.06976744186046512,6,0.06976744186046512,0
0.57,2826884918,targeted,betweenness,86,6,0.06976744186046512,6,0.06976744186046512,0
0.57,3454374097,targeted,betweenness,86,6,0.06976744186046512,6,0.06976744186046512,0
0.57,2036532951,targeted,betweenness,86,6,0.06976744186046512,6,0.06976744186046512,0
0.57,2794193779,targeted,betweenness,86,6,0.06976744186046512,6,0.06976744186046512,0
0.57,4034523452,targeted,betweenness,86,6,0.06976744186046512,6,0.06976744186046512,0
0.57,280301295,targeted,betweenness,86,6,0.06976744186046512,6,0.06976744186046512,0
0.57,611117986,targeted,betweenness,86,6,0.06976744186046512,6,0.06976744186046512,0
0.57,2932136051,targeted,betweenness,86,6,0.06976744186046512,6,0.06976744186046512,0
0.57,3399677413,targeted,betweenness,86,6,0.06976744186046512,6,0.06976744186046512,0
0.57,968634095,targeted,betweenness,86,6,0.06976744186046512,6,0.06976744186046512,0
0.57,835658775,targeted,betweenness,86,6,0.06976744186046512,6,0.06976744186046512,0
0.57,579357842,targeted,betweenness,86,6,0.06976744186046512,6,0.06976744186046512,0
0.57,537603088,targeted,betweenness,86,6,0.06976744186046512,6,0.06976744186046512,0
0.57,3644045904,targeted,betweenness,86,6,0.06976744186046512,6,0.06976744186046512,0
0.57,149929166,targeted,betweenness,86,6,0.06976744186046512,6,0.06976744186046512,0
0.58,21630972,targeted,betweenness,86,6,0.06976744186046512,6,0.06976744186046512,0
0.58,3920554969,targeted,betweenness,86,6,0.06976744186046512,6,0.06976744186046512,0
0.58,1491969200,targeted,betweenness,86,6,0.06976744186046512,6,0.06976744186046512,0
0.58,1431981488,targeted,betweenness,86,6,0.06976744186046512,6,0.06976744186046512,0
0.58,1234185939,targeted,betweenness,86,6,0.06976744186046512,6,0.06976744186046512,0
0.58,3241526928,targeted,betweenness,86,6,0.06976744186046512,6,0.06976744186046512,0
0.58,3631929863,targeted,betweenness,86,6,0.06976744186046512,6,0.06976744186046512,0
0.58,4261543006,targeted,betweenness,86,6,0.06976744186046512,6,0.06976744186046512,0
0.58,2361757005,targeted,betweenness,86,6,0.06976744186046512,6,0.06976744186046512,0
0.58,688810207,targeted,betweenness,86,6,0.06976744186046512,6,0.06976744186046512,0
0.58,544125040,targeted,betweenness,86,6,0.06976744186046512,6,0.06976744186046512,0
0.58,3984047754,targeted,betweenness,86,6,0.06976744186046512,6,0.06976744186046512,0
0.58,1895546501,targeted,betweenness,86,6,0.06976744186046512,6,0.06976744186046512,0
0.58,1989213626,targeted,betweenness,86,6,0.06976744186046512,6,0.06976744186046512,0
0.58,2599749778,targeted,betweenness,86,6,0.06976744186046512,6,0.06976744186046512,0
0.58,2834321213,targeted,betweenness,86,6,0.06976744186046512,6,0.06976744186046512,0
0.58,3460345102,targeted,betweenness,86,6,0.06976744186046512,6,0.06976744186046512,0
0.58,3413137875,targeted,betweenness,86,6,0.06976744186046512,6,0.06976744186046512,0
0.58,473221390,targeted,betweenness,86,6,0.06976744186046512,6,0.06976744186046512,0
0.58,3569149922,targeted,betweenness,86,6,0.06976744186046512,6,0.06976744186046512,0
0.58,2350340454,targeted,betweenness,86,6,0.06976744186046512,6,0.06976744186046512,0
0.58,1059541861,targeted,betweenness,86,6,0.06976744186046512,6,0.06976744186046512,0
0.58,1359638562,targeted,betweenness,86,6,0.06976744186046512,6,0.06976744186046512,0
0.58,2585960168,targeted,betweenness,86,6,0.06976744186046512,6,0.06976744186046512,0
0.58,3468281811,targeted,betweenness,86,6,0.06976744186046512,6,0.06976744186046512,0
0.58,2038405588,targeted,betweenness,86,6,0.06976744186046512,6,0.06976744186046512,0
0.58,3765557784,targeted,betweenness,86,6,0.06976744186046512,6,0.06976744186046512,0
0.58,4016751818,targeted,betweenness,86,6,0.06976744186046512,6,0.06976744186046512,0
0.58,535982636,targeted,betweenness,86,6,0.06976744186046512,6,0.06976744186046512,0
0.58,3933867991,targeted,betweenness,86,6,0.06976744186046512,6,0.06976744186046512,0
0.58,3387340828,targeted,betweenness,86,6,0.06976744186046512,6,0.06976744186046512,0
0.58,2683600233,targeted,betweenness,86,6,0.06976744186046512,6,0.06976744186046512,0
0.58,1846829915,targeted,betweenness,86,6,0.06976744186046512,6,0.06976744186046512,0
0.58,2196988083,targeted,betweenness,86,6,0.06976744186046512,6,0.06976744186046512,0
0.58,120524639,targeted,betweenness,86,6,0.06976744186046512,6,0.06976744186046512,0
0.58,3028883907,targeted,betweenness,86,6,0.06976744186046512,6,0.06976744186046512,0
0.58,1869952999,targeted,betweenness,86,6,0.06976744186046512,6,0.06976744186046512,0
0.58,459844320,targeted,betweenness,86,6,0.06976744186046512,6,0.06976744186046512,0
0.58,1137744932,targeted,betweenness,86,6,0.06976744186046512,6,0.06976744186046512,0
0.58,2777638948,targeted,betweenness,86,6,0.06976744186046512,6,0.06976744186046512,0
0.58,1953896043,targeted,betweenness,86,6,0.06976744186046512,6,0.06976744186046512,0
0.58,400877395,targeted,betweenness,86,6,0.06976744186046512,6,0.06976744186046512,0
0.58,3680010279,targeted,betweenness,86,6,0.06976744186046512,6,0.06976744186046512,0
0.58,2842531146,targeted,betweenness,86,6,0.06976744186046512,6,0.06976744186046512,0
0.58,357414334,targeted,betweenness,86,6,0.06976744186046512,6,0.06976744186046512,0
0.58,1081336112,targeted,betweenness,86,6,0.06976744186046512,6,0.06976744186046512,0
0.58,1970804506,targeted,betweenness,86,6,0.06976744186046512,6,0.06976744186046512,0
0.58,3972404436,targeted,betweenness,86,6,0.06976744186046512,6,0.06976744186046512,0
0.58,508777000,targeted,betweenness,86,6,0.06976744186046512,6,0.06976744186046512,0
0.58,3598163667,targeted,betweenness,86,6,0.06976744186046512,6,0.06976744186046512,0
0.58,868345438,targeted,betweenness,86,6,0.06976744186046512,6,0.06976744186046512,0
0.58,2347423608,targeted,betweenness,86,6,0.06976744186046512,6,0.06976744186046512,0
0.58,4125354984,targeted,betweenness,86,6,0.06976744186046512,6,0.06976744186046512,0
0.58,3958815891,targeted,betweenness,86,6,0.06976744186046512,6,0.06976744186046512,0
0.58,1019366945,targeted,betweenness,86,6,0.06976744186046512,6,0.06976744186046512,0
0.58,2841749646,targeted,betweenness,86,6,0.06976744186046512,6,0.06976744186046512,0
0.58,4139235891,targeted,betweenness,86,6,0.06976744186046512,6,0.06976744186046512,0
0.58,1848425786,targeted,betweenness,86,6,0.06976744186046512,6,0.06976744186046512,0
0.58,877181384,targeted,betweenness,86,6,0.06976744186046512,6,0.06976744186046512,0
0.58,11270281,targeted,betweenness,86,6,0.06976744186046512,6,0.06976744186046512,0
0.58,751496613,targeted,betweenness,86,6,0.06976744186046512,6,0.06976744186046512,0
0.58,314405254,targeted,betweenness,86,6,0.06976744186046512,6,0.06976744186046512,0
0.58,3124825381,targeted,betweenness,86,6,0.06976744186046512,6,0.06976744186046512,0
0.58,124020340,targeted,betweenness,86,6,0.06976744186046512,6,0.06976744186046512,0
0.58,1518034237,targeted,betweenness,86,6,0.06976744186046512,6,0.06976744186046512,0
0.58,357234136,targeted,betweenness,86,6,0.06976744186046512,6,0.06976744186046512,0
0.58,3784075798,targeted,betweenness,86,6,0.06976744186046512,6,0.06976744186046512,0
0.58,2594307852,targeted,betweenness,86,6,0.06976744186046512,6,0.06976744186046512,0
0.58,2837772332,targeted,betweenness,86,6,0.06976744186046512,6,0.06976744186046512,0
0.58,227455665,targeted,betweenness,86,6,0.06976744186046512,6,0.06976744186046512,0
0.58,3295243784,targeted,betweenness,86,6,0.06976744186046512,6,0.06976744186046512,0
0.58,900330863,targeted,betweenness,86,6,0.06976744186046512,6,0.06976744186046512,0
0.58,3768830554,targeted,betweenness,86,6,0.06976744186046512,6,0.06976744186046512,0
0.58,2232189588,targeted,betweenness,86,6,0.06976744186046512,6,0.06976744186046512,0
0.58,3950746684,targeted,betweenness,86,6,0.06976744186046512,6,0.06976744186046512,0
0.58,2214386735,targeted,betweenness,86,6,0.06976744186046512,6,0.06976744186046512,0
0.58,860944855,targeted,betweenness,86,6,0.06976744186046512,6,0.06976744186046512,0
0.58,2725908319,targeted,betweenness,86,6,0.06976744186046512,6,0.06976744186046512,0
0.58,1294056040,targeted,betweenness,86,6,0.06976744186046512,6,0.06976744186046512,0
0.58,157383517,targeted,betweenness,86,6,0.06976744186046512,6,0.06976744186046512,0
0.58,1548050649,targeted,betweenness,86,6,0.06976744186046512,6,0.06976744186046512,0
0.58,1070489793,targeted,betweenness,86,6,0.06976744186046512,6,0.06976744186046512,0
0.58,4105056930,targeted,betweenness,86,6,0.06976744186046512,6,0.06976744186046512,0
0.58,3949448,targeted,betweenness,86,6,0.06976744186046512,6,0.06976744186046512,0
0.58,99614827,targeted,betweenness,86,6,0.06976744186046512,6,0.06976744186046512,0
0.58,2096395420,targeted,betweenness,86,6,0.06976744186046512,6,0.06976744186046512,0
0.58,3226925058,targeted,betweenness,86,6,0.06976744186046512,6,0.06976744186046512,0
0.58,2765295574,targeted,betweenness,86,6,0.06976744186046512,6,0.06976744186046512,0
0.58,570400899,targeted,betweenness,86,6,0.06976744186046512,6,0.06976744186046512,0
0.58,3020604277,targeted,betweenness,86,6,0.06976744186046512,6,0.06976744186046512,0
0.58,3611554049,targeted,betweenness,86,6,0.06976744186046512,6,0.06976744186046512,0
0.58,1144111957,targeted,betweenness,86,6,0.06976744186046512,6,0.06976744186046512,0
0.58,161591097,targeted,betweenness,86,6,0.06976744186046512,6,0.06976744186046512,0
0.58,2787285437,targeted,betweenness,86,6,0.06976744186046512,6,0.06976744186046512,0
0.58,971980430,targeted,betweenness,86,6,0.06976744186046512,6,0.06976744186046512,0
0.58,2930434220,targeted,betweenness,86,6,0.06976744186046512,6,0.06976744186046512,0
0.58,2068848256,targeted,betweenness,86,6,0.06976744186046512,6,0.06976744186046512,0
0.58,2398755729,targeted,betweenness,86,6,0.06976744186046512,6,0.06976744186046512,0
0.58,1243233185,targeted,betweenness,86,6,0.06976744186046512,6,0.06976744186046512,0
0.58,2901203432,targeted,betweenness,86,6,0.06976744186046512,6,0.06976744186046512,0
0.59,3294934761,targeted,betweenness,86,6,0.06976744186046512,6,0.06976744186046512,0
0.59,2390679897,targeted,betweenness,86,6,0.06976744186046512,6,0.06976744186046512,0
0.59,2951778909,targeted,betweenness,86,6,0.06976744186046512,6,0.06976744186046512,0
0.59,2840776414,targeted,betweenness,86,6,0.06976744186046512,6,0.06976744186046512,0
0.59,2842824074,targeted,betweenness,86,6,0.06976744186046512,6,0.06976744186046512,0
0.59,1972054794,targeted,betweenness,86,6,0.06976744186046512,6,0.06976744186046512,0
0.59,747146539,targeted,betweenness,86,6,0.06976744186046512,6,0.06976744186046512,0
0.59,2265289220,targeted,betweenness,86,6,0.06976744186046512,6,0.06976744186046512,0
0.59,1961212143,targeted,betweenness,86,6,0.06976744186046512,6,0.06976744186046512,0
0.59,2134313178,targeted,betweenness,86,6,0.06976744186046512,6,0.06976744186046512,0
0.59,2603755805,targeted,betweenness,86,6,0.06976744186046512,6,0.06976744186046512,0
0.59,368035771,targeted,betweenness,86,6,0.06976744186046512,6,0.06976744186046512,0
0.59,405867052,targeted,betweenness,86,6,0.06976744186046512,6,0.06976744186046512,0
0.59,3715373646,targeted,betweenness,86,6,0.06976744186046512,6,0.06976744186046512,0
0.59,3832364376,targeted,betweenness,86,6,0.06976744186046512,6,0.06976744186046512,0
0.59,609712436,targeted,betweenness,86,6,0.06976744186046512,6,0.06976744186046512,0
0.59,851303103,targeted,betweenness,86,6,0.06976744186046512,6,0.06976744186046512,0
0.59,3040304057,targeted,betweenness,86,6,0.06976744186046512,6,0.06976744186046512,0
0.59,1607171188,targeted,betweenness,86,6,0.06976744186046512,6,0.06976744186046512,0
0.59,3928869671,targeted,betweenness,86,6,0.06976744186046512,6,0.06976744186046512,0
0.59,859614715,targeted,betweenness,86,6,0.06976744186046512,6,0.06976744186046512,0
0.59,2484224335,targeted,betweenness,86,6,0.06976744186046512,6,0.06976744186046512,0
0.59,1249833567,targeted,betweenness,86,6,0.06976744186046512,6,0.06976744186046512,0
0.59,3442510930,targeted,betweenness,86,6,0.06976744186046512,6,0.06976744186046512,0
0.59,2073065300,targeted,betweenness,86,6,0.06976744186046512,6,0.06976744186046512,0
0.59,3530556937,targeted,betweenness,86,6,0.06976744186046512,6,0.06976744186046512,0
0.59,748188249,targeted,betweenness,86,6,0.06976744186046512,6,0.06976744186046512,0
0.59,1183506672,targeted,betweenness,86,6,0.06976744186046512,6,0.06976744186046512,0
0.59,2434425393,targeted,betweenness,86,6,0.06976744186046512,6,0.06976744186046512,0
0.59,2091029878,targeted,betweenness,86,6,0.06976744186046512,6,0.06976744186046512,0
0.59,1561327651,targeted,betweenness,86,6,0.06976744186046512,6,0.06976744186046512,0
0.59,3239973562,targeted,betweenness,86,6,0.06976744186046512,6,0.06976744186046512,0
0.59,1781383820,targeted,betweenness,86,6,0.06976744186046512,6,0.06976744186046512,0
0.59,2630814550,targeted,betweenness,86,6,0.06976744186046512,6,0.06976744186046512,0
0.59,1876788248,targeted,betweenness,86,6,0.06976744186046512,6,0.06976744186046512,0
0.59,994010084,targeted,betweenness,86,6,0.06976744186046512,6,0.06976744186046512,0
0.59,723933339,targeted,betweenness,86,6,0.06976744186046512,6,0.06976744186046512,0
0.59,3069269972,targeted,betweenness,86,6,0.06976744186046512,6,0.06976744186046512,0
0.59,2430180661,targeted,betweenness,86,6,0.06976744186046512,6,0.06976744186046512,0
0.59,1063513191,targeted,betweenness,86,6,0.06976744186046512,6,0.06976744186046512,0
0.59,2945065488,targeted,betweenness,86,6,0.06976744186046512,6,0.06976744186046512,0
0.59,2815966336,targeted,betweenness,86,6,0.06976744186046512,6,0.06976744186046512,0
0.59,2426734743,targeted,betweenness,86,6,0.06976744186046512,6,0.06976744186046512,0
0.59,3175196771,targeted,betweenness,86,6,0.06976744186046512,6,0.06976744186046512,0
0.59,567697437,targeted,betweenness,86,6,0.06976744186046512,6,0.06976744186046512,0
0.59,2205602111,targeted,betweenness,86,6,0.06976744186046512,6,0.06976744186046512,0
0.59,2605601366,targeted,betweenness,86,6,0.06976744186046512,6,0.06976744186046512,0
0.59,2216366360,targeted,betweenness,86,6,0.06976744186046512,6,0.06976744186046512,0
0.59,1954282667,targeted,betweenness,86,6,0.06976744186046512,6,0.06976744186046512,0
0.59,2892917490,targeted,betweenness,86,6,0.06976744186046512,6,0.06976744186046512,0
0.59,292933588,targeted,betweenness,86,6,0.06976744186046512,6,0.06976744186046512,0
0.59,701430719,targeted,betweenness,86,6,0.06976744186046512,6,0.06976744186046512,0
0.59,3319253196,targeted,betweenness,86,6,0.06976744186046512,6,0.06976744186046512,0
0.59,2044713207,targeted,betweenness,86,6,0.06976744186046512,6,0.06976744186046512,0
0.59,2451240267,targeted,betweenness,86,6,0.06976744186046512,6,0.06976744186046512,0
0.59,4756112,targeted,betweenness,86,6,0.06976744186046512,6,0.06976744186046512,0
0.59,553520477,targeted,betweenness,86,6,0.06976744186046512,6,0.06976744186046512,0
0.59,993353023,targeted,betweenness,86,6,0.06976744186046512,6,0.06976744186046512,0
0.59,2378011589,targeted,betweenness,86,6,0.06976744186046512,6,0.06976744186046512,0
0.59,1820402667,targeted,betweenness,86,6,0.06976744186046512,6,0.06976744186046512,0
0.59,1361014925,targeted,betweenness,86,6,0.06976744186046512,6,0.06976744186046512,0
0.59,3287746014,targeted,betweenness,86,6,0.06976744186046512,6,0.06976744186046512,0
0.59,213598152,targeted,betweenness,86,6,0.06976744186046512,6,0.06976744186046512,0
0.59,3499365591,targeted,betweenness,86,6,0.06976744186046512,6,0.06976744186046512,0
0.59,3313633848,targeted,betweenness,86,6,0.06976744186046512,6,0.06976744186046512,0
0.59,2070519442,targeted,betweenness,86,6,0.06976744186046512,6,0.06976744186046512,0
0.59,3507064157,targeted,betweenness,86,6,0.06976744186046512,6,0.06976744186046512,0
0.59,2446837595,targeted,betweenness,86,6,0.06976744186046512,6,0.06976744186046512,0
0.59,2757702061,targeted,betweenness,86,6,0.06976744186046512,6,0.06976744186046512,0
0.59,673957502,targeted,betweenness,86,6,0.06976744186046512,6,0.06976744186046512,0
0.59,2241575317,targeted,betweenness,86,6,0.06976744186046512,6,0.06976744186046512,0
0.59,1463205019,targeted,betweenness,86,6,0.06976744186046512,6,0.06976744186046512,0
0.59,1667887388,targeted,betweenness,86,6,0.06976744186046512,6,0.06976744186046512,0
0.59,137305908,targeted,betweenness,86,6,0.06976744186046512,6,0.06976744186046512,0
0.59,2074880397,targeted,betweenness,86,6,0.06976744186046512,6,0.06976744186046512,0
0.59,4122289571,targeted,betweenness,86,6,0.06976744186046512,6,0.06976744186046512,0
0.59,3797696704,targeted,betweenness,86,6,0.06976744186046512,6,0.06976744186046512,0
0.59,1043605981,targeted,betweenness,86,6,0.06976744186046512,6,0.06976744186046512,0
0.59,1912748366,targeted,betweenness,86,6,0.06976744186046512,6,0.06976744186046512,0
0.59,897608908,targeted,betweenness,86,6,0.06976744186046512,6,0.06976744186046512,0
0.59,3361967156,targeted,betweenness,86,6,0.06976744186046512,6,0.06976744186046512,0
0.59,525659751,targeted,betweenness,86,6,0.06976744186046512,6,0.06976744186046512,0
0.59,496629171,targeted,betweenness,86,6,0.06976744186046512,6,0.06976744186046512,0
0.59,2399969318,targeted,betweenness,86,6,0.06976744186046512,6,0.06976744186046512,0
0.59,259943551,targeted,betweenness,86,6,0.06976744186046512,6,0.06976744186046512,0
0.59,2894981442,targeted,betweenness,86,6,0.06976744186046512,6,0.06976744186046512,0
0.59,3327099513,targeted,betweenness,86,6,0.06976744186046512,6,0.06976744186046512,0
0.59,1847308991,targeted,betweenness,86,6,0.06976744186046512,6,0.06976744186046512,0
0.59,3756018254,targeted,betweenness,86,6,0.06976744186046512,6,0.06976744186046512,0
0.59,3302295304,targeted,betweenness,86,6,0.06976744186046512,6,0.06976744186046512,0
0.59,2812450048,targeted,betweenness,86,6,0.06976744186046512,6,0.06976744186046512,0
0.59,106953310,targeted,betweenness,86,6,0.06976744186046512,6,0.06976744186046512,0
0.59,1104482220,targeted,betweenness,86,6,0.06976744186046512,6,0.06976744186046512,0
0.59,3826709554,targeted,betweenness,86,6,0.06976744186046512,6,0.06976744186046512,0
0.59,480599456,targeted,betweenness,86,6,0.06976744186046512,6,0.06976744186046512,0
0.59,55693868,targeted,betweenness,86,6,0.06976744186046512,6,0.06976744186046512,0
0.59,3418003661,targeted,betweenness,86,6,0.06976744186046512,6,0.06976744186046512,0
0.59,1062688623,targeted,betweenness,86,6,0.06976744186046512,6,0.06976744186046512,0
0.59,3050691030,targeted,betweenness,86,6,0.06976744186046512,6,0.06976744186046512,0
0.59,4238861729,targeted,betweenness,86,6,0.06976744186046512,6,0.06976744186046512,0
0.6,532367487,targeted,betweenness,86,6,0.06976744186046512,5,0.05813953488372093,0
0.6,842528948,targeted,betweenness,86,6,0.06976744186046512,5,0.05813953488372093,0
0.6,2697558949,targeted,betweenness,86,6,0.06976744186046512,5,0.05813953488372093,0
0.6,647429348,targeted,betweenness,86,6,0.06976744186046512,5,0.05813953488372093,0
0.6,1318537542,targeted,betweenness,86,6,0.06976744186046512,5,0.05813953488372093,0
0.6,2419674980,targeted,betweenness,86,6,0.06976744186046512,5,0.05813953488372093,0
0.6,3863289368,targeted,betweenness,86,6,0.06976744186046512,5,0.05813953488372093,0
0.6,291423143,targeted,betweenness,86,6,0.06976744186046512,5,0.05813953488372093,0
0.6,1419533943,targeted,betweenness,86,6,0.06976744186046512,5,0.05813953488372093,0
0.6,950421754,targeted,betweenness,86,6,0.06976744186046512,5,0.05813953488372093,0
0.6,3508408316,targeted,betweenness,86,6,0.06976744186046512,5,0.05813953488372093,0
0.6,255350235,targeted,betweenness,86,6,0.06976744186046512,5,0.05813953488372093,0
0.6,3517209671,targeted,betweenness,86,6,0.06976744186046512,5,0.05813953488372093,0
0.6,2203932456,targeted,betweenness,86,6,0.06976744186046512,5,0.05813953488372093,0
0.6,55920733,targeted,betweenness,86,6,0.06976744186046512,5,0.05813953488372093,0
0.6,4227332958,targeted,betweenness,86,6,0.06976744186046512,5,0.05813953488372093,0
0.6,1721324398,targeted,betweenness,86,6,0.06976744186046512,5,0.05813953488372093,0
0.6,1285427733,targeted,betweenness,86,6,0.06976744186046512,5,0.05813953488372093,0
0.6,2311464932,targeted,betweenness,86,6,0.06976744186046512,5,0.05813953488372093,0
0.6,2455821111,targeted,betweenness,86,6,0.06976744186046512,5,0.05813953488372093,0
0.6,1773498643,targeted,betweenness,86,6,0.06976744186046512,5,0.05813953488372093,0
0.6,3021392296,targeted,betweenness,86,6,0.06976744186046512,5,0.05813953488372093,0
0.6,2766346969,targeted,betweenness,86,6,0.06976744186046512,5,0.05813953488372093,0
0.6,2317234533,targeted,betweenness,86,6,0.06976744186046512,5,0.05813953488372093,0
0.6,717209618,targeted,betweenness,86,6,0.06976744186046512,5,0.05813953488372093,0
0.6,3279129196,targeted,betweenness,86,6,0.06976744186046512,5,0.05813953488372093,0
0.6,3506542098,targeted,betweenness,86,6,0.06976744186046512,5,0.05813953488372093,0
0.6,869538551,targeted,betweenness,86,6,0.06976744186046512,5,0.05813953488372093,0
0.6,1405986954,targeted,betweenness,86,6,0.06976744186046512,5,0.05813953488372093,0
0.6,1829061728,targeted,betweenness,86,6,0.06976744186046512,5,0.05813953488372093,0
0.6,2047324233,targeted,betweenness,86,6,0.06976744186046512,5,0.05813953488372093,0
0.6,2842996624,targeted,betweenness,86,6,0.06976744186046512,5,0.05813953488372093,0
0.6,2157401113,targeted,betweenness,86,6,0.06976744186046512,5,0.05813953488372093,0
0.6,3025187828,targeted,betweenness,86,6,0.06976744186046512,5,0.05813953488372093,0
0.6,77094543,targeted,betweenness,86,6,0.06976744186046512,5,0.05813953488372093,0
0.6,687356250,targeted,betweenness,86,6,0.06976744186046512,5,0.05813953488372093,0
0.6,545274694,targeted,betweenness,86,6,0.06976744186046512,5,0.05813953488372093,0
0.6,2924591702,targeted,betweenness,86,6,0.06976744186046512,5,0.05813953488372093,0
0.6,746449919,targeted,betweenness,86,6,0.06976744186046512,5,0.05813953488372093,0
0.6,3034582085,targeted,betweenness,86,6,0.06976744186046512,5,0.05813953488372093,0
0.6,2867809751,targeted,betweenness,86,6,0.06976744186046512,5,0.05813953488372093,0
0.6,3131636511,targeted,betweenness,86,6,0.06976744186046512,5,0.05813953488372093,0
0.6,556760182,targeted,betweenness,86,6,0.06976744186046512,5,0.05813953488372093,0
0.6,4223538308,targeted,betweenness,86,6,0.06976744186046512,5,0.05813953488372093,0
0.6,449390281,targeted,betweenness,86,6,0.06976744186046512,5,0.05813953488372093,0
0.6,636889944,targeted,betweenness,86,6,0.06976744186046512,5,0.05813953488372093,0
0.6,3647183051,targeted,betweenness,86,6,0.06976744186046512,5,0.05813953488372093,0
0.6,3287480706,targeted,betweenness,86,6,0.06976744186046512,5,0.05813953488372093,0
0.6,1131349350,targeted,betweenness,86,6,0.06976744186046512,5,0.05813953488372093,0
0.6,963577929,targeted,betweenness,86,6,0.06976744186046512,5,0.05813953488372093,0
0.6,15117081,targeted,betweenness,86,6,0.06976744186046512,5,0.05813953488372093,0
0.6,1133301584,targeted,betweenness,86,6,0.06976744186046512,5,0.05813953488372093,0
0.6,2086586111,targeted,betweenness,86,6,0.06976744186046512,5,0.05813953488372093,0
0.6,2543196838,targeted,betweenness,86,6,0.06976744186046512,5,0.05813953488372093,0
0.6,2399127263,targeted,betweenness,86,6,0.06976744186046512,5,0.05813953488372093,0
0.6,948210324,targeted,betweenness,86,6,0.06976744186046512,5,0.05813953488372093,0
0.6,2581472347,targeted,betweenness,86,6,0.06976744186046512,5,0.05813953488372093,0
0.6,2704378294,targeted,betweenness,86,6,0.06976744186046512,5,0.05813953488372093,0
0.6,2199139067,targeted,betweenness,86,6,0.06976744186046512,5,0.05813953488372093,0
0.6,2332720329,targeted,betweenness,86,6,0.06976744186046512,5,0.05813953488372093,0
0.6,3863922939,targeted,betweenness,86,6,0.06976744186046512,5,0.05813953488372093,0
0.6,2805728727,targeted,betweenness,86,6,0.06976744186046512,5,0.05813953488372093,0
0.6,273361950,targeted,betweenness,86,6,0.06976744186046512,5,0.05813953488372093,0
0.6,2559255739,targeted,betweenness,86,6,0.06976744186046512,5,0.05813953488372093,0
0.6,2047741254,targeted,betweenness,86,6,0.06976744186046512,5,0.05813953488372093,0
0.6,1897429790,targeted,betweenness,86,6,0.06976744186046512,5,0.05813953488372093,0
0.6,2694270874,targeted,betweenness,86,6,0.06976744186046512,5,0.05813953488372093,0
0.6,688021012,targeted,betweenness,86,6,0.06976744186046512,5,0.05813953488372093,0
0.6,360331210,targeted,betweenness,86,6,0.06976744186046512,5,0.05813953488372093,0
0.6,759760417,targeted,betweenness,86,6,0.06976744186046512,5,0.05813953488372093,0
0.6,580274063,targeted,betweenness,86,6,0.06976744186046512,5,0.05813953488372093,0
0.6,275709095,targeted,betweenness,86,6,0.06976744186046512,5,0.05813953488372093,0
0.6,3283908342,targeted,betweenness,86,6,0.06976744186046512,5,0.05813953488372093,0
0.6,4089259597,targeted,betweenness,86,6,0.06976744186046512,5,0.05813953488372093,0
0.6,3966946670,targeted,betweenness,86,6,0.06976744186046512,5,0.05813953488372093,0
0.6,2576047348,targeted,betweenness,86,6,0.06976744186046512,5,0.05813953488372093,0
0.6,1836169639,targeted,betweenness,86,6,0.06976744186046512,5,0.05813953488372093,0
0.6,3879910695,targeted,betweenness,86,6,0.06976744186046512,5,0.05813953488372093,0
0.6,2204491754,targeted,betweenness,86,6,0.06976744186046512,5,0.05813953488372093,0
0.6,2188955492,targeted,betweenness,86,6,0.06976744186046512,5,0.05813953488372093,0
0.6,3218119791,targeted,betweenness,86,6,0.06976744186046512,5,0.05813953488372093,0
0.6,2040285527,targeted,betweenness,86,6,0.06976744186046512,5,0.05813953488372093,0
0.6,3885328872,targeted,betweenness,86,6,0.06976744186046512,5,0.05813953488372093,0
0.6,2501577399,targeted,betweenness,86,6,0.06976744186046512,5,0.05813953488372093,0
0.6,3204154941,targeted,betweenness,86,6,0.06976744186046512,5,0.05813953488372093,0
0.6,1294965045,targeted,betweenness,86,6,0.06976744186046512,5,0.05813953488372093,0
0.6,3871388189,targeted,betweenness,86,6,0.06976744186046512,5,0.05813953488372093,0
0.6,1680953089,targeted,betweenness,86,6,0.06976744186046512,5,0.05813953488372093,0
0.6,3557574145,targeted,betweenness,86,6,0.06976744186046512,5,0.05813953488372093,0
0.6,1572524730,targeted,betweenness,86,6,0.06976744186046512,5,0.05813953488372093,0
0.6,3574527152,targeted,betweenness,86,6,0.06976744186046512,5,0.05813953488372093,0
0.6,1729745824,targeted,betweenness,86,6,0.06976744186046512,5,0.05813953488372093,0
0.6,1508294461,targeted,betweenness,86,6,0.06976744186046512,5,0.05813953488372093,0
0.6,2302441352,targeted,betweenness,86,6,0.06976744186046512,5,0.05813953488372093,0
0.6,1105660685,targeted,betweenness,86,6,0.06976744186046512,5,0.05813953488372093,0
0.6,2301989609,targeted,betweenness,86,6,0.06976744186046512,5,0.05813953488372093,0
0.6,3827976723,targeted,betweenness,86,6,0.06976744186046512,5,0.05813953488372093,0
0.6,3279445672,targeted,betweenness,86,6,0.06976744186046512,5,0.05813953488372093,0
0.6,1329875917,targeted,betweenness,86,6,0.06976744186046512,5,0.05813953488372093,0
0.6,100682438,targeted,betweenness,86,6,0.06976744186046512,5,0.05813953488372093,0
0.61,3947588070,targeted,betweenness,86,6,0.06976744186046512,5,0.05813953488372093,0
0.61,1637357763,targeted,betweenness,86,6,0.06976744186046512,5,0.05813953488372093,0
0.61,3727272133,targeted,betweenness,86,6,0.06976744186046512,5,0.05813953488372093,0
0.61,1931215426,targeted,betweenness,86,6,0.06976744186046512,5,0.05813953488372093,0
0.61,4067731933,targeted,betweenness,86,6,0.06976744186046512,5,0.05813953488372093,0
0.61,1106651623,targeted,betweenness,86,6,0.06976744186046512,5,0.05813953488372093,0
0.61,3981959570,targeted,betweenness,86,6,0.06976744186046512,5,0.05813953488372093,0
0.61,1396462565,targeted,betweenness,86,6,0.06976744186046512,5,0.05813953488372093,0
0.61,487757081,targeted,betweenness,86,6,0.06976744186046512,5,0.05813953488372093,0
0.61,3247749415,targeted,betweenness,86,6,0.06976744186046512,5,0.05813953488372093,0
0.61,1573277826,targeted,betweenness,86,6,0.06976744186046512,5,0.05813953488372093,0
0.61,1426161918,targeted,betweenness,86,6,0.06976744186046512,5,0.05813953488372093,0
0.61,731436439,targeted,betweenness,86,6,0.06976744186046512,5,0.05813953488372093,0
0.61,3584983020,targeted,betweenness,86,6,0.06976744186046512,5,0.05813953488372093,0
0.61,3162598746,targeted,betweenness,86,6,0.06976744186046512,5,0.05813953488372093,0
0.61,60807039,targeted,betweenness,86,6,0.06976744186046512,5,0.05813953488372093,0
0.61,1584621252,targeted,betweenness,86,6,0.06976744186046512,5,0.05813953488372093,0
0.61,975182912,targeted,betweenness,86,6,0.06976744186046512,5,0.05813953488372093,0
0.61,841225504,targeted,betweenness,86,6,0.06976744186046512,5,0.05813953488372093,0
0.61,2447548512,targeted,betweenness,86,6,0.06976744186046512,5,0.05813953488372093,0
0.61,2980150193,targeted,betweenness,86,6,0.06976744186046512,5,0.05813953488372093,0
0.61,680363736,targeted,betweenness,86,6,0.06976744186046512,5,0.05813953488372093,0
0.61,1180819375,targeted,betweenness,86,6,0.06976744186046512,5,0.05813953488372093,0
0.61,1518213537,targeted,betweenness,86,6,0.06976744186046512,5,0.05813953488372093,0
0.61,3917493192,targeted,betweenness,86,6,0.06976744186046512,5,0.05813953488372093,0
0.61,1426444917,targeted,betweenness,86,6,0.06976744186046512,5,0.05813953488372093,0
0.61,3226398917,targeted,betweenness,86,6,0.06976744186046512,5,0.05813953488372093,0
0.61,113783265,targeted,betweenness,86,6,0.06976744186046512,5,0.05813953488372093,0
0.61,1140257169,targeted,betweenness,86,6,0.06976744186046512,5,0.05813953488372093,0
0.61,4188844503,targeted,betweenness,86,6,0.06976744186046512,5,0.05813953488372093,0
0.61,904078507,targeted,betweenness,86,6,0.06976744186046512,5,0.05813953488372093,0
0.61,2851328519,targeted,betweenness,86,6,0.06976744186046512,5,0.05813953488372093,0
0.61,2792314381,targeted,betweenness,86,6,0.06976744186046512,5,0.05813953488372093,0
0.61,4014038899,targeted,betweenness,86,6,0.06976744186046512,5,0.05813953488372093,0
0.61,3475801787,targeted,betweenness,86,6,0.06976744186046512,5,0.05813953488372093,0
0.61,2319754131,targeted,betweenness,86,6,0.06976744186046512,5,0.05813953488372093,0
0.61,2382372112,targeted,betweenness,86,6,0.06976744186046512,5,0.05813953488372093,0
0.61,4134029165,targeted,betweenness,86,6,0.06976744186046512,5,0.05813953488372093,0
0.61,888984869,targeted,betweenness,86,6,0.06976744186046512,5,0.05813953488372093,0
0.61,1279887385,targeted,betweenness,86,6,0.06976744186046512,5,0.05813953488372093,0
0.61,1158301855,targeted,betweenness,86,6,0.06976744186046512,5,0.05813953488372093,0
0.61,357708635,targeted,betweenness,86,6,0.06976744186046512,5,0.05813953488372093,0
0.61,3877925031,targeted,betweenness,86,6,0.06976744186046512,5,0.05813953488372093,0
0.61,299949919,targeted,betweenness,86,6,0.06976744186046512,5,0.05813953488372093,0
0.61,2771940018,targeted,betweenness,86,6,0.06976744186046512,5,0.05813953488372093,0
0.61,978897911,targeted,betweenness,86,6,0.06976744186046512,5,0.05813953488372093,0
0.61,847747688,targeted,betweenness,86,6,0.06976744186046512,5,0.05813953488372093,0
0.61,537655888,targeted,betweenness,86,6,0.06976744186046512,5,0.05813953488372093,0
0.61,430611250,targeted,betweenness,86,6,0.06976744186046512,5,0.05813953488372093,0
0.61,739787661,targeted,betweenness,86,6,0.06976744186046512,5,0.05813953488372093,0
0.61,20626366,targeted,betweenness,86,6,0.06976744186046512,5,0.05813953488372093,0
0.61,3024603263,targeted,betweenness,86,6,0.06976744186046512,5,0.05813953488372093,0
0.61,56750455,targeted,betweenness,86,6,0.06976744186046512,5,0.05813953488372093,0
0.61,485404042,targeted,betweenness,86,6,0.06976744186046512,5,0.05813953488372093,0
0.61,1127542229,targeted,betweenness,86,6,0.06976744186046512,5,0.05813953488372093,0
0.61,2785275805,targeted,betweenness,86,6,0.06976744186046512,5,0.05813953488372093,0
0.61,1818231795,targeted,betweenness,86,6,0.06976744186046512,5,0.05813953488372093,0
0.61,3284640683,targeted,betweenness,86,6,0.06976744186046512,5,0.05813953488372093,0
0.61,3429728758,targeted,betweenness,86,6,0.06976744186046512,5,0.05813953488372093,0
0.61,3290486062,targeted,betweenness,86,6,0.06976744186046512,5,0.05813953488372093,0
0.61,1628949814,targeted,betweenness,86,6,0.06976744186046512,5,0.05813953488372093,0
0.61,3562642390,targeted,betweenness,86,6,0.06976744186046512,5,0.05813953488372093,0
0.61,109023725,targeted,betweenness,86,6,0.06976744186046512,5,0.05813953488372093,0
0.61,957523353,targeted,betweenness,86,6,0.06976744186046512,5,0.05813953488372093,0
0.61,3984004306,targeted,betweenness,86,6,0.06976744186046512,5,0.05813953488372093,0
0.61,3491770486,targeted,betweenness,86,6,0.06976744186046512,5,0.05813953488372093,0
0.61,618709407,targeted,betweenness,86,6,0.06976744186046512,5,0.05813953488372093,0
0.61,2272338717,targeted,betweenness,86,6,0.06976744186046512,5,0.05813953488372093,0
0.61,2888871236,targeted,betweenness,86,6,0.06976744186046512,5,0.05813953488372093,0
0.61,1709995206,targeted,betweenness,86,6,0.06976744186046512,5,0.05813953488372093,0
0.61,768656673,targeted,betweenness,86,6,0.06976744186046512,5,0.05813953488372093,0
0.61,902727185,targeted,betweenness,86,6,0.06976744186046512,5,0.05813953488372093,0
0.61,3392587474,targeted,betweenness,86,6,0.06976744186046512,5,0.05813953488372093,0
0.61,1640589069,targeted,betweenness,86,6,0.06976744186046512,5,0.05813953488372093,0
0.61,4218610057,targeted,betweenness,86,6,0.06976744186046512,5,0.05813953488372093,0
0.61,169214840,targeted,betweenness,86,6,0.06976744186046512,5,0.05813953488372093,0
0.61,946569128,targeted,betweenness,86,6,0.06976744186046512,5,0.05813953488372093,0
0.61,661057366,targeted,betweenness,86,6,0.06976744186046512,5,0.05813953488372093,0
0.61,3706343912,targeted,betweenness,86,6,0.06976744186046512,5,0.05813953488372093,0
0.61,3214747318,targeted,betweenness,86,6,0.06976744186046512,5,0.05813953488372093,0
0.61,1670341152,targeted,betweenness,86,6,0.06976744186046512,5,0.05813953488372093,0
0.61,2091329834,targeted,betweenness,86,6,0.06976744186046512,5,0.05813953488372093,0
0.61,4092903326,targeted,betweenness,86,6,0.06976744186046512,5,0.05813953488372093,0
0.61,457008855,targeted,betweenness,86,6,0.06976744186046512,5,0.05813953488372093,0
0.61,1789512184,targeted,betweenness,86,6,0.06976744186046512,5,0.05813953488372093,0
0.61,4257772781,targeted,betweenness,86,6,0.06976744186046512,5,0.05813953488372093,0
0.61,3902837225,targeted,betweenness,86,6,0.06976744186046512,5,0.05813953488372093,0
0.61,994920541,targeted,betweenness,86,6,0.06976744186046512,5,0.05813953488372093,0
0.61,997221395,targeted,betweenness,86,6,0.06976744186046512,5,0.05813953488372093,0
0.61,3774097161,targeted,betweenness,86,6,0.06976744186046512,5,0.05813953488372093,0
0.61,579229546,targeted,betweenness,86,6,0.06976744186046512,5,0.05813953488372093,0
0.61,2954371289,targeted,betweenness,86,6,0.06976744186046512,5,0.05813953488372093,0
0.61,796564120,targeted,betweenness,86,6,0.06976744186046512,5,0.05813953488372093,0
0.61,1763847206,targeted,betweenness,86,6,0.06976744186046512,5,0.05813953488372093,0
0.61,2389008362,targeted,betweenness,86,6,0.06976744186046512,5,0.05813953488372093,0
0.61,2387608081,targeted,betweenness,86,6,0.06976744186046512,5,0.05813953488372093,0
0.61,1176704024,targeted,betweenness,86,6,0.06976744186046512,5,0.05813953488372093,0
0.61,2417801182,targeted,betweenness,86,6,0.06976744186046512,5,0.05813953488372093,0
0.61,1290482506,targeted,betweenness,86,6,0.06976744186046512,5,0.05813953488372093,0
0.61,2465954041,targeted,betweenness,86,6,0.06976744186046512,5,0.05813953488372093,0
0.62,3219515986,targeted,betweenness,86,5,0.05813953488372093,5,0.05813953488372093,0
0.62,3576265690,targeted,betweenness,86,5,0.05813953488372093,5,0.05813953488372093,0
0.62,3986738853,targeted,betweenness,86,5,0.05813953488372093,5,0.05813953488372093,0
0.62,1711729853,targeted,betweenness,86,5,0.05813953488372093,5,0.05813953488372093,0
0.62,2772698960,targeted,betweenness,86,5,0.05813953488372093,5,0.05813953488372093,0
0.62,3119614730,targeted,betweenness,86,5,0.05813953488372093,5,0.05813953488372093,0
0.62,2414413490,targeted,betweenness,86,5,0.05813953488372093,5,0.05813953488372093,0
0.62,1111118623,targeted,betweenness,86,5,0.05813953488372093,5,0.05813953488372093,0
0.62,2812477630,targeted,betweenness,86,5,0.05813953488372093,5,0.05813953488372093,0
0.62,1577152099,targeted,betweenness,86,5,0.05813953488372093,5,0.05813953488372093,0
0.62,605051582,targeted,betweenness,86,5,0.05813953488372093,5,0.05813953488372093,0
0.62,4109328817,targeted,betweenness,86,5,0.05813953488372093,5,0.05813953488372093,0
0.62,1559104483,targeted,betweenness,86,5,0.05813953488372093,5,0.05813953488372093,0
0.62,3399675398,targeted,betweenness,86,5,0.05813953488372093,5,0.05813953488372093,0
0.62,2376351405,targeted,betweenness,86,5,0.05813953488372093,5,0.05813953488372093,0
0.62,389347182,targeted,betweenness,86,5,0.05813953488372093,5,0.05813953488372093,0
0.62,3008810349,targeted,betweenness,86,5,0.05813953488372093,5,0.05813953488372093,0
0.62,2790745882,targeted,betweenness,86,5,0.05813953488372093,5,0.05813953488372093,0
0.62,3409981851,targeted,betweenness,86,5,0.05813953488372093,5,0.05813953488372093,0
0.62,3391925251,targeted,betweenness,86,5,0.05813953488372093,5,0.05813953488372093,0
0.62,378576606,targeted,betweenness,86,5,0.05813953488372093,5,0.05813953488372093,0
0.62,273425162,targeted,betweenness,86,5,0.05813953488372093,5,0.05813953488372093,0
0.62,1162220244,targeted,betweenness,86,5,0.05813953488372093,5,0.05813953488372093,0
0.62,3017110366,targeted,betweenness,86,5,0.05813953488372093,5,0.05813953488372093,0
0.62,359336049,targeted,betweenness,86,5,0.05813953488372093,5,0.05813953488372093,0
0.62,2769606964,targeted,betweenness,86,5,0.05813953488372093,5,0.05813953488372093,0
0.62,522382503,targeted,betweenness,86,5,0.05813953488372093,5,0.05813953488372093,0
0.62,2488566283,targeted,betweenness,86,5,0.05813953488372093,5,0.05813953488372093,0
0.62,1879982470,targeted,betweenness,86,5,0.05813953488372093,5,0.05813953488372093,0
0.62,10654432,targeted,betweenness,86,5,0.05813953488372093,5,0.05813953488372093,0
0.62,221170861,targeted,betweenness,86,5,0.05813953488372093,5,0.05813953488372093,0
0.62,2940202591,targeted,betweenness,86,5,0.05813953488372093,5,0.05813953488372093,0
0.62,948850478,targeted,betweenness,86,5,0.05813953488372093,5,0.05813953488372093,0
0.62,611561369,targeted,betweenness,86,5,0.05813953488372093,5,0.05813953488372093,0
0.62,479753669,targeted,betweenness,86,5,0.05813953488372093,5,0.05813953488372093,0
0.62,3215381572,targeted,betweenness,86,5,0.05813953488372093,5,0.05813953488372093,0
0.62,2703488599,targeted,betweenness,86,5,0.05813953488372093,5,0.05813953488372093,0
0.62,4277112837,targeted,betweenness,86,5,0.05813953488372093,5,0.05813953488372093,0
0.62,1034706588,targeted,betweenness,86,5,0.05813953488372093,5,0.05813953488372093,0
0.62,2187626172,targeted,betweenness,86,5,0.05813953488372093,5,0.05813953488372093,0
0.62,1683215924,targeted,betweenness,86,5,0.05813953488372093,5,0.05813953488372093,0
0.62,1910391508,targeted,betweenness,86,5,0.05813953488372093,5,0.05813953488372093,0
0.62,1320261386,targeted,betweenness,86,5,0.05813953488372093,5,0.05813953488372093,0
0.62,1653047344,targeted,betweenness,86,5,0.05813953488372093,5,0.05813953488372093,0
0.62,1050449416,targeted,betweenness,86,5,0.05813953488372093,5,0.05813953488372093,0
0.62,2371715691,targeted,betweenness,86,5,0.05813953488372093,5,0.05813953488372093,0
0.62,3489268996,targeted,betweenness,86,5,0.05813953488372093,5,0.05813953488372093,0
0.62,1560652289,targeted,betweenness,86,5,0.05813953488372093,5,0.05813953488372093,0
0.62,284596542,targeted,betweenness,86,5,0.05813953488372093,5,0.05813953488372093,0
0.62,567227258,targeted,betweenness,86,5,0.05813953488372093,5,0.05813953488372093,0
0.62,1725529153,targeted,betweenness,86,5,0.05813953488372093,5,0.05813953488372093,0
0.62,3703816221,targeted,betweenness,86,5,0.05813953488372093,5,0.05813953488372093,0
0.62,3855551665,targeted,betweenness,86,5,0.05813953488372093,5,0.05813953488372093,0
0.62,4191798029,targeted,betweenness,86,5,0.05813953488372093,5,0.05813953488372093,0
0.62,2044290352,targeted,betweenness,86,5,0.05813953488372093,5,0.05813953488372093,0
0.62,3877583886,targeted,betweenness,86,5,0.05813953488372093,5,0.05813953488372093,0
0.62,2427042395,targeted,betweenness,86,5,0.05813953488372093,5,0.05813953488372093,0
0.62,1050689132,targeted,betweenness,86,5,0.05813953488372093,5,0.05813953488372093,0
0.62,3275209839,targeted,betweenness,86,5,0.05813953488372093,5,0.05813953488372093,0
0.62,3876213761,targeted,betweenness,86,5,0.05813953488372093,5,0.05813953488372093,0
0.62,2394873784,targeted,betweenness,86,5,0.05813953488372093,5,0.05813953488372093,0
0.62,2992824859,targeted,betweenness,86,5,0.05813953488372093,5,0.05813953488372093,0
0.62,782506425,targeted,betweenness,86,5,0.05813953488372093,5,0.05813953488372093,0
0.62,3992763994,targeted,betweenness,86,5,0.05813953488372093,5,0.05813953488372093,0
0.62,3333690432,targeted,betweenness,86,5,0.05813953488372093,5,0.05813953488372093,0
0.62,2449680762,targeted,betweenness,86,5,0.05813953488372093,5,0.05813953488372093,0
0.62,2282361720,targeted,betweenness,86,5,0.05813953488372093,5,0.05813953488372093,0
0.62,1468300840,targeted,betweenness,86,5,0.05813953488372093,5,0.05813953488372093,0
0.62,3457651919,targeted,betweenness,86,5,0.05813953488372093,5,0.05813953488372093,0
0.62,717542003,targeted,betweenness,86,5,0.05813953488372093,5,0.05813953488372093,0
0.62,2202974102,targeted,betweenness,86,5,0.05813953488372093,5,0.05813953488372093,0
0.62,4257079010,targeted,betweenness,86,5,0.05813953488372093,5,0.05813953488372093,0
0.62,3195933020,targeted,betweenness,86,5,0.05813953488372093,5,0.05813953488372093,0
0.62,4032398663,targeted,betweenness,86,5,0.05813953488372093,5,0.05813953488372093,0
0.62,575470586,targeted,betweenness,86,5,0.05813953488372093,5,0.05813953488372093,0
0.62,4078561185,targeted,betweenness,86,5,0.05813953488372093,5,0.05813953488372093,0
0.62,597426235,targeted,betweenness,86,5,0.05813953488372093,5,0.05813953488372093,0
0.62,2187193499,targeted,betweenness,86,5,0.05813953488372093,5,0.05813953488372093,0
0.62,1236070078,targeted,betweenness,86,5,0.05813953488372093,5,0.05813953488372093,0
0.62,1136731389,targeted,betweenness,86,5,0.05813953488372093,5,0.05813953488372093,0
0.62,762956811,targeted,betweenness,86,5,0.05813953488372093,5,0.05813953488372093,0
0.62,1985932531,targeted,betweenness,86,5,0.05813953488372093,5,0.05813953488372093,0
0.62,4277302326,targeted,betweenness,86,5,0.05813953488372093,5,0.05813953488372093,0
0.62,1558216878,targeted,betweenness,86,5,0.05813953488372093,5,0.05813953488372093,0
0.62,330522390,targeted,betweenness,86,5,0.05813953488372093,5,0.05813953488372093,0
0.62,3595111932,targeted,betweenness,86,5,0.05813953488372093,5,0.05813953488372093,0
0.62,3762372294,targeted,betweenness,86,5,0.05813953488372093,5,0.05813953488372093,0
0.62,575562527,targeted,betweenness,86,5,0.05813953488372093,5,0.05813953488372093,0
0.62,2783095548,targeted,betweenness,86,5,0.05813953488372093,5,0.05813953488372093,0
0.62,176048986,targeted,betweenness,86,5,0.05813953488372093,5,0.05813953488372093,0
0.62,2536335919,targeted,betweenness,86,5,0.05813953488372093,5,0.05813953488372093,0
0.62,1657758531,targeted,betweenness,86,5,0.05813953488372093,5,0.05813953488372093,0
0.62,921421138,targeted,betweenness,86,5,0.05813953488372093,5,0.05813953488372093,0
0.62,968175241,targeted,betweenness,86,5,0.05813953488372093,5,0.05813953488372093,0
0.62,200015161,targeted,betweenness,86,5,0.05813953488372093,5,0.05813953488372093,0
0.62,845626164,targeted,betweenness,86,5,0.05813953488372093,5,0.05813953488372093,0
0.62,1636131504,targeted,betweenness,86,5,0.05813953488372093,5,0.05813953488372093,0
0.62,126470834,targeted,betweenness,86,5,0.05813953488372093,5,0.05813953488372093,0
0.62,3799728245,targeted,betweenness,86,5,0.05813953488372093,5,0.05813953488372093,0
0.62,3123987084,targeted,betweenness,86,5,0.05813953488372093,5,0.05813953488372093,0
0.63,1797740454,targeted,betweenness,86,5,0.05813953488372093,5,0.05813953488372093,0
0.63,972257271,targeted,betweenness,86,5,0.05813953488372093,5,0.05813953488372093,0
0.63,3190228317,targeted,betweenness,86,5,0.05813953488372093,5,0.05813953488372093,0
0.63,2946464017,targeted,betweenness,86,5,0.05813953488372093,5,0.05813953488372093,0
0.63,2155124676,targeted,betweenness,86,5,0.05813953488372093,5,0.05813953488372093,0
0.63,1489784400,targeted,betweenness,86,5,0.05813953488372093,5,0.05813953488372093,0
0.63,3891305654,targeted,betweenness,86,5,0.05813953488372093,5,0.05813953488372093,0
0.63,732572824,targeted,betweenness,86,5,0.05813953488372093,5,0.05813953488372093,0
0.63,2797140604,targeted,betweenness,86,5,0.05813953488372093,5,0.05813953488372093,0
0.63,3549907508,targeted,betweenness,86,5,0.05813953488372093,5,0.05813953488372093,0
0.63,223138952,targeted,betweenness,86,5,0.05813953488372093,5,0.05813953488372093,0
0.63,2085104660,targeted,betweenness,86,5,0.05813953488372093,5,0.05813953488372093,0
0.63,3755850665,targeted,betweenness,86,5,0.05813953488372093,5,0.05813953488372093,0
0.63,678252675,targeted,betweenness,86,5,0.05813953488372093,5,0.05813953488372093,0
0.63,251431189,targeted,betweenness,86,5,0.05813953488372093,5,0.05813953488372093,0
0.63,1664398300,targeted,betweenness,86,5,0.05813953488372093,5,0.05813953488372093,0
0.63,37453520,targeted,betweenness,86,5,0.05813953488372093,5,0.05813953488372093,0
0.63,1623849108,targeted,betweenness,86,5,0.05813953488372093,5,0.05813953488372093,0
0.63,1995112733,targeted,betweenness,86,5,0.05813953488372093,5,0.05813953488372093,0
0.63,872964635,targeted,betweenness,86,5,0.05813953488372093,5,0.05813953488372093,0
0.63,1755100858,targeted,betweenness,86,5,0.05813953488372093,5,0.05813953488372093,0
0.63,4141549570,targeted,betweenness,86,5,0.05813953488372093,5,0.05813953488372093,0
0.63,827703293,targeted,betweenness,86,5,0.05813953488372093,5,0.05813953488372093,0
0.63,670945562,targeted,betweenness,86,5,0.05813953488372093,5,0.05813953488372093,0
0.63,3214916976,targeted,betweenness,86,5,0.05813953488372093,5,0.05813953488372093,0
0.63,678436761,targeted,betweenness,86,5,0.05813953488372093,5,0.05813953488372093,0
0.63,1126726462,targeted,betweenness,86,5,0.05813953488372093,5,0.05813953488372093,0
0.63,2435015257,targeted,betweenness,86,5,0.05813953488372093,5,0.05813953488372093,0
0.63,287489605,targeted,betweenness,86,5,0.05813953488372093,5,0.05813953488372093,0
0.63,828119412,targeted,betweenness,86,5,0.05813953488372093,5,0.05813953488372093,0
0.63,381864731,targeted,betweenness,86,5,0.05813953488372093,5,0.05813953488372093,0
0.63,3244397711,targeted,betweenness,86,5,0.05813953488372093,5,0.05813953488372093,0
0.63,411457698,targeted,betweenness,86,5,0.05813953488372093,5,0.05813953488372093,0
0.63,3018495444,targeted,betweenness,86,5,0.05813953488372093,5,0.05813953488372093,0
0.63,3411665623,targeted,betweenness,86,5,0.05813953488372093,5,0.05813953488372093,0
0.63,3365804658,targeted,betweenness,86,5,0.05813953488372093,5,0.05813953488372093,0
0.63,3334652491,targeted,betweenness,86,5,0.05813953488372093,5,0.05813953488372093,0
0.63,2502537645,targeted,betweenness,86,5,0.05813953488372093,5,0.05813953488372093,0
0.63,1604013197,targeted,betweenness,86,5,0.05813953488372093,5,0.05813953488372093,0
0.63,2681405593,targeted,betweenness,86,5,0.05813953488372093,5,0.05813953488372093,0
0.63,1849397891,targeted,betweenness,86,5,0.05813953488372093,5,0.05813953488372093,0
0.63,3085213433,targeted,betweenness,86,5,0.05813953488372093,5,0.05813953488372093,0
0.63,205502941,targeted,betweenness,86,5,0.05813953488372093,5,0.05813953488372093,0
0.63,272933733,targeted,betweenness,86,5,0.05813953488372093,5,0.05813953488372093,0
0.63,4284810226,targeted,betweenness,86,5,0.05813953488372093,5,0.05813953488372093,0
0.63,1896309928,targeted,betweenness,86,5,0.05813953488372093,5,0.05813953488372093,0
0.63,841393951,targeted,betweenness,86,5,0.05813953488372093,5,0.05813953488372093,0
0.63,390005086,targeted,betweenness,86,5,0.05813953488372093,5,0.05813953488372093,0
0.63,388925132,targeted,betweenness,86,5,0.05813953488372093,5,0.05813953488372093,0
0.63,3305642855,targeted,betweenness,86,5,0.05813953488372093,5,0.05813953488372093,0
0.63,2783774328,targeted,betweenness,86,5,0.05813953488372093,5,0.05813953488372093,0
0.63,2606632284,targeted,betweenness,86,5,0.05813953488372093,5,0.05813953488372093,0
0.63,2543722607,targeted,betweenness,86,5,0.05813953488372093,5,0.05813953488372093,0
0.63,1971190,targeted,betweenness,86,5,0.05813953488372093,5,0.05813953488372093,0
0.63,1495601851,targeted,betweenness,86,5,0.05813953488372093,5,0.05813953488372093,0
0.63,2772409848,targeted,betweenness,86,5,0.05813953488372093,5,0.05813953488372093,0
0.63,2088953850,targeted,betweenness,86,5,0.05813953488372093,5,0.05813953488372093,0
0.63,3956264863,targeted,betweenness,86,5,0.05813953488372093,5,0.05813953488372093,0
0.63,44769652,targeted,betweenness,86,5,0.05813953488372093,5,0.05813953488372093,0
0.63,1674259527,targeted,betweenness,86,5,0.05813953488372093,5,0.05813953488372093,0
0.63,4121949150,targeted,betweenness,86,5,0.05813953488372093,5,0.05813953488372093,0
0.63,1020915579,targeted,betweenness,86,5,0.05813953488372093,5,0.05813953488372093,0
0.63,542712284,targeted,betweenness,86,5,0.05813953488372093,5,0.05813953488372093,0
0.63,2015252281,targeted,betweenness,86,5,0.05813953488372093,5,0.05813953488372093,0
0.63,1397296130,targeted,betweenness,86,5,0.05813953488372093,5,0.05813953488372093,0
0.63,171710304,targeted,betweenness,86,5,0.05813953488372093,5,0.05813953488372093,0
0.63,75870630,targeted,betweenness,86,5,0.05813953488372093,5,0.05813953488372093,0
0.63,3005177821,targeted,betweenness,86,5,0.05813953488372093,5,0.05813953488372093,0
0.63,1252172226,targeted,betweenness,86,5,0.05813953488372093,5,0.05813953488372093,0
0.63,883020037,targeted,betweenness,86,5,0.05813953488372093,5,0.05813953488372093,0
0.63,2981021175,targeted,betweenness,86,5,0.05813953488372093,5,0.05813953488372093,0
0.63,1285528568,targeted,betweenness,86,5,0.05813953488372093,5,0.05813953488372093,0
0.63,461374391,targeted,betweenness,86,5,0.05813953488372093,5,0.05813953488372093,0
0.63,2341439772,targeted,betweenness,86,5,0.05813953488372093,5,0.05813953488372093,0
0.63,3472965964,targeted,betweenness,86,5,0.05813953488372093,5,0.05813953488372093,0
0.63,2507486770,targeted,betweenness,86,5,0.05813953488372093,5,0.05813953488372093,0
0.63,2043630020,targeted,betweenness,86,5,0.05813953488372093,5,0.05813953488372093,0
0.63,1253386340,targeted,betweenness,86,5,0.05813953488372093,5,0.05813953488372093,0
0.63,2353751047,targeted,betweenness,86,5,0.05813953488372093,5,0.05813953488372093,0
0.63,3532650630,targeted,betweenness,86,5,0.05813953488372093,5,0.05813953488372093,0
0.63,3162937521,targeted,betweenness,86,5,0.05813953488372093,5,0.05813953488372093,0
0.63,3004318972,targeted,betweenness,86,5,0.05813953488372093,5,0.05813953488372093,0
0.63,298893145,targeted,betweenness,86,5,0.05813953488372093,5,0.05813953488372093,0
0.63,2894639565,targeted,betweenness,86,5,0.05813953488372093,5,0.05813953488372093,0
0.63,1033886717,targeted,betweenness,86,5,0.05813953488372093,5,0.05813953488372093,0
0.63,2864096497,targeted,betweenness,86,5,0.05813953488372093,5,0.05813953488372093,0
0.63,3424299167,targeted,betweenness,86,5,0.05813953488372093,5,0.05813953488372093,0
0.63,4286715614,targeted,betweenness,86,5,0.05813953488372093,5,0.05813953488372093,0
0.63,347182557,targeted,betweenness,86,5,0.05813953488372093,5,0.05813953488372093,0
0.63,2652717800,targeted,betweenness,86,5,0.05813953488372093,5,0.05813953488372093,0
0.63,336811648,targeted,betweenness,86,5,0.05813953488372093,5,0.05813953488372093,0
0.63,1818800004,targeted,betweenness,86,5,0.05813953488372093,5,0.05813953488372093,0
0.63,3616964261,targeted,betweenness,86,5,0.05813953488372093,5,0.05813953488372093,0
0.63,2640971064,targeted,betweenness,86,5,0.05813953488372093,5,0.05813953488372093,0
0.63,2484171772,targeted,betweenness,86,5,0.05813953488372093,5,0.05813953488372093,0
0.63,3556845594,targeted,betweenness,86,5,0.05813953488372093,5,0.05813953488372093,0
0.63,1172367582,targeted,betweenness,86,5,0.05813953488372093,5,0.05813953488372093,0
0.63,2684506782,targeted,betweenness,86,5,0.05813953488372093,5,0.05813953488372093,0
0.63,2951391067,targeted,betweenness,86,5,0.05813953488372093,5,0.05813953488372093,0
0.63,855534503,targeted,betweenness,86,5,0.05813953488372093,5,0.05813953488372093,0
0.64,1658027256,targeted,betweenness,86,5,0.05813953488372093,5,0.05813953488372093,0
0.64,3371365192,targeted,betweenness,86,5,0.05813953488372093,5,0.05813953488372093,0
0.64,3259917717,targeted,betweenness,86,5,0.05813953488372093,5,0.05813953488372093,0
0.64,4061247978,targeted,betweenness,86,5,0.05813953488372093,5,0.05813953488372093,0
0.64,1238925540,targeted,betweenness,86,5,0.05813953488372093,5,0.05813953488372093,0
0.64,2449760621,targeted,betweenness,86,5,0.05813953488372093,5,0.05813953488372093,0
0.64,2943594787,targeted,betweenness,86,5,0.05813953488372093,5,0.05813953488372093,0
0.64,1448512934,targeted,betweenness,86,5,0.05813953488372093,5,0.05813953488372093,0
0.64,1384697978,targeted,betweenness,86,5,0.05813953488372093,5,0.05813953488372093,0
0.64,393257225,targeted,betweenness,86,5,0.05813953488372093,5,0.05813953488372093,0
0.64,3061640803,targeted,betweenness,86,5,0.05813953488372093,5,0.05813953488372093,0
0.64,3381115420,targeted,betweenness,86,5,0.05813953488372093,5,0.05813953488372093,0
0.64,1012096571,targeted,betweenness,86,5,0.05813953488372093,5,0.05813953488372093,0
0.64,1453333502,targeted,betweenness,86,5,0.05813953488372093,5,0.05813953488372093,0
0.64,426510560,targeted,betweenness,86,5,0.05813953488372093,5,0.05813953488372093,0
0.64,2663939782,targeted,betweenness,86,5,0.05813953488372093,5,0.05813953488372093,0
0.64,501318680,targeted,betweenness,86,5,0.05813953488372093,5,0.05813953488372093,0
0.64,783262292,targeted,betweenness,86,5,0.05813953488372093,5,0.05813953488372093,0
0.64,2265616038,targeted,betweenness,86,5,0.05813953488372093,5,0.05813953488372093,0
0.64,2401389538,targeted,betweenness,86,5,0.05813953488372093,5,0.05813953488372093,0
0.64,3109407549,targeted,betweenness,86,5,0.05813953488372093,5,0.05813953488372093,0
0.64,1060755661,targeted,betweenness,86,5,0.05813953488372093,5,0.05813953488372093,0
0.64,2206757575,targeted,betweenness,86,5,0.05813953488372093,5,0.05813953488372093,0
0.64,2985012480,targeted,betweenness,86,5,0.05813953488372093,5,0.05813953488372093,0
0.64,2197523532,targeted,betweenness,86,5,0.05813953488372093,5,0.05813953488372093,0
0.64,3504283825,targeted,betweenness,86,5,0.05813953488372093,5,0.05813953488372093,0
0.64,1464233391,targeted,betweenness,86,5,0.05813953488372093,5,0.05813953488372093,0
0.64,1493576076,targeted,betweenness,86,5,0.05813953488372093,5,0.05813953488372093,0
0.64,1389380572,targeted,betweenness,86,5,0.05813953488372093,5,0.05813953488372093,0
0.64,2326813036,targeted,betweenness,86,5,0.05813953488372093,5,0.05813953488372093,0
0.64,1922334422,targeted,betweenness,86,5,0.05813953488372093,5,0.05813953488372093,0
0.64,2520260606,targeted,betweenness,86,5,0.05813953488372093,5,0.05813953488372093,0
0.64,2625720178,targeted,betweenness,86,5,0.05813953488372093,5,0.05813953488372093,0
0.64,2245218366,targeted,betweenness,86,5,0.05813953488372093,5,0.05813953488372093,0
0.64,327360289,targeted,betweenness,86,5,0.05813953488372093,5,0.05813953488372093,0
0.64,2099078795,targeted,betweenness,86,5,0.05813953488372093,5,0.05813953488372093,0
0.64,1063412716,targeted,betweenness,86,5,0.05813953488372093,5,0.05813953488372093,0
0.64,3763174095,targeted,betweenness,86,5,0.05813953488372093,5,0.05813953488372093,0
0.64,3887959697,targeted,betweenness,86,5,0.05813953488372093,5,0.05813953488372093,0
0.64,3795068955,targeted,betweenness,86,5,0.05813953488372093,5,0.05813953488372093,0
0.64,4087120814,targeted,betweenness,86,5,0.05813953488372093,5,0.05813953488372093,0
0.64,2035758748,targeted,betweenness,86,5,0.05813953488372093,5,0.05813953488372093,0
0.64,3313470889,targeted,betweenness,86,5,0.05813953488372093,5,0.05813953488372093,0
0.64,1026497212,targeted,betweenness,86,5,0.05813953488372093,5,0.05813953488372093,0
0.64,1616484534,targeted,betweenness,86,5,0.05813953488372093,5,0.05813953488372093,0
0.64,1526528087,targeted,betweenness,86,5,0.05813953488372093,5,0.05813953488372093,0
0.64,3403292498,targeted,betweenness,86,5,0.05813953488372093,5,0.05813953488372093,0
0.64,1100038980,targeted,betweenness,86,5,0.05813953488372093,5,0.05813953488372093,0
0.64,2978118573,targeted,betweenness,86,5,0.05813953488372093,5,0.05813953488372093,0
0.64,1111139650,targeted,betweenness,86,5,0.05813953488372093,5,0.05813953488372093,0
0.64,1591591408,targeted,betweenness,86,5,0.05813953488372093,5,0.05813953488372093,0
0.64,317497419,targeted,betweenness,86,5,0.05813953488372093,5,0.05813953488372093,0
0.64,574000000,targeted,betweenness,86,5,0.05813953488372093,5,0.05813953488372093,0
0.64,950419085,targeted,betweenness,86,5,0.05813953488372093,5,0.05813953488372093,0
0.64,3289038041,targeted,betweenness,86,5,0.05813953488372093,5,0.05813953488372093,0
0.64,136366471,targeted,betweenness,86,5,0.05813953488372093,5,0.05813953488372093,0
0.64,917260457,targeted,betweenness,86,5,0.05813953488372093,5,0.05813953488372093,0
0.64,1029506779,targeted,betweenness,86,5,0.05813953488372093,5,0.05813953488372093,0
0.64,1611216756,targeted,betweenness,86,5,0.05813953488372093,5,0.05813953488372093,0
0.64,3957595830,targeted,betweenness,86,5,0.05813953488372093,5,0.05813953488372093,0
0.64,2589481288,targeted,betweenness,86,5,0.05813953488372093,5,0.05813953488372093,0
0.64,1956391593,targeted,betweenness,86,5,0.05813953488372093,5,0.05813953488372093,0
0.64,2002799686,targeted,betweenness,86,5,0.05813953488372093,5,0.05813953488372093,0
0.64,3268848390,targeted,betweenness,86,5,0.05813953488372093,5,0.05813953488372093,0
0.64,1596784046,targeted,betweenness,86,5,0.05813953488372093,5,0.05813953488372093,0
0.64,3472421648,targeted,betweenness,86,5,0.05813953488372093,5,0.05813953488372093,0
0.64,999503929,targeted,betweenness,86,5,0.05813953488372093,5,0.05813953488372093,0
0.64,2010407907,targeted,betweenness,86,5,0.05813953488372093,5,0.05813953488372093,0
0.64,2291960552,targeted,betweenness,86,5,0.05813953488372093,5,0.05813953488372093,0
0.64,470568451,targeted,betweenness,86,5,0.05813953488372093,5,0.05813953488372093,0
0.64,1881945436,targeted,betweenness,86,5,0.05813953488372093,5,0.05813953488372093,0
0.64,2009612993,targeted,betweenness,86,5,0.05813953488372093,5,0.05813953488372093,0
0.64,3856732063,targeted,betweenness,86,5,0.05813953488372093,5,0.05813953488372093,0
0.64,1608616580,targeted,betweenness,86,5,0.05813953488372093,5,0.05813953488372093,0
0.64,3440195902,targeted,betweenness,86,5,0.05813953488372093,5,0.05813953488372093,0
0.64,1602672111,targeted,betweenness,86,5,0.05813953488372093,5,0.05813953488372093,0
0.64,3735094928,targeted,betweenness,86,5,0.05813953488372093,5,0.05813953488372093,0
0.64,155876251,targeted,betweenness,86,5,0.05813953488372093,5,0.05813953488372093,0
0.64,1125021750,targeted,betweenness,86,5,0.05813953488372093,5,0.05813953488372093,0
0.64,2025746524,targeted,betweenness,86,5,0.05813953488372093,5,0.05813953488372093,0
0.64,2852801726,targeted,betweenness,86,5,0.05813953488372093,5,0.05813953488372093,0
0.64,2695029077,targeted,betweenness,86,5,0.05813953488372093,5,0.05813953488372093,0
0.64,1369247653,targeted,betweenness,86,5,0.05813953488372093,5,0.05813953488372093,0
0.64,3618004438,targeted,betweenness,86,5,0.05813953488372093,5,0.05813953488372093,0
0.64,3406412003,targeted,betweenness,86,5,0.05813953488372093,5,0.05813953488372093,0
0.64,1018611714,targeted,betweenness,86,5,0.05813953488372093,5,0.05813953488372093,0
0.64,3622213876,targeted,betweenness,86,5,0.05813953488372093,5,0.05813953488372093,0
0.64,2897057014,targeted,betweenness,86,5,0.05813953488372093,5,0.05813953488372093,0
0.64,1143631628,targeted,betweenness,86,5,0.05813953488372093,5,0.05813953488372093,0
0.64,3363465824,targeted,betweenness,86,5,0.05813953488372093,5,0.05813953488372093,0
0.64,3748493969,targeted,betweenness,86,5,0.05813953488372093,5,0.05813953488372093,0
0.64,1523679587,targeted,betweenness,86,5,0.05813953488372093,5,0.05813953488372093,0
0.64,4252025438,targeted,betweenness,86,5,0.05813953488372093,5,0.05813953488372093,0
0.64,2438595576,targeted,betweenness,86,5,0.05813953488372093,5,0.05813953488372093,0
0.64,503156686,targeted,betweenness,86,5,0.05813953488372093,5,0.05813953488372093,0
0.64,2976010462,targeted,betweenness,86,5,0.05813953488372093,5,0.05813953488372093,0
0.64,1919024384,targeted,betweenness,86,5,0.05813953488372093,5,0.05813953488372093,0
0.64,2228335123,targeted,betweenness,86,5,0.05813953488372093,5,0.05813953488372093,0
0.64,2567384496,targeted,betweenness,86,5,0.05813953488372093,5,0.05813953488372093,0
0.64,1002969867,targeted,betweenness,86,5,0.05813953488372093,5,0.05813953488372093,0
0.65,1051047128,targeted,betweenness,86,5,0.05813953488372093,5,0.05813953488372093,0
0.65,1908660565,targeted,betweenness,86,5,0.05813953488372093,5,0.05813953488372093,0
0.65,2040091757,targeted,betweenness,86,5,0.05813953488372093,5,0.05813953488372093,0
0.65,1960776459,targeted,betweenness,86,5,0.05813953488372093,5,0.05813953488372093,0
0.65,3807335290,targeted,betweenness,86,5,0.05813953488372093,5,0.05813953488372093,0
0.65,1161333541,targeted,betweenness,86,5,0.05813953488372093,5,0.05813953488372093,0
0.65,2356302039,targeted,betweenness,86,5,0.05813953488372093,5,0.05813953488372093,0
0.65,1350132880,targeted,betweenness,86,5,0.05813953488372093,5,0.05813953488372093,0
0.65,1769082117,targeted,betweenness,86,5,0.05813953488372093,5,0.05813953488372093,0
0.65,2845721187,targeted,betweenness,86,5,0.05813953488372093,5,0.05813953488372093,0
0.65,2864778490,targeted,betweenness,86,5,0.05813953488372093,5,0.05813953488372093,0
0.65,2123565133,targeted,betweenness,86,5,0.05813953488372093,5,0.05813953488372093,0
0.65,245424966,targeted,betweenness,86,5,0.05813953488372093,5,0.05813953488372093,0
0.65,3948485256,targeted,betweenness,86,5,0.05813953488372093,5,0.05813953488372093,0
0.65,432785816,targeted,betweenness,86,5,0.05813953488372093,5,0.05813953488372093,0
0.65,2514795104,targeted,betweenness,86,5,0.05813953488372093,5,0.05813953488372093,0
0.65,1342308459,targeted,betweenness,86,5,0.05813953488372093,5,0.05813953488372093,0
0.65,2104736204,targeted,betweenness,86,5,0.05813953488372093,5,0.05813953488372093,0
0.65,3029249989,targeted,betweenness,86,5,0.05813953488372093,5,0.05813953488372093,0
0.65,1540727141,targeted,betweenness,86,5,0.05813953488372093,5,0.05813953488372093,0
0.65,1696222744,targeted,betweenness,86,5,0.05813953488372093,5,0.05813953488372093,0
0.65,1602051713,targeted,betweenness,86,5,0.05813953488372093,5,0.05813953488372093,0
0.65,2645149625,targeted,betweenness,86,5,0.05813953488372093,5,0.05813953488372093,0
0.65,2964681983,targeted,betweenness,86,5,0.05813953488372093,5,0.05813953488372093,0
0.65,3452645174,targeted,betweenness,86,5,0.05813953488372093,5,0.05813953488372093,0
0.65,1978835781,targeted,betweenness,86,5,0.05813953488372093,5,0.05813953488372093,0
0.65,254225641,targeted,betweenness,86,5,0.05813953488372093,5,0.05813953488372093,0
0.65,76416272,targeted,betweenness,86,5,0.05813953488372093,5,0.05813953488372093,0
0.65,2830537698,targeted,betweenness,86,5,0.05813953488372093,5,0.05813953488372093,0
0.65,2938135747,targeted,betweenness,86,5,0.05813953488372093,5,0.05813953488372093,0
0.65,1801511706,targeted,betweenness,86,5,0.05813953488372093,5,0.05813953488372093,0
0.65,953281870,targeted,betweenness,86,5,0.05813953488372093,5,0.05813953488372093,0
0.65,3891584361,targeted,betweenness,86,5,0.05813953488372093,5,0.05813953488372093,0
0.65,2448407578,targeted,betweenness,86,5,0.05813953488372093,5,0.05813953488372093,0
0.65,566732441,targeted,betweenness,86,5,0.05813953488372093,5,0.05813953488372093,0
0.65,307191630,targeted,betweenness,86,5,0.05813953488372093,5,0.05813953488372093,0
0.65,322200833,targeted,betweenness,86,5,0.05813953488372093,5,0.05813953488372093,0
0.65,661577375,targeted,betweenness,86,5,0.05813953488372093,5,0.05813953488372093,0
0.65,1013282630,targeted,betweenness,86,5,0.05813953488372093,5,0.05813953488372093,0
0.65,2745198275,targeted,betweenness,86,5,0.05813953488372093,5,0.05813953488372093,0
0.65,2011673941,targeted,betweenness,86,5,0.05813953488372093,5,0.05813953488372093,0
0.65,2143204736,targeted,betweenness,86,5,0.05813953488372093,5,0.05813953488372093,0
0.65,2504149150,targeted,betweenness,86,5,0.05813953488372093,5,0.05813953488372093,0
0.65,477941331,targeted,betweenness,86,5,0.05813953488372093,5,0.05813953488372093,0
0.65,1627542093,targeted,betweenness,86,5,0.05813953488372093,5,0.05813953488372093,0
0.65,175991876,targeted,betweenness,86,5,0.05813953488372093,5,0.05813953488372093,0
0.65,2604060770,targeted,betweenness,86,5,0.05813953488372093,5,0.05813953488372093,0
0.65,2964210317,targeted,betweenness,86,5,0.05813953488372093,5,0.05813953488372093,0
0.65,49740080,targeted,betweenness,86,5,0.05813953488372093,5,0.05813953488372093,0
0.65,2053708033,targeted,betweenness,86,5,0.05813953488372093,5,0.05813953488372093,0
0.65,2908905752,targeted,betweenness,86,5,0.05813953488372093,5,0.05813953488372093,0
0.65,1853942744,targeted,betweenness,86,5,0.05813953488372093,5,0.05813953488372093,0
0.65,759162755,targeted,betweenness,86,5,0.05813953488372093,5,0.05813953488372093,0
0.65,3989497292,targeted,betweenness,86,5,0.05813953488372093,5,0.05813953488372093,0
0.65,3196538297,targeted,betweenness,86,5,0.05813953488372093,5,0.05813953488372093,0
0.65,4066314365,targeted,betweenness,86,5,0.05813953488372093,5,0.05813953488372093,0
0.65,2138506512,targeted,betweenness,86,5,0.05813953488372093,5,0.05813953488372093,0
0.65,4282876557,targeted,betweenness,86,5,0.05813953488372093,5,0.05813953488372093,0
0.65,3987895029,targeted,betweenness,86,5,0.05813953488372093,5,0.05813953488372093,0
0.65,1072445471,targeted,betweenness,86,5,0.05813953488372093,5,0.05813953488372093,0
0.65,535516568,targeted,betweenness,86,5,0.05813953488372093,5,0.05813953488372093,0
0.65,141285292,targeted,betweenness,86,5,0.05813953488372093,5,0.05813953488372093,0
0.65,3363317644,targeted,betweenness,86,5,0.05813953488372093,5,0.05813953488372093,0
0.65,1930472267,targeted,betweenness,86,5,0.05813953488372093,5,0.05813953488372093,0
0.65,1661825688,targeted,betweenness,86,5,0.05813953488372093,5,0.05813953488372093,0
0.65,1820249519,targeted,betweenness,86,5,0.05813953488372093,5,0.05813953488372093,0
0.65,2537103564,targeted,betweenness,86,5,0.05813953488372093,5,0.05813953488372093,0
0.65,447143267,targeted,betweenness,86,5,0.05813953488372093,5,0.05813953488372093,0
0.65,3919307225,targeted,betweenness,86,5,0.05813953488372093,5,0.05813953488372093,0
0.65,2950590010,targeted,betweenness,86,5,0.05813953488372093,5,0.05813953488372093,0
0.65,2218071582,targeted,betweenness,86,5,0.05813953488372093,5,0.05813953488372093,0
0.65,382274461,targeted,betweenness,86,5,0.05813953488372093,5,0.05813953488372093,0
0.65,2451758249,targeted,betweenness,86,5,0.05813953488372093,5,0.05813953488372093,0
0.65,161581560,targeted,betweenness,86,5,0.05813953488372093,5,0.05813953488372093,0
0.65,2660280575,targeted,betweenness,86,5,0.05813953488372093,5,0.05813953488372093,0
0.65,263368536,targeted,betweenness,86,5,0.05813953488372093,5,0.05813953488372093,0
0.65,974243698,targeted,betweenness,86,5,0.05813953488372093,5,0.05813953488372093,0
0.65,2762513903,targeted,betweenness,86,5,0.05813953488372093,5,0.05813953488372093,0
0.65,1346483813,targeted,betweenness,86,5,0.05813953488372093,5,0.05813953488372093,0
0.65,813599062,targeted,betweenness,86,5,0.05813953488372093,5,0.05813953488372093,0
0.65,2956994850,targeted,betweenness,86,5,0.05813953488372093,5,0.05813953488372093,0
0.65,2640336294,targeted,betweenness,86,5,0.05813953488372093,5,0.05813953488372093,0
0.65,3396857475,targeted,betweenness,86,5,0.05813953488372093,5,0.05813953488372093,0
0.65,935606008,targeted,betweenness,86,5,0.05813953488372093,5,0.05813953488372093,0
0.65,293886046,targeted,betweenness,86,5,0.05813953488372093,5,0.05813953488372093,0
0.65,301055371,targeted,betweenness,86,5,0.05813953488372093,5,0.05813953488372093,0
0.65,2428587633,targeted,betweenness,86,5,0.05813953488372093,5,0.05813953488372093,0
0.65,3590155079,targeted,betweenness,86,5,0.05813953488372093,5,0.05813953488372093,0
0.65,593316715,targeted,betweenness,86,5,0.05813953488372093,5,0.05813953488372093,0
0.65,3006771498,targeted,betweenness,86,5,0.05813953488372093,5,0.05813953488372093,0
0.65,1435844442,targeted,betweenness,86,5,0.05813953488372093,5,0.05813953488372093,0
0.65,1255259711,targeted,betweenness,86,5,0.05813953488372093,5,0.05813953488372093,0
0.65,2893429457,targeted,betweenness,86,5,0.05813953488372093,5,0.05813953488372093,0
0.65,300694382,targeted,betweenness,86,5,0.05813953488372093,5,0.05813953488372093,0
0.65,130622516,targeted,betweenness,86,5,0.05813953488372093,5,0.05813953488372093,0
0.65,3130399058,targeted,betweenness,86,5,0.05813953488372093,5,0.05813953488372093,0
0.65,1372295676,targeted,betweenness,86,5,0.05813953488372093,5,0.05813953488372093,0
0.65,2661329463,targeted,betweenness,86,5,0.05813953488372093,5,0.05813953488372093,0
0.65,3998786326,targeted,betweenness,86,5,0.05813953488372093,5,0.05813953488372093,0
0.65,1670397028,targeted,betweenness,86,5,0.05813953488372093,5,0.05813953488372093,0
0.66,153848729,targeted,betweenness,86,5,0.05813953488372093,5,0.05813953488372093,0
0.66,3908248161,targeted,betweenness,86,5,0.05813953488372093,5,0.05813953488372093,0
0.66,539920069,targeted,betweenness,86,5,0.05813953488372093,5,0.05813953488372093,0
0.66,3970849206,targeted,betweenness,86,5,0.05813953488372093,5,0.05813953488372093,0
0.66,3267369982,targeted,betweenness,86,5,0.05813953488372093,5,0.05813953488372093,0
0.66,398240599,targeted,betweenness,86,5,0.05813953488372093,5,0.05813953488372093,0
0.66,1377353738,targeted,betweenness,86,5,0.05813953488372093,5,0.05813953488372093,0
0.66,1290720659,targeted,betweenness,86,5,0.05813953488372093,5,0.05813953488372093,0
0.66,706033824,targeted,betweenness,86,5,0.05813953488372093,5,0.05813953488372093,0
0.66,162284072,targeted,betweenness,86,5,0.05813953488372093,5,0.05813953488372093,0
0.66,2447243444,targeted,betweenness,86,5,0.05813953488372093,5,0.05813953488372093,0
0.66,1936780884,targeted,betweenness,86,5,0.05813953488372093,5,0.05813953488372093,0
0.66,1801021754,targeted,betweenness,86,5,0.05813953488372093,5,0.05813953488372093,0
0.66,244562842,targeted,betweenness,86,5,0.05813953488372093,5,0.05813953488372093,0
0.66,3444433826,targeted,betweenness,86,5,0.05813953488372093,5,0.05813953488372093,0
0.66,4291532652,targeted,betweenness,86,5,0.05813953488372093,5,0.05813953488372093,0
0.66,1054776827,targeted,betweenness,86,5,0.05813953488372093,5,0.05813953488372093,0
0.66,954691568,targeted,betweenness,86,5,0.05813953488372093,5,0.05813953488372093,0
0.66,1248188858,targeted,betweenness,86,5,0.05813953488372093,5,0.05813953488372093,0
0.66,2847498248,targeted,betweenness,86,5,0.05813953488372093,5,0.05813953488372093,0
0.66,601516580,targeted,betweenness,86,5,0.05813953488372093,5,0.05813953488372093,0
0.66,2544268221,targeted,betweenness,86,5,0.05813953488372093,5,0.05813953488372093,0
0.66,3277038949,targeted,betweenness,86,5,0.05813953488372093,5,0.05813953488372093,0
0.66,3742262735,targeted,betweenness,86,5,0.05813953488372093,5,0.05813953488372093,0
0.66,601272635,targeted,betweenness,86,5,0.05813953488372093,5,0.05813953488372093,0
0.66,2006901015,targeted,betweenness,86,5,0.05813953488372093,5,0.05813953488372093,0
0.66,3566229254,targeted,betweenness,86,5,0.05813953488372093,5,0.05813953488372093,0
0.66,341542112,targeted,betweenness,86,5,0.05813953488372093,5,0.05813953488372093,0
0.66,2918242870,targeted,betweenness,86,5,0.05813953488372093,5,0.05813953488372093,0
0.66,4214444380,targeted,betweenness,86,5,0.05813953488372093,5,0.05813953488372093,0
0.66,2216981352,targeted,betweenness,86,5,0.05813953488372093,5,0.05813953488372093,0
0.66,2842002096,targeted,betweenness,86,5,0.05813953488372093,5,0.05813953488372093,0
0.66,1888570893,targeted,betweenness,86,5,0.05813953488372093,5,0.05813953488372093,0
0.66,2210374809,targeted,betweenness,86,5,0.05813953488372093,5,0.05813953488372093,0
0.66,1531503911,targeted,betweenness,86,5,0.05813953488372093,5,0.05813953488372093,0
0.66,3450236624,targeted,betweenness,86,5,0.05813953488372093,5,0.05813953488372093,0
0.66,730902341,targeted,betweenness,86,5,0.05813953488372093,5,0.05813953488372093,0
0.66,1452425337,targeted,betweenness,86,5,0.05813953488372093,5,0.05813953488372093,0
0.66,882300996,targeted,betweenness,86,5,0.05813953488372093,5,0.05813953488372093,0
0.66,4090831597,targeted,betweenness,86,5,0.05813953488372093,5,0.05813953488372093,0
0.66,3521069503,targeted,betweenness,86,5,0.05813953488372093,5,0.05813953488372093,0
0.66,2051545176,targeted,betweenness,86,5,0.05813953488372093,5,0.05813953488372093,0
0.66,839877672,targeted,betweenness,86,5,0.05813953488372093,5,0.05813953488372093,0
0.66,3011086548,targeted,betweenness,86,5,0.05813953488372093,5,0.05813953488372093,0
0.66,2820496430,targeted,betweenness,86,5,0.05813953488372093,5,0.05813953488372093,0
0.66,2299823573,targeted,betweenness,86,5,0.05813953488372093,5,0.05813953488372093,0
0.66,2511575099,targeted,betweenness,86,5,0.05813953488372093,5,0.05813953488372093,0
0.66,1585432367,targeted,betweenness,86,5,0.05813953488372093,5,0.05813953488372093,0
0.66,1242511101,targeted,betweenness,86,5,0.05813953488372093,5,0.05813953488372093,0
0.66,427615882,targeted,betweenness,86,5,0.05813953488372093,5,0.05813953488372093,0
0.66,3001649614,targeted,betweenness,86,5,0.05813953488372093,5,0.05813953488372093,0
0.66,3684078492,targeted,betweenness,86,5,0.05813953488372093,5,0.05813953488372093,0
0.66,3272533885,targeted,betweenness,86,5,0.05813953488372093,5,0.05813953488372093,0
0.66,2527558063,targeted,betweenness,86,5,0.05813953488372093,5,0.05813953488372093,0
0.66,3276899669,targeted,betweenness,86,5,0.05813953488372093,5,0.05813953488372093,0
0.66,1176004288,targeted,betweenness,86,5,0.05813953488372093,5,0.05813953488372093,0
0.66,2451301744,targeted,betweenness,86,5,0.05813953488372093,5,0.05813953488372093,0
0.66,3041059657,targeted,betweenness,86,5,0.05813953488372093,5,0.05813953488372093,0
0.66,3860550061,targeted,betweenness,86,5,0.05813953488372093,5,0.05813953488372093,0
0.66,233116329,targeted,betweenness,86,5,0.05813953488372093,5,0.05813953488372093,0
0.66,961879477,targeted,betweenness,86,5,0.05813953488372093,5,0.05813953488372093,0
0.66,802070596,targeted,betweenness,86,5,0.05813953488372093,5,0.05813953488372093,0
0.66,1401310887,targeted,betweenness,86,5,0.05813953488372093,5,0.05813953488372093,0
0.66,2339442411,targeted,betweenness,86,5,0.05813953488372093,5,0.05813953488372093,0
0.66,894734020,targeted,betweenness,86,5,0.05813953488372093,5,0.05813953488372093,0
0.66,1330321742,targeted,betweenness,86,5,0.05813953488372093,5,0.05813953488372093,0
0.66,2108413407,targeted,betweenness,86,5,0.05813953488372093,5,0.05813953488372093,0
0.66,2076539882,targeted,betweenness,86,5,0.05813953488372093,5,0.05813953488372093,0
0.66,2701794610,targeted,betweenness,86,5,0.05813953488372093,5,0.05813953488372093,0
0.66,1454169111,targeted,betweenness,86,5,0.05813953488372093,5,0.05813953488372093,0
0.66,3797418532,targeted,betweenness,86,5,0.05813953488372093,5,0.05813953488372093,0
0.66,1379595322,targeted,betweenness,86,5,0.05813953488372093,5,0.05813953488372093,0
0.66,3968079501,targeted,betweenness,86,5,0.05813953488372093,5,0.05813953488372093,0
0.66,3687752659,targeted,betweenness,86,5,0.05813953488372093,5,0.05813953488372093,0
0.66,3487433310,targeted,betweenness,86,5,0.05813953488372093,5,0.05813953488372093,0
0.66,1122487788,targeted,betweenness,86,5,0.05813953488372093,5,0.05813953488372093,0
0.66,1731072668,targeted,betweenness,86,5,0.05813953488372093,5,0.05813953488372093,0
0.66,1323881947,targeted,betweenness,86,5,0.05813953488372093,5,0.05813953488372093,0
0.66,2501710687,targeted,betweenness,86,5,0.05813953488372093,5,0.05813953488372093,0
0.66,2994404003,targeted,betweenness,86,5,0.05813953488372093,5,0.05813953488372093,0
0.66,3117543771,targeted,betweenness,86,5,0.05813953488372093,5,0.05813953488372093,0
0.66,1448205816,targeted,betweenness,86,5,0.05813953488372093,5,0.05813953488372093,0
0.66,2231233858,targeted,betweenness,86,5,0.05813953488372093,5,0.05813953488372093,0
0.66,3171770506,targeted,betweenness,86,5,0.05813953488372093,5,0.05813953488372093,0
0.66,3956420150,targeted,betweenness,86,5,0.05813953488372093,5,0.05813953488372093,0
0.66,2330196778,targeted,betweenness,86,5,0.05813953488372093,5,0.05813953488372093,0
0.66,2971246097,targeted,betweenness,86,5,0.05813953488372093,5,0.05813953488372093,0
0.66,1276385329,targeted,betweenness,86,5,0.05813953488372093,5,0.05813953488372093,0
0.66,823670487,targeted,betweenness,86,5,0.05813953488372093,5,0.05813953488372093,0
0.66,3165275420,targeted,betweenness,86,5,0.05813953488372093,5,0.05813953488372093,0
0.66,781042840,targeted,betweenness,86,5,0.05813953488372093,5,0.05813953488372093,0
0.66,1591712303,targeted,betweenness,86,5,0.05813953488372093,5,0.05813953488372093,0
0.66,2490985047,targeted,betweenness,86,5,0.05813953488372093,5,0.05813953488372093,0
0.66,3241296424,targeted,betweenness,86,5,0.05813953488372093,5,0.05813953488372093,0
0.66,2244255850,targeted,betweenness,86,5,0.05813953488372093,5,0.05813953488372093,0
0.66,1810901714,targeted,betweenness,86,5,0.05813953488372093,5,0.05813953488372093,0
0.66,569095966,targeted,betweenness,86,5,0.05813953488372093,5,0.05813953488372093,0
0.66,2980863596,targeted,betweenness,86,5,0.05813953488372093,5,0.05813953488372093,0
0.66,3687833373,targeted,betweenness,86,5,0.05813953488372093,5,0.05813953488372093,0
0.66,2609820436,targeted,betweenness,86,5,0.05813953488372093,5,0.05813953488372093,0
0.67,1925984856,targeted,betweenness,86,5,0.05813953488372093,4,0.046511627906976744,0
0.67,835061937,targeted,betweenness,86,5,0.05813953488372093,4,0.046511627906976744,0
0.67,3585344469,targeted,betweenness,86,5,0.05813953488372093,4,0.046511627906976744,0
0.67,1980701500,targeted,betweenness,86,5,0.05813953488372093,4,0.046511627906976744,0
0.67,3204622736,targeted,betweenness,86,5,0.05813953488372093,4,0.046511627906976744,0
0.67,668368783,targeted,betweenness,86,5,0.05813953488372093,4,0.046511627906976744,0
0.67,800666305,targeted,betweenness,86,5,0.05813953488372093,4,0.046511627906976744,0
0.67,3956645225,targeted,betweenness,86,5,0.05813953488372093,4,0.046511627906976744,0
0.67,3223328360,targeted,betweenness,86,5,0.05813953488372093,4,0.046511627906976744,0
0.67,715744311,targeted,betweenness,86,5,0.05813953488372093,4,0.046511627906976744,0
0.67,934394469,targeted,betweenness,86,5,0.05813953488372093,4,0.046511627906976744,0
0.67,3997270817,targeted,betweenness,86,5,0.05813953488372093,4,0.046511627906976744,0
0.67,3751314084,targeted,betweenness,86,5,0.05813953488372093,4,0.046511627906976744,0
0.67,431745846,targeted,betweenness,86,5,0.05813953488372093,4,0.046511627906976744,0
0.67,2668780327,targeted,betweenness,86,5,0.05813953488372093,4,0.046511627906976744,0
0.67,4178374618,targeted,betweenness,86,5,0.05813953488372093,4,0.046511627906976744,0
0.67,463280250,targeted,betweenness,86,5,0.05813953488372093,4,0.046511627906976744,0
0.67,1345220549,targeted,betweenness,86,5,0.05813953488372093,4,0.046511627906976744,0
0.67,3570634397,targeted,betweenness,86,5,0.05813953488372093,4,0.046511627906976744,0
0.67,436108042,targeted,betweenness,86,5,0.05813953488372093,4,0.046511627906976744,0
0.67,1318609989,targeted,betweenness,86,5,0.05813953488372093,4,0.046511627906976744,0
0.67,3467897484,targeted,betweenness,86,5,0.05813953488372093,4,0.046511627906976744,0
0.67,3066454429,targeted,betweenness,86,5,0.05813953488372093,4,0.046511627906976744,0
0.67,3857571930,targeted,betweenness,86,5,0.05813953488372093,4,0.046511627906976744,0
0.67,368040498,targeted,betweenness,86,5,0.05813953488372093,4,0.046511627906976744,0
0.67,1759091931,targeted,betweenness,86,5,0.05813953488372093,4,0.046511627906976744,0
0.67,2557231482,targeted,betweenness,86,5,0.05813953488372093,4,0.046511627906976744,0
0.67,2815318223,targeted,betweenness,86,5,0.05813953488372093,4,0.046511627906976744,0
0.67,1035715916,targeted,betweenness,86,5,0.05813953488372093,4,0.046511627906976744,0
0.67,147193330,targeted,betweenness,86,5,0.05813953488372093,4,0.046511627906976744,0
0.67,3749488324,targeted,betweenness,86,5,0.05813953488372093,4,0.046511627906976744,0
0.67,2213101019,targeted,betweenness,86,5,0.05813953488372093,4,0.046511627906976744,0
0.67,733708434,targeted,betweenness,86,5,0.05813953488372093,4,0.046511627906976744,0
0.67,756368384,targeted,betweenness,86,5,0.05813953488372093,4,0.046511627906976744,0
0.67,2420956234,targeted,betweenness,86,5,0.05813953488372093,4,0.046511627906976744,0
0.67,2207540145,targeted,betweenness,86,5,0.05813953488372093,4,0.046511627906976744,0
0.67,3859202711,targeted,betweenness,86,5,0.05813953488372093,4,0.046511627906976744,0
0.67,43468505,targeted,betweenness,86,5,0.05813953488372093,4,0.046511627906976744,0
0.67,787376784,targeted,betweenness,86,5,0.05813953488372093,4,0.046511627906976744,0
0.67,3477395481,targeted,betweenness,86,5,0.05813953488372093,4,0.046511627906976744,0
0.67,615673637,targeted,betweenness,86,5,0.05813953488372093,4,0.046511627906976744,0
0.67,3444666735,targeted,betweenness,86,5,0.05813953488372093,4,0.046511627906976744,0
0.67,3904857710,targeted,betweenness,86,5,0.05813953488372093,4,0.046511627906976744,0
0.67,2722868716,targeted,betweenness,86,5,0.05813953488372093,4,0.046511627906976744,0
0.67,17562251,targeted,betweenness,86,5,0.05813953488372093,4,0.046511627906976744,0
0.67,1271813646,targeted,betweenness,86,5,0.05813953488372093,4,0.046511627906976744,0
0.67,146979249,targeted,betweenness,86,5,0.05813953488372093,4,0.046511627906976744,0
0.67,1957058607,targeted,betweenness,86,5,0.05813953488372093,4,0.046511627906976744,0
0.67,4096181142,targeted,betweenness,86,5,0.05813953488372093,4,0.046511627906976744,0
0.67,3918549533,targeted,betweenness,86,5,0.05813953488372093,4,0.046511627906976744,0
0.67,3914767835,targeted,betweenness,86,5,0.05813953488372093,4,0.046511627906976744,0
0.67,1724585999,targeted,betweenness,86,5,0.05813953488372093,4,0.046511627906976744,0
0.67,2961273422,targeted,betweenness,86,5,0.05813953488372093,4,0.046511627906976744,0
0.67,283296975,targeted,betweenness,86,5,0.05813953488372093,4,0.046511627906976744,0
0.67,2381260091,targeted,betweenness,86,5,0.05813953488372093,4,0.046511627906976744,0
0.67,3981104373,targeted,betweenness,86,5,0.05813953488372093,4,0.046511627906976744,0
0.67,319170737,targeted,betweenness,86,5,0.05813953488372093,4,0.046511627906976744,0
0.67,1168968654,targeted,betweenness,86,5,0.05813953488372093,4,0.046511627906976744,0
0.67,3077673045,targeted,betweenness,86,5,0.05813953488372093,4,0.046511627906976744,0
0.67,2402936393,targeted,betweenness,86,5,0.05813953488372093,4,0.046511627906976744,0
0.67,1362513055,targeted,betweenness,86,5,0.05813953488372093,4,0.046511627906976744,0
0.67,2861845832,targeted,betweenness,86,5,0.05813953488372093,4,0.046511627906976744,0
0.67,1996823271,targeted,betweenness,86,5,0.05813953488372093,4,0.046511627906976744,0
0.67,3671729202,targeted,betweenness,86,5,0.05813953488372093,4,0.046511627906976744,0
0.67,1022515259,targeted,betweenness,86,5,0.05813953488372093,4,0.046511627906976744,0
0.67,2547269557,targeted,betweenness,86,5,0.05813953488372093,4,0.046511627906976744,0
0.67,3186580111,targeted,betweenness,86,5,0.05813953488372093,4,0.046511627906976744,0
0.67,4033179804,targeted,betweenness,86,5,0.05813953488372093,4,0.046511627906976744,0
0.67,3926558022,targeted,betweenness,86,5,0.05813953488372093,4,0.046511627906976744,0
0.67,278640828,targeted,betweenness,86,5,0.05813953488372093,4,0.046511627906976744,0
0.67,3684966300,targeted,betweenness,86,5,0.05813953488372093,4,0.046511627906976744,0
0.67,1056287860,targeted,betweenness,86,5,0.05813953488372093,4,0.046511627906976744,0
0.67,1340192994,targeted,betweenness,86,5,0.05813953488372093,4,0.046511627906976744,0
0.67,1198688261,targeted,betweenness,86,5,0.05813953488372093,4,0.046511627906976744,0
0.67,132602657,targeted,betweenness,86,5,0.05813953488372093,4,0.046511627906976744,0
0.67,3429787596,targeted,betweenness,86,5,0.05813953488372093,4,0.046511627906976744,0
0.67,1410799159,targeted,betweenness,86,5,0.05813953488372093,4,0.046511627906976744,0
0.67,4055518152,targeted,betweenness,86,5,0.05813953488372093,4,0.046511627906976744,0
0.67,3521333875,targeted,betweenness,86,5,0.05813953488372093,4,0.046511627906976744,0
0.67,1774847427,targeted,betweenness,86,5,0.05813953488372093,4,0.046511627906976744,0
0.67,2898931285,targeted,betweenness,86,5,0.05813953488372093,4,0.046511627906976744,0
0.67,379916570,targeted,betweenness,86,5,0.05813953488372093,4,0.046511627906976744,0
0.67,2283477718,targeted,betweenness,86,5,0.05813953488372093,4,0.046511627906976744,0
0.67,764565129,targeted,betweenness,86,5,0.05813953488372093,4,0.046511627906976744,0
0.67,4286049485,targeted,betweenness,86,5,0.05813953488372093,4,0.046511627906976744,0
0.67,1112696693,targeted,betweenness,86,5,0.05813953488372093,4,0.046511627906976744,0
0.67,2934747915,targeted,betweenness,86,5,0.05813953488372093,4,0.046511627906976744,0
0.67,4115605307,targeted,betweenness,86,5,0.05813953488372093,4,0.046511627906976744,0
0.67,2138321575,targeted,betweenness,86,5,0.05813953488372093,4,0.046511627906976744,0
0.67,3308980166,targeted,betweenness,86,5,0.05813953488372093,4,0.046511627906976744,0
0.67,4215383958,targeted,betweenness,86,5,0.05813953488372093,4,0.046511627906976744,0
0.67,20945026,targeted,betweenness,86,5,0.05813953488372093,4,0.046511627906976744,0
0.67,1979166333,targeted,betweenness,86,5,0.05813953488372093,4,0.046511627906976744,0
0.67,2342617463,targeted,betweenness,86,5,0.05813953488372093,4,0.046511627906976744,0
0.67,4153472328,targeted,betweenness,86,5,0.05813953488372093,4,0.046511627906976744,0
0.67,902322812,targeted,betweenness,86,5,0.05813953488372093,4,0.046511627906976744,0
0.67,1440555402,targeted,betweenness,86,5,0.05813953488372093,4,0.046511627906976744,0
0.67,2881534094,targeted,betweenness,86,5,0.05813953488372093,4,0.046511627906976744,0
0.67,2411739135,targeted,betweenness,86,5,0.05813953488372093,4,0.046511627906976744,0
0.67,3780481750,targeted,betweenness,86,5,0.05813953488372093,4,0.046511627906976744,0
0.68,662953893,targeted,betweenness,86,5,0.05813953488372093,4,0.046511627906976744,0
0.68,335791,targeted,betweenness,86,5,0.05813953488372093,4,0.046511627906976744,0
0.68,2639574603,targeted,betweenness,86,5,0.05813953488372093,4,0.046511627906976744,0
0.68,1165458181,targeted,betweenness,86,5,0.05813953488372093,4,0.046511627906976744,0
0.68,2218843608,targeted,betweenness,86,5,0.05813953488372093,4,0.046511627906976744,0
0.68,2331119130,targeted,betweenness,86,5,0.05813953488372093,4,0.046511627906976744,0
0.68,1304611296,targeted,betweenness,86,5,0.05813953488372093,4,0.046511627906976744,0
0.68,3975538586,targeted,betweenness,86,5,0.05813953488372093,4,0.046511627906976744,0
0.68,3810316749,targeted,betweenness,86,5,0.05813953488372093,4,0.046511627906976744,0
0.68,456427349,targeted,betweenness,86,5,0.05813953488372093,4,0.046511627906976744,0
0.68,1347969661,targeted,betweenness,86,5,0.05813953488372093,4,0.046511627906976744,0
0.68,1433591825,targeted,betweenness,86,5,0.05813953488372093,4,0.046511627906976744,0
0.68,3777757304,targeted,betweenness,86,5,0.05813953488372093,4,0.046511627906976744,0
0.68,4192982171,targeted,betweenness,86,5,0.05813953488372093,4,0.046511627906976744,0
0.68,2473492770,targeted,betweenness,86,5,0.05813953488372093,4,0.046511627906976744,0
0.68,10706281,targeted,betweenness,86,5,0.05813953488372093,4,0.046511627906976744,0
0.68,520197004,targeted,betweenness,86,5,0.05813953488372093,4,0.046511627906976744,0
0.68,2049284504,targeted,betweenness,86,5,0.05813953488372093,4,0.046511627906976744,0
0.68,1972280324,targeted,betweenness,86,5,0.05813953488372093,4,0.046511627906976744,0
0.68,818856824,targeted,betweenness,86,5,0.05813953488372093,4,0.046511627906976744,0
0.68,2402387663,targeted,betweenness,86,5,0.05813953488372093,4,0.046511627906976744,0
0.68,4208472473,targeted,betweenness,86,5,0.05813953488372093,4,0.046511627906976744,0
0.68,747704973,targeted,betweenness,86,5,0.05813953488372093,4,0.046511627906976744,0
0.68,2173778424,targeted,betweenness,86,5,0.05813953488372093,4,0.046511627906976744,0
0.68,654749498,targeted,betweenness,86,5,0.05813953488372093,4,0.046511627906976744,0
0.68,945910085,targeted,betweenness,86,5,0.05813953488372093,4,0.046511627906976744,0
0.68,3486322621,targeted,betweenness,86,5,0.05813953488372093,4,0.046511627906976744,0
0.68,3497607239,targeted,betweenness,86,5,0.05813953488372093,4,0.046511627906976744,0
0.68,155641800,targeted,betweenness,86,5,0.05813953488372093,4,0.046511627906976744,0
0.68,749442943,targeted,betweenness,86,5,0.05813953488372093,4,0.046511627906976744,0
0.68,3347962598,targeted,betweenness,86,5,0.05813953488372093,4,0.046511627906976744,0
0.68,4059069590,targeted,betweenness,86,5,0.05813953488372093,4,0.046511627906976744,0
0.68,3593687695,targeted,betweenness,86,5,0.05813953488372093,4,0.046511627906976744,0
0.68,3166785969,targeted,betweenness,86,5,0.05813953488372093,4,0.046511627906976744,0
0.68,4054436396,targeted,betweenness,86,5,0.05813953488372093,4,0.046511627906976744,0
0.68,3393210929,targeted,betweenness,86,5,0.05813953488372093,4,0.046511627906976744,0
0.68,2133161336,targeted,betweenness,86,5,0.05813953488372093,4,0.046511627906976744,0
0.68,40010100,targeted,betweenness,86,5,0.05813953488372093,4,0.046511627906976744,0
0.68,167030744,targeted,betweenness,86,5,0.05813953488372093,4,0.046511627906976744,0
0.68,2145589175,targeted,betweenness,86,5,0.05813953488372093,4,0.046511627906976744,0
0.68,3045881067,targeted,betweenness,86,5,0.05813953488372093,4,0.046511627906976744,0
0.68,2389885780,targeted,betweenness,86,5,0.05813953488372093,4,0.046511627906976744,0
0.68,2547899725,targeted,betweenness,86,5,0.05813953488372093,4,0.046511627906976744,0
0.68,4189511036,targeted,betweenness,86,5,0.05813953488372093,4,0.046511627906976744,0
0.68,806243697,targeted,betweenness,86,5,0.05813953488372093,4,0.046511627906976744,0
0.68,2912413299,targeted,betweenness,86,5,0.05813953488372093,4,0.046511627906976744,0
0.68,3467552210,targeted,betweenness,86,5,0.05813953488372093,4,0.046511627906976744,0
0.68,4185551419,targeted,betweenness,86,5,0.05813953488372093,4,0.046511627906976744,0
0.68,530572712,targeted,betweenness,86,5,0.05813953488372093,4,0.046511627906976744,0
0.68,3870165621,targeted,betweenness,86,5,0.05813953488372093,4,0.046511627906976744,0
0.68,438850116,targeted,betweenness,86,5,0.05813953488372093,4,0.046511627906976744,0
0.68,1024562477,targeted,betweenness,86,5,0.05813953488372093,4,0.046511627906976744,0
0.68,2710631950,targeted,betweenness,86,5,0.05813953488372093,4,0.046511627906976744,0
0.68,3884413834,targeted,betweenness,86,5,0.05813953488372093,4,0.046511627906976744,0
0.68,635244089,targeted,betweenness,86,5,0.05813953488372093,4,0.046511627906976744,0
0.68,3938466526,targeted,betweenness,86,5,0.05813953488372093,4,0.046511627906976744,0
0.68,392450172,targeted,betweenness,86,5,0.05813953488372093,4,0.046511627906976744,0
0.68,399396009,targeted,betweenness,86,5,0.05813953488372093,4,0.046511627906976744,0
0.68,318165038,targeted,betweenness,86,5,0.05813953488372093,4,0.046511627906976744,0
0.68,1459167695,targeted,betweenness,86,5,0.05813953488372093,4,0.046511627906976744,0
0.68,3394518620,targeted,betweenness,86,5,0.05813953488372093,4,0.046511627906976744,0
0.68,3201959490,targeted,betweenness,86,5,0.05813953488372093,4,0.046511627906976744,0
0.68,1231632203,targeted,betweenness,86,5,0.05813953488372093,4,0.046511627906976744,0
0.68,542267210,targeted,betweenness,86,5,0.05813953488372093,4,0.046511627906976744,0
0.68,806210333,targeted,betweenness,86,5,0.05813953488372093,4,0.046511627906976744,0
0.68,3386431074,targeted,betweenness,86,5,0.05813953488372093,4,0.046511627906976744,0
0.68,2955130351,targeted,betweenness,86,5,0.05813953488372093,4,0.046511627906976744,0
0.68,1610241614,targeted,betweenness,86,5,0.05813953488372093,4,0.046511627906976744,0
0.68,1201687302,targeted,betweenness,86,5,0.05813953488372093,4,0.046511627906976744,0
0.68,3036896783,targeted,betweenness,86,5,0.05813953488372093,4,0.046511627906976744,0
0.68,725547888,targeted,betweenness,86,5,0.05813953488372093,4,0.046511627906976744,0
0.68,2568519314,targeted,betweenness,86,5,0.05813953488372093,4,0.046511627906976744,0
0.68,1341295118,targeted,betweenness,86,5,0.05813953488372093,4,0.046511627906976744,0
0.68,295067193,targeted,betweenness,86,5,0.05813953488372093,4,0.046511627906976744,0
0.68,1769255804,targeted,betweenness,86,5,0.05813953488372093,4,0.046511627906976744,0
0.68,3350799157,targeted,betweenness,86,5,0.05813953488372093,4,0.046511627906976744,0
0.68,2874473186,targeted,betweenness,86,5,0.05813953488372093,4,0.046511627906976744,0
0.68,202861282,targeted,betweenness,86,5,0.05813953488372093,4,0.046511627906976744,0
0.68,1729354479,targeted,betweenness,86,5,0.05813953488372093,4,0.046511627906976744,0
0.68,2828854228,targeted,betweenness,86,5,0.05813953488372093,4,0.046511627906976744,0
0.68,906493139,targeted,betweenness,86,5,0.05813953488372093,4,0.046511627906976744,0
0.68,434828639,targeted,betweenness,86,5,0.05813953488372093,4,0.046511627906976744,0
0.68,1798938853,targeted,betweenness,86,5,0.05813953488372093,4,0.046511627906976744,0
0.68,3387392539,targeted,betweenness,86,5,0.05813953488372093,4,0.046511627906976744,0
0.68,3512634975,targeted,betweenness,86,5,0.05813953488372093,4,0.046511627906976744,0
0.68,237102783,targeted,betweenness,86,5,0.05813953488372093,4,0.046511627906976744,0
0.68,3994567536,targeted,betweenness,86,5,0.05813953488372093,4,0.046511627906976744,0
0.68,245716690,targeted,betweenness,86,5,0.05813953488372093,4,0.046511627906976744,0
0.68,4253513087,targeted,betweenness,86,5,0.05813953488372093,4,0.046511627906976744,0
0.68,4215850637,targeted,betweenness,86,5,0.05813953488372093,4,0.046511627906976744,0
0.68,2452092059,targeted,betweenness,86,5,0.05813953488372093,4,0.046511627906976744,0
0.68,960089788,targeted,betweenness,86,5,0.05813953488372093,4,0.046511627906976744,0
0.68,826069946,targeted,betweenness,86,5,0.05813953488372093,4,0.046511627906976744,0
0.68,603250569,targeted,betweenness,86,5,0.05813953488372093,4,0.046511627906976744,0
0.68,2338413062,targeted,betweenness,86,5,0.05813953488372093,4,0.046511627906976744,0
0.68,2448100943,targeted,betweenness,86,5,0.05813953488372093,4,0.046511627906976744,0
0.68,2947280905,targeted,betweenness,86,5,0.05813953488372093,4,0.046511627906976744,0
0.68,3062658070,targeted,betweenness,86,5,0.05813953488372093,4,0.046511627906976744,0
0.68,880981151,targeted,betweenness,86,5,0.05813953488372093,4,0.046511627906976744,0
0.68,1027362939,targeted,betweenness,86,5,0.05813953488372093,4,0.046511627906976744,0
0.69,1063831799,targeted,betweenness,86,4,0.046511627906976744,4,0.046511627906976744,0
0.69,2127947139,targeted,betweenness,86,4,0.046511627906976744,4,0.046511627906976744,0
0.69,808504975,targeted,betweenness,86,4,0.046511627906976744,4,0.046511627906976744,0
0.69,3678414695,targeted,betweenness,86,4,0.046511627906976744,4,0.046511627906976744,0
0.69,3508853546,targeted,betweenness,86,4,0.046511627906976744,4,0.046511627906976744,0
0.69,1030528330,targeted,betweenness,86,4,0.046511627906976744,4,0.046511627906976744,0
0.69,3815779236,targeted,betweenness,86,4,0.046511627906976744,4,0.046511627906976744,0
0.69,1523392554,targeted,betweenness,86,4,0.046511627906976744,4,0.046511627906976744,0
0.69,132419665,targeted,betweenness,86,4,0.046511627906976744,4,0.046511627906976744,0
0.69,1682688445,targeted,betweenness,86,4,0.046511627906976744,4,0.046511627906976744,0
0.69,2127911842,targeted,betweenness,86,4,0.046511627906976744,4,0.046511627906976744,0
0.69,1393497300,targeted,betweenness,86,4,0.046511627906976744,4,0.046511627906976744,0
0.69,2974992931,targeted,betweenness,86,4,0.046511627906976744,4,0.046511627906976744,0
0.69,3064630309,targeted,betweenness,86,4,0.046511627906976744,4,0.046511627906976744,0
0.69,2333557526,targeted,betweenness,86,4,0.046511627906976744,4,0.046511627906976744,0
0.69,2259938524,targeted,betweenness,86,4,0.046511627906976744,4,0.046511627906976744,0
0.69,4103264382,targeted,betweenness,86,4,0.046511627906976744,4,0.046511627906976744,0
0.69,2886986213,targeted,betweenness,86,4,0.046511627906976744,4,0.046511627906976744,0
0.69,2540036941,targeted,betweenness,86,4,0.046511627906976744,4,0.046511627906976744,0
0.69,1519489460,targeted,betweenness,86,4,0.046511627906976744,4,0.046511627906976744,0
0.69,1862645633,targeted,betweenness,86,4,0.046511627906976744,4,0.046511627906976744,0
0.69,3113411552,targeted,betweenness,86,4,0.046511627906976744,4,0.046511627906976744,0
0.69,742499237,targeted,betweenness,86,4,0.046511627906976744,4,0.046511627906976744,0
0.69,2550025960,targeted,betweenness,86,4,0.046511627906976744,4,0.046511627906976744,0
0.69,1920072494,targeted,betweenness,86,4,0.046511627906976744,4,0.046511627906976744,0
0.69,474133600,targeted,betweenness,86,4,0.046511627906976744,4,0.046511627906976744,0
0.69,1802625136,targeted,betweenness,86,4,0.046511627906976744,4,0.046511627906976744,0
0.69,2658756054,targeted,betweenness,86,4,0.046511627906976744,4,0.046511627906976744,0
0.69,2410199315,targeted,betweenness,86,4,0.046511627906976744,4,0.046511627906976744,0
0.69,3304421566,targeted,betweenness,86,4,0.046511627906976744,4,0.046511627906976744,0
0.69,780664772,targeted,betweenness,86,4,0.046511627906976744,4,0.046511627906976744,0
0.69,1784008712,targeted,betweenness,86,4,0.046511627906976744,4,0.046511627906976744,0
0.69,3270739212,targeted,betweenness,86,4,0.046511627906976744,4,0.046511627906976744,0
0.69,4113863312,targeted,betweenness,86,4,0.046511627906976744,4,0.046511627906976744,0
0.69,339440816,targeted,betweenness,86,4,0.046511627906976744,4,0.046511627906976744,0
0.69,2534330983,targeted,betweenness,86,4,0.046511627906976744,4,0.046511627906976744,0
0.69,2765060598,targeted,betweenness,86,4,0.046511627906976744,4,0.046511627906976744,0
0.69,388174077,targeted,betweenness,86,4,0.046511627906976744,4,0.046511627906976744,0
0.69,110239772,targeted,betweenness,86,4,0.046511627906976744,4,0.046511627906976744,0
0.69,210499972,targeted,betweenness,86,4,0.046511627906976744,4,0.046511627906976744,0
0.69,3740217125,targeted,betweenness,86,4,0.046511627906976744,4,0.046511627906976744,0
0.69,1212516726,targeted,betweenness,86,4,0.046511627906976744,4,0.046511627906976744,0
0.69,210300463,targeted,betweenness,86,4,0.046511627906976744,4,0.046511627906976744,0
0.69,2628384717,targeted,betweenness,86,4,0.046511627906976744,4,0.046511627906976744,0
0.69,3011479084,targeted,betweenness,86,4,0.046511627906976744,4,0.046511627906976744,0
0.69,1838475297,targeted,betweenness,86,4,0.046511627906976744,4,0.046511627906976744,0
0.69,2953595699,targeted,betweenness,86,4,0.046511627906976744,4,0.046511627906976744,0
0.69,3673011224,targeted,betweenness,86,4,0.046511627906976744,4,0.046511627906976744,0
0.69,765080464,targeted,betweenness,86,4,0.046511627906976744,4,0.046511627906976744,0
0.69,545771198,targeted,betweenness,86,4,0.046511627906976744,4,0.046511627906976744,0
0.69,710906896,targeted,betweenness,86,4,0.046511627906976744,4,0.046511627906976744,0
0.69,401518763,targeted,betweenness,86,4,0.046511627906976744,4,0.046511627906976744,0
0.69,450630569,targeted,betweenness,86,4,0.046511627906976744,4,0.046511627906976744,0
0.69,1637067021,targeted,betweenness,86,4,0.046511627906976744,4,0.046511627906976744,0
0.69,2996278080,targeted,betweenness,86,4,0.046511627906976744,4,0.046511627906976744,0
0.69,2594659485,targeted,betweenness,86,4,0.046511627906976744,4,0.046511627906976744,0
0.69,364042035,targeted,betweenness,86,4,0.046511627906976744,4,0.046511627906976744,0
0.69,376241680,targeted,betweenness,86,4,0.046511627906976744,4,0.046511627906976744,0
0.69,107050209,targeted,betweenness,86,4,0.046511627906976744,4,0.046511627906976744,0
0.69,3047079955,targeted,betweenness,86,4,0.046511627906976744,4,0.046511627906976744,0
0.69,251842858,targeted,betweenness,86,4,0.046511627906976744,4,0.046511627906976744,0
0.69,2947942680,targeted,betweenness,86,4,0.046511627906976744,4,0.046511627906976744,0
0.69,1204834080,targeted,betweenness,86,4,0.046511627906976744,4,0.046511627906976744,0
0.69,67081549,targeted,betweenness,86,4,0.046511627906976744,4,0.046511627906976744,0
0.69,3401325369,targeted,betweenness,86,4,0.046511627906976744,4,0.046511627906976744,0
0.69,4178651503,targeted,betweenness,86,4,0.046511627906976744,4,0.046511627906976744,0
0.69,1468011290,targeted,betweenness,86,4,0.046511627906976744,4,0.046511627906976744,0
0.69,2666724575,targeted,betweenness,86,4,0.046511627906976744,4,0.046511627906976744,0
0.69,2253484426,targeted,betweenness,86,4,0.046511627906976744,4,0.046511627906976744,0
0.69,3017867338,targeted,betweenness,86,4,0.046511627906976744,4,0.046511627906976744,0
0.69,1095189006,targeted,betweenness,86,4,0.046511627906976744,4,0.046511627906976744,0
0.69,2081607563,targeted,betweenness,86,4,0.046511627906976744,4,0.046511627906976744,0
0.69,3098203164,targeted,betweenness,86,4,0.046511627906976744,4,0.046511627906976744,0
0.69,3934685946,targeted,betweenness,86,4,0.046511627906976744,4,0.046511627906976744,0
0.69,1717501700,targeted,betweenness,86,4,0.046511627906976744,4,0.046511627906976744,0
0.69,3815240753,targeted,betweenness,86,4,0.046511627906976744,4,0.046511627906976744,0
0.69,3134553466,targeted,betweenness,86,4,0.046511627906976744,4,0.046511627906976744,0
0.69,2639588717,targeted,betweenness,86,4,0.046511627906976744,4,0.046511627906976744,0
0.69,504124406,targeted,betweenness,86,4,0.046511627906976744,4,0.046511627906976744,0
0.69,834422930,targeted,betweenness,86,4,0.046511627906976744,4,0.046511627906976744,0
0.69,4164758173,targeted,betweenness,86,4,0.046511627906976744,4,0.046511627906976744,0
0.69,2476462503,targeted,betweenness,86,4,0.046511627906976744,4,0.046511627906976744,0
0.69,1312569219,targeted,betweenness,86,4,0.046511627906976744,4,0.046511627906976744,0
0.69,2172024777,targeted,betweenness,86,4,0.046511627906976744,4,0.046511627906976744,0
0.69,308128262,targeted,betweenness,86,4,0.046511627906976744,4,0.046511627906976744,0
0.69,328070230,targeted,betweenness,86,4,0.046511627906976744,4,0.046511627906976744,0
0.69,37289718,targeted,betweenness,86,4,0.046511627906976744,4,0.046511627906976744,0
0.69,3463549870,targeted,betweenness,86,4,0.046511627906976744,4,0.046511627906976744,0
0.69,744412982,targeted,betweenness,86,4,0.046511627906976744,4,0.046511627906976744,0
0.69,101233408,targeted,betweenness,86,4,0.046511627906976744,4,0.046511627906976744,0
0.69,3809713821,targeted,betweenness,86,4,0.046511627906976744,4,0.046511627906976744,0
0.69,2835635755,targeted,betweenness,86,4,0.046511627906976744,4,0.046511627906976744,0
0.69,649079093,targeted,betweenness,86,4,0.046511627906976744,4,0.046511627906976744,0
0.69,1993495028,targeted,betweenness,86,4,0.046511627906976744,4,0.046511627906976744,0
0.69,4077448755,targeted,betweenness,86,4,0.046511627906976744,4,0.046511627906976744,0
0.69,751489476,targeted,betweenness,86,4,0.046511627906976744,4,0.046511627906976744,0
0.69,1834235514,targeted,betweenness,86,4,0.046511627906976744,4,0.046511627906976744,0
0.69,1866838786,targeted,betweenness,86,4,0.046511627906976744,4,0.046511627906976744,0
0.69,1529048029,targeted,betweenness,86,4,0.046511627906976744,4,0.046511627906976744,0
0.69,3671785877,targeted,betweenness,86,4,0.046511627906976744,4,0.046511627906976744,0
0.7,3734357488,targeted,betweenness,86,4,0.046511627906976744,4,0.046511627906976744,0
0.7,2985656540,targeted,betweenness,86,4,0.046511627906976744,4,0.046511627906976744,0
0.7,238102135,targeted,betweenness,86,4,0.046511627906976744,4,0.046511627906976744,0
0.7,3461526657,targeted,betweenness,86,4,0.046511627906976744,4,0.046511627906976744,0
0.7,3201642289,targeted,betweenness,86,4,0.046511627906976744,4,0.046511627906976744,0
0.7,2576147555,targeted,betweenness,86,4,0.046511627906976744,4,0.046511627906976744,0
0.7,2747314220,targeted,betweenness,86,4,0.046511627906976744,4,0.046511627906976744,0
0.7,2681750452,targeted,betweenness,86,4,0.046511627906976744,4,0.046511627906976744,0
0.7,850368444,targeted,betweenness,86,4,0.046511627906976744,4,0.046511627906976744,0
0.7,2362307727,targeted,betweenness,86,4,0.046511627906976744,4,0.046511627906976744,0
0.7,3787209719,targeted,betweenness,86,4,0.046511627906976744,4,0.046511627906976744,0
0.7,4239840330,targeted,betweenness,86,4,0.046511627906976744,4,0.046511627906976744,0
0.7,497429191,targeted,betweenness,86,4,0.046511627906976744,4,0.046511627906976744,0
0.7,804663289,targeted,betweenness,86,4,0.046511627906976744,4,0.046511627906976744,0
0.7,979000326,targeted,betweenness,86,4,0.046511627906976744,4,0.046511627906976744,0
0.7,4013747075,targeted,betweenness,86,4,0.046511627906976744,4,0.046511627906976744,0
0.7,1503526614,targeted,betweenness,86,4,0.046511627906976744,4,0.046511627906976744,0
0.7,4043969603,targeted,betweenness,86,4,0.046511627906976744,4,0.046511627906976744,0
0.7,1715280846,targeted,betweenness,86,4,0.046511627906976744,4,0.046511627906976744,0
0.7,3264932714,targeted,betweenness,86,4,0.046511627906976744,4,0.046511627906976744,0
0.7,1913093729,targeted,betweenness,86,4,0.046511627906976744,4,0.046511627906976744,0
0.7,3060663163,targeted,betweenness,86,4,0.046511627906976744,4,0.046511627906976744,0
0.7,2771767100,targeted,betweenness,86,4,0.046511627906976744,4,0.046511627906976744,0
0.7,751307127,targeted,betweenness,86,4,0.046511627906976744,4,0.046511627906976744,0
0.7,3633399871,targeted,betweenness,86,4,0.046511627906976744,4,0.046511627906976744,0
0.7,4066616479,targeted,betweenness,86,4,0.046511627906976744,4,0.046511627906976744,0
0.7,1895106967,targeted,betweenness,86,4,0.046511627906976744,4,0.046511627906976744,0
0.7,2936470788,targeted,betweenness,86,4,0.046511627906976744,4,0.046511627906976744,0
0.7,1374393790,targeted,betweenness,86,4,0.046511627906976744,4,0.046511627906976744,0
0.7,2491526866,targeted,betweenness,86,4,0.046511627906976744,4,0.046511627906976744,0
0.7,675225971,targeted,betweenness,86,4,0.046511627906976744,4,0.046511627906976744,0
0.7,1709872365,targeted,betweenness,86,4,0.046511627906976744,4,0.046511627906976744,0
0.7,455743886,targeted,betweenness,86,4,0.046511627906976744,4,0.046511627906976744,0
0.7,3018290922,targeted,betweenness,86,4,0.046511627906976744,4,0.046511627906976744,0
0.7,3459687893,targeted,betweenness,86,4,0.046511627906976744,4,0.046511627906976744,0
0.7,2822139399,targeted,betweenness,86,4,0.046511627906976744,4,0.046511627906976744,0
0.7,2965235911,targeted,betweenness,86,4,0.046511627906976744,4,0.046511627906976744,0
0.7,3296045871,targeted,betweenness,86,4,0.046511627906976744,4,0.046511627906976744,0
0.7,1151629475,targeted,betweenness,86,4,0.046511627906976744,4,0.046511627906976744,0
0.7,2074686737,targeted,betweenness,86,4,0.046511627906976744,4,0.046511627906976744,0
0.7,846555278,targeted,betweenness,86,4,0.046511627906976744,4,0.046511627906976744,0
0.7,2654360331,targeted,betweenness,86,4,0.046511627906976744,4,0.046511627906976744,0
0.7,1768506147,targeted,betweenness,86,4,0.046511627906976744,4,0.046511627906976744,0
0.7,3059164436,targeted,betweenness,86,4,0.046511627906976744,4,0.046511627906976744,0
0.7,3598994605,targeted,betweenness,86,4,0.046511627906976744,4,0.046511627906976744,0
0.7,3251811991,targeted,betweenness,86,4,0.046511627906976744,4,0.046511627906976744,0
0.7,3643292011,targeted,betweenness,86,4,0.046511627906976744,4,0.046511627906976744,0
0.7,2368313766,targeted,betweenness,86,4,0.046511627906976744,4,0.046511627906976744,0
0.7,3331813148,targeted,betweenness,86,4,0.046511627906976744,4,0.046511627906976744,0
0.7,956432254,targeted,betweenness,86,4,0.046511627906976744,4,0.046511627906976744,0
0.7,434733795,targeted,betweenness,86,4,0.046511627906976744,4,0.046511627906976744,0
0.7,1894393446,targeted,betweenness,86,4,0.046511627906976744,4,0.046511627906976744,0
0.7,2187598902,targeted,betweenness,86,4,0.046511627906976744,4,0.046511627906976744,0
0.7,1686205848,targeted,betweenness,86,4,0.046511627906976744,4,0.046511627906976744,0
0.7,2689597723,targeted,betweenness,86,4,0.046511627906976744,4,0.046511627906976744,0
0.7,1024611567,targeted,betweenness,86,4,0.046511627906976744,4,0.046511627906976744,0
0.7,367980201,targeted,betweenness,86,4,0.046511627906976744,4,0.046511627906976744,0
0.7,2596974375,targeted,betweenness,86,4,0.046511627906976744,4,0.046511627906976744,0
0.7,795884105,targeted,betweenness,86,4,0.046511627906976744,4,0.046511627906976744,0
0.7,748472553,targeted,betweenness,86,4,0.046511627906976744,4,0.046511627906976744,0
0.7,4266780971,targeted,betweenness,86,4,0.046511627906976744,4,0.046511627906976744,0
0.7,3582452252,targeted,betweenness,86,4,0.046511627906976744,4,0.046511627906976744,0
0.7,2616759332,targeted,betweenness,86,4,0.046511627906976744,4,0.046511627906976744,0
0.7,3816649335,targeted,betweenness,86,4,0.046511627906976744,4,0.046511627906976744,0
0.7,2918899980,targeted,betweenness,86,4,0.046511627906976744,4,0.046511627906976744,0
0.7,199453358,targeted,betweenness,86,4,0.046511627906976744,4,0.046511627906976744,0
0.7,2869848704,targeted,betweenness,86,4,0.046511627906976744,4,0.046511627906976744,0
0.7,1594971500,targeted,betweenness,86,4,0.046511627906976744,4,0.046511627906976744,0
0.7,2334136393,targeted,betweenness,86,4,0.046511627906976744,4,0.046511627906976744,0
0.7,3017577925,targeted,betweenness,86,4,0.046511627906976744,4,0.046511627906976744,0
0.7,2192096570,targeted,betweenness,86,4,0.046511627906976744,4,0.046511627906976744,0
0.7,3458565309,targeted,betweenness,86,4,0.046511627906976744,4,0.046511627906976744,0
0.7,2190284990,targeted,betweenness,86,4,0.046511627906976744,4,0.046511627906976744,0
0.7,3881711435,targeted,betweenness,86,4,0.046511627906976744,4,0.046511627906976744,0
0.7,2801724803,targeted,betweenness,86,4,0.046511627906976744,4,0.046511627906976744,0
0.7,3979580312,targeted,betweenness,86,4,0.046511627906976744,4,0.046511627906976744,0
0.7,2970286283,targeted,betweenness,86,4,0.046511627906976744,4,0.046511627906976744,0
0.7,1894123730,targeted,betweenness,86,4,0.046511627906976744,4,0.046511627906976744,0
0.7,3063189425,targeted,betweenness,86,4,0.046511627906976744,4,0.046511627906976744,0
0.7,2774625483,targeted,betweenness,86,4,0.046511627906976744,4,0.046511627906976744,0
0.7,3112905909,targeted,betweenness,86,4,0.046511627906976744,4,0.046511627906976744,0
0.7,112336791,targeted,betweenness,86,4,0.046511627906976744,4,0.046511627906976744,0
0.7,2031777666,targeted,betweenness,86,4,0.046511627906976744,4,0.046511627906976744,0
0.7,2673118359,targeted,betweenness,86,4,0.046511627906976744,4,0.046511627906976744,0
0.7,2488473351,targeted,betweenness,86,4,0.046511627906976744,4,0.046511627906976744,0
0.7,2457356013,targeted,betweenness,86,4,0.046511627906976744,4,0.046511627906976744,0
0.7,3823625488,targeted,betweenness,86,4,0.046511627906976744,4,0.046511627906976744,0
0.7,4164563015,targeted,betweenness,86,4,0.046511627906976744,4,0.046511627906976744,0
0.7,4088428960,targeted,betweenness,86,4,0.046511627906976744,4,0.046511627906976744,0
0.7,248921156,targeted,betweenness,86,4,0.046511627906976744,4,0.046511627906976744,0
0.7,1423961400,targeted,betweenness,86,4,0.046511627906976744,4,0.046511627906976744,0
0.7,3990144780,targeted,betweenness,86,4,0.046511627906976744,4,0.046511627906976744,0
0.7,3427616150,targeted,betweenness,86,4,0.046511627906976744,4,0.046511627906976744,0
0.7,1908602882,targeted,betweenness,86,4,0.046511627906976744,4,0.046511627906976744,0
0.7,1675857993,targeted,betweenness,86,4,0.046511627906976744,4,0.046511627906976744,0
0.7,2616244481,targeted,betweenness,86,4,0.046511627906976744,4,0.046511627906976744,0
0.7,2904044564,targeted,betweenness,86,4,0.046511627906976744,4,0.046511627906976744,0
0.7,2292654031,targeted,betweenness,86,4,0.046511627906976744,4,0.046511627906976744,0
0.7,1986152799,targeted,betweenness,86,4,0.046511627906976744,4,0.046511627906976744,0
0.7,229246536,targeted,betweenness,86,4,0.046511627906976744,4,0.046511627906976744,0
0.71,2186675547,targeted,betweenness,86,4,0.046511627906976744,4,0.046511627906976744,0
0.71,1890816255,targeted,betweenness,86,4,0.046511627906976744,4,0.046511627906976744,0
0.71,95810501,targeted,betweenness,86,4,0.046511627906976744,4,0.046511627906976744,0
0.71,2815686227,targeted,betweenness,86,4,0.046511627906976744,4,0.046511627906976744,0
0.71,3033493188,targeted,betweenness,86,4,0.046511627906976744,4,0.046511627906976744,0
0.71,2627448646,targeted,betweenness,86,4,0.046511627906976744,4,0.046511627906976744,0
0.71,99978736,targeted,betweenness,86,4,0.046511627906976744,4,0.046511627906976744,0
0.71,4008009558,targeted,betweenness,86,4,0.046511627906976744,4,0.046511627906976744,0
0.71,164407733,targeted,betweenness,86,4,0.046511627906976744,4,0.046511627906976744,0
0.71,4226654719,targeted,betweenness,86,4,0.046511627906976744,4,0.046511627906976744,0
0.71,1201392088,targeted,betweenness,86,4,0.046511627906976744,4,0.046511627906976744,0
0.71,904217029,targeted,betweenness,86,4,0.046511627906976744,4,0.046511627906976744,0
0.71,2483837442,targeted,betweenness,86,4,0.046511627906976744,4,0.046511627906976744,0
0.71,2749297431,targeted,betweenness,86,4,0.046511627906976744,4,0.046511627906976744,0
0.71,339875282,targeted,betweenness,86,4,0.046511627906976744,4,0.046511627906976744,0
0.71,782879351,targeted,betweenness,86,4,0.046511627906976744,4,0.046511627906976744,0
0.71,4283371371,targeted,betweenness,86,4,0.046511627906976744,4,0.046511627906976744,0
0.71,619042740,targeted,betweenness,86,4,0.046511627906976744,4,0.046511627906976744,0
0.71,2310365290,targeted,betweenness,86,4,0.046511627906976744,4,0.046511627906976744,0
0.71,43019480,targeted,betweenness,86,4,0.046511627906976744,4,0.046511627906976744,0
0.71,3864076751,targeted,betweenness,86,4,0.046511627906976744,4,0.046511627906976744,0
0.71,2145832253,targeted,betweenness,86,4,0.046511627906976744,4,0.046511627906976744,0
0.71,3822537161,targeted,betweenness,86,4,0.046511627906976744,4,0.046511627906976744,0
0.71,3142808798,targeted,betweenness,86,4,0.046511627906976744,4,0.046511627906976744,0
0.71,2523639751,targeted,betweenness,86,4,0.046511627906976744,4,0.046511627906976744,0
0.71,3756553513,targeted,betweenness,86,4,0.046511627906976744,4,0.046511627906976744,0
0.71,3681395605,targeted,betweenness,86,4,0.046511627906976744,4,0.046511627906976744,0
0.71,2585582582,targeted,betweenness,86,4,0.046511627906976744,4,0.046511627906976744,0
0.71,2849347543,targeted,betweenness,86,4,0.046511627906976744,4,0.046511627906976744,0
0.71,2296889330,targeted,betweenness,86,4,0.046511627906976744,4,0.046511627906976744,0
0.71,502195834,targeted,betweenness,86,4,0.046511627906976744,4,0.046511627906976744,0
0.71,11493304,targeted,betweenness,86,4,0.046511627906976744,4,0.046511627906976744,0
0.71,3687566100,targeted,betweenness,86,4,0.046511627906976744,4,0.046511627906976744,0
0.71,1310557054,targeted,betweenness,86,4,0.046511627906976744,4,0.046511627906976744,0
0.71,3079901342,targeted,betweenness,86,4,0.046511627906976744,4,0.046511627906976744,0
0.71,3881879313,targeted,betweenness,86,4,0.046511627906976744,4,0.046511627906976744,0
0.71,3115349085,targeted,betweenness,86,4,0.046511627906976744,4,0.046511627906976744,0
0.71,1576334664,targeted,betweenness,86,4,0.046511627906976744,4,0.046511627906976744,0
0.71,2967198467,targeted,betweenness,86,4,0.046511627906976744,4,0.046511627906976744,0
0.71,4133302918,targeted,betweenness,86,4,0.046511627906976744,4,0.046511627906976744,0
0.71,1634030211,targeted,betweenness,86,4,0.046511627906976744,4,0.046511627906976744,0
0.71,3246576359,targeted,betweenness,86,4,0.046511627906976744,4,0.046511627906976744,0
0.71,1992432516,targeted,betweenness,86,4,0.046511627906976744,4,0.046511627906976744,0
0.71,927065223,targeted,betweenness,86,4,0.046511627906976744,4,0.046511627906976744,0
0.71,3968324328,targeted,betweenness,86,4,0.046511627906976744,4,0.046511627906976744,0
0.71,4195423852,targeted,betweenness,86,4,0.046511627906976744,4,0.046511627906976744,0
0.71,2419341003,targeted,betweenness,86,4,0.046511627906976744,4,0.046511627906976744,0
0.71,1535159587,targeted,betweenness,86,4,0.046511627906976744,4,0.046511627906976744,0
0.71,3664274576,targeted,betweenness,86,4,0.046511627906976744,4,0.046511627906976744,0
0.71,2936552125,targeted,betweenness,86,4,0.046511627906976744,4,0.046511627906976744,0
0.71,4193241667,targeted,betweenness,86,4,0.046511627906976744,4,0.046511627906976744,0
0.71,2503681824,targeted,betweenness,86,4,0.046511627906976744,4,0.046511627906976744,0
0.71,3461948168,targeted,betweenness,86,4,0.046511627906976744,4,0.046511627906976744,0
0.71,2995075513,targeted,betweenness,86,4,0.046511627906976744,4,0.046511627906976744,0
0.71,695506735,targeted,betweenness,86,4,0.046511627906976744,4,0.046511627906976744,0
0.71,138529335,targeted,betweenness,86,4,0.046511627906976744,4,0.046511627906976744,0
0.71,4141306718,targeted,betweenness,86,4,0.046511627906976744,4,0.046511627906976744,0
0.71,762733848,targeted,betweenness,86,4,0.046511627906976744,4,0.046511627906976744,0
0.71,3873276241,targeted,betweenness,86,4,0.046511627906976744,4,0.046511627906976744,0
0.71,960858358,targeted,betweenness,86,4,0.046511627906976744,4,0.046511627906976744,0
0.71,1200719025,targeted,betweenness,86,4,0.046511627906976744,4,0.046511627906976744,0
0.71,3828437810,targeted,betweenness,86,4,0.046511627906976744,4,0.046511627906976744,0
0.71,3151009559,targeted,betweenness,86,4,0.046511627906976744,4,0.046511627906976744,0
0.71,2485664232,targeted,betweenness,86,4,0.046511627906976744,4,0.046511627906976744,0
0.71,4178770270,targeted,betweenness,86,4,0.046511627906976744,4,0.046511627906976744,0
0.71,3929173538,targeted,betweenness,86,4,0.046511627906976744,4,0.046511627906976744,0
0.71,2761623329,targeted,betweenness,86,4,0.046511627906976744,4,0.046511627906976744,0
0.71,1479644353,targeted,betweenness,86,4,0.046511627906976744,4,0.046511627906976744,0
0.71,2653077658,targeted,betweenness,86,4,0.046511627906976744,4,0.046511627906976744,0
0.71,2282448806,targeted,betweenness,86,4,0.046511627906976744,4,0.046511627906976744,0
0.71,3269413277,targeted,betweenness,86,4,0.046511627906976744,4,0.046511627906976744,0
0.71,554820977,targeted,betweenness,86,4,0.046511627906976744,4,0.046511627906976744,0
0.71,971246024,targeted,betweenness,86,4,0.046511627906976744,4,0.046511627906976744,0
0.71,3223889720,targeted,betweenness,86,4,0.046511627906976744,4,0.046511627906976744,0
0.71,3446967551,targeted,betweenness,86,4,0.046511627906976744,4,0.046511627906976744,0
0.71,2483829820,targeted,betweenness,86,4,0.046511627906976744,4,0.046511627906976744,0
0.71,788729105,targeted,betweenness,86,4,0.046511627906976744,4,0.046511627906976744,0
0.71,3112344990,targeted,betweenness,86,4,0.046511627906976744,4,0.046511627906976744,0
0.71,1548590236,targeted,betweenness,86,4,0.046511627906976744,4,0.046511627906976744,0
0.71,433032274,targeted,betweenness,86,4,0.046511627906976744,4,0.046511627906976744,0
0.71,1255175602,targeted,betweenness,86,4,0.046511627906976744,4,0.046511627906976744,0
0.71,470337094,targeted,betweenness,86,4,0.046511627906976744,4,0.046511627906976744,0
0.71,3772813966,targeted,betweenness,86,4,0.046511627906976744,4,0.046511627906976744,0
0.71,3781731853,targeted,betweenness,86,4,0.046511627906976744,4,0.046511627906976744,0
0.71,654166446,targeted,betweenness,86,4,0.046511627906976744,4,0.046511627906976744,0
0.71,2067470045,targeted,betweenness,86,4,0.046511627906976744,4,0.046511627906976744,0
0.71,945773586,targeted,betweenness,86,4,0.046511627906976744,4,0.046511627906976744,0
0.71,297059915,targeted,betweenness,86,4,0.046511627906976744,4,0.046511627906976744,0
0.71,2851914702,targeted,betweenness,86,4,0.046511627906976744,4,0.046511627906976744,0
0.71,399864684,targeted,betweenness,86,4,0.046511627906976744,4,0.046511627906976744,0
0.71,2780293351,targeted,betweenness,86,4,0.046511627906976744,4,0.046511627906976744,0
0.71,3336539002,targeted,betweenness,86,4,0.046511627906976744,4,0.046511627906976744,0
0.71,3864694767,targeted,betweenness,86,4,0.046511627906976744,4,0.046511627906976744,0
0.71,1828882699,targeted,betweenness,86,4,0.046511627906976744,4,0.046511627906976744,0
0.71,285685662,targeted,betweenness,86,4,0.046511627906976744,4,0.046511627906976744,0
0.71,157711018,targeted,betweenness,86,4,0.046511627906976744,4,0.046511627906976744,0
0.71,2668785563,targeted,betweenness,86,4,0.046511627906976744,4,0.046511627906976744,0
0.71,3599284606,targeted,betweenness,86,4,0.046511627906976744,4,0.046511627906976744,0
0.71,1112739162,targeted,betweenness,86,4,0.046511627906976744,4,0.046511627906976744,0
0.71,882763894,targeted,betweenness,86,4,0.046511627906976744,4,0.046511627906976744,0
0.72,1352143501,targeted,betweenness,86,4,0.046511627906976744,4,0.046511627906976744,0
0.72,4132659052,targeted,betweenness,86,4,0.046511627906976744,4,0.046511627906976744,0
0.72,933418707,targeted,betweenness,86,4,0.046511627906976744,4,0.046511627906976744,0
0.72,2681745636,targeted,betweenness,86,4,0.046511627906976744,4,0.046511627906976744,0
0.72,3587632924,targeted,betweenness,86,4,0.046511627906976744,4,0.046511627906976744,0
0.72,3552427508,targeted,betweenness,86,4,0.046511627906976744,4,0.046511627906976744,0
0.72,1082635573,targeted,betweenness,86,4,0.046511627906976744,4,0.046511627906976744,0
0.72,3041738339,targeted,betweenness,86,4,0.046511627906976744,4,0.046511627906976744,0
0.72,3985198344,targeted,betweenness,86,4,0.046511627906976744,4,0.046511627906976744,0
0.72,3951758873,targeted,betweenness,86,4,0.046511627906976744,4,0.046511627906976744,0
0.72,2494886051,targeted,betweenness,86,4,0.046511627906976744,4,0.046511627906976744,0
0.72,1919103910,targeted,betweenness,86,4,0.046511627906976744,4,0.046511627906976744,0
0.72,3817550347,targeted,betweenness,86,4,0.046511627906976744,4,0.046511627906976744,0
0.72,3961488885,targeted,betweenness,86,4,0.046511627906976744,4,0.046511627906976744,0
0.72,4121177784,targeted,betweenness,86,4,0.046511627906976744,4,0.046511627906976744,0
0.72,1082182564,targeted,betweenness,86,4,0.046511627906976744,4,0.046511627906976744,0
0.72,3711485921,targeted,betweenness,86,4,0.046511627906976744,4,0.046511627906976744,0
0.72,1665699575,targeted,betweenness,86,4,0.046511627906976744,4,0.046511627906976744,0
0.72,3343277342,targeted,betweenness,86,4,0.046511627906976744,4,0.046511627906976744,0
0.72,209577642,targeted,betweenness,86,4,0.046511627906976744,4,0.046511627906976744,0
0.72,3307206623,targeted,betweenness,86,4,0.046511627906976744,4,0.046511627906976744,0
0.72,1732207638,targeted,betweenness,86,4,0.046511627906976744,4,0.046511627906976744,0
0.72,754724064,targeted,betweenness,86,4,0.046511627906976744,4,0.046511627906976744,0
0.72,4099355600,targeted,betweenness,86,4,0.046511627906976744,4,0.046511627906976744,0
0.72,2831578487,targeted,betweenness,86,4,0.046511627906976744,4,0.046511627906976744,0
0.72,3354213729,targeted,betweenness,86,4,0.046511627906976744,4,0.046511627906976744,0
0.72,274650698,targeted,betweenness,86,4,0.046511627906976744,4,0.046511627906976744,0
0.72,4142918088,targeted,betweenness,86,4,0.046511627906976744,4,0.046511627906976744,0
0.72,214002475,targeted,betweenness,86,4,0.046511627906976744,4,0.046511627906976744,0
0.72,2495079769,targeted,betweenness,86,4,0.046511627906976744,4,0.046511627906976744,0
0.72,1214533998,targeted,betweenness,86,4,0.046511627906976744,4,0.046511627906976744,0
0.72,3517415319,targeted,betweenness,86,4,0.046511627906976744,4,0.046511627906976744,0
0.72,835739698,targeted,betweenness,86,4,0.046511627906976744,4,0.046511627906976744,0
0.72,4128458723,targeted,betweenness,86,4,0.046511627906976744,4,0.046511627906976744,0
0.72,3097493200,targeted,betweenness,86,4,0.046511627906976744,4,0.046511627906976744,0
0.72,1715808025,targeted,betweenness,86,4,0.046511627906976744,4,0.046511627906976744,0
0.72,3538390589,targeted,betweenness,86,4,0.046511627906976744,4,0.046511627906976744,0
0.72,4142666150,targeted,betweenness,86,4,0.046511627906976744,4,0.046511627906976744,0
0.72,1419338994,targeted,betweenness,86,4,0.046511627906976744,4,0.046511627906976744,0
0.72,1487965009,targeted,betweenness,86,4,0.046511627906976744,4,0.046511627906976744,0
0.72,182896244,targeted,betweenness,86,4,0.046511627906976744,4,0.046511627906976744,0
0.72,3061848333,targeted,betweenness,86,4,0.046511627906976744,4,0.046511627906976744,0
0.72,2202618790,targeted,betweenness,86,4,0.046511627906976744,4,0.046511627906976744,0
0.72,2254720784,targeted,betweenness,86,4,0.046511627906976744,4,0.046511627906976744,0
0.72,1126536958,targeted,betweenness,86,4,0.046511627906976744,4,0.046511627906976744,0
0.72,2478950425,targeted,betweenness,86,4,0.046511627906976744,4,0.046511627906976744,0
0.72,4232337212,targeted,betweenness,86,4,0.046511627906976744,4,0.046511627906976744,0
0.72,1499753675,targeted,betweenness,86,4,0.046511627906976744,4,0.046511627906976744,0
0.72,687792318,targeted,betweenness,86,4,0.046511627906976744,4,0.046511627906976744,0
0.72,2637864339,targeted,betweenness,86,4,0.046511627906976744,4,0.046511627906976744,0
0.72,1092759690,targeted,betweenness,86,4,0.046511627906976744,4,0.046511627906976744,0
0.72,203407489,targeted,betweenness,86,4,0.046511627906976744,4,0.046511627906976744,0
0.72,323593230,targeted,betweenness,86,4,0.046511627906976744,4,0.046511627906976744,0
0.72,124139186,targeted,betweenness,86,4,0.046511627906976744,4,0.046511627906976744,0
0.72,1208396095,targeted,betweenness,86,4,0.046511627906976744,4,0.046511627906976744,0
0.72,70470102,targeted,betweenness,86,4,0.046511627906976744,4,0.046511627906976744,0
0.72,1592379309,targeted,betweenness,86,4,0.046511627906976744,4,0.046511627906976744,0
0.72,2585450060,targeted,betweenness,86,4,0.046511627906976744,4,0.046511627906976744,0
0.72,2274319122,targeted,betweenness,86,4,0.046511627906976744,4,0.046511627906976744,0
0.72,3028282739,targeted,betweenness,86,4,0.046511627906976744,4,0.046511627906976744,0
0.72,2053558140,targeted,betweenness,86,4,0.046511627906976744,4,0.046511627906976744,0
0.72,4219442340,targeted,betweenness,86,4,0.046511627906976744,4,0.046511627906976744,0
0.72,366888534,targeted,betweenness,86,4,0.046511627906976744,4,0.046511627906976744,0
0.72,3665637419,targeted,betweenness,86,4,0.046511627906976744,4,0.046511627906976744,0
0.72,2106777943,targeted,betweenness,86,4,0.046511627906976744,4,0.046511627906976744,0
0.72,3900130459,targeted,betweenness,86,4,0.046511627906976744,4,0.046511627906976744,0
0.72,1476912687,targeted,betweenness,86,4,0.046511627906976744,4,0.046511627906976744,0
0.72,2889867647,targeted,betweenness,86,4,0.046511627906976744,4,0.046511627906976744,0
0.72,1997925271,targeted,betweenness,86,4,0.046511627906976744,4,0.046511627906976744,0
0.72,726412,targeted,betweenness,86,4,0.046511627906976744,4,0.046511627906976744,0
0.72,3529975677,targeted,betweenness,86,4,0.046511627906976744,4,0.046511627906976744,0
0.72,995547407,targeted,betweenness,86,4,0.046511627906976744,4,0.046511627906976744,0
0.72,3307742011,targeted,betweenness,86,4,0.046511627906976744,4,0.046511627906976744,0
0.72,2719905660,targeted,betweenness,86,4,0.046511627906976744,4,0.046511627906976744,0
0.72,3256108980,targeted,betweenness,86,4,0.046511627906976744,4,0.046511627906976744,0
0.72,2547700062,targeted,betweenness,86,4,0.046511627906976744,4,0.046511627906976744,0
0.72,4125791331,targeted,betweenness,86,4,0.046511627906976744,4,0.046511627906976744,0
0.72,2452988972,targeted,betweenness,86,4,0.046511627906976744,4,0.046511627906976744,0
0.72,58543549,targeted,betweenness,86,4,0.046511627906976744,4,0.046511627906976744,0
0.72,894814247,targeted,betweenness,86,4,0.046511627906976744,4,0.046511627906976744,0
0.72,2504232379,targeted,betweenness,86,4,0.046511627906976744,4,0.046511627906976744,0
0.72,3654530477,targeted,betweenness,86,4,0.046511627906976744,4,0.046511627906976744,0
0.72,588761588,targeted,betweenness,86,4,0.046511627906976744,4,0.046511627906976744,0
0.72,4182789469,targeted,betweenness,86,4,0.046511627906976744,4,0.046511627906976744,0
0.72,2420906368,targeted,betweenness,86,4,0.046511627906976744,4,0.046511627906976744,0
0.72,1344613165,targeted,betweenness,86,4,0.046511627906976744,4,0.046511627906976744,0
0.72,2642916369,targeted,betweenness,86,4,0.046511627906976744,4,0.046511627906976744,0
0.72,3021893410,targeted,betweenness,86,4,0.046511627906976744,4,0.046511627906976744,0
0.72,1587273732,targeted,betweenness,86,4,0.046511627906976744,4,0.046511627906976744,0
0.72,1849207687,targeted,betweenness,86,4,0.046511627906976744,4,0.046511627906976744,0
0.72,1593588040,targeted,betweenness,86,4,0.046511627906976744,4,0.046511627906976744,0
0.72,2204711078,targeted,betweenness,86,4,0.046511627906976744,4,0.046511627906976744,0
0.72,3919082229,targeted,betweenness,86,4,0.046511627906976744,4,0.046511627906976744,0
0.72,3910078338,targeted,betweenness,86,4,0.046511627906976744,4,0.046511627906976744,0
0.72,3428733146,targeted,betweenness,86,4,0.046511627906976744,4,0.046511627906976744,0
0.72,1479244735,targeted,betweenness,86,4,0.046511627906976744,4,0.046511627906976744,0
0.72,1295307759,targeted,betweenness,86,4,0.046511627906976744,4,0.046511627906976744,0
0.72,1810220434,targeted,betweenness,86,4,0.046511627906976744,4,0.046511627906976744,0
0.72,1800280770,targeted,betweenness,86,4,0.046511627906976744,4,0.046511627906976744,0
0.72,3488954906,targeted,betweenness,86,4,0.046511627906976744,4,0.046511627906976744,0
0.73,954163146,targeted,betweenness,86,4,0.046511627906976744,4,0.046511627906976744,0
0.73,1183764421,targeted,betweenness,86,4,0.046511627906976744,4,0.046511627906976744,0
0.73,3865032647,targeted,betweenness,86,4,0.046511627906976744,4,0.046511627906976744,0
0.73,1494484627,targeted,betweenness,86,4,0.046511627906976744,4,0.046511627906976744,0
0.73,259572352,targeted,betweenness,86,4,0.046511627906976744,4,0.046511627906976744,0
0.73,379619638,targeted,betweenness,86,4,0.046511627906976744,4,0.046511627906976744,0
0.73,1269049721,targeted,betweenness,86,4,0.046511627906976744,4,0.046511627906976744,0
0.73,1973978884,targeted,betweenness,86,4,0.046511627906976744,4,0.046511627906976744,0
0.73,267778609,targeted,betweenness,86,4,0.046511627906976744,4,0.046511627906976744,0
0.73,2482358185,targeted,betweenness,86,4,0.046511627906976744,4,0.046511627906976744,0
0.73,2956975608,targeted,betweenness,86,4,0.046511627906976744,4,0.046511627906976744,0
0.73,430420180,targeted,betweenness,86,4,0.046511627906976744,4,0.046511627906976744,0
0.73,3765110575,targeted,betweenness,86,4,0.046511627906976744,4,0.046511627906976744,0
0.73,2681901791,targeted,betweenness,86,4,0.046511627906976744,4,0.046511627906976744,0
0.73,949059178,targeted,betweenness,86,4,0.046511627906976744,4,0.046511627906976744,0
0.73,2909928698,targeted,betweenness,86,4,0.046511627906976744,4,0.046511627906976744,0
0.73,3829864365,targeted,betweenness,86,4,0.046511627906976744,4,0.046511627906976744,0
0.73,1846916383,targeted,betweenness,86,4,0.046511627906976744,4,0.046511627906976744,0
0.73,3102651018,targeted,betweenness,86,4,0.046511627906976744,4,0.046511627906976744,0
0.73,2017898792,targeted,betweenness,86,4,0.046511627906976744,4,0.046511627906976744,0
0.73,789704518,targeted,betweenness,86,4,0.046511627906976744,4,0.046511627906976744,0
0.73,2080932138,targeted,betweenness,86,4,0.046511627906976744,4,0.046511627906976744,0
0.73,1460599731,targeted,betweenness,86,4,0.046511627906976744,4,0.046511627906976744,0
0.73,2695969883,targeted,betweenness,86,4,0.046511627906976744,4,0.046511627906976744,0
0.73,2336239150,targeted,betweenness,86,4,0.046511627906976744,4,0.046511627906976744,0
0.73,3936634032,targeted,betweenness,86,4,0.046511627906976744,4,0.046511627906976744,0
0.73,2657983377,targeted,betweenness,86,4,0.046511627906976744,4,0.046511627906976744,0
0.73,2607732936,targeted,betweenness,86,4,0.046511627906976744,4,0.046511627906976744,0
0.73,246794502,targeted,betweenness,86,4,0.046511627906976744,4,0.046511627906976744,0
0.73,2701550591,targeted,betweenness,86,4,0.046511627906976744,4,0.046511627906976744,0
0.73,2186954094,targeted,betweenness,86,4,0.046511627906976744,4,0.046511627906976744,0
0.73,501523193,targeted,betweenness,86,4,0.046511627906976744,4,0.046511627906976744,0
0.73,690590756,targeted,betweenness,86,4,0.046511627906976744,4,0.046511627906976744,0
0.73,375549664,targeted,betweenness,86,4,0.046511627906976744,4,0.046511627906976744,0
0.73,139730794,targeted,betweenness,86,4,0.046511627906976744,4,0.046511627906976744,0
0.73,202606700,targeted,betweenness,86,4,0.046511627906976744,4,0.046511627906976744,0
0.73,82665406,targeted,betweenness,86,4,0.046511627906976744,4,0.046511627906976744,0
0.73,1570014683,targeted,betweenness,86,4,0.046511627906976744,4,0.046511627906976744,0
0.73,1521226698,targeted,betweenness,86,4,0.046511627906976744,4,0.046511627906976744,0
0.73,401667433,targeted,betweenness,86,4,0.046511627906976744,4,0.046511627906976744,0
0.73,1495066453,targeted,betweenness,86,4,0.046511627906976744,4,0.046511627906976744,0
0.73,15885198,targeted,betweenness,86,4,0.046511627906976744,4,0.046511627906976744,0
0.73,671684867,targeted,betweenness,86,4,0.046511627906976744,4,0.046511627906976744,0
0.73,3277298417,targeted,betweenness,86,4,0.046511627906976744,4,0.046511627906976744,0
0.73,3785157160,targeted,betweenness,86,4,0.046511627906976744,4,0.046511627906976744,0
0.73,3763751995,targeted,betweenness,86,4,0.046511627906976744,4,0.046511627906976744,0
0.73,3393383493,targeted,betweenness,86,4,0.046511627906976744,4,0.046511627906976744,0
0.73,690498733,targeted,betweenness,86,4,0.046511627906976744,4,0.046511627906976744,0
0.73,3108072000,targeted,betweenness,86,4,0.046511627906976744,4,0.046511627906976744,0
0.73,3215848645,targeted,betweenness,86,4,0.046511627906976744,4,0.046511627906976744,0
0.73,4082779472,targeted,betweenness,86,4,0.046511627906976744,4,0.046511627906976744,0
0.73,3130976058,targeted,betweenness,86,4,0.046511627906976744,4,0.046511627906976744,0
0.73,1135262201,targeted,betweenness,86,4,0.046511627906976744,4,0.046511627906976744,0
0.73,285551610,targeted,betweenness,86,4,0.046511627906976744,4,0.046511627906976744,0
0.73,3204871363,targeted,betweenness,86,4,0.046511627906976744,4,0.046511627906976744,0
0.73,4094099807,targeted,betweenness,86,4,0.046511627906976744,4,0.046511627906976744,0
0.73,3909983019,targeted,betweenness,86,4,0.046511627906976744,4,0.046511627906976744,0
0.73,3150571398,targeted,betweenness,86,4,0.046511627906976744,4,0.046511627906976744,0
0.73,2803798046,targeted,betweenness,86,4,0.046511627906976744,4,0.046511627906976744,0
0.73,254531656,targeted,betweenness,86,4,0.046511627906976744,4,0.046511627906976744,0
0.73,1881741966,targeted,betweenness,86,4,0.046511627906976744,4,0.046511627906976744,0
0.73,90683125,targeted,betweenness,86,4,0.046511627906976744,4,0.046511627906976744,0
0.73,1500344344,targeted,betweenness,86,4,0.046511627906976744,4,0.046511627906976744,0
0.73,528687238,targeted,betweenness,86,4,0.046511627906976744,4,0.046511627906976744,0
0.73,3044371382,targeted,betweenness,86,4,0.046511627906976744,4,0.046511627906976744,0
0.73,3891839895,targeted,betweenness,86,4,0.046511627906976744,4,0.046511627906976744,0
0.73,2504815862,targeted,betweenness,86,4,0.046511627906976744,4,0.046511627906976744,0
0.73,538901270,targeted,betweenness,86,4,0.046511627906976744,4,0.046511627906976744,0
0.73,502604995,targeted,betweenness,86,4,0.046511627906976744,4,0.046511627906976744,0
0.73,4096611010,targeted,betweenness,86,4,0.046511627906976744,4,0.046511627906976744,0
0.73,3244274373,targeted,betweenness,86,4,0.046511627906976744,4,0.046511627906976744,0
0.73,3944246667,targeted,betweenness,86,4,0.046511627906976744,4,0.046511627906976744,0
0.73,1555508997,targeted,betweenness,86,4,0.046511627906976744,4,0.046511627906976744,0
0.73,744604034,targeted,betweenness,86,4,0.046511627906976744,4,0.046511627906976744,0
0.73,1009638116,targeted,betweenness,86,4,0.046511627906976744,4,0.046511627906976744,0
0.73,3049162198,targeted,betweenness,86,4,0.046511627906976744,4,0.046511627906976744,0
0.73,781781136,targeted,betweenness,86,4,0.046511627906976744,4,0.046511627906976744,0
0.73,3875054191,targeted,betweenness,86,4,0.046511627906976744,4,0.046511627906976744,0
0.73,2192394694,targeted,betweenness,86,4,0.046511627906976744,4,0.046511627906976744,0
0.73,2704795143,targeted,betweenness,86,4,0.046511627906976744,4,0.046511627906976744,0
0.73,1663433603,targeted,betweenness,86,4,0.046511627906976744,4,0.046511627906976744,0
0.73,427586604,targeted,betweenness,86,4,0.046511627906976744,4,0.046511627906976744,0
0.73,718732177,targeted,betweenness,86,4,0.046511627906976744,4,0.046511627906976744,0
0.73,1851265487,targeted,betweenness,86,4,0.046511627906976744,4,0.046511627906976744,0
0.73,1582583123,targeted,betweenness,86,4,0.046511627906976744,4,0.046511627906976744,0
0.73,2004963847,targeted,betweenness,86,4,0.046511627906976744,4,0.046511627906976744,0
0.73,2733546941,targeted,betweenness,86,4,0.046511627906976744,4,0.046511627906976744,0
0.73,1910896003,targeted,betweenness,86,4,0.046511627906976744,4,0.046511627906976744,0
0.73,3797450469,targeted,betweenness,86,4,0.046511627906976744,4,0.046511627906976744,0
0.73,401152464,targeted,betweenness,86,4,0.046511627906976744,4,0.046511627906976744,0
0.73,3234695818,targeted,betweenness,86,4,0.046511627906976744,4,0.046511627906976744,0
0.73,1732899151,targeted,betweenness,86,4,0.046511627906976744,4,0.046511627906976744,0
0.73,4027295723,targeted,betweenness,86,4,0.046511627906976744,4,0.046511627906976744,0
0.73,4112038818,targeted,betweenness,86,4,0.046511627906976744,4,0.046511627906976744,0
0.73,1788078801,targeted,betweenness,86,4,0.046511627906976744,4,0.046511627906976744,0
0.73,340623150,targeted,betweenness,86,4,0.046511627906976744,4,0.046511627906976744,0
0.73,1582653166,targeted,betweenness,86,4,0.046511627906976744,4,0.046511627906976744,0
0.73,1855253974,targeted,betweenness,86,4,0.046511627906976744,4,0.046511627906976744,0
0.73,2979850823,targeted,betweenness,86,4,0.046511627906976744,4,0.046511627906976744,0
0.73,729254340,targeted,betweenness,86,4,0.046511627906976744,4,0.046511627906976744,0
0.74,1563233374,targeted,betweenness,86,4,0.046511627906976744,3,0.03488372093023256,0
0.74,1786554950,targeted,betweenness,86,4,0.046511627906976744,3,0.03488372093023256,0
0.74,2409332343,targeted,betweenness,86,4,0.046511627906976744,3,0.03488372093023256,0
0.74,3644209954,targeted,betweenness,86,4,0.046511627906976744,3,0.03488372093023256,0
0.74,1985879066,targeted,betweenness,86,4,0.046511627906976744,3,0.03488372093023256,0
0.74,304291052,targeted,betweenness,86,4,0.046511627906976744,3,0.03488372093023256,0
0.74,556228900,targeted,betweenness,86,4,0.046511627906976744,3,0.03488372093023256,0
0.74,2364035001,targeted,betweenness,86,4,0.046511627906976744,3,0.03488372093023256,0
0.74,1733181853,targeted,betweenness,86,4,0.046511627906976744,3,0.03488372093023256,0
0.74,1668685926,targeted,betweenness,86,4,0.046511627906976744,3,0.03488372093023256,0
0.74,2282620487,targeted,betweenness,86,4,0.046511627906976744,3,0.03488372093023256,0
0.74,2437889520,targeted,betweenness,86,4,0.046511627906976744,3,0.03488372093023256,0
0.74,3150406315,targeted,betweenness,86,4,0.046511627906976744,3,0.03488372093023256,0
0.74,1033005447,targeted,betweenness,86,4,0.046511627906976744,3,0.03488372093023256,0
0.74,1538975687,targeted,betweenness,86,4,0.046511627906976744,3,0.03488372093023256,0
0.74,3019928801,targeted,betweenness,86,4,0.046511627906976744,3,0.03488372093023256,0
0.74,1123583291,targeted,betweenness,86,4,0.046511627906976744,3,0.03488372093023256,0
0.74,768083074,targeted,betweenness,86,4,0.046511627906976744,3,0.03488372093023256,0
0.74,205058257,targeted,betweenness,86,4,0.046511627906976744,3,0.03488372093023256,0
0.74,326455656,targeted,betweenness,86,4,0.046511627906976744,3,0.03488372093023256,0
0.74,2816007807,targeted,betweenness,86,4,0.046511627906976744,3,0.03488372093023256,0
0.74,436344717,targeted,betweenness,86,4,0.046511627906976744,3,0.03488372093023256,0
0.74,740329947,targeted,betweenness,86,4,0.046511627906976744,3,0.03488372093023256,0
0.74,4183916483,targeted,betweenness,86,4,0.046511627906976744,3,0.03488372093023256,0
0.74,1384014190,targeted,betweenness,86,4,0.046511627906976744,3,0.03488372093023256,0
0.74,2083998310,targeted,betweenness,86,4,0.046511627906976744,3,0.03488372093023256,0
0.74,859719622,targeted,betweenness,86,4,0.046511627906976744,3,0.03488372093023256,0
0.74,2558695403,targeted,betweenness,86,4,0.046511627906976744,3,0.03488372093023256,0
0.74,1790363532,targeted,betweenness,86,4,0.046511627906976744,3,0.03488372093023256,0
0.74,1714060473,targeted,betweenness,86,4,0.046511627906976744,3,0.03488372093023256,0
0.74,54581904,targeted,betweenness,86,4,0.046511627906976744,3,0.03488372093023256,0
0.74,30977316,targeted,betweenness,86,4,0.046511627906976744,3,0.03488372093023256,0
0.74,912655677,targeted,betweenness,86,4,0.046511627906976744,3,0.03488372093023256,0
0.74,2031924303,targeted,betweenness,86,4,0.046511627906976744,3,0.03488372093023256,0
0.74,2525819099,targeted,betweenness,86,4,0.046511627906976744,3,0.03488372093023256,0
0.74,3906066888,targeted,betweenness,86,4,0.046511627906976744,3,0.03488372093023256,0
0.74,572148009,targeted,betweenness,86,4,0.046511627906976744,3,0.03488372093023256,0
0.74,3414640981,targeted,betweenness,86,4,0.046511627906976744,3,0.03488372093023256,0
0.74,1089693321,targeted,betweenness,86,4,0.046511627906976744,3,0.03488372093023256,0
0.74,189565944,targeted,betweenness,86,4,0.046511627906976744,3,0.03488372093023256,0
0.74,1168593038,targeted,betweenness,86,4,0.046511627906976744,3,0.03488372093023256,0
0.74,3274596887,targeted,betweenness,86,4,0.046511627906976744,3,0.03488372093023256,0
0.74,440368733,targeted,betweenness,86,4,0.046511627906976744,3,0.03488372093023256,0
0.74,3903566324,targeted,betweenness,86,4,0.046511627906976744,3,0.03488372093023256,0
0.74,1532162433,targeted,betweenness,86,4,0.046511627906976744,3,0.03488372093023256,0
0.74,4243819911,targeted,betweenness,86,4,0.046511627906976744,3,0.03488372093023256,0
0.74,1195036233,targeted,betweenness,86,4,0.046511627906976744,3,0.03488372093023256,0
0.74,1949946039,targeted,betweenness,86,4,0.046511627906976744,3,0.03488372093023256,0
0.74,504939723,targeted,betweenness,86,4,0.046511627906976744,3,0.03488372093023256,0
0.74,792944337,targeted,betweenness,86,4,0.046511627906976744,3,0.03488372093023256,0
0.74,1554086941,targeted,betweenness,86,4,0.046511627906976744,3,0.03488372093023256,0
0.74,1573584193,targeted,betweenness,86,4,0.046511627906976744,3,0.03488372093023256,0
0.74,3207499214,targeted,betweenness,86,4,0.046511627906976744,3,0.03488372093023256,0
0.74,672887157,targeted,betweenness,86,4,0.046511627906976744,3,0.03488372093023256,0
0.74,2681254115,targeted,betweenness,86,4,0.046511627906976744,3,0.03488372093023256,0
0.74,489961754,targeted,betweenness,86,4,0.046511627906976744,3,0.03488372093023256,0
0.74,4089328977,targeted,betweenness,86,4,0.046511627906976744,3,0.03488372093023256,0
0.74,554720755,targeted,betweenness,86,4,0.046511627906976744,3,0.03488372093023256,0
0.74,74745898,targeted,betweenness,86,4,0.046511627906976744,3,0.03488372093023256,0
0.74,712818844,targeted,betweenness,86,4,0.046511627906976744,3,0.03488372093023256,0
0.74,1824708766,targeted,betweenness,86,4,0.046511627906976744,3,0.03488372093023256,0
0.74,3419821551,targeted,betweenness,86,4,0.046511627906976744,3,0.03488372093023256,0
0.74,108162845,targeted,betweenness,86,4,0.046511627906976744,3,0.03488372093023256,0
0.74,1573005593,targeted,betweenness,86,4,0.046511627906976744,3,0.03488372093023256,0
0.74,230425726,targeted,betweenness,86,4,0.046511627906976744,3,0.03488372093023256,0
0.74,1914309948,targeted,betweenness,86,4,0.046511627906976744,3,0.03488372093023256,0
0.74,2423327543,targeted,betweenness,86,4,0.046511627906976744,3,0.03488372093023256,0
0.74,513320319,targeted,betweenness,86,4,0.046511627906976744,3,0.03488372093023256,0
0.74,1529911256,targeted,betweenness,86,4,0.046511627906976744,3,0.03488372093023256,0
0.74,1379546130,targeted,betweenness,86,4,0.046511627906976744,3,0.03488372093023256,0
0.74,2231403294,targeted,betweenness,86,4,0.046511627906976744,3,0.03488372093023256,0
0.74,3297042082,targeted,betweenness,86,4,0.046511627906976744,3,0.03488372093023256,0
0.74,3520496762,targeted,betweenness,86,4,0.046511627906976744,3,0.03488372093023256,0
0.74,883303376,targeted,betweenness,86,4,0.046511627906976744,3,0.03488372093023256,0
0.74,3797214044,targeted,betweenness,86,4,0.046511627906976744,3,0.03488372093023256,0
0.74,1201520199,targeted,betweenness,86,4,0.046511627906976744,3,0.03488372093023256,0
0.74,2100110658,targeted,betweenness,86,4,0.046511627906976744,3,0.03488372093023256,0
0.74,3971329477,targeted,betweenness,86,4,0.046511627906976744,3,0.03488372093023256,0
0.74,428592460,targeted,betweenness,86,4,0.046511627906976744,3,0.03488372093023256,0
0.74,493042650,targeted,betweenness,86,4,0.046511627906976744,3,0.03488372093023256,0
0.74,1438871067,targeted,betweenness,86,4,0.046511627906976744,3,0.03488372093023256,0
0.74,2654482378,targeted,betweenness,86,4,0.046511627906976744,3,0.03488372093023256,0
0.74,3619150138,targeted,betweenness,86,4,0.046511627906976744,3,0.03488372093023256,0
0.74,1166728176,targeted,betweenness,86,4,0.046511627906976744,3,0.03488372093023256,0
0.74,3587199084,targeted,betweenness,86,4,0.046511627906976744,3,0.03488372093023256,0
0.74,280124297,targeted,betweenness,86,4,0.046511627906976744,3,0.03488372093023256,0
0.74,1816173299,targeted,betweenness,86,4,0.046511627906976744,3,0.03488372093023256,0
0.74,623881226,targeted,betweenness,86,4,0.046511627906976744,3,0.03488372093023256,0
0.74,1842428575,targeted,betweenness,86,4,0.046511627906976744,3,0.03488372093023256,0
0.74,996377151,targeted,betweenness,86,4,0.046511627906976744,3,0.03488372093023256,0
0.74,445771830,targeted,betweenness,86,4,0.046511627906976744,3,0.03488372093023256,0
0.74,3273107934,targeted,betweenness,86,4,0.046511627906976744,3,0.03488372093023256,0
0.74,894382054,targeted,betweenness,86,4,0.046511627906976744,3,0.03488372093023256,0
0.74,470584458,targeted,betweenness,86,4,0.046511627906976744,3,0.03488372093023256,0
0.74,3766405486,targeted,betweenness,86,4,0.046511627906976744,3,0.03488372093023256,0
0.74,3341599186,targeted,betweenness,86,4,0.046511627906976744,3,0.03488372093023256,0
0.74,3968529420,targeted,betweenness,86,4,0.046511627906976744,3,0.03488372093023256,0
0.74,1651141360,targeted,betweenness,86,4,0.046511627906976744,3,0.03488372093023256,0
0.74,2405076685,targeted,betweenness,86,4,0.046511627906976744,3,0.03488372093023256,0
0.74,3405727036,targeted,betweenness,86,4,0.046511627906976744,3,0.03488372093023256,0
0.75,2131092312,targeted,betweenness,86,4,0.046511627906976744,3,0.03488372093023256,0
0.75,309500762,targeted,betweenness,86,4,0.046511627906976744,3,0.03488372093023256,0
0.75,4057476853,targeted,betweenness,86,4,0.046511627906976744,3,0.03488372093023256,0
0.75,1404407906,targeted,betweenness,86,4,0.046511627906976744,3,0.03488372093023256,0
0.75,4008465007,targeted,betweenness,86,4,0.046511627906976744,3,0.03488372093023256,0
0.75,2303351269,targeted,betweenness,86,4,0.046511627906976744,3,0.03488372093023256,0
0.75,898842852,targeted,betweenness,86,4,0.046511627906976744,3,0.03488372093023256,0
0.75,147004874,targeted,betweenness,86,4,0.046511627906976744,3,0.03488372093023256,0
0.75,2772722515,targeted,betweenness,86,4,0.046511627906976744,3,0.03488372093023256,0
0.75,4066139181,targeted,betweenness,86,4,0.046511627906976744,3,0.03488372093023256,0
0.75,739622371,targeted,betweenness,86,4,0.046511627906976744,3,0.03488372093023256,0
0.75,4108202310,targeted,betweenness,86,4,0.046511627906976744,3,0.03488372093023256,0
0.75,4257532469,targeted,betweenness,86,4,0.046511627906976744,3,0.03488372093023256,0
0.75,3275072954,targeted,betweenness,86,4,0.046511627906976744,3,0.03488372093023256,0
0.75,1061035337,targeted,betweenness,86,4,0.046511627906976744,3,0.03488372093023256,0
0.75,2417172255,targeted,betweenness,86,4,0.046511627906976744,3,0.03488372093023256,0
0.75,2052087819,targeted,betweenness,86,4,0.046511627906976744,3,0.03488372093023256,0
0.75,1902281305,targeted,betweenness,86,4,0.046511627906976744,3,0.03488372093023256,0
0.75,2267398782,targeted,betweenness,86,4,0.046511627906976744,3,0.03488372093023256,0
0.75,1055896279,targeted,betweenness,86,4,0.046511627906976744,3,0.03488372093023256,0
0.75,4271108927,targeted,betweenness,86,4,0.046511627906976744,3,0.03488372093023256,0
0.75,454918164,targeted,betweenness,86,4,0.046511627906976744,3,0.03488372093023256,0
0.75,688940946,targeted,betweenness,86,4,0.046511627906976744,3,0.03488372093023256,0
0.75,939008641,targeted,betweenness,86,4,0.046511627906976744,3,0.03488372093023256,0
0.75,2594962861,targeted,betweenness,86,4,0.046511627906976744,3,0.03488372093023256,0
0.75,3033173325,targeted,betweenness,86,4,0.046511627906976744,3,0.03488372093023256,0
0.75,1281453979,targeted,betweenness,86,4,0.046511627906976744,3,0.03488372093023256,0
0.75,1211127376,targeted,betweenness,86,4,0.046511627906976744,3,0.03488372093023256,0
0.75,2096481560,targeted,betweenness,86,4,0.046511627906976744,3,0.03488372093023256,0
0.75,3796578575,targeted,betweenness,86,4,0.046511627906976744,3,0.03488372093023256,0
0.75,826987788,targeted,betweenness,86,4,0.046511627906976744,3,0.03488372093023256,0
0.75,2593347996,targeted,betweenness,86,4,0.046511627906976744,3,0.03488372093023256,0
0.75,3446600565,targeted,betweenness,86,4,0.046511627906976744,3,0.03488372093023256,0
0.75,773696577,targeted,betweenness,86,4,0.046511627906976744,3,0.03488372093023256,0
0.75,2864011893,targeted,betweenness,86,4,0.046511627906976744,3,0.03488372093023256,0
0.75,305011767,targeted,betweenness,86,4,0.046511627906976744,3,0.03488372093023256,0
0.75,2689170446,targeted,betweenness,86,4,0.046511627906976744,3,0.03488372093023256,0
0.75,2772551952,targeted,betweenness,86,4,0.046511627906976744,3,0.03488372093023256,0
0.75,1066617692,targeted,betweenness,86,4,0.046511627906976744,3,0.03488372093023256,0
0.75,2857302523,targeted,betweenness,86,4,0.046511627906976744,3,0.03488372093023256,0
0.75,2830422225,targeted,betweenness,86,4,0.046511627906976744,3,0.03488372093023256,0
0.75,881923227,targeted,betweenness,86,4,0.046511627906976744,3,0.03488372093023256,0
0.75,2675558645,targeted,betweenness,86,4,0.046511627906976744,3,0.03488372093023256,0
0.75,1621218387,targeted,betweenness,86,4,0.046511627906976744,3,0.03488372093023256,0
0.75,1261759006,targeted,betweenness,86,4,0.046511627906976744,3,0.03488372093023256,0
0.75,564977118,targeted,betweenness,86,4,0.046511627906976744,3,0.03488372093023256,0
0.75,1364591426,targeted,betweenness,86,4,0.046511627906976744,3,0.03488372093023256,0
0.75,765513428,targeted,betweenness,86,4,0.046511627906976744,3,0.03488372093023256,0
0.75,3874210252,targeted,betweenness,86,4,0.046511627906976744,3,0.03488372093023256,0
0.75,1682703539,targeted,betweenness,86,4,0.046511627906976744,3,0.03488372093023256,0
0.75,3817817260,targeted,betweenness,86,4,0.046511627906976744,3,0.03488372093023256,0
0.75,2448528459,targeted,betweenness,86,4,0.046511627906976744,3,0.03488372093023256,0
0.75,4024533792,targeted,betweenness,86,4,0.046511627906976744,3,0.03488372093023256,0
0.75,3956026615,targeted,betweenness,86,4,0.046511627906976744,3,0.03488372093023256,0
0.75,3866701240,targeted,betweenness,86,4,0.046511627906976744,3,0.03488372093023256,0
0.75,493876426,targeted,betweenness,86,4,0.046511627906976744,3,0.03488372093023256,0
0.75,1609201445,targeted,betweenness,86,4,0.046511627906976744,3,0.03488372093023256,0
0.75,2852131547,targeted,betweenness,86,4,0.046511627906976744,3,0.03488372093023256,0
0.75,428035615,targeted,betweenness,86,4,0.046511627906976744,3,0.03488372093023256,0
0.75,476332078,targeted,betweenness,86,4,0.046511627906976744,3,0.03488372093023256,0
0.75,282087824,targeted,betweenness,86,4,0.046511627906976744,3,0.03488372093023256,0
0.75,2231026953,targeted,betweenness,86,4,0.046511627906976744,3,0.03488372093023256,0
0.75,612286831,targeted,betweenness,86,4,0.046511627906976744,3,0.03488372093023256,0
0.75,4233718214,targeted,betweenness,86,4,0.046511627906976744,3,0.03488372093023256,0
0.75,2640984398,targeted,betweenness,86,4,0.046511627906976744,3,0.03488372093023256,0
0.75,405596082,targeted,betweenness,86,4,0.046511627906976744,3,0.03488372093023256,0
0.75,4103380379,targeted,betweenness,86,4,0.046511627906976744,3,0.03488372093023256,0
0.75,3147455977,targeted,betweenness,86,4,0.046511627906976744,3,0.03488372093023256,0
0.75,2149994998,targeted,betweenness,86,4,0.046511627906976744,3,0.03488372093023256,0
0.75,1402795043,targeted,betweenness,86,4,0.046511627906976744,3,0.03488372093023256,0
0.75,4227888000,targeted,betweenness,86,4,0.046511627906976744,3,0.03488372093023256,0
0.75,2475570376,targeted,betweenness,86,4,0.046511627906976744,3,0.03488372093023256,0
0.75,190371583,targeted,betweenness,86,4,0.046511627906976744,3,0.03488372093023256,0
0.75,3085090477,targeted,betweenness,86,4,0.046511627906976744,3,0.03488372093023256,0
0.75,2892703141,targeted,betweenness,86,4,0.046511627906976744,3,0.03488372093023256,0
0.75,3321217585,targeted,betweenness,86,4,0.046511627906976744,3,0.03488372093023256,0
0.75,850910414,targeted,betweenness,86,4,0.046511627906976744,3,0.03488372093023256,0
0.75,4045792479,targeted,betweenness,86,4,0.046511627906976744,3,0.03488372093023256,0
0.75,2419955588,targeted,betweenness,86,4,0.046511627906976744,3,0.03488372093023256,0
0.75,2641511632,targeted,betweenness,86,4,0.046511627906976744,3,0.03488372093023256,0
0.75,2131217089,targeted,betweenness,86,4,0.046511627906976744,3,0.03488372093023256,0
0.75,1887394535,targeted,betweenness,86,4,0.046511627906976744,3,0.03488372093023256,0
0.75,3936478752,targeted,betweenness,86,4,0.046511627906976744,3,0.03488372093023256,0
0.75,4198559799,targeted,betweenness,86,4,0.046511627906976744,3,0.03488372093023256,0
0.75,2767558755,targeted,betweenness,86,4,0.046511627906976744,3,0.03488372093023256,0
0.75,712900764,targeted,betweenness,86,4,0.046511627906976744,3,0.03488372093023256,0
0.75,3014992271,targeted,betweenness,86,4,0.046511627906976744,3,0.03488372093023256,0
0.75,170325969,targeted,betweenness,86,4,0.046511627906976744,3,0.03488372093023256,0
0.75,2431797890,targeted,betweenness,86,4,0.046511627906976744,3,0.03488372093023256,0
0.75,3144728687,targeted,betweenness,86,4,0.046511627906976744,3,0.03488372093023256,0
0.75,1763759104,targeted,betweenness,86,4,0.046511627906976744,3,0.03488372093023256,0
0.75,1687678934,targeted,betweenness,86,4,0.046511627906976744,3,0.03488372093023256,0
0.75,429581007,targeted,betweenness,86,4,0.046511627906976744,3,0.03488372093023256,0
0.75,3681196877,targeted,betweenness,86,4,0.046511627906976744,3,0.03488372093023256,0
0.75,1029196046,targeted,betweenness,86,4,0.046511627906976744,3,0.03488372093023256,0
0.75,20432173,targeted,betweenness,86,4,0.046511627906976744,3,0.03488372093023256,0
0.75,776625114,targeted,betweenness,86,4,0.046511627906976744,3,0.03488372093023256,0
0.75,220753414,targeted,betweenness,86,4,0.046511627906976744,3,0.03488372093023256,0
0.75,935215702,targeted,betweenness,86,4,0.046511627906976744,3,0.03488372093023256,0
0.75,1118323487,targeted,betweenness,86,4,0.046511627906976744,3,0.03488372093023256,0
0.76,4262354916,targeted,betweenness,86,3,0.03488372093023256,3,0.03488372093023256,0
0.76,2727188336,targeted,betweenness,86,3,0.03488372093023256,3,0.03488372093023256,0
0.76,711139523,targeted,betweenness,86,3,0.03488372093023256,3,0.03488372093023256,0
0.76,233541719,targeted,betweenness,86,3,0.03488372093023256,3,0.03488372093023256,0
0.76,1419991853,targeted,betweenness,86,3,0.03488372093023256,3,0.03488372093023256,0
0.76,4228115605,targeted,betweenness,86,3,0.03488372093023256,3,0.03488372093023256,0
0.76,556417378,targeted,betweenness,86,3,0.03488372093023256,3,0.03488372093023256,0
0.76,4091381440,targeted,betweenness,86,3,0.03488372093023256,3,0.03488372093023256,0
0.76,3939481382,targeted,betweenness,86,3,0.03488372093023256,3,0.03488372093023256,0
0.76,154757932,targeted,betweenness,86,3,0.03488372093023256,3,0.03488372093023256,0
0.76,980677270,targeted,betweenness,86,3,0.03488372093023256,3,0.03488372093023256,0
0.76,1890547897,targeted,betweenness,86,3,0.03488372093023256,3,0.03488372093023256,0
0.76,4130434398,targeted,betweenness,86,3,0.03488372093023256,3,0.03488372093023256,0
0.76,852056252,targeted,betweenness,86,3,0.03488372093023256,3,0.03488372093023256,0
0.76,2582342341,targeted,betweenness,86,3,0.03488372093023256,3,0.03488372093023256,0
0.76,4043301151,targeted,betweenness,86,3,0.03488372093023256,3,0.03488372093023256,0
0.76,3336309068,targeted,betweenness,86,3,0.03488372093023256,3,0.03488372093023256,0
0.76,694771257,targeted,betweenness,86,3,0.03488372093023256,3,0.03488372093023256,0
0.76,3371497653,targeted,betweenness,86,3,0.03488372093023256,3,0.03488372093023256,0
0.76,1791216702,targeted,betweenness,86,3,0.03488372093023256,3,0.03488372093023256,0
0.76,3286833301,targeted,betweenness,86,3,0.03488372093023256,3,0.03488372093023256,0
0.76,3249762008,targeted,betweenness,86,3,0.03488372093023256,3,0.03488372093023256,0
0.76,4124420702,targeted,betweenness,86,3,0.03488372093023256,3,0.03488372093023256,0
0.76,4310028,targeted,betweenness,86,3,0.03488372093023256,3,0.03488372093023256,0
0.76,2966757006,targeted,betweenness,86,3,0.03488372093023256,3,0.03488372093023256,0
0.76,1561847591,targeted,betweenness,86,3,0.03488372093023256,3,0.03488372093023256,0
0.76,3847382236,targeted,betweenness,86,3,0.03488372093023256,3,0.03488372093023256,0
0.76,1854446529,targeted,betweenness,86,3,0.03488372093023256,3,0.03488372093023256,0
0.76,720056498,targeted,betweenness,86,3,0.03488372093023256,3,0.03488372093023256,0
0.76,1673390932,targeted,betweenness,86,3,0.03488372093023256,3,0.03488372093023256,0
0.76,2761722230,targeted,betweenness,86,3,0.03488372093023256,3,0.03488372093023256,0
0.76,3306417779,targeted,betweenness,86,3,0.03488372093023256,3,0.03488372093023256,0
0.76,816985,targeted,betweenness,86,3,0.03488372093023256,3,0.03488372093023256,0
0.76,2608018334,targeted,betweenness,86,3,0.03488372093023256,3,0.03488372093023256,0
0.76,2111332652,targeted,betweenness,86,3,0.03488372093023256,3,0.03488372093023256,0
0.76,2940827248,targeted,betweenness,86,3,0.03488372093023256,3,0.03488372093023256,0
0.76,2484065472,targeted,betweenness,86,3,0.03488372093023256,3,0.03488372093023256,0
0.76,1374593038,targeted,betweenness,86,3,0.03488372093023256,3,0.03488372093023256,0
0.76,1436644001,targeted,betweenness,86,3,0.03488372093023256,3,0.03488372093023256,0
0.76,3641893444,targeted,betweenness,86,3,0.03488372093023256,3,0.03488372093023256,0
0.76,263373326,targeted,betweenness,86,3,0.03488372093023256,3,0.03488372093023256,0
0.76,795295757,targeted,betweenness,86,3,0.03488372093023256,3,0.03488372093023256,0
0.76,1371964314,targeted,betweenness,86,3,0.03488372093023256,3,0.03488372093023256,0
0.76,1489735876,targeted,betweenness,86,3,0.03488372093023256,3,0.03488372093023256,0
0.76,2298792333,targeted,betweenness,86,3,0.03488372093023256,3,0.03488372093023256,0
0.76,2265855429,targeted,betweenness,86,3,0.03488372093023256,3,0.03488372093023256,0
0.76,1604226059,targeted,betweenness,86,3,0.03488372093023256,3,0.03488372093023256,0
0.76,1347745573,targeted,betweenness,86,3,0.03488372093023256,3,0.03488372093023256,0
0.76,2715087868,targeted,betweenness,86,3,0.03488372093023256,3,0.03488372093023256,0
0.76,2760549102,targeted,betweenness,86,3,0.03488372093023256,3,0.03488372093023256,0
0.76,3192120418,targeted,betweenness,86,3,0.03488372093023256,3,0.03488372093023256,0
0.76,1973210227,targeted,betweenness,86,3,0.03488372093023256,3,0.03488372093023256,0
0.76,697031158,targeted,betweenness,86,3,0.03488372093023256,3,0.03488372093023256,0
0.76,3901582324,targeted,betweenness,86,3,0.03488372093023256,3,0.03488372093023256,0
0.76,786163269,targeted,betweenness,86,3,0.03488372093023256,3,0.03488372093023256,0
0.76,1177053180,targeted,betweenness,86,3,0.03488372093023256,3,0.03488372093023256,0
0.76,1451355618,targeted,betweenness,86,3,0.03488372093023256,3,0.03488372093023256,0
0.76,1195224303,targeted,betweenness,86,3,0.03488372093023256,3,0.03488372093023256,0
0.76,198366993,targeted,betweenness,86,3,0.03488372093023256,3,0.03488372093023256,0
0.76,2381658461,targeted,betweenness,86,3,0.03488372093023256,3,0.03488372093023256,0
0.76,3526731105,targeted,betweenness,86,3,0.03488372093023256,3,0.03488372093023256,0
0.76,3601374748,targeted,betweenness,86,3,0.03488372093023256,3,0.03488372093023256,0
0.76,2478530827,targeted,betweenness,86,3,0.03488372093023256,3,0.03488372093023256,0
0.76,1580271123,targeted,betweenness,86,3,0.03488372093023256,3,0.03488372093023256,0
0.76,992365431,targeted,betweenness,86,3,0.03488372093023256,3,0.03488372093023256,0
0.76,535681562,targeted,betweenness,86,3,0.03488372093023256,3,0.03488372093023256,0
0.76,2917374997,targeted,betweenness,86,3,0.03488372093023256,3,0.03488372093023256,0
0.76,1410431466,targeted,betweenness,86,3,0.03488372093023256,3,0.03488372093023256,0
0.76,4113626287,targeted,betweenness,86,3,0.03488372093023256,3,0.03488372093023256,0
0.76,3336133824,targeted,betweenness,86,3,0.03488372093023256,3,0.03488372093023256,0
0.76,313713374,targeted,betweenness,86,3,0.03488372093023256,3,0.03488372093023256,0
0.76,3073455568,targeted,betweenness,86,3,0.03488372093023256,3,0.03488372093023256,0
0.76,2558696828,targeted,betweenness,86,3,0.03488372093023256,3,0.03488372093023256,0
0.76,2303859780,targeted,betweenness,86,3,0.03488372093023256,3,0.03488372093023256,0
0.76,3841731448,targeted,betweenness,86,3,0.03488372093023256,3,0.03488372093023256,0
0.76,4083828812,targeted,betweenness,86,3,0.03488372093023256,3,0.03488372093023256,0
0.76,885094234,targeted,betweenness,86,3,0.03488372093023256,3,0.03488372093023256,0
0.76,1166836524,targeted,betweenness,86,3,0.03488372093023256,3,0.03488372093023256,0
0.76,444748209,targeted,betweenness,86,3,0.03488372093023256,3,0.03488372093023256,0
0.76,3870054118,targeted,betweenness,86,3,0.03488372093023256,3,0.03488372093023256,0
0.76,3393200096,targeted,betweenness,86,3,0.03488372093023256,3,0.03488372093023256,0
0.76,3050812557,targeted,betweenness,86,3,0.03488372093023256,3,0.03488372093023256,0
0.76,1298416477,targeted,betweenness,86,3,0.03488372093023256,3,0.03488372093023256,0
0.76,4207243062,targeted,betweenness,86,3,0.03488372093023256,3,0.03488372093023256,0
0.76,2257291249,targeted,betweenness,86,3,0.03488372093023256,3,0.03488372093023256,0
0.76,90819897,targeted,betweenness,86,3,0.03488372093023256,3,0.03488372093023256,0
0.76,874509199,targeted,betweenness,86,3,0.03488372093023256,3,0.03488372093023256,0
0.76,3621784404,targeted,betweenness,86,3,0.03488372093023256,3,0.03488372093023256,0
0.76,2444634838,targeted,betweenness,86,3,0.03488372093023256,3,0.03488372093023256,0
0.76,3358102297,targeted,betweenness,86,3,0.03488372093023256,3,0.03488372093023256,0
0.76,3422120792,targeted,betweenness,86,3,0.03488372093023256,3,0.03488372093023256,0
0.76,1792606695,targeted,betweenness,86,3,0.03488372093023256,3,0.03488372093023256,0
0.76,2387864408,targeted,betweenness,86,3,0.03488372093023256,3,0.03488372093023256,0
0.76,1049464766,targeted,betweenness,86,3,0.03488372093023256,3,0.03488372093023256,0
0.76,881126144,targeted,betweenness,86,3,0.03488372093023256,3,0.03488372093023256,0
0.76,1040342764,targeted,betweenness,86,3,0.03488372093023256,3,0.03488372093023256,0
0.76,2371912121,targeted,betweenness,86,3,0.03488372093023256,3,0.03488372093023256,0
0.76,3508545377,targeted,betweenness,86,3,0.03488372093023256,3,0.03488372093023256,0
0.76,3576743748,targeted,betweenness,86,3,0.03488372093023256,3,0.03488372093023256,0
0.76,1434466601,targeted,betweenness,86,3,0.03488372093023256,3,0.03488372093023256,0
0.77,3004197185,targeted,betweenness,86,3,0.03488372093023256,3,0.03488372093023256,0
0.77,258042654,targeted,betweenness,86,3,0.03488372093023256,3,0.03488372093023256,0
0.77,2176892347,targeted,betweenness,86,3,0.03488372093023256,3,0.03488372093023256,0
0.77,1593092358,targeted,betweenness,86,3,0.03488372093023256,3,0.03488372093023256,0
0.77,1071700143,targeted,betweenness,86,3,0.03488372093023256,3,0.03488372093023256,0
0.77,3548289219,targeted,betweenness,86,3,0.03488372093023256,3,0.03488372093023256,0
0.77,1552537934,targeted,betweenness,86,3,0.03488372093023256,3,0.03488372093023256,0
0.77,2412819918,targeted,betweenness,86,3,0.03488372093023256,3,0.03488372093023256,0
0.77,1031996631,targeted,betweenness,86,3,0.03488372093023256,3,0.03488372093023256,0
0.77,2674229946,targeted,betweenness,86,3,0.03488372093023256,3,0.03488372093023256,0
0.77,2990977269,targeted,betweenness,86,3,0.03488372093023256,3,0.03488372093023256,0
0.77,8523034,targeted,betweenness,86,3,0.03488372093023256,3,0.03488372093023256,0
0.77,1990974456,targeted,betweenness,86,3,0.03488372093023256,3,0.03488372093023256,0
0.77,4167197811,targeted,betweenness,86,3,0.03488372093023256,3,0.03488372093023256,0
0.77,1033852558,targeted,betweenness,86,3,0.03488372093023256,3,0.03488372093023256,0
0.77,1104237161,targeted,betweenness,86,3,0.03488372093023256,3,0.03488372093023256,0
0.77,2566829345,targeted,betweenness,86,3,0.03488372093023256,3,0.03488372093023256,0
0.77,2731675782,targeted,betweenness,86,3,0.03488372093023256,3,0.03488372093023256,0
0.77,2916959386,targeted,betweenness,86,3,0.03488372093023256,3,0.03488372093023256,0
0.77,1821200869,targeted,betweenness,86,3,0.03488372093023256,3,0.03488372093023256,0
0.77,2689194986,targeted,betweenness,86,3,0.03488372093023256,3,0.03488372093023256,0
0.77,1538221991,targeted,betweenness,86,3,0.03488372093023256,3,0.03488372093023256,0
0.77,3628578015,targeted,betweenness,86,3,0.03488372093023256,3,0.03488372093023256,0
0.77,3363297250,targeted,betweenness,86,3,0.03488372093023256,3,0.03488372093023256,0
0.77,2448449989,targeted,betweenness,86,3,0.03488372093023256,3,0.03488372093023256,0
0.77,3236063006,targeted,betweenness,86,3,0.03488372093023256,3,0.03488372093023256,0
0.77,755658254,targeted,betweenness,86,3,0.03488372093023256,3,0.03488372093023256,0
0.77,2463645482,targeted,betweenness,86,3,0.03488372093023256,3,0.03488372093023256,0
0.77,2183585402,targeted,betweenness,86,3,0.03488372093023256,3,0.03488372093023256,0
0.77,891965365,targeted,betweenness,86,3,0.03488372093023256,3,0.03488372093023256,0
0.77,150328037,targeted,betweenness,86,3,0.03488372093023256,3,0.03488372093023256,0
0.77,878331549,targeted,betweenness,86,3,0.03488372093023256,3,0.03488372093023256,0
0.77,3461301341,targeted,betweenness,86,3,0.03488372093023256,3,0.03488372093023256,0
0.77,2782536865,targeted,betweenness,86,3,0.03488372093023256,3,0.03488372093023256,0
0.77,3071599266,targeted,betweenness,86,3,0.03488372093023256,3,0.03488372093023256,0
0.77,1827513816,targeted,betweenness,86,3,0.03488372093023256,3,0.03488372093023256,0
0.77,870854641,targeted,betweenness,86,3,0.03488372093023256,3,0.03488372093023256,0
0.77,2316901057,targeted,betweenness,86,3,0.03488372093023256,3,0.03488372093023256,0
0.77,3532910158,targeted,betweenness,86,3,0.03488372093023256,3,0.03488372093023256,0
0.77,1877500515,targeted,betweenness,86,3,0.03488372093023256,3,0.03488372093023256,0
0.77,2519008785,targeted,betweenness,86,3,0.03488372093023256,3,0.03488372093023256,0
0.77,3226244691,targeted,betweenness,86,3,0.03488372093023256,3,0.03488372093023256,0
0.77,1252574172,targeted,betweenness,86,3,0.03488372093023256,3,0.03488372093023256,0
0.77,1943189752,targeted,betweenness,86,3,0.03488372093023256,3,0.03488372093023256,0
0.77,3241395739,targeted,betweenness,86,3,0.03488372093023256,3,0.03488372093023256,0
0.77,598699334,targeted,betweenness,86,3,0.03488372093023256,3,0.03488372093023256,0
0.77,1749668480,targeted,betweenness,86,3,0.03488372093023256,3,0.03488372093023256,0
0.77,1343303910,targeted,betweenness,86,3,0.03488372093023256,3,0.03488372093023256,0
0.77,4017847063,targeted,betweenness,86,3,0.03488372093023256,3,0.03488372093023256,0
0.77,934434578,targeted,betweenness,86,3,0.03488372093023256,3,0.03488372093023256,0
0.77,1275985396,targeted,betweenness,86,3,0.03488372093023256,3,0.03488372093023256,0
0.77,1289991233,targeted,betweenness,86,3,0.03488372093023256,3,0.03488372093023256,0
0.77,2157343579,targeted,betweenness,86,3,0.03488372093023256,3,0.03488372093023256,0
0.77,3269851212,targeted,betweenness,86,3,0.03488372093023256,3,0.03488372093023256,0
0.77,3532206483,targeted,betweenness,86,3,0.03488372093023256,3,0.03488372093023256,0
0.77,2152827618,targeted,betweenness,86,3,0.03488372093023256,3,0.03488372093023256,0
0.77,234266049,targeted,betweenness,86,3,0.03488372093023256,3,0.03488372093023256,0
0.77,606889063,targeted,betweenness,86,3,0.03488372093023256,3,0.03488372093023256,0
0.77,1098296371,targeted,betweenness,86,3,0.03488372093023256,3,0.03488372093023256,0
0.77,1303253370,targeted,betweenness,86,3,0.03488372093023256,3,0.03488372093023256,0
0.77,3383887520,targeted,betweenness,86,3,0.03488372093023256,3,0.03488372093023256,0
0.77,1070580077,targeted,betweenness,86,3,0.03488372093023256,3,0.03488372093023256,0
0.77,1181130375,targeted,betweenness,86,3,0.03488372093023256,3,0.03488372093023256,0
0.77,3843814549,targeted,betweenness,86,3,0.03488372093023256,3,0.03488372093023256,0
0.77,990446090,targeted,betweenness,86,3,0.03488372093023256,3,0.03488372093023256,0
0.77,3225355192,targeted,betweenness,86,3,0.03488372093023256,3,0.03488372093023256,0
0.77,2765821314,targeted,betweenness,86,3,0.03488372093023256,3,0.03488372093023256,0
0.77,3459025883,targeted,betweenness,86,3,0.03488372093023256,3,0.03488372093023256,0
0.77,2007503285,targeted,betweenness,86,3,0.03488372093023256,3,0.03488372093023256,0
0.77,698998654,targeted,betweenness,86,3,0.03488372093023256,3,0.03488372093023256,0
0.77,1979923027,targeted,betweenness,86,3,0.03488372093023256,3,0.03488372093023256,0
0.77,3121644273,targeted,betweenness,86,3,0.03488372093023256,3,0.03488372093023256,0
0.77,2948611964,targeted,betweenness,86,3,0.03488372093023256,3,0.03488372093023256,0
0.77,2228692554,targeted,betweenness,86,3,0.03488372093023256,3,0.03488372093023256,0
0.77,2577498120,targeted,betweenness,86,3,0.03488372093023256,3,0.03488372093023256,0
0.77,2438123137,targeted,betweenness,86,3,0.03488372093023256,3,0.03488372093023256,0
0.77,2173261758,targeted,betweenness,86,3,0.03488372093023256,3,0.03488372093023256,0
0.77,2536774618,targeted,betweenness,86,3,0.03488372093023256,3,0.03488372093023256,0
0.77,2535134285,targeted,betweenness,86,3,0.03488372093023256,3,0.03488372093023256,0
0.77,2230825351,targeted,betweenness,86,3,0.03488372093023256,3,0.03488372093023256,0
0.77,1320646752,targeted,betweenness,86,3,0.03488372093023256,3,0.03488372093023256,0
0.77,233839563,targeted,betweenness,86,3,0.03488372093023256,3,0.03488372093023256,0
0.77,2060406664,targeted,betweenness,86,3,0.03488372093023256,3,0.03488372093023256,0
0.77,814094976,targeted,betweenness,86,3,0.03488372093023256,3,0.03488372093023256,0
0.77,1129701148,targeted,betweenness,86,3,0.03488372093023256,3,0.03488372093023256,0
0.77,29580394,targeted,betweenness,86,3,0.03488372093023256,3,0.03488372093023256,0
0.77,3270575456,targeted,betweenness,86,3,0.03488372093023256,3,0.03488372093023256,0
0.77,4027992774,targeted,betweenness,86,3,0.03488372093023256,3,0.03488372093023256,0
0.77,2473312281,targeted,betweenness,86,3,0.03488372093023256,3,0.03488372093023256,0
0.77,166062452,targeted,betweenness,86,3,0.03488372093023256,3,0.03488372093023256,0
0.77,2188125082,targeted,betweenness,86,3,0.03488372093023256,3,0.03488372093023256,0
0.77,12603163,targeted,betweenness,86,3,0.03488372093023256,3,0.03488372093023256,0
0.77,1020447284,targeted,betweenness,86,3,0.03488372093023256,3,0.03488372093023256,0
0.77,2353376360,targeted,betweenness,86,3,0.03488372093023256,3,0.03488372093023256,0
0.77,1723003063,targeted,betweenness,86,3,0.03488372093023256,3,0.03488372093023256,0
0.77,655870704,targeted,betweenness,86,3,0.03488372093023256,3,0.03488372093023256,0
0.77,4133313158,targeted,betweenness,86,3,0.03488372093023256,3,0.03488372093023256,0
0.77,1921244183,targeted,betweenness,86,3,0.03488372093023256,3,0.03488372093023256,0
0.77,3140350393,targeted,betweenness,86,3,0.03488372093023256,3,0.03488372093023256,0
0.77,1025192564,targeted,betweenness,86,3,0.03488372093023256,3,0.03488372093023256,0
0.78,2297338434,targeted,betweenness,86,3,0.03488372093023256,3,0.03488372093023256,0
0.78,3218087523,targeted,betweenness,86,3,0.03488372093023256,3,0.03488372093023256,0
0.78,92732976,targeted,betweenness,86,3,0.03488372093023256,3,0.03488372093023256,0
0.78,955564152,targeted,betweenness,86,3,0.03488372093023256,3,0.03488372093023256,0
0.78,618860439,targeted,betweenness,86,3,0.03488372093023256,3,0.03488372093023256,0
0.78,4280779114,targeted,betweenness,86,3,0.03488372093023256,3,0.03488372093023256,0
0.78,379276598,targeted,betweenness,86,3,0.03488372093023256,3,0.03488372093023256,0
0.78,3031886330,targeted,betweenness,86,3,0.03488372093023256,3,0.03488372093023256,0
0.78,433119723,targeted,betweenness,86,3,0.03488372093023256,3,0.03488372093023256,0
0.78,1133323351,targeted,betweenness,86,3,0.03488372093023256,3,0.03488372093023256,0
0.78,3130739480,targeted,betweenness,86,3,0.03488372093023256,3,0.03488372093023256,0
0.78,1320918015,targeted,betweenness,86,3,0.03488372093023256,3,0.03488372093023256,0
0.78,1121107982,targeted,betweenness,86,3,0.03488372093023256,3,0.03488372093023256,0
0.78,2878821398,targeted,betweenness,86,3,0.03488372093023256,3,0.03488372093023256,0
0.78,634759724,targeted,betweenness,86,3,0.03488372093023256,3,0.03488372093023256,0
0.78,1293154134,targeted,betweenness,86,3,0.03488372093023256,3,0.03488372093023256,0
0.78,240368874,targeted,betweenness,86,3,0.03488372093023256,3,0.03488372093023256,0
0.78,1477813027,targeted,betweenness,86,3,0.03488372093023256,3,0.03488372093023256,0
0.78,3530882961,targeted,betweenness,86,3,0.03488372093023256,3,0.03488372093023256,0
0.78,320765574,targeted,betweenness,86,3,0.03488372093023256,3,0.03488372093023256,0
0.78,2951857261,targeted,betweenness,86,3,0.03488372093023256,3,0.03488372093023256,0
0.78,355087845,targeted,betweenness,86,3,0.03488372093023256,3,0.03488372093023256,0
0.78,3715042202,targeted,betweenness,86,3,0.03488372093023256,3,0.03488372093023256,0
0.78,3673614522,targeted,betweenness,86,3,0.03488372093023256,3,0.03488372093023256,0
0.78,607016455,targeted,betweenness,86,3,0.03488372093023256,3,0.03488372093023256,0
0.78,385710213,targeted,betweenness,86,3,0.03488372093023256,3,0.03488372093023256,0
0.78,774173673,targeted,betweenness,86,3,0.03488372093023256,3,0.03488372093023256,0
0.78,3077402184,targeted,betweenness,86,3,0.03488372093023256,3,0.03488372093023256,0
0.78,2158914657,targeted,betweenness,86,3,0.03488372093023256,3,0.03488372093023256,0
0.78,1877658558,targeted,betweenness,86,3,0.03488372093023256,3,0.03488372093023256,0
0.78,850365011,targeted,betweenness,86,3,0.03488372093023256,3,0.03488372093023256,0
0.78,4174554575,targeted,betweenness,86,3,0.03488372093023256,3,0.03488372093023256,0
0.78,373866784,targeted,betweenness,86,3,0.03488372093023256,3,0.03488372093023256,0
0.78,2815802752,targeted,betweenness,86,3,0.03488372093023256,3,0.03488372093023256,0
0.78,2307927239,targeted,betweenness,86,3,0.03488372093023256,3,0.03488372093023256,0
0.78,61610288,targeted,betweenness,86,3,0.03488372093023256,3,0.03488372093023256,0
0.78,3014278118,targeted,betweenness,86,3,0.03488372093023256,3,0.03488372093023256,0
0.78,4276927301,targeted,betweenness,86,3,0.03488372093023256,3,0.03488372093023256,0
0.78,1206447328,targeted,betweenness,86,3,0.03488372093023256,3,0.03488372093023256,0
0.78,1609115741,targeted,betweenness,86,3,0.03488372093023256,3,0.03488372093023256,0
0.78,612464951,targeted,betweenness,86,3,0.03488372093023256,3,0.03488372093023256,0
0.78,1974354291,targeted,betweenness,86,3,0.03488372093023256,3,0.03488372093023256,0
0.78,2504249808,targeted,betweenness,86,3,0.03488372093023256,3,0.03488372093023256,0
0.78,2877600023,targeted,betweenness,86,3,0.03488372093023256,3,0.03488372093023256,0
0.78,1272076399,targeted,betweenness,86,3,0.03488372093023256,3,0.03488372093023256,0
0.78,1147917055,targeted,betweenness,86,3,0.03488372093023256,3,0.03488372093023256,0
0.78,2353310433,targeted,betweenness,86,3,0.03488372093023256,3,0.03488372093023256,0
0.78,1809629985,targeted,betweenness,86,3,0.03488372093023256,3,0.03488372093023256,0
0.78,2574617588,targeted,betweenness,86,3,0.03488372093023256,3,0.03488372093023256,0
0.78,1866369666,targeted,betweenness,86,3,0.03488372093023256,3,0.03488372093023256,0
0.78,3844847554,targeted,betweenness,86,3,0.03488372093023256,3,0.03488372093023256,0
0.78,1741919032,targeted,betweenness,86,3,0.03488372093023256,3,0.03488372093023256,0
0.78,1029508925,targeted,betweenness,86,3,0.03488372093023256,3,0.03488372093023256,0
0.78,679211798,targeted,betweenness,86,3,0.03488372093023256,3,0.03488372093023256,0
0.78,1429550842,targeted,betweenness,86,3,0.03488372093023256,3,0.03488372093023256,0
0.78,2560474767,targeted,betweenness,86,3,0.03488372093023256,3,0.03488372093023256,0
0.78,1853716654,targeted,betweenness,86,3,0.03488372093023256,3,0.03488372093023256,0
0.78,3159954224,targeted,betweenness,86,3,0.03488372093023256,3,0.03488372093023256,0
0.78,2607152640,targeted,betweenness,86,3,0.03488372093023256,3,0.03488372093023256,0
0.78,2861231560,targeted,betweenness,86,3,0.03488372093023256,3,0.03488372093023256,0
0.78,1772912695,targeted,betweenness,86,3,0.03488372093023256,3,0.03488372093023256,0
0.78,1777720204,targeted,betweenness,86,3,0.03488372093023256,3,0.03488372093023256,0
0.78,1724000160,targeted,betweenness,86,3,0.03488372093023256,3,0.03488372093023256,0
0.78,3823590508,targeted,betweenness,86,3,0.03488372093023256,3,0.03488372093023256,0
0.78,369929515,targeted,betweenness,86,3,0.03488372093023256,3,0.03488372093023256,0
0.78,1901029048,targeted,betweenness,86,3,0.03488372093023256,3,0.03488372093023256,0
0.78,3024007327,targeted,betweenness,86,3,0.03488372093023256,3,0.03488372093023256,0
0.78,2289848346,targeted,betweenness,86,3,0.03488372093023256,3,0.03488372093023256,0
0.78,4048843808,targeted,betweenness,86,3,0.03488372093023256,3,0.03488372093023256,0
0.78,1421235554,targeted,betweenness,86,3,0.03488372093023256,3,0.03488372093023256,0
0.78,1944742717,targeted,betweenness,86,3,0.03488372093023256,3,0.03488372093023256,0
0.78,2759521315,targeted,betweenness,86,3,0.03488372093023256,3,0.03488372093023256,0
0.78,498692458,targeted,betweenness,86,3,0.03488372093023256,3,0.03488372093023256,0
0.78,1643328794,targeted,betweenness,86,3,0.03488372093023256,3,0.03488372093023256,0
0.78,923256974,targeted,betweenness,86,3,0.03488372093023256,3,0.03488372093023256,0
0.78,1006395906,targeted,betweenness,86,3,0.03488372093023256,3,0.03488372093023256,0
0.78,1148618426,targeted,betweenness,86,3,0.03488372093023256,3,0.03488372093023256,0
0.78,3073480951,targeted,betweenness,86,3,0.03488372093023256,3,0.03488372093023256,0
0.78,4146346977,targeted,betweenness,86,3,0.03488372093023256,3,0.03488372093023256,0
0.78,220147349,targeted,betweenness,86,3,0.03488372093023256,3,0.03488372093023256,0
0.78,2746961009,targeted,betweenness,86,3,0.03488372093023256,3,0.03488372093023256,0
0.78,3253929808,targeted,betweenness,86,3,0.03488372093023256,3,0.03488372093023256,0
0.78,2095949991,targeted,betweenness,86,3,0.03488372093023256,3,0.03488372093023256,0
0.78,971711681,targeted,betweenness,86,3,0.03488372093023256,3,0.03488372093023256,0
0.78,1443060571,targeted,betweenness,86,3,0.03488372093023256,3,0.03488372093023256,0
0.78,3379095319,targeted,betweenness,86,3,0.03488372093023256,3,0.03488372093023256,0
0.78,3052226792,targeted,betweenness,86,3,0.03488372093023256,3,0.03488372093023256,0
0.78,2524138986,targeted,betweenness,86,3,0.03488372093023256,3,0.03488372093023256,0
0.78,1238776659,targeted,betweenness,86,3,0.03488372093023256,3,0.03488372093023256,0
0.78,3786398141,targeted,betweenness,86,3,0.03488372093023256,3,0.03488372093023256,0
0.78,4038709965,targeted,betweenness,86,3,0.03488372093023256,3,0.03488372093023256,0
0.78,2501391254,targeted,betweenness,86,3,0.03488372093023256,3,0.03488372093023256,0
0.78,4156017111,targeted,betweenness,86,3,0.03488372093023256,3,0.03488372093023256,0
0.78,3439400276,targeted,betweenness,86,3,0.03488372093023256,3,0.03488372093023256,0
0.78,2646440708,targeted,betweenness,86,3,0.03488372093023256,3,0.03488372093023256,0
0.78,2539249588,targeted,betweenness,86,3,0.03488372093023256,3,0.03488372093023256,0
0.78,872268809,targeted,betweenness,86,3,0.03488372093023256,3,0.03488372093023256,0
0.78,2390471212,targeted,betweenness,86,3,0.03488372093023256,3,0.03488372093023256,0
0.78,1913246802,targeted,betweenness,86,3,0.03488372093023256,3,0.03488372093023256,0
0.78,4249620398,targeted,betweenness,86,3,0.03488372093023256,3,0.03488372093023256,0
0.79,2822899807,targeted,betweenness,86,3,0.03488372093023256,3,0.03488372093023256,0
0.79,3933261083,targeted,betweenness,86,3,0.03488372093023256,3,0.03488372093023256,0
0.79,1171943587,targeted,betweenness,86,3,0.03488372093023256,3,0.03488372093023256,0
0.79,731801739,targeted,betweenness,86,3,0.03488372093023256,3,0.03488372093023256,0
0.79,1455297922,targeted,betweenness,86,3,0.03488372093023256,3,0.03488372093023256,0
0.79,1586979311,targeted,betweenness,86,3,0.03488372093023256,3,0.03488372093023256,0
0.79,2151095458,targeted,betweenness,86,3,0.03488372093023256,3,0.03488372093023256,0
0.79,631123789,targeted,betweenness,86,3,0.03488372093023256,3,0.03488372093023256,0
0.79,1262599942,targeted,betweenness,86,3,0.03488372093023256,3,0.03488372093023256,0
0.79,2009314660,targeted,betweenness,86,3,0.03488372093023256,3,0.03488372093023256,0
0.79,751635714,targeted,betweenness,86,3,0.03488372093023256,3,0.03488372093023256,0
0.79,2091706149,targeted,betweenness,86,3,0.03488372093023256,3,0.03488372093023256,0
0.79,143010787,targeted,betweenness,86,3,0.03488372093023256,3,0.03488372093023256,0
0.79,4036936706,targeted,betweenness,86,3,0.03488372093023256,3,0.03488372093023256,0
0.79,3790050293,targeted,betweenness,86,3,0.03488372093023256,3,0.03488372093023256,0
0.79,1111080172,targeted,betweenness,86,3,0.03488372093023256,3,0.03488372093023256,0
0.79,2374429713,targeted,betweenness,86,3,0.03488372093023256,3,0.03488372093023256,0
0.79,373303269,targeted,betweenness,86,3,0.03488372093023256,3,0.03488372093023256,0
0.79,2540139892,targeted,betweenness,86,3,0.03488372093023256,3,0.03488372093023256,0
0.79,467825380,targeted,betweenness,86,3,0.03488372093023256,3,0.03488372093023256,0
0.79,4291499869,targeted,betweenness,86,3,0.03488372093023256,3,0.03488372093023256,0
0.79,4211292889,targeted,betweenness,86,3,0.03488372093023256,3,0.03488372093023256,0
0.79,453406709,targeted,betweenness,86,3,0.03488372093023256,3,0.03488372093023256,0
0.79,3119172881,targeted,betweenness,86,3,0.03488372093023256,3,0.03488372093023256,0
0.79,540680766,targeted,betweenness,86,3,0.03488372093023256,3,0.03488372093023256,0
0.79,3815114992,targeted,betweenness,86,3,0.03488372093023256,3,0.03488372093023256,0
0.79,612189816,targeted,betweenness,86,3,0.03488372093023256,3,0.03488372093023256,0
0.79,2098073479,targeted,betweenness,86,3,0.03488372093023256,3,0.03488372093023256,0
0.79,690867285,targeted,betweenness,86,3,0.03488372093023256,3,0.03488372093023256,0
0.79,549140112,targeted,betweenness,86,3,0.03488372093023256,3,0.03488372093023256,0
0.79,17560493,targeted,betweenness,86,3,0.03488372093023256,3,0.03488372093023256,0
0.79,3513082138,targeted,betweenness,86,3,0.03488372093023256,3,0.03488372093023256,0
0.79,2085598736,targeted,betweenness,86,3,0.03488372093023256,3,0.03488372093023256,0
0.79,4061484756,targeted,betweenness,86,3,0.03488372093023256,3,0.03488372093023256,0
0.79,3191626329,targeted,betweenness,86,3,0.03488372093023256,3,0.03488372093023256,0
0.79,2130761214,targeted,betweenness,86,3,0.03488372093023256,3,0.03488372093023256,0
0.79,2581158862,targeted,betweenness,86,3,0.03488372093023256,3,0.03488372093023256,0
0.79,86850978,targeted,betweenness,86,3,0.03488372093023256,3,0.03488372093023256,0
0.79,681724596,targeted,betweenness,86,3,0.03488372093023256,3,0.03488372093023256,0
0.79,675525304,targeted,betweenness,86,3,0.03488372093023256,3,0.03488372093023256,0
0.79,924463932,targeted,betweenness,86,3,0.03488372093023256,3,0.03488372093023256,0
0.79,976859309,targeted,betweenness,86,3,0.03488372093023256,3,0.03488372093023256,0
0.79,76470732,targeted,betweenness,86,3,0.03488372093023256,3,0.03488372093023256,0
0.79,3771504275,targeted,betweenness,86,3,0.03488372093023256,3,0.03488372093023256,0
0.79,3908486909,targeted,betweenness,86,3,0.03488372093023256,3,0.03488372093023256,0
0.79,2202048927,targeted,betweenness,86,3,0.03488372093023256,3,0.03488372093023256,0
0.79,3055191121,targeted,betweenness,86,3,0.03488372093023256,3,0.03488372093023256,0
0.79,222500308,targeted,betweenness,86,3,0.03488372093023256,3,0.03488372093023256,0
0.79,3158293225,targeted,betweenness,86,3,0.03488372093023256,3,0.03488372093023256,0
0.79,2193823850,targeted,betweenness,86,3,0.03488372093023256,3,0.03488372093023256,0
0.79,2292872934,targeted,betweenness,86,3,0.03488372093023256,3,0.03488372093023256,0
0.79,1048948795,targeted,betweenness,86,3,0.03488372093023256,3,0.03488372093023256,0
0.79,860896470,targeted,betweenness,86,3,0.03488372093023256,3,0.03488372093023256,0
0.79,869890931,targeted,betweenness,86,3,0.03488372093023256,3,0.03488372093023256,0
0.79,352304797,targeted,betweenness,86,3,0.03488372093023256,3,0.03488372093023256,0
0.79,253084988,targeted,betweenness,86,3,0.03488372093023256,3,0.03488372093023256,0
0.79,1561808276,targeted,betweenness,86,3,0.03488372093023256,3,0.03488372093023256,0
0.79,1194848611,targeted,betweenness,86,3,0.03488372093023256,3,0.03488372093023256,0
0.79,1293442118,targeted,betweenness,86,3,0.03488372093023256,3,0.03488372093023256,0
0.79,3508648170,targeted,betweenness,86,3,0.03488372093023256,3,0.03488372093023256,0
0.79,1293852348,targeted,betweenness,86,3,0.03488372093023256,3,0.03488372093023256,0
0.79,2045903929,targeted,betweenness,86,3,0.03488372093023256,3,0.03488372093023256,0
0.79,2438226806,targeted,betweenness,86,3,0.03488372093023256,3,0.03488372093023256,0
0.79,1352506712,targeted,betweenness,86,3,0.03488372093023256,3,0.03488372093023256,0
0.79,3959438966,targeted,betweenness,86,3,0.03488372093023256,3,0.03488372093023256,0
0.79,458502254,targeted,betweenness,86,3,0.03488372093023256,3,0.03488372093023256,0
0.79,2054831712,targeted,betweenness,86,3,0.03488372093023256,3,0.03488372093023256,0
0.79,1381497080,targeted,betweenness,86,3,0.03488372093023256,3,0.03488372093023256,0
0.79,270956295,targeted,betweenness,86,3,0.03488372093023256,3,0.03488372093023256,0
0.79,3380947433,targeted,betweenness,86,3,0.03488372093023256,3,0.03488372093023256,0
0.79,2918139034,targeted,betweenness,86,3,0.03488372093023256,3,0.03488372093023256,0
0.79,3859380645,targeted,betweenness,86,3,0.03488372093023256,3,0.03488372093023256,0
0.79,1209884467,targeted,betweenness,86,3,0.03488372093023256,3,0.03488372093023256,0
0.79,4118162935,targeted,betweenness,86,3,0.03488372093023256,3,0.03488372093023256,0
0.79,3932860153,targeted,betweenness,86,3,0.03488372093023256,3,0.03488372093023256,0
0.79,1604936104,targeted,betweenness,86,3,0.03488372093023256,3,0.03488372093023256,0
0.79,889564326,targeted,betweenness,86,3,0.03488372093023256,3,0.03488372093023256,0
0.79,741920559,targeted,betweenness,86,3,0.03488372093023256,3,0.03488372093023256,0
0.79,1243285954,targeted,betweenness,86,3,0.03488372093023256,3,0.03488372093023256,0
0.79,2273229934,targeted,betweenness,86,3,0.03488372093023256,3,0.03488372093023256,0
0.79,2986101963,targeted,betweenness,86,3,0.03488372093023256,3,0.03488372093023256,0
0.79,2781818361,targeted,betweenness,86,3,0.03488372093023256,3,0.03488372093023256,0
0.79,131703187,targeted,betweenness,86,3,0.03488372093023256,3,0.03488372093023256,0
0.79,1017481133,targeted,betweenness,86,3,0.03488372093023256,3,0.03488372093023256,0
0.79,559063038,targeted,betweenness,86,3,0.03488372093023256,3,0.03488372093023256,0
0.79,1428190193,targeted,betweenness,86,3,0.03488372093023256,3,0.03488372093023256,0
0.79,2076095286,targeted,betweenness,86,3,0.03488372093023256,3,0.03488372093023256,0
0.79,1944071558,targeted,betweenness,86,3,0.03488372093023256,3,0.03488372093023256,0
0.79,3713692480,targeted,betweenness,86,3,0.03488372093023256,3,0.03488372093023256,0
0.79,1571414577,targeted,betweenness,86,3,0.03488372093023256,3,0.03488372093023256,0
0.79,1769728686,targeted,betweenness,86,3,0.03488372093023256,3,0.03488372093023256,0
0.79,2861165445,targeted,betweenness,86,3,0.03488372093023256,3,0.03488372093023256,0
0.79,1412228192,targeted,betweenness,86,3,0.03488372093023256,3,0.03488372093023256,0
0.79,2266925517,targeted,betweenness,86,3,0.03488372093023256,3,0.03488372093023256,0
0.79,3254976580,targeted,betweenness,86,3,0.03488372093023256,3,0.03488372093023256,0
0.79,3460836131,targeted,betweenness,86,3,0.03488372093023256,3,0.03488372093023256,0
0.79,3020592999,targeted,betweenness,86,3,0.03488372093023256,3,0.03488372093023256,0
0.79,1006259029,targeted,betweenness,86,3,0.03488372093023256,3,0.03488372093023256,0
0.79,2832712373,targeted,betweenness,86,3,0.03488372093023256,3,0.03488372093023256,0
0.79,1122357562,targeted,betweenness,86,3,0.03488372093023256,3,0.03488372093023256,0
0.8,3099914355,targeted,betweenness,86,3,0.03488372093023256,3,0.03488372093023256,0
0.8,10011387,targeted,betweenness,86,3,0.03488372093023256,3,0.03488372093023256,0
0.8,934757297,targeted,betweenness,86,3,0.03488372093023256,3,0.03488372093023256,0
0.8,1831922899,targeted,betweenness,86,3,0.03488372093023256,3,0.03488372093023256,0
0.8,1558236978,targeted,betweenness,86,3,0.03488372093023256,3,0.03488372093023256,0
0.8,1184996932,targeted,betweenness,86,3,0.03488372093023256,3,0.03488372093023256,0
0.8,3625228676,targeted,betweenness,86,3,0.03488372093023256,3,0.03488372093023256,0
0.8,291629117,targeted,betweenness,86,3,0.03488372093023256,3,0.03488372093023256,0
0.8,3230572876,targeted,betweenness,86,3,0.03488372093023256,3,0.03488372093023256,0
0.8,637035076,targeted,betweenness,86,3,0.03488372093023256,3,0.03488372093023256,0
0.8,2551414598,targeted,betweenness,86,3,0.03488372093023256,3,0.03488372093023256,0
0.8,3133562465,targeted,betweenness,86,3,0.03488372093023256,3,0.03488372093023256,0
0.8,3673163732,targeted,betweenness,86,3,0.03488372093023256,3,0.03488372093023256,0
0.8,1736654119,targeted,betweenness,86,3,0.03488372093023256,3,0.03488372093023256,0
0.8,1741595684,targeted,betweenness,86,3,0.03488372093023256,3,0.03488372093023256,0
0.8,3547718863,targeted,betweenness,86,3,0.03488372093023256,3,0.03488372093023256,0
0.8,3022567857,targeted,betweenness,86,3,0.03488372093023256,3,0.03488372093023256,0
0.8,3042877989,targeted,betweenness,86,3,0.03488372093023256,3,0.03488372093023256,0
0.8,4215116618,targeted,betweenness,86,3,0.03488372093023256,3,0.03488372093023256,0
0.8,133602159,targeted,betweenness,86,3,0.03488372093023256,3,0.03488372093023256,0
0.8,3245110503,targeted,betweenness,86,3,0.03488372093023256,3,0.03488372093023256,0
0.8,3224211983,targeted,betweenness,86,3,0.03488372093023256,3,0.03488372093023256,0
0.8,3196190730,targeted,betweenness,86,3,0.03488372093023256,3,0.03488372093023256,0
0.8,264576815,targeted,betweenness,86,3,0.03488372093023256,3,0.03488372093023256,0
0.8,1740247303,targeted,betweenness,86,3,0.03488372093023256,3,0.03488372093023256,0
0.8,1094772073,targeted,betweenness,86,3,0.03488372093023256,3,0.03488372093023256,0
0.8,4245662070,targeted,betweenness,86,3,0.03488372093023256,3,0.03488372093023256,0
0.8,1118076534,targeted,betweenness,86,3,0.03488372093023256,3,0.03488372093023256,0
0.8,1169056655,targeted,betweenness,86,3,0.03488372093023256,3,0.03488372093023256,0
0.8,1961489449,targeted,betweenness,86,3,0.03488372093023256,3,0.03488372093023256,0
0.8,10726267,targeted,betweenness,86,3,0.03488372093023256,3,0.03488372093023256,0
0.8,2729249916,targeted,betweenness,86,3,0.03488372093023256,3,0.03488372093023256,0
0.8,816306760,targeted,betweenness,86,3,0.03488372093023256,3,0.03488372093023256,0
0.8,3655541971,targeted,betweenness,86,3,0.03488372093023256,3,0.03488372093023256,0
0.8,1446971265,targeted,betweenness,86,3,0.03488372093023256,3,0.03488372093023256,0
0.8,1905686988,targeted,betweenness,86,3,0.03488372093023256,3,0.03488372093023256,0
0.8,234514376,targeted,betweenness,86,3,0.03488372093023256,3,0.03488372093023256,0
0.8,426126989,targeted,betweenness,86,3,0.03488372093023256,3,0.03488372093023256,0
0.8,879214307,targeted,betweenness,86,3,0.03488372093023256,3,0.03488372093023256,0
0.8,997127425,targeted,betweenness,86,3,0.03488372093023256,3,0.03488372093023256,0
0.8,3740787138,targeted,betweenness,86,3,0.03488372093023256,3,0.03488372093023256,0
0.8,3938187091,targeted,betweenness,86,3,0.03488372093023256,3,0.03488372093023256,0
0.8,3938769894,targeted,betweenness,86,3,0.03488372093023256,3,0.03488372093023256,0
0.8,1545188173,targeted,betweenness,86,3,0.03488372093023256,3,0.03488372093023256,0
0.8,2937577666,targeted,betweenness,86,3,0.03488372093023256,3,0.03488372093023256,0
0.8,1802786078,targeted,betweenness,86,3,0.03488372093023256,3,0.03488372093023256,0
0.8,1809500036,targeted,betweenness,86,3,0.03488372093023256,3,0.03488372093023256,0
0.8,2408105048,targeted,betweenness,86,3,0.03488372093023256,3,0.03488372093023256,0
0.8,1053148145,targeted,betweenness,86,3,0.03488372093023256,3,0.03488372093023256,0
0.8,1008584059,targeted,betweenness,86,3,0.03488372093023256,3,0.03488372093023256,0
0.8,2187387009,targeted,betweenness,86,3,0.03488372093023256,3,0.03488372093023256,0
0.8,2017827320,targeted,betweenness,86,3,0.03488372093023256,3,0.03488372093023256,0
0.8,3524903278,targeted,betweenness,86,3,0.03488372093023256,3,0.03488372093023256,0
0.8,2321092424,targeted,betweenness,86,3,0.03488372093023256,3,0.03488372093023256,0
0.8,3182731568,targeted,betweenness,86,3,0.03488372093023256,3,0.03488372093023256,0
0.8,1300928588,targeted,betweenness,86,3,0.03488372093023256,3,0.03488372093023256,0
0.8,3187772620,targeted,betweenness,86,3,0.03488372093023256,3,0.03488372093023256,0
0.8,3814260726,targeted,betweenness,86,3,0.03488372093023256,3,0.03488372093023256,0
0.8,3388325779,targeted,betweenness,86,3,0.03488372093023256,3,0.03488372093023256,0
0.8,2214280773,targeted,betweenness,86,3,0.03488372093023256,3,0.03488372093023256,0
0.8,468632121,targeted,betweenness,86,3,0.03488372093023256,3,0.03488372093023256,0
0.8,3395783783,targeted,betweenness,86,3,0.03488372093023256,3,0.03488372093023256,0
0.8,2551482925,targeted,betweenness,86,3,0.03488372093023256,3,0.03488372093023256,0
0.8,2182993093,targeted,betweenness,86,3,0.03488372093023256,3,0.03488372093023256,0
0.8,1728767375,targeted,betweenness,86,3,0.03488372093023256,3,0.03488372093023256,0
0.8,3655383550,targeted,betweenness,86,3,0.03488372093023256,3,0.03488372093023256,0
0.8,1180742118,targeted,betweenness,86,3,0.03488372093023256,3,0.03488372093023256,0
0.8,3102310236,targeted,betweenness,86,3,0.03488372093023256,3,0.03488372093023256,0
0.8,1563130053,targeted,betweenness,86,3,0.03488372093023256,3,0.03488372093023256,0
0.8,2017934582,targeted,betweenness,86,3,0.03488372093023256,3,0.03488372093023256,0
0.8,3927626211,targeted,betweenness,86,3,0.03488372093023256,3,0.03488372093023256,0
0.8,2201804231,targeted,betweenness,86,3,0.03488372093023256,3,0.03488372093023256,0
0.8,1441444871,targeted,betweenness,86,3,0.03488372093023256,3,0.03488372093023256,0
0.8,662441618,targeted,betweenness,86,3,0.03488372093023256,3,0.03488372093023256,0
0.8,1127159029,targeted,betweenness,86,3,0.03488372093023256,3,0.03488372093023256,0
0.8,2419548616,targeted,betweenness,86,3,0.03488372093023256,3,0.03488372093023256,0
0.8,3471580821,targeted,betweenness,86,3,0.03488372093023256,3,0.03488372093023256,0
0.8,1898140540,targeted,betweenness,86,3,0.03488372093023256,3,0.03488372093023256,0
0.8,407712808,targeted,betweenness,86,3,0.03488372093023256,3,0.03488372093023256,0
0.8,1971753157,targeted,betweenness,86,3,0.03488372093023256,3,0.03488372093023256,0
0.8,2003727100,targeted,betweenness,86,3,0.03488372093023256,3,0.03488372093023256,0
0.8,2617821712,targeted,betweenness,86,3,0.03488372093023256,3,0.03488372093023256,0
0.8,893639815,targeted,betweenness,86,3,0.03488372093023256,3,0.03488372093023256,0
0.8,488725374,targeted,betweenness,86,3,0.03488372093023256,3,0.03488372093023256,0
0.8,140885904,targeted,betweenness,86,3,0.03488372093023256,3,0.03488372093023256,0
0.8,3088731016,targeted,betweenness,86,3,0.03488372093023256,3,0.03488372093023256,0
0.8,3723613016,targeted,betweenness,86,3,0.03488372093023256,3,0.03488372093023256,0
0.8,1405280416,targeted,betweenness,86,3,0.03488372093023256,3,0.03488372093023256,0
0.8,647806745,targeted,betweenness,86,3,0.03488372093023256,3,0.03488372093023256,0
0.8,902795429,targeted,betweenness,86,3,0.03488372093023256,3,0.03488372093023256,0
0.8,994700497,targeted,betweenness,86,3,0.03488372093023256,3,0.03488372093023256,0
0.8,3575027881,targeted,betweenness,86,3,0.03488372093023256,3,0.03488372093023256,0
0.8,3986127199,targeted,betweenness,86,3,0.03488372093023256,3,0.03488372093023256,0
0.8,166472472,targeted,betweenness,86,3,0.03488372093023256,3,0.03488372093023256,0
0.8,2202213690,targeted,betweenness,86,3,0.03488372093023256,3,0.03488372093023256,0
0.8,4212493122,targeted,betweenness,86,3,0.03488372093023256,3,0.03488372093023256,0
0.8,1039029022,targeted,betweenness,86,3,0.03488372093023256,3,0.03488372093023256,0
0.8,2912688106,targeted,betweenness,86,3,0.03488372093023256,3,0.03488372093023256,0
0.8,2480512353,targeted,betweenness,86,3,0.03488372093023256,3,0.03488372093023256,0
0.8,189427519,targeted,betweenness,86,3,0.03488372093023256,3,0.03488372093023256,0
0.81,139300956,targeted,betweenness,86,3,0.03488372093023256,3,0.03488372093023256,0
0.81,80373820,targeted,betweenness,86,3,0.03488372093023256,3,0.03488372093023256,0
0.81,3522273841,targeted,betweenness,86,3,0.03488372093023256,3,0.03488372093023256,0
0.81,34778292,targeted,betweenness,86,3,0.03488372093023256,3,0.03488372093023256,0
0.81,4209519833,targeted,betweenness,86,3,0.03488372093023256,3,0.03488372093023256,0
0.81,733277930,targeted,betweenness,86,3,0.03488372093023256,3,0.03488372093023256,0
0.81,3527075961,targeted,betweenness,86,3,0.03488372093023256,3,0.03488372093023256,0
0.81,36393926,targeted,betweenness,86,3,0.03488372093023256,3,0.03488372093023256,0
0.81,3425660886,targeted,betweenness,86,3,0.03488372093023256,3,0.03488372093023256,0
0.81,798956670,targeted,betweenness,86,3,0.03488372093023256,3,0.03488372093023256,0
0.81,1810440881,targeted,betweenness,86,3,0.03488372093023256,3,0.03488372093023256,0
0.81,1751394566,targeted,betweenness,86,3,0.03488372093023256,3,0.03488372093023256,0
0.81,1892543975,targeted,betweenness,86,3,0.03488372093023256,3,0.03488372093023256,0
0.81,3068194503,targeted,betweenness,86,3,0.03488372093023256,3,0.03488372093023256,0
0.81,3076290030,targeted,betweenness,86,3,0.03488372093023256,3,0.03488372093023256,0
0.81,4100063749,targeted,betweenness,86,3,0.03488372093023256,3,0.03488372093023256,0
0.81,631081222,targeted,betweenness,86,3,0.03488372093023256,3,0.03488372093023256,0
0.81,216483542,targeted,betweenness,86,3,0.03488372093023256,3,0.03488372093023256,0
0.81,1288547573,targeted,betweenness,86,3,0.03488372093023256,3,0.03488372093023256,0
0.81,1306538141,targeted,betweenness,86,3,0.03488372093023256,3,0.03488372093023256,0
0.81,548800502,targeted,betweenness,86,3,0.03488372093023256,3,0.03488372093023256,0
0.81,1759051395,targeted,betweenness,86,3,0.03488372093023256,3,0.03488372093023256,0
0.81,756747018,targeted,betweenness,86,3,0.03488372093023256,3,0.03488372093023256,0
0.81,4057740851,targeted,betweenness,86,3,0.03488372093023256,3,0.03488372093023256,0
0.81,1396100213,targeted,betweenness,86,3,0.03488372093023256,3,0.03488372093023256,0
0.81,753026641,targeted,betweenness,86,3,0.03488372093023256,3,0.03488372093023256,0
0.81,601549390,targeted,betweenness,86,3,0.03488372093023256,3,0.03488372093023256,0
0.81,3959704071,targeted,betweenness,86,3,0.03488372093023256,3,0.03488372093023256,0
0.81,1522122902,targeted,betweenness,86,3,0.03488372093023256,3,0.03488372093023256,0
0.81,2851556345,targeted,betweenness,86,3,0.03488372093023256,3,0.03488372093023256,0
0.81,3481315181,targeted,betweenness,86,3,0.03488372093023256,3,0.03488372093023256,0
0.81,591970862,targeted,betweenness,86,3,0.03488372093023256,3,0.03488372093023256,0
0.81,3172332903,targeted,betweenness,86,3,0.03488372093023256,3,0.03488372093023256,0
0.81,4198824591,targeted,betweenness,86,3,0.03488372093023256,3,0.03488372093023256,0
0.81,612963318,targeted,betweenness,86,3,0.03488372093023256,3,0.03488372093023256,0
0.81,122247563,targeted,betweenness,86,3,0.03488372093023256,3,0.03488372093023256,0
0.81,3233089778,targeted,betweenness,86,3,0.03488372093023256,3,0.03488372093023256,0
0.81,1686452506,targeted,betweenness,86,3,0.03488372093023256,3,0.03488372093023256,0
0.81,3719354364,targeted,betweenness,86,3,0.03488372093023256,3,0.03488372093023256,0
0.81,3357467243,targeted,betweenness,86,3,0.03488372093023256,3,0.03488372093023256,0
0.81,2445149978,targeted,betweenness,86,3,0.03488372093023256,3,0.03488372093023256,0
0.81,3445935720,targeted,betweenness,86,3,0.03488372093023256,3,0.03488372093023256,0
0.81,2133267511,targeted,betweenness,86,3,0.03488372093023256,3,0.03488372093023256,0
0.81,760336621,targeted,betweenness,86,3,0.03488372093023256,3,0.03488372093023256,0
0.81,4151444124,targeted,betweenness,86,3,0.03488372093023256,3,0.03488372093023256,0
0.81,1069205975,targeted,betweenness,86,3,0.03488372093023256,3,0.03488372093023256,0
0.81,2151374773,targeted,betweenness,86,3,0.03488372093023256,3,0.03488372093023256,0
0.81,2588167665,targeted,betweenness,86,3,0.03488372093023256,3,0.03488372093023256,0
0.81,2995726631,targeted,betweenness,86,3,0.03488372093023256,3,0.03488372093023256,0
0.81,3815373183,targeted,betweenness,86,3,0.03488372093023256,3,0.03488372093023256,0
0.81,1465024459,targeted,betweenness,86,3,0.03488372093023256,3,0.03488372093023256,0
0.81,3157144705,targeted,betweenness,86,3,0.03488372093023256,3,0.03488372093023256,0
0.81,3104123984,targeted,betweenness,86,3,0.03488372093023256,3,0.03488372093023256,0
0.81,916577897,targeted,betweenness,86,3,0.03488372093023256,3,0.03488372093023256,0
0.81,1733441253,targeted,betweenness,86,3,0.03488372093023256,3,0.03488372093023256,0
0.81,4091651575,targeted,betweenness,86,3,0.03488372093023256,3,0.03488372093023256,0
0.81,1157831660,targeted,betweenness,86,3,0.03488372093023256,3,0.03488372093023256,0
0.81,1632095746,targeted,betweenness,86,3,0.03488372093023256,3,0.03488372093023256,0
0.81,1664455799,targeted,betweenness,86,3,0.03488372093023256,3,0.03488372093023256,0
0.81,2369874676,targeted,betweenness,86,3,0.03488372093023256,3,0.03488372093023256,0
0.81,1869721839,targeted,betweenness,86,3,0.03488372093023256,3,0.03488372093023256,0
0.81,3810506155,targeted,betweenness,86,3,0.03488372093023256,3,0.03488372093023256,0
0.81,735857754,targeted,betweenness,86,3,0.03488372093023256,3,0.03488372093023256,0
0.81,4107048025,targeted,betweenness,86,3,0.03488372093023256,3,0.03488372093023256,0
0.81,3235097136,targeted,betweenness,86,3,0.03488372093023256,3,0.03488372093023256,0
0.81,2578298566,targeted,betweenness,86,3,0.03488372093023256,3,0.03488372093023256,0
0.81,2863119638,targeted,betweenness,86,3,0.03488372093023256,3,0.03488372093023256,0
0.81,1406940484,targeted,betweenness,86,3,0.03488372093023256,3,0.03488372093023256,0
0.81,2806518033,targeted,betweenness,86,3,0.03488372093023256,3,0.03488372093023256,0
0.81,2800813953,targeted,betweenness,86,3,0.03488372093023256,3,0.03488372093023256,0
0.81,674294311,targeted,betweenness,86,3,0.03488372093023256,3,0.03488372093023256,0
0.81,1875658325,targeted,betweenness,86,3,0.03488372093023256,3,0.03488372093023256,0
0.81,3277604363,targeted,betweenness,86,3,0.03488372093023256,3,0.03488372093023256,0
0.81,134278852,targeted,betweenness,86,3,0.03488372093023256,3,0.03488372093023256,0
0.81,1979003634,targeted,betweenness,86,3,0.03488372093023256,3,0.03488372093023256,0
0.81,2309010712,targeted,betweenness,86,3,0.03488372093023256,3,0.03488372093023256,0
0.81,4024558045,targeted,betweenness,86,3,0.03488372093023256,3,0.03488372093023256,0
0.81,595460855,targeted,betweenness,86,3,0.03488372093023256,3,0.03488372093023256,0
0.81,2429774455,targeted,betweenness,86,3,0.03488372093023256,3,0.03488372093023256,0
0.81,167332433,targeted,betweenness,86,3,0.03488372093023256,3,0.03488372093023256,0
0.81,887978774,targeted,betweenness,86,3,0.03488372093023256,3,0.03488372093023256,0
0.81,2272305965,targeted,betweenness,86,3,0.03488372093023256,3,0.03488372093023256,0
0.81,590577394,targeted,betweenness,86,3,0.03488372093023256,3,0.03488372093023256,0
0.81,3400222732,targeted,betweenness,86,3,0.03488372093023256,3,0.03488372093023256,0
0.81,3814118665,targeted,betweenness,86,3,0.03488372093023256,3,0.03488372093023256,0
0.81,2019314886,targeted,betweenness,86,3,0.03488372093023256,3,0.03488372093023256,0
0.81,2911041095,targeted,betweenness,86,3,0.03488372093023256,3,0.03488372093023256,0
0.81,2442273527,targeted,betweenness,86,3,0.03488372093023256,3,0.03488372093023256,0
0.81,509417403,targeted,betweenness,86,3,0.03488372093023256,3,0.03488372093023256,0
0.81,1748704866,targeted,betweenness,86,3,0.03488372093023256,3,0.03488372093023256,0
0.81,2940647327,targeted,betweenness,86,3,0.03488372093023256,3,0.03488372093023256,0
0.81,116039512,targeted,betweenness,86,3,0.03488372093023256,3,0.03488372093023256,0
0.81,1800122920,targeted,betweenness,86,3,0.03488372093023256,3,0.03488372093023256,0
0.81,140007960,targeted,betweenness,86,3,0.03488372093023256,3,0.03488372093023256,0
0.81,395740272,targeted,betweenness,86,3,0.03488372093023256,3,0.03488372093023256,0
0.81,3143617647,targeted,betweenness,86,3,0.03488372093023256,3,0.03488372093023256,0
0.81,3288295396,targeted,betweenness,86,3,0.03488372093023256,3,0.03488372093023256,0
0.81,1338099376,targeted,betweenness,86,3,0.03488372093023256,3,0.03488372093023256,0
0.81,2088975961,targeted,betweenness,86,3,0.03488372093023256,3,0.03488372093023256,0
0.81,953023919,targeted,betweenness,86,3,0.03488372093023256,3,0.03488372093023256,0
0.82,2383165055,targeted,betweenness,86,3,0.03488372093023256,2,0.023255813953488372,0
0.82,122172178,targeted,betweenness,86,3,0.03488372093023256,2,0.023255813953488372,0
0.82,380694100,targeted,betweenness,86,3,0.03488372093023256,2,0.023255813953488372,0
0.82,2682178419,targeted,betweenness,86,3,0.03488372093023256,2,0.023255813953488372,0
0.82,886581387,targeted,betweenness,86,3,0.03488372093023256,2,0.023255813953488372,0
0.82,391038638,targeted,betweenness,86,3,0.03488372093023256,2,0.023255813953488372,0
0.82,2208730519,targeted,betweenness,86,3,0.03488372093023256,2,0.023255813953488372,0
0.82,394364523,targeted,betweenness,86,3,0.03488372093023256,2,0.023255813953488372,0
0.82,2237429906,targeted,betweenness,86,3,0.03488372093023256,2,0.023255813953488372,0
0.82,2713733965,targeted,betweenness,86,3,0.03488372093023256,2,0.023255813953488372,0
0.82,3207673235,targeted,betweenness,86,3,0.03488372093023256,2,0.023255813953488372,0
0.82,2524692843,targeted,betweenness,86,3,0.03488372093023256,2,0.023255813953488372,0
0.82,2342281037,targeted,betweenness,86,3,0.03488372093023256,2,0.023255813953488372,0
0.82,3027597685,targeted,betweenness,86,3,0.03488372093023256,2,0.023255813953488372,0
0.82,2933065681,targeted,betweenness,86,3,0.03488372093023256,2,0.023255813953488372,0
0.82,3822334399,targeted,betweenness,86,3,0.03488372093023256,2,0.023255813953488372,0
0.82,825482018,targeted,betweenness,86,3,0.03488372093023256,2,0.023255813953488372,0
0.82,3269271205,targeted,betweenness,86,3,0.03488372093023256,2,0.023255813953488372,0
0.82,3098845154,targeted,betweenness,86,3,0.03488372093023256,2,0.023255813953488372,0
0.82,1384329926,targeted,betweenness,86,3,0.03488372093023256,2,0.023255813953488372,0
0.82,392386010,targeted,betweenness,86,3,0.03488372093023256,2,0.023255813953488372,0
0.82,1124616917,targeted,betweenness,86,3,0.03488372093023256,2,0.023255813953488372,0
0.82,2113427209,targeted,betweenness,86,3,0.03488372093023256,2,0.023255813953488372,0
0.82,3685182551,targeted,betweenness,86,3,0.03488372093023256,2,0.023255813953488372,0
0.82,3353625220,targeted,betweenness,86,3,0.03488372093023256,2,0.023255813953488372,0
0.82,1688663309,targeted,betweenness,86,3,0.03488372093023256,2,0.023255813953488372,0
0.82,2629154498,targeted,betweenness,86,3,0.03488372093023256,2,0.023255813953488372,0
0.82,1532561097,targeted,betweenness,86,3,0.03488372093023256,2,0.023255813953488372,0
0.82,2771516100,targeted,betweenness,86,3,0.03488372093023256,2,0.023255813953488372,0
0.82,1414770059,targeted,betweenness,86,3,0.03488372093023256,2,0.023255813953488372,0
0.82,2522138937,targeted,betweenness,86,3,0.03488372093023256,2,0.023255813953488372,0
0.82,3846080236,targeted,betweenness,86,3,0.03488372093023256,2,0.023255813953488372,0
0.82,1698764447,targeted,betweenness,86,3,0.03488372093023256,2,0.023255813953488372,0
0.82,3629573558,targeted,betweenness,86,3,0.03488372093023256,2,0.023255813953488372,0
0.82,2237808460,targeted,betweenness,86,3,0.03488372093023256,2,0.023255813953488372,0
0.82,821143631,targeted,betweenness,86,3,0.03488372093023256,2,0.023255813953488372,0
0.82,3668497428,targeted,betweenness,86,3,0.03488372093023256,2,0.023255813953488372,0
0.82,1573017945,targeted,betweenness,86,3,0.03488372093023256,2,0.023255813953488372,0
0.82,1040409529,targeted,betweenness,86,3,0.03488372093023256,2,0.023255813953488372,0
0.82,2094276291,targeted,betweenness,86,3,0.03488372093023256,2,0.023255813953488372,0
0.82,1529708761,targeted,betweenness,86,3,0.03488372093023256,2,0.023255813953488372,0
0.82,2859208011,targeted,betweenness,86,3,0.03488372093023256,2,0.023255813953488372,0
0.82,4136943667,targeted,betweenness,86,3,0.03488372093023256,2,0.023255813953488372,0
0.82,2863709667,targeted,betweenness,86,3,0.03488372093023256,2,0.023255813953488372,0
0.82,1319772975,targeted,betweenness,86,3,0.03488372093023256,2,0.023255813953488372,0
0.82,404190059,targeted,betweenness,86,3,0.03488372093023256,2,0.023255813953488372,0
0.82,3404480065,targeted,betweenness,86,3,0.03488372093023256,2,0.023255813953488372,0
0.82,2759404203,targeted,betweenness,86,3,0.03488372093023256,2,0.023255813953488372,0
0.82,2115804626,targeted,betweenness,86,3,0.03488372093023256,2,0.023255813953488372,0
0.82,1099670159,targeted,betweenness,86,3,0.03488372093023256,2,0.023255813953488372,0
0.82,4179669245,targeted,betweenness,86,3,0.03488372093023256,2,0.023255813953488372,0
0.82,1522286524,targeted,betweenness,86,3,0.03488372093023256,2,0.023255813953488372,0
0.82,976461115,targeted,betweenness,86,3,0.03488372093023256,2,0.023255813953488372,0
0.82,1505127077,targeted,betweenness,86,3,0.03488372093023256,2,0.023255813953488372,0
0.82,2996967704,targeted,betweenness,86,3,0.03488372093023256,2,0.023255813953488372,0
0.82,189306283,targeted,betweenness,86,3,0.03488372093023256,2,0.023255813953488372,0
0.82,2178893303,targeted,betweenness,86,3,0.03488372093023256,2,0.023255813953488372,0
0.82,2345569941,targeted,betweenness,86,3,0.03488372093023256,2,0.023255813953488372,0
0.82,4046083320,targeted,betweenness,86,3,0.03488372093023256,2,0.023255813953488372,0
0.82,3409226466,targeted,betweenness,86,3,0.03488372093023256,2,0.023255813953488372,0
0.82,1960527670,targeted,betweenness,86,3,0.03488372093023256,2,0.023255813953488372,0
0.82,1467170531,targeted,betweenness,86,3,0.03488372093023256,2,0.023255813953488372,0
0.82,1862988224,targeted,betweenness,86,3,0.03488372093023256,2,0.023255813953488372,0
0.82,882927226,targeted,betweenness,86,3,0.03488372093023256,2,0.023255813953488372,0
0.82,1086623327,targeted,betweenness,86,3,0.03488372093023256,2,0.023255813953488372,0
0.82,94571006,targeted,betweenness,86,3,0.03488372093023256,2,0.023255813953488372,0
0.82,1603057,targeted,betweenness,86,3,0.03488372093023256,2,0.023255813953488372,0
0.82,1036423201,targeted,betweenness,86,3,0.03488372093023256,2,0.023255813953488372,0
0.82,853297348,targeted,betweenness,86,3,0.03488372093023256,2,0.023255813953488372,0
0.82,4118049952,targeted,betweenness,86,3,0.03488372093023256,2,0.023255813953488372,0
0.82,362783945,targeted,betweenness,86,3,0.03488372093023256,2,0.023255813953488372,0
0.82,263104043,targeted,betweenness,86,3,0.03488372093023256,2,0.023255813953488372,0
0.82,3387944017,targeted,betweenness,86,3,0.03488372093023256,2,0.023255813953488372,0
0.82,894605686,targeted,betweenness,86,3,0.03488372093023256,2,0.023255813953488372,0
0.82,2716871529,targeted,betweenness,86,3,0.03488372093023256,2,0.023255813953488372,0
0.82,122830143,targeted,betweenness,86,3,0.03488372093023256,2,0.023255813953488372,0
0.82,3745621585,targeted,betweenness,86,3,0.03488372093023256,2,0.023255813953488372,0
0.82,1104550831,targeted,betweenness,86,3,0.03488372093023256,2,0.023255813953488372,0
0.82,1185664458,targeted,betweenness,86,3,0.03488372093023256,2,0.023255813953488372,0
0.82,643531372,targeted,betweenness,86,3,0.03488372093023256,2,0.023255813953488372,0
0.82,3171361567,targeted,betweenness,86,3,0.03488372093023256,2,0.023255813953488372,0
0.82,443349031,targeted,betweenness,86,3,0.03488372093023256,2,0.023255813953488372,0
0.82,3871029913,targeted,betweenness,86,3,0.03488372093023256,2,0.023255813953488372,0
0.82,1612585822,targeted,betweenness,86,3,0.03488372093023256,2,0.023255813953488372,0
0.82,532930391,targeted,betweenness,86,3,0.03488372093023256,2,0.023255813953488372,0
0.82,3301550840,targeted,betweenness,86,3,0.03488372093023256,2,0.023255813953488372,0
0.82,26479602,targeted,betweenness,86,3,0.03488372093023256,2,0.023255813953488372,0
0.82,602877550,targeted,betweenness,86,3,0.03488372093023256,2,0.023255813953488372,0
0.82,1127062597,targeted,betweenness,86,3,0.03488372093023256,2,0.023255813953488372,0
0.82,4170169888,targeted,betweenness,86,3,0.03488372093023256,2,0.023255813953488372,0
0.82,115657192,targeted,betweenness,86,3,0.03488372093023256,2,0.023255813953488372,0
0.82,2925258891,targeted,betweenness,86,3,0.03488372093023256,2,0.023255813953488372,0
0.82,608299960,targeted,betweenness,86,3,0.03488372093023256,2,0.023255813953488372,0
0.82,3875704918,targeted,betweenness,86,3,0.03488372093023256,2,0.023255813953488372,0
0.82,2561441897,targeted,betweenness,86,3,0.03488372093023256,2,0.023255813953488372,0
0.82,632677688,targeted,betweenness,86,3,0.03488372093023256,2,0.023255813953488372,0
0.82,1596306017,targeted,betweenness,86,3,0.03488372093023256,2,0.023255813953488372,0
0.82,819277513,targeted,betweenness,86,3,0.03488372093023256,2,0.023255813953488372,0
0.82,2027429351,targeted,betweenness,86,3,0.03488372093023256,2,0.023255813953488372,0
0.82,2955534596,targeted,betweenness,86,3,0.03488372093023256,2,0.023255813953488372,0
0.83,1273717248,targeted,betweenness,86,3,0.03488372093023256,2,0.023255813953488372,0
0.83,2611399358,targeted,betweenness,86,3,0.03488372093023256,2,0.023255813953488372,0
0.83,1140150395,targeted,betweenness,86,3,0.03488372093023256,2,0.023255813953488372,0
0.83,988396701,targeted,betweenness,86,3,0.03488372093023256,2,0.023255813953488372,0
0.83,2781891406,targeted,betweenness,86,3,0.03488372093023256,2,0.023255813953488372,0
0.83,1369031536,targeted,betweenness,86,3,0.03488372093023256,2,0.023255813953488372,0
0.83,2811733530,targeted,betweenness,86,3,0.03488372093023256,2,0.023255813953488372,0
0.83,3252574021,targeted,betweenness,86,3,0.03488372093023256,2,0.023255813953488372,0
0.83,3497469345,targeted,betweenness,86,3,0.03488372093023256,2,0.023255813953488372,0
0.83,2990357443,targeted,betweenness,86,3,0.03488372093023256,2,0.023255813953488372,0
0.83,3268003096,targeted,betweenness,86,3,0.03488372093023256,2,0.023255813953488372,0
0.83,3379920862,targeted,betweenness,86,3,0.03488372093023256,2,0.023255813953488372,0
0.83,1132879155,targeted,betweenness,86,3,0.03488372093023256,2,0.023255813953488372,0
0.83,1464882608,targeted,betweenness,86,3,0.03488372093023256,2,0.023255813953488372,0
0.83,4218367165,targeted,betweenness,86,3,0.03488372093023256,2,0.023255813953488372,0
0.83,3483650285,targeted,betweenness,86,3,0.03488372093023256,2,0.023255813953488372,0
0.83,2410425485,targeted,betweenness,86,3,0.03488372093023256,2,0.023255813953488372,0
0.83,3029331257,targeted,betweenness,86,3,0.03488372093023256,2,0.023255813953488372,0
0.83,4135385096,targeted,betweenness,86,3,0.03488372093023256,2,0.023255813953488372,0
0.83,343413642,targeted,betweenness,86,3,0.03488372093023256,2,0.023255813953488372,0
0.83,4011755615,targeted,betweenness,86,3,0.03488372093023256,2,0.023255813953488372,0
0.83,830305878,targeted,betweenness,86,3,0.03488372093023256,2,0.023255813953488372,0
0.83,37579612,targeted,betweenness,86,3,0.03488372093023256,2,0.023255813953488372,0
0.83,3917442069,targeted,betweenness,86,3,0.03488372093023256,2,0.023255813953488372,0
0.83,2164150169,targeted,betweenness,86,3,0.03488372093023256,2,0.023255813953488372,0
0.83,921550773,targeted,betweenness,86,3,0.03488372093023256,2,0.023255813953488372,0
0.83,1734552395,targeted,betweenness,86,3,0.03488372093023256,2,0.023255813953488372,0
0.83,2705294849,targeted,betweenness,86,3,0.03488372093023256,2,0.023255813953488372,0
0.83,601561931,targeted,betweenness,86,3,0.03488372093023256,2,0.023255813953488372,0
0.83,4104274491,targeted,betweenness,86,3,0.03488372093023256,2,0.023255813953488372,0
0.83,555116534,targeted,betweenness,86,3,0.03488372093023256,2,0.023255813953488372,0
0.83,1458185689,targeted,betweenness,86,3,0.03488372093023256,2,0.023255813953488372,0
0.83,3878015426,targeted,betweenness,86,3,0.03488372093023256,2,0.023255813953488372,0
0.83,3191919786,targeted,betweenness,86,3,0.03488372093023256,2,0.023255813953488372,0
0.83,1031819279,targeted,betweenness,86,3,0.03488372093023256,2,0.023255813953488372,0
0.83,2738893687,targeted,betweenness,86,3,0.03488372093023256,2,0.023255813953488372,0
0.83,1178897102,targeted,betweenness,86,3,0.03488372093023256,2,0.023255813953488372,0
0.83,1087682816,targeted,betweenness,86,3,0.03488372093023256,2,0.023255813953488372,0
0.83,1604281499,targeted,betweenness,86,3,0.03488372093023256,2,0.023255813953488372,0
0.83,3692038146,targeted,betweenness,86,3,0.03488372093023256,2,0.023255813953488372,0
0.83,1825079828,targeted,betweenness,86,3,0.03488372093023256,2,0.023255813953488372,0
0.83,2785018379,targeted,betweenness,86,3,0.03488372093023256,2,0.023255813953488372,0
0.83,3311588727,targeted,betweenness,86,3,0.03488372093023256,2,0.023255813953488372,0
0.83,3923181377,targeted,betweenness,86,3,0.03488372093023256,2,0.023255813953488372,0
0.83,1169724845,targeted,betweenness,86,3,0.03488372093023256,2,0.023255813953488372,0
0.83,830509186,targeted,betweenness,86,3,0.03488372093023256,2,0.023255813953488372,0
0.83,1866533307,targeted,betweenness,86,3,0.03488372093023256,2,0.023255813953488372,0
0.83,1242072459,targeted,betweenness,86,3,0.03488372093023256,2,0.023255813953488372,0
0.83,643849444,targeted,betweenness,86,3,0.03488372093023256,2,0.023255813953488372,0
0.83,2738577950,targeted,betweenness,86,3,0.03488372093023256,2,0.023255813953488372,0
0.83,3229041509,targeted,betweenness,86,3,0.03488372093023256,2,0.023255813953488372,0
0.83,3451715357,targeted,betweenness,86,3,0.03488372093023256,2,0.023255813953488372,0
0.83,1780504174,targeted,betweenness,86,3,0.03488372093023256,2,0.023255813953488372,0
0.83,3105469093,targeted,betweenness,86,3,0.03488372093023256,2,0.023255813953488372,0
0.83,1343843083,targeted,betweenness,86,3,0.03488372093023256,2,0.023255813953488372,0
0.83,3232762239,targeted,betweenness,86,3,0.03488372093023256,2,0.023255813953488372,0
0.83,3634694189,targeted,betweenness,86,3,0.03488372093023256,2,0.023255813953488372,0
0.83,1115438436,targeted,betweenness,86,3,0.03488372093023256,2,0.023255813953488372,0
0.83,2437578827,targeted,betweenness,86,3,0.03488372093023256,2,0.023255813953488372,0
0.83,209184414,targeted,betweenness,86,3,0.03488372093023256,2,0.023255813953488372,0
0.83,3190269245,targeted,betweenness,86,3,0.03488372093023256,2,0.023255813953488372,0
0.83,3409565188,targeted,betweenness,86,3,0.03488372093023256,2,0.023255813953488372,0
0.83,3092825084,targeted,betweenness,86,3,0.03488372093023256,2,0.023255813953488372,0
0.83,1150986805,targeted,betweenness,86,3,0.03488372093023256,2,0.023255813953488372,0
0.83,2256920594,targeted,betweenness,86,3,0.03488372093023256,2,0.023255813953488372,0
0.83,1391989811,targeted,betweenness,86,3,0.03488372093023256,2,0.023255813953488372,0
0.83,4230250471,targeted,betweenness,86,3,0.03488372093023256,2,0.023255813953488372,0
0.83,1044097544,targeted,betweenness,86,3,0.03488372093023256,2,0.023255813953488372,0
0.83,4154028865,targeted,betweenness,86,3,0.03488372093023256,2,0.023255813953488372,0
0.83,3414684506,targeted,betweenness,86,3,0.03488372093023256,2,0.023255813953488372,0
0.83,4217531099,targeted,betweenness,86,3,0.03488372093023256,2,0.023255813953488372,0
0.83,830201699,targeted,betweenness,86,3,0.03488372093023256,2,0.023255813953488372,0
0.83,3377072914,targeted,betweenness,86,3,0.03488372093023256,2,0.023255813953488372,0
0.83,3527386672,targeted,betweenness,86,3,0.03488372093023256,2,0.023255813953488372,0
0.83,637864467,targeted,betweenness,86,3,0.03488372093023256,2,0.023255813953488372,0
0.83,4196864986,targeted,betweenness,86,3,0.03488372093023256,2,0.023255813953488372,0
0.83,1347792419,targeted,betweenness,86,3,0.03488372093023256,2,0.023255813953488372,0
0.83,2634470258,targeted,betweenness,86,3,0.03488372093023256,2,0.023255813953488372,0
0.83,1562693546,targeted,betweenness,86,3,0.03488372093023256,2,0.023255813953488372,0
0.83,1171417219,targeted,betweenness,86,3,0.03488372093023256,2,0.023255813953488372,0
0.83,984729785,targeted,betweenness,86,3,0.03488372093023256,2,0.023255813953488372,0
0.83,205232057,targeted,betweenness,86,3,0.03488372093023256,2,0.023255813953488372,0
0.83,2272709240,targeted,betweenness,86,3,0.03488372093023256,2,0.023255813953488372,0
0.83,1176339091,targeted,betweenness,86,3,0.03488372093023256,2,0.023255813953488372,0
0.83,3974682531,targeted,betweenness,86,3,0.03488372093023256,2,0.023255813953488372,0
0.83,4058842766,targeted,betweenness,86,3,0.03488372093023256,2,0.023255813953488372,0
0.83,2262229195,targeted,betweenness,86,3,0.03488372093023256,2,0.023255813953488372,0
0.83,118459414,targeted,betweenness,86,3,0.03488372093023256,2,0.023255813953488372,0
0.83,4020642068,targeted,betweenness,86,3,0.03488372093023256,2,0.023255813953488372,0
0.83,2994543684,targeted,betweenness,86,3,0.03488372093023256,2,0.023255813953488372,0
0.83,1635483801,targeted,betweenness,86,3,0.03488372093023256,2,0.023255813953488372,0
0.83,2261584232,targeted,betweenness,86,3,0.03488372093023256,2,0.023255813953488372,0
0.83,1949010197,targeted,betweenness,86,3,0.03488372093023256,2,0.023255813953488372,0
0.83,3053692980,targeted,betweenness,86,3,0.03488372093023256,2,0.023255813953488372,0
0.83,3603231752,targeted,betweenness,86,3,0.03488372093023256,2,0.023255813953488372,0
0.83,1345090595,targeted,betweenness,86,3,0.03488372093023256,2,0.023255813953488372,0
0.83,2379489599,targeted,betweenness,86,3,0.03488372093023256,2,0.023255813953488372,0
0.83,3442424,targeted,betweenness,86,3,0.03488372093023256,2,0.023255813953488372,0
0.83,3936680154,targeted,betweenness,86,3,0.03488372093023256,2,0.023255813953488372,0
0.83,58486802,targeted,betweenness,86,3,0.03488372093023256,2,0.023255813953488372,0
0.84,3234523449,targeted,betweenness,86,2,0.023255813953488372,2,0.023255813953488372,0
0.84,2106191174,targeted,betweenness,86,2,0.023255813953488372,2,0.023255813953488372,0
0.84,4211643287,targeted,betweenness,86,2,0.023255813953488372,2,0.023255813953488372,0
0.84,3761084111,targeted,betweenness,86,2,0.023255813953488372,2,0.023255813953488372,0
0.84,1289626648,targeted,betweenness,86,2,0.023255813953488372,2,0.023255813953488372,0
0.84,326999839,targeted,betweenness,86,2,0.023255813953488372,2,0.023255813953488372,0
0.84,3284040555,targeted,betweenness,86,2,0.023255813953488372,2,0.023255813953488372,0
0.84,4225438180,targeted,betweenness,86,2,0.023255813953488372,2,0.023255813953488372,0
0.84,3141102193,targeted,betweenness,86,2,0.023255813953488372,2,0.023255813953488372,0
0.84,1938992354,targeted,betweenness,86,2,0.023255813953488372,2,0.023255813953488372,0
0.84,3860112289,targeted,betweenness,86,2,0.023255813953488372,2,0.023255813953488372,0
0.84,3243864844,targeted,betweenness,86,2,0.023255813953488372,2,0.023255813953488372,0
0.84,3769361746,targeted,betweenness,86,2,0.023255813953488372,2,0.023255813953488372,0
0.84,2659167380,targeted,betweenness,86,2,0.023255813953488372,2,0.023255813953488372,0
0.84,2760892096,targeted,betweenness,86,2,0.023255813953488372,2,0.023255813953488372,0
0.84,1434496701,targeted,betweenness,86,2,0.023255813953488372,2,0.023255813953488372,0
0.84,3983676909,targeted,betweenness,86,2,0.023255813953488372,2,0.023255813953488372,0
0.84,1244714711,targeted,betweenness,86,2,0.023255813953488372,2,0.023255813953488372,0
0.84,569745153,targeted,betweenness,86,2,0.023255813953488372,2,0.023255813953488372,0
0.84,2977024981,targeted,betweenness,86,2,0.023255813953488372,2,0.023255813953488372,0
0.84,3702219500,targeted,betweenness,86,2,0.023255813953488372,2,0.023255813953488372,0
0.84,1352258577,targeted,betweenness,86,2,0.023255813953488372,2,0.023255813953488372,0
0.84,3045768266,targeted,betweenness,86,2,0.023255813953488372,2,0.023255813953488372,0
0.84,839924286,targeted,betweenness,86,2,0.023255813953488372,2,0.023255813953488372,0
0.84,1136110199,targeted,betweenness,86,2,0.023255813953488372,2,0.023255813953488372,0
0.84,2731135051,targeted,betweenness,86,2,0.023255813953488372,2,0.023255813953488372,0
0.84,4177447841,targeted,betweenness,86,2,0.023255813953488372,2,0.023255813953488372,0
0.84,2381734104,targeted,betweenness,86,2,0.023255813953488372,2,0.023255813953488372,0
0.84,3087303751,targeted,betweenness,86,2,0.023255813953488372,2,0.023255813953488372,0
0.84,2178174716,targeted,betweenness,86,2,0.023255813953488372,2,0.023255813953488372,0
0.84,3037027596,targeted,betweenness,86,2,0.023255813953488372,2,0.023255813953488372,0
0.84,2952762954,targeted,betweenness,86,2,0.023255813953488372,2,0.023255813953488372,0
0.84,122783223,targeted,betweenness,86,2,0.023255813953488372,2,0.023255813953488372,0
0.84,467825676,targeted,betweenness,86,2,0.023255813953488372,2,0.023255813953488372,0
0.84,812965375,targeted,betweenness,86,2,0.023255813953488372,2,0.023255813953488372,0
0.84,3773840693,targeted,betweenness,86,2,0.023255813953488372,2,0.023255813953488372,0
0.84,3349789190,targeted,betweenness,86,2,0.023255813953488372,2,0.023255813953488372,0
0.84,3236596097,targeted,betweenness,86,2,0.023255813953488372,2,0.023255813953488372,0
0.84,2972884675,targeted,betweenness,86,2,0.023255813953488372,2,0.023255813953488372,0
0.84,485311173,targeted,betweenness,86,2,0.023255813953488372,2,0.023255813953488372,0
0.84,2216838450,targeted,betweenness,86,2,0.023255813953488372,2,0.023255813953488372,0
0.84,603945826,targeted,betweenness,86,2,0.023255813953488372,2,0.023255813953488372,0
0.84,2299781216,targeted,betweenness,86,2,0.023255813953488372,2,0.023255813953488372,0
0.84,2572472754,targeted,betweenness,86,2,0.023255813953488372,2,0.023255813953488372,0
0.84,3645065507,targeted,betweenness,86,2,0.023255813953488372,2,0.023255813953488372,0
0.84,3565337915,targeted,betweenness,86,2,0.023255813953488372,2,0.023255813953488372,0
0.84,2974354031,targeted,betweenness,86,2,0.023255813953488372,2,0.023255813953488372,0
0.84,1695191431,targeted,betweenness,86,2,0.023255813953488372,2,0.023255813953488372,0
0.84,2534372068,targeted,betweenness,86,2,0.023255813953488372,2,0.023255813953488372,0
0.84,536547811,targeted,betweenness,86,2,0.023255813953488372,2,0.023255813953488372,0
0.84,2420056757,targeted,betweenness,86,2,0.023255813953488372,2,0.023255813953488372,0
0.84,1455537463,targeted,betweenness,86,2,0.023255813953488372,2,0.023255813953488372,0
0.84,1721124729,targeted,betweenness,86,2,0.023255813953488372,2,0.023255813953488372,0
0.84,2318782672,targeted,betweenness,86,2,0.023255813953488372,2,0.023255813953488372,0
0.84,2157116513,targeted,betweenness,86,2,0.023255813953488372,2,0.023255813953488372,0
0.84,3528582978,targeted,betweenness,86,2,0.023255813953488372,2,0.023255813953488372,0
0.84,1364300577,targeted,betweenness,86,2,0.023255813953488372,2,0.023255813953488372,0
0.84,2951011247,targeted,betweenness,86,2,0.023255813953488372,2,0.023255813953488372,0
0.84,3457348220,targeted,betweenness,86,2,0.023255813953488372,2,0.023255813953488372,0
0.84,4059001358,targeted,betweenness,86,2,0.023255813953488372,2,0.023255813953488372,0
0.84,2159266811,targeted,betweenness,86,2,0.023255813953488372,2,0.023255813953488372,0
0.84,2028161745,targeted,betweenness,86,2,0.023255813953488372,2,0.023255813953488372,0
0.84,973227620,targeted,betweenness,86,2,0.023255813953488372,2,0.023255813953488372,0
0.84,416882372,targeted,betweenness,86,2,0.023255813953488372,2,0.023255813953488372,0
0.84,2529315482,targeted,betweenness,86,2,0.023255813953488372,2,0.023255813953488372,0
0.84,3792528144,targeted,betweenness,86,2,0.023255813953488372,2,0.023255813953488372,0
0.84,3958421727,targeted,betweenness,86,2,0.023255813953488372,2,0.023255813953488372,0
0.84,619591193,targeted,betweenness,86,2,0.023255813953488372,2,0.023255813953488372,0
0.84,3613507202,targeted,betweenness,86,2,0.023255813953488372,2,0.023255813953488372,0
0.84,3049962250,targeted,betweenness,86,2,0.023255813953488372,2,0.023255813953488372,0
0.84,618325983,targeted,betweenness,86,2,0.023255813953488372,2,0.023255813953488372,0
0.84,2445043172,targeted,betweenness,86,2,0.023255813953488372,2,0.023255813953488372,0
0.84,406629507,targeted,betweenness,86,2,0.023255813953488372,2,0.023255813953488372,0
0.84,3257680130,targeted,betweenness,86,2,0.023255813953488372,2,0.023255813953488372,0
0.84,3335576714,targeted,betweenness,86,2,0.023255813953488372,2,0.023255813953488372,0
0.84,3217269041,targeted,betweenness,86,2,0.023255813953488372,2,0.023255813953488372,0
0.84,2927003438,targeted,betweenness,86,2,0.023255813953488372,2,0.023255813953488372,0
0.84,478457257,targeted,betweenness,86,2,0.023255813953488372,2,0.023255813953488372,0
0.84,3160632443,targeted,betweenness,86,2,0.023255813953488372,2,0.023255813953488372,0
0.84,552795275,targeted,betweenness,86,2,0.023255813953488372,2,0.023255813953488372,0
0.84,2909252638,targeted,betweenness,86,2,0.023255813953488372,2,0.023255813953488372,0
0.84,2957806723,targeted,betweenness,86,2,0.023255813953488372,2,0.023255813953488372,0
0.84,304684702,targeted,betweenness,86,2,0.023255813953488372,2,0.023255813953488372,0
0.84,3342035554,targeted,betweenness,86,2,0.023255813953488372,2,0.023255813953488372,0
0.84,3184082674,targeted,betweenness,86,2,0.023255813953488372,2,0.023255813953488372,0
0.84,830068711,targeted,betweenness,86,2,0.023255813953488372,2,0.023255813953488372,0
0.84,1583942589,targeted,betweenness,86,2,0.023255813953488372,2,0.023255813953488372,0
0.84,1706297300,targeted,betweenness,86,2,0.023255813953488372,2,0.023255813953488372,0
0.84,2983866966,targeted,betweenness,86,2,0.023255813953488372,2,0.023255813953488372,0
0.84,3152375468,targeted,betweenness,86,2,0.023255813953488372,2,0.023255813953488372,0
0.84,1555502975,targeted,betweenness,86,2,0.023255813953488372,2,0.023255813953488372,0
0.84,2645261126,targeted,betweenness,86,2,0.023255813953488372,2,0.023255813953488372,0
0.84,3544470105,targeted,betweenness,86,2,0.023255813953488372,2,0.023255813953488372,0
0.84,3787405563,targeted,betweenness,86,2,0.023255813953488372,2,0.023255813953488372,0
0.84,2101688152,targeted,betweenness,86,2,0.023255813953488372,2,0.023255813953488372,0
0.84,3405473246,targeted,betweenness,86,2,0.023255813953488372,2,0.023255813953488372,0
0.84,2192758302,targeted,betweenness,86,2,0.023255813953488372,2,0.023255813953488372,0
0.84,702959949,targeted,betweenness,86,2,0.023255813953488372,2,0.023255813953488372,0
0.84,1042957984,targeted,betweenness,86,2,0.023255813953488372,2,0.023255813953488372,0
0.84,2091903027,targeted,betweenness,86,2,0.023255813953488372,2,0.023255813953488372,0
0.85,525698223,targeted,betweenness,86,2,0.023255813953488372,2,0.023255813953488372,1
0.85,2851191593,targeted,betweenness,86,2,0.023255813953488372,2,0.023255813953488372,1
0.85,2230693176,targeted,betweenness,86,2,0.023255813953488372,2,0.023255813953488372,1
0.85,2347264954,targeted,betweenness,86,2,0.023255813953488372,2,0.023255813953488372,1
0.85,23268518,targeted,betweenness,86,2,0.023255813953488372,2,0.023255813953488372,1
0.85,535618802,targeted,betweenness,86,2,0.023255813953488372,2,0.023255813953488372,1
0.85,2927716186,targeted,betweenness,86,2,0.023255813953488372,2,0.023255813953488372,1
0.85,543825085,targeted,betweenness,86,2,0.023255813953488372,2,0.023255813953488372,1
0.85,1156895358,targeted,betweenness,86,2,0.023255813953488372,2,0.023255813953488372,1
0.85,4245811598,targeted,betweenness,86,2,0.023255813953488372,2,0.023255813953488372,1
0.85,3514875058,targeted,betweenness,86,2,0.023255813953488372,2,0.023255813953488372,1
0.85,784467401,targeted,betweenness,86,2,0.023255813953488372,2,0.023255813953488372,1
0.85,922997135,targeted,betweenness,86,2,0.023255813953488372,2,0.023255813953488372,1
0.85,1159351624,targeted,betweenness,86,2,0.023255813953488372,2,0.023255813953488372,1
0.85,521520123,targeted,betweenness,86,2,0.023255813953488372,2,0.023255813953488372,1
0.85,3186773278,targeted,betweenness,86,2,0.023255813953488372,2,0.023255813953488372,1
0.85,2562236844,targeted,betweenness,86,2,0.023255813953488372,2,0.023255813953488372,1
0.85,1244711987,targeted,betweenness,86,2,0.023255813953488372,2,0.023255813953488372,1
0.85,990590123,targeted,betweenness,86,2,0.023255813953488372,2,0.023255813953488372,1
0.85,2736895163,targeted,betweenness,86,2,0.023255813953488372,2,0.023255813953488372,1
0.85,2345976136,targeted,betweenness,86,2,0.023255813953488372,2,0.023255813953488372,1
0.85,254650460,targeted,betweenness,86,2,0.023255813953488372,2,0.023255813953488372,1
0.85,3617676684,targeted,betweenness,86,2,0.023255813953488372,2,0.023255813953488372,1
0.85,698583407,targeted,betweenness,86,2,0.023255813953488372,2,0.023255813953488372,1
0.85,2505653051,targeted,betweenness,86,2,0.023255813953488372,2,0.023255813953488372,1
0.85,3865658940,targeted,betweenness,86,2,0.023255813953488372,2,0.023255813953488372,1
0.85,2262522561,targeted,betweenness,86,2,0.023255813953488372,2,0.023255813953488372,1
0.85,1185669107,targeted,betweenness,86,2,0.023255813953488372,2,0.023255813953488372,1
0.85,581894688,targeted,betweenness,86,2,0.023255813953488372,2,0.023255813953488372,1
0.85,2580561514,targeted,betweenness,86,2,0.023255813953488372,2,0.023255813953488372,1
0.85,3281861344,targeted,betweenness,86,2,0.023255813953488372,2,0.023255813953488372,1
0.85,2609452076,targeted,betweenness,86,2,0.023255813953488372,2,0.023255813953488372,1
0.85,3226371861,targeted,betweenness,86,2,0.023255813953488372,2,0.023255813953488372,1
0.85,1803740453,targeted,betweenness,86,2,0.023255813953488372,2,0.023255813953488372,1
0.85,2116777812,targeted,betweenness,86,2,0.023255813953488372,2,0.023255813953488372,1
0.85,532824958,targeted,betweenness,86,2,0.023255813953488372,2,0.023255813953488372,1
0.85,641023199,targeted,betweenness,86,2,0.023255813953488372,2,0.023255813953488372,1
0.85,1522867964,targeted,betweenness,86,2,0.023255813953488372,2,0.023255813953488372,1
0.85,785848027,targeted,betweenness,86,2,0.023255813953488372,2,0.023255813953488372,1
0.85,3496731691,targeted,betweenness,86,2,0.023255813953488372,2,0.023255813953488372,1
0.85,4206025482,targeted,betweenness,86,2,0.023255813953488372,2,0.023255813953488372,1
0.85,867245686,targeted,betweenness,86,2,0.023255813953488372,2,0.023255813953488372,1
0.85,1377918995,targeted,betweenness,86,2,0.023255813953488372,2,0.023255813953488372,1
0.85,3522940444,targeted,betweenness,86,2,0.023255813953488372,2,0.023255813953488372,1
0.85,1353551809,targeted,betweenness,86,2,0.023255813953488372,2,0.023255813953488372,1
0.85,2527924498,targeted,betweenness,86,2,0.023255813953488372,2,0.023255813953488372,1
0.85,2496375576,targeted,betweenness,86,2,0.023255813953488372,2,0.023255813953488372,1
0.85,279318288,targeted,betweenness,86,2,0.023255813953488372,2,0.023255813953488372,1
0.85,394881630,targeted,betweenness,86,2,0.023255813953488372,2,0.023255813953488372,1
0.85,4170445433,targeted,betweenness,86,2,0.023255813953488372,2,0.023255813953488372,1
0.85,970111534,targeted,betweenness,86,2,0.023255813953488372,2,0.023255813953488372,1
0.85,923963450,targeted,betweenness,86,2,0.023255813953488372,2,0.023255813953488372,1
0.85,2572082139,targeted,betweenness,86,2,0.023255813953488372,2,0.023255813953488372,1
0.85,3537440398,targeted,betweenness,86,2,0.023255813953488372,2,0.023255813953488372,1
0.85,3189113763,targeted,betweenness,86,2,0.023255813953488372,2,0.023255813953488372,1
0.85,2377589898,targeted,betweenness,86,2,0.023255813953488372,2,0.023255813953488372,1
0.85,1921883564,targeted,betweenness,86,2,0.023255813953488372,2,0.023255813953488372,1
0.85,3885335393,targeted,betweenness,86,2,0.023255813953488372,2,0.023255813953488372,1
0.85,1386082679,targeted,betweenness,86,2,0.023255813953488372,2,0.023255813953488372,1
0.85,2754491240,targeted,betweenness,86,2,0.023255813953488372,2,0.023255813953488372,1
0.85,4273416829,targeted,betweenness,86,2,0.023255813953488372,2,0.023255813953488372,1
0.85,2354337655,targeted,betweenness,86,2,0.023255813953488372,2,0.023255813953488372,1
0.85,3808740475,targeted,betweenness,86,2,0.023255813953488372,2,0.023255813953488372,1
0.85,1619950036,targeted,betweenness,86,2,0.023255813953488372,2,0.023255813953488372,1
0.85,2090223658,targeted,betweenness,86,2,0.023255813953488372,2,0.023255813953488372,1
0.85,978120980,targeted,betweenness,86,2,0.023255813953488372,2,0.023255813953488372,1
0.85,3901585970,targeted,betweenness,86,2,0.023255813953488372,2,0.023255813953488372,1
0.85,3114218956,targeted,betweenness,86,2,0.023255813953488372,2,0.023255813953488372,1
0.85,189771014,targeted,betweenness,86,2,0.023255813953488372,2,0.023255813953488372,1
0.85,767037608,targeted,betweenness,86,2,0.023255813953488372,2,0.023255813953488372,1
0.85,3050032838,targeted,betweenness,86,2,0.023255813953488372,2,0.023255813953488372,1
0.85,2068082520,targeted,betweenness,86,2,0.023255813953488372,2,0.023255813953488372,1
0.85,1205261566,targeted,betweenness,86,2,0.023255813953488372,2,0.023255813953488372,1
0.85,2084152773,targeted,betweenness,86,2,0.023255813953488372,2,0.023255813953488372,1
0.85,1839978853,targeted,betweenness,86,2,0.023255813953488372,2,0.023255813953488372,1
0.85,3331511267,targeted,betweenness,86,2,0.023255813953488372,2,0.023255813953488372,1
0.85,46167293,targeted,betweenness,86,2,0.023255813953488372,2,0.023255813953488372,1
0.85,2921156276,targeted,betweenness,86,2,0.023255813953488372,2,0.023255813953488372,1
0.85,3029832314,targeted,betweenness,86,2,0.023255813953488372,2,0.023255813953488372,1
0.85,4214753556,targeted,betweenness,86,2,0.023255813953488372,2,0.023255813953488372,1
0.85,1384960992,targeted,betweenness,86,2,0.023255813953488372,2,0.023255813953488372,1
0.85,616690624,targeted,betweenness,86,2,0.023255813953488372,2,0.023255813953488372,1
0.85,2064809044,targeted,betweenness,86,2,0.023255813953488372,2,0.023255813953488372,1
0.85,3424137847,targeted,betweenness,86,2,0.023255813953488372,2,0.023255813953488372,1
0.85,2080135341,targeted,betweenness,86,2,0.023255813953488372,2,0.023255813953488372,1
0.85,978255875,targeted,betweenness,86,2,0.023255813953488372,2,0.023255813953488372,1
0.85,4189330046,targeted,betweenness,86,2,0.023255813953488372,2,0.023255813953488372,1
0.85,3983503791,targeted,betweenness,86,2,0.023255813953488372,2,0.023255813953488372,1
0.85,578913449,targeted,betweenness,86,2,0.023255813953488372,2,0.023255813953488372,1
0.85,2842439728,targeted,betweenness,86,2,0.023255813953488372,2,0.023255813953488372,1
0.85,123463501,targeted,betweenness,86,2,0.023255813953488372,2,0.023255813953488372,1
0.85,316521060,targeted,betweenness,86,2,0.023255813953488372,2,0.023255813953488372,1
0.85,564681052,targeted,betweenness,86,2,0.023255813953488372,2,0.023255813953488372,1
0.85,902747255,targeted,betweenness,86,2,0.023255813953488372,2,0.023255813953488372,1
0.85,2043128774,targeted,betweenness,86,2,0.023255813953488372,2,0.023255813953488372,1
0.85,341719198,targeted,betweenness,86,2,0.023255813953488372,2,0.023255813953488372,1
0.85,3505207839,targeted,betweenness,86,2,0.023255813953488372,2,0.023255813953488372,1
0.85,2421447167,targeted,betweenness,86,2,0.023255813953488372,2,0.023255813953488372,1
0.85,95942782,targeted,betweenness,86,2,0.023255813953488372,2,0.023255813953488372,1
0.85,2495733693,targeted,betweenness,86,2,0.023255813953488372,2,0.023255813953488372,1
0.86,980505655,targeted,betweenness,86,2,0.023255813953488372,2,0.023255813953488372,2
0.86,2064137296,targeted,betweenness,86,2,0.023255813953488372,2,0.023255813953488372,2
0.86,1809731794,targeted,betweenness,86,2,0.023255813953488372,2,0.023255813953488372,2
0.86,3746511035,targeted,betweenness,86,2,0.023255813953488372,2,0.023255813953488372,2
0.86,3636800307,targeted,betweenness,86,2,0.023255813953488372,2,0.023255813953488372,2
0.86,3520205643,targeted,betweenness,86,2,0.023255813953488372,2,0.023255813953488372,2
0.86,794531471,targeted,betweenness,86,2,0.023255813953488372,2,0.023255813953488372,2
0.86,3397123764,targeted,betweenness,86,2,0.023255813953488372,2,0.023255813953488372,2
0.86,2645990258,targeted,betweenness,86,2,0.023255813953488372,2,0.023255813953488372,2
0.86,3278918573,targeted,betweenness,86,2,0.023255813953488372,2,0.023255813953488372,2
0.86,1696809099,targeted,betweenness,86,2,0.023255813953488372,2,0.023255813953488372,2
0.86,3981827266,targeted,betweenness,86,2,0.023255813953488372,2,0.023255813953488372,2
0.86,3477029476,targeted,betweenness,86,2,0.023255813953488372,2,0.023255813953488372,2
0.86,2077061777,targeted,betweenness,86,2,0.023255813953488372,2,0.023255813953488372,2
0.86,2185170414,targeted,betweenness,86,2,0.023255813953488372,2,0.023255813953488372,2
0.86,1679501554,targeted,betweenness,86,2,0.023255813953488372,2,0.023255813953488372,2
0.86,2148933511,targeted,betweenness,86,2,0.023255813953488372,2,0.023255813953488372,2
0.86,1031994246,targeted,betweenness,86,2,0.023255813953488372,2,0.023255813953488372,2
0.86,2782726134,targeted,betweenness,86,2,0.023255813953488372,2,0.023255813953488372,2
0.86,1331072920,targeted,betweenness,86,2,0.023255813953488372,2,0.023255813953488372,2
0.86,2065519091,targeted,betweenness,86,2,0.023255813953488372,2,0.023255813953488372,2
0.86,434170056,targeted,betweenness,86,2,0.023255813953488372,2,0.023255813953488372,2
0.86,3487251968,targeted,betweenness,86,2,0.023255813953488372,2,0.023255813953488372,2
0.86,146223276,targeted,betweenness,86,2,0.023255813953488372,2,0.023255813953488372,2
0.86,2791415714,targeted,betweenness,86,2,0.023255813953488372,2,0.023255813953488372,2
0.86,541883747,targeted,betweenness,86,2,0.023255813953488372,2,0.023255813953488372,2
0.86,2042979353,targeted,betweenness,86,2,0.023255813953488372,2,0.023255813953488372,2
0.86,292524457,targeted,betweenness,86,2,0.023255813953488372,2,0.023255813953488372,2
0.86,2277327556,targeted,betweenness,86,2,0.023255813953488372,2,0.023255813953488372,2
0.86,1839822167,targeted,betweenness,86,2,0.023255813953488372,2,0.023255813953488372,2
0.86,1043501563,targeted,betweenness,86,2,0.023255813953488372,2,0.023255813953488372,2
0.86,2241353200,targeted,betweenness,86,2,0.023255813953488372,2,0.023255813953488372,2
0.86,595416087,targeted,betweenness,86,2,0.023255813953488372,2,0.023255813953488372,2
0.86,3984346135,targeted,betweenness,86,2,0.023255813953488372,2,0.023255813953488372,2
0.86,2707661705,targeted,betweenness,86,2,0.023255813953488372,2,0.023255813953488372,2
0.86,3398225064,targeted,betweenness,86,2,0.023255813953488372,2,0.023255813953488372,2
0.86,2893212691,targeted,betweenness,86,2,0.023255813953488372,2,0.023255813953488372,2
0.86,3046206651,targeted,betweenness,86,2,0.023255813953488372,2,0.023255813953488372,2
0.86,4035200848,targeted,betweenness,86,2,0.023255813953488372,2,0.023255813953488372,2
0.86,272923311,targeted,betweenness,86,2,0.023255813953488372,2,0.023255813953488372,2
0.86,616116609,targeted,betweenness,86,2,0.023255813953488372,2,0.023255813953488372,2
0.86,3204833810,targeted,betweenness,86,2,0.023255813953488372,2,0.023255813953488372,2
0.86,2119245435,targeted,betweenness,86,2,0.023255813953488372,2,0.023255813953488372,2
0.86,830713955,targeted,betweenness,86,2,0.023255813953488372,2,0.023255813953488372,2
0.86,1267932586,targeted,betweenness,86,2,0.023255813953488372,2,0.023255813953488372,2
0.86,3325953248,targeted,betweenness,86,2,0.023255813953488372,2,0.023255813953488372,2
0.86,1574675256,targeted,betweenness,86,2,0.023255813953488372,2,0.023255813953488372,2
0.86,630768647,targeted,betweenness,86,2,0.023255813953488372,2,0.023255813953488372,2
0.86,3098627618,targeted,betweenness,86,2,0.023255813953488372,2,0.023255813953488372,2
0.86,3390711769,targeted,betweenness,86,2,0.023255813953488372,2,0.023255813953488372,2
0.86,2317313344,targeted,betweenness,86,2,0.023255813953488372,2,0.023255813953488372,2
0.86,1665305042,targeted,betweenness,86,2,0.023255813953488372,2,0.023255813953488372,2
0.86,3730903582,targeted,betweenness,86,2,0.023255813953488372,2,0.023255813953488372,2
0.86,1766038190,targeted,betweenness,86,2,0.023255813953488372,2,0.023255813953488372,2
0.86,2417413048,targeted,betweenness,86,2,0.023255813953488372,2,0.023255813953488372,2
0.86,3013587122,targeted,betweenness,86,2,0.023255813953488372,2,0.023255813953488372,2
0.86,4175932067,targeted,betweenness,86,2,0.023255813953488372,2,0.023255813953488372,2
0.86,1134920248,targeted,betweenness,86,2,0.023255813953488372,2,0.023255813953488372,2
0.86,3361359556,targeted,betweenness,86,2,0.023255813953488372,2,0.023255813953488372,2
0.86,3890034813,targeted,betweenness,86,2,0.023255813953488372,2,0.023255813953488372,2
0.86,497455996,targeted,betweenness,86,2,0.023255813953488372,2,0.023255813953488372,2
0.86,4214588221,targeted,betweenness,86,2,0.023255813953488372,2,0.023255813953488372,2
0.86,1746998900,targeted,betweenness,86,2,0.023255813953488372,2,0.023255813953488372,2
0.86,1678546851,targeted,betweenness,86,2,0.023255813953488372,2,0.023255813953488372,2
0.86,2070661763,targeted,betweenness,86,2,0.023255813953488372,2,0.023255813953488372,2
0.86,3732338058,targeted,betweenness,86,2,0.023255813953488372,2,0.023255813953488372,2
0.86,4126154414,targeted,betweenness,86,2,0.023255813953488372,2,0.023255813953488372,2
0.86,737696971,targeted,betweenness,86,2,0.023255813953488372,2,0.023255813953488372,2
0.86,2690234418,targeted,betweenness,86,2,0.023255813953488372,2,0.023255813953488372,2
0.86,823841202,targeted,betweenness,86,2,0.023255813953488372,2,0.023255813953488372,2
0.86,1276313264,targeted,betweenness,86,2,0.023255813953488372,2,0.023255813953488372,2
0.86,2507785911,targeted,betweenness,86,2,0.023255813953488372,2,0.023255813953488372,2
0.86,3678741777,targeted,betweenness,86,2,0.023255813953488372,2,0.023255813953488372,2
0.86,895289810,targeted,betweenness,86,2,0.023255813953488372,2,0.023255813953488372,2
0.86,3192250074,targeted,betweenness,86,2,0.023255813953488372,2,0.023255813953488372,2
0.86,2308715583,targeted,betweenness,86,2,0.023255813953488372,2,0.023255813953488372,2
0.86,698702420,targeted,betweenness,86,2,0.023255813953488372,2,0.023255813953488372,2
0.86,946762055,targeted,betweenness,86,2,0.023255813953488372,2,0.023255813953488372,2
0.86,3685083275,targeted,betweenness,86,2,0.023255813953488372,2,0.023255813953488372,2
0.86,3148644814,targeted,betweenness,86,2,0.023255813953488372,2,0.023255813953488372,2
0.86,3328281454,targeted,betweenness,86,2,0.023255813953488372,2,0.023255813953488372,2
0.86,4265768327,targeted,betweenness,86,2,0.023255813953488372,2,0.023255813953488372,2
0.86,2850813980,targeted,betweenness,86,2,0.023255813953488372,2,0.023255813953488372,2
0.86,4012935402,targeted,betweenness,86,2,0.023255813953488372,2,0.023255813953488372,2
0.86,3654279601,targeted,betweenness,86,2,0.023255813953488372,2,0.023255813953488372,2
0.86,4208829637,targeted,betweenness,86,2,0.023255813953488372,2,0.023255813953488372,2
0.86,2341171760,targeted,betweenness,86,2,0.023255813953488372,2,0.023255813953488372,2
0.86,2959940675,targeted,betweenness,86,2,0.023255813953488372,2,0.023255813953488372,2
0.86,3489551004,targeted,betweenness,86,2,0.023255813953488372,2,0.023255813953488372,2
0.86,3509010279,targeted,betweenness,86,2,0.023255813953488372,2,0.023255813953488372,2
0.86,1751887033,targeted,betweenness,86,2,0.023255813953488372,2,0.023255813953488372,2
0.86,1035548749,targeted,betweenness,86,2,0.023255813953488372,2,0.023255813953488372,2
0.86,3848303140,targeted,betweenness,86,2,0.023255813953488372,2,0.023255813953488372,2
0.86,3707550940,targeted,betweenness,86,2,0.023255813953488372,2,0.023255813953488372,2
0.86,3327611048,targeted,betweenness,86,2,0.023255813953488372,2,0.023255813953488372,2
0.86,3578805885,targeted,betweenness,86,2,0.023255813953488372,2,0.023255813953488372,2
0.86,1570675433,targeted,betweenness,86,2,0.023255813953488372,2,0.023255813953488372,2
0.86,1939826909,targeted,betweenness,86,2,0.023255813953488372,2,0.023255813953488372,2
0.86,426856238,targeted,betweenness,86,2,0.023255813953488372,2,0.023255813953488372,2
0.86,2421881134,targeted,betweenness,86,2,0.023255813953488372,2,0.023255813953488372,2
0.87,1793894966,targeted,betweenness,86,2,0.023255813953488372,2,0.023255813953488372,3
0.87,4774339,targeted,betweenness,86,2,0.023255813953488372,2,0.023255813953488372,3
0.87,3604298598,targeted,betweenness,86,2,0.023255813953488372,2,0.023255813953488372,3
0.87,193970374,targeted,betweenness,86,2,0.023255813953488372,2,0.023255813953488372,3
0.87,2501824603,targeted,betweenness,86,2,0.023255813953488372,2,0.023255813953488372,3
0.87,2314285494,targeted,betweenness,86,2,0.023255813953488372,2,0.023255813953488372,3
0.87,3753234098,targeted,betweenness,86,2,0.023255813953488372,2,0.023255813953488372,3
0.87,1031787557,targeted,betweenness,86,2,0.023255813953488372,2,0.023255813953488372,3
0.87,1892137433,targeted,betweenness,86,2,0.023255813953488372,2,0.023255813953488372,3
0.87,166155252,targeted,betweenness,86,2,0.023255813953488372,2,0.023255813953488372,3
0.87,179752023,targeted,betweenness,86,2,0.023255813953488372,2,0.023255813953488372,3
0.87,2265282144,targeted,betweenness,86,2,0.023255813953488372,2,0.023255813953488372,3
0.87,3364573796,targeted,betweenness,86,2,0.023255813953488372,2,0.023255813953488372,3
0.87,2841730008,targeted,betweenness,86,2,0.023255813953488372,2,0.023255813953488372,3
0.87,4136403353,targeted,betweenness,86,2,0.023255813953488372,2,0.023255813953488372,3
0.87,835535429,targeted,betweenness,86,2,0.023255813953488372,2,0.023255813953488372,3
0.87,3242866116,targeted,betweenness,86,2,0.023255813953488372,2,0.023255813953488372,3
0.87,960241089,targeted,betweenness,86,2,0.023255813953488372,2,0.023255813953488372,3
0.87,3863590459,targeted,betweenness,86,2,0.023255813953488372,2,0.023255813953488372,3
0.87,1907631613,targeted,betweenness,86,2,0.023255813953488372,2,0.023255813953488372,3
0.87,1859082318,targeted,betweenness,86,2,0.023255813953488372,2,0.023255813953488372,3
0.87,2527042120,targeted,betweenness,86,2,0.023255813953488372,2,0.023255813953488372,3
0.87,976457121,targeted,betweenness,86,2,0.023255813953488372,2,0.023255813953488372,3
0.87,1959465609,targeted,betweenness,86,2,0.023255813953488372,2,0.023255813953488372,3
0.87,1519310484,targeted,betweenness,86,2,0.023255813953488372,2,0.023255813953488372,3
0.87,1223623091,targeted,betweenness,86,2,0.023255813953488372,2,0.023255813953488372,3
0.87,2425376670,targeted,betweenness,86,2,0.023255813953488372,2,0.023255813953488372,3
0.87,326869712,targeted,betweenness,86,2,0.023255813953488372,2,0.023255813953488372,3
0.87,1397509471,targeted,betweenness,86,2,0.023255813953488372,2,0.023255813953488372,3
0.87,3073859730,targeted,betweenness,86,2,0.023255813953488372,2,0.023255813953488372,3
0.87,1918432025,targeted,betweenness,86,2,0.023255813953488372,2,0.023255813953488372,3
0.87,452736025,targeted,betweenness,86,2,0.023255813953488372,2,0.023255813953488372,3
0.87,1138052202,targeted,betweenness,86,2,0.023255813953488372,2,0.023255813953488372,3
0.87,2365378106,targeted,betweenness,86,2,0.023255813953488372,2,0.023255813953488372,3
0.87,2127394245,targeted,betweenness,86,2,0.023255813953488372,2,0.023255813953488372,3
0.87,2732760387,targeted,betweenness,86,2,0.023255813953488372,2,0.023255813953488372,3
0.87,1149182392,targeted,betweenness,86,2,0.023255813953488372,2,0.023255813953488372,3
0.87,4006306185,targeted,betweenness,86,2,0.023255813953488372,2,0.023255813953488372,3
0.87,3216086642,targeted,betweenness,86,2,0.023255813953488372,2,0.023255813953488372,3
0.87,2892148573,targeted,betweenness,86,2,0.023255813953488372,2,0.023255813953488372,3
0.87,886894872,targeted,betweenness,86,2,0.023255813953488372,2,0.023255813953488372,3
0.87,1616906209,targeted,betweenness,86,2,0.023255813953488372,2,0.023255813953488372,3
0.87,2979510461,targeted,betweenness,86,2,0.023255813953488372,2,0.023255813953488372,3
0.87,2600556579,targeted,betweenness,86,2,0.023255813953488372,2,0.023255813953488372,3
0.87,1422769917,targeted,betweenness,86,2,0.023255813953488372,2,0.023255813953488372,3
0.87,2217575972,targeted,betweenness,86,2,0.023255813953488372,2,0.023255813953488372,3
0.87,4024039382,targeted,betweenness,86,2,0.023255813953488372,2,0.023255813953488372,3
0.87,1426369955,targeted,betweenness,86,2,0.023255813953488372,2,0.023255813953488372,3
0.87,1206391033,targeted,betweenness,86,2,0.023255813953488372,2,0.023255813953488372,3
0.87,1892270980,targeted,betweenness,86,2,0.023255813953488372,2,0.023255813953488372,3
0.87,1692525981,targeted,betweenness,86,2,0.023255813953488372,2,0.023255813953488372,3
0.87,4230638889,targeted,betweenness,86,2,0.023255813953488372,2,0.023255813953488372,3
0.87,2427927387,targeted,betweenness,86,2,0.023255813953488372,2,0.023255813953488372,3
0.87,368458391,targeted,betweenness,86,2,0.023255813953488372,2,0.023255813953488372,3
0.87,4069374800,targeted,betweenness,86,2,0.023255813953488372,2,0.023255813953488372,3
0.87,2171446436,targeted,betweenness,86,2,0.023255813953488372,2,0.023255813953488372,3
0.87,1713821350,targeted,betweenness,86,2,0.023255813953488372,2,0.023255813953488372,3
0.87,2691875597,targeted,betweenness,86,2,0.023255813953488372,2,0.023255813953488372,3
0.87,3938281148,targeted,betweenness,86,2,0.023255813953488372,2,0.023255813953488372,3
0.87,3118789735,targeted,betweenness,86,2,0.023255813953488372,2,0.023255813953488372,3
0.87,3766814977,targeted,betweenness,86,2,0.023255813953488372,2,0.023255813953488372,3
0.87,1536104665,targeted,betweenness,86,2,0.023255813953488372,2,0.023255813953488372,3
0.87,3659665361,targeted,betweenness,86,2,0.023255813953488372,2,0.023255813953488372,3
0.87,325481154,targeted,betweenness,86,2,0.023255813953488372,2,0.023255813953488372,3
0.87,2402805373,targeted,betweenness,86,2,0.023255813953488372,2,0.023255813953488372,3
0.87,1230390804,targeted,betweenness,86,2,0.023255813953488372,2,0.023255813953488372,3
0.87,1279158113,targeted,betweenness,86,2,0.023255813953488372,2,0.023255813953488372,3
0.87,9576779,targeted,betweenness,86,2,0.023255813953488372,2,0.023255813953488372,3
0.87,4224940873,targeted,betweenness,86,2,0.023255813953488372,2,0.023255813953488372,3
0.87,2175686488,targeted,betweenness,86,2,0.023255813953488372,2,0.023255813953488372,3
0.87,1627622595,targeted,betweenness,86,2,0.023255813953488372,2,0.023255813953488372,3
0.87,1113025171,targeted,betweenness,86,2,0.023255813953488372,2,0.023255813953488372,3
0.87,1308147185,targeted,betweenness,86,2,0.023255813953488372,2,0.023255813953488372,3
0.87,3860605961,targeted,betweenness,86,2,0.023255813953488372,2,0.023255813953488372,3
0.87,4156846654,targeted,betweenness,86,2,0.023255813953488372,2,0.023255813953488372,3
0.87,1224415399,targeted,betweenness,86,2,0.023255813953488372,2,0.023255813953488372,3
0.87,2737016707,targeted,betweenness,86,2,0.023255813953488372,2,0.023255813953488372,3
0.87,1619675736,targeted,betweenness,86,2,0.023255813953488372,2,0.023255813953488372,3
0.87,230868237,targeted,betweenness,86,2,0.023255813953488372,2,0.023255813953488372,3
0.87,1024478916,targeted,betweenness,86,2,0.023255813953488372,2,0.023255813953488372,3
0.87,1425135800,targeted,betweenness,86,2,0.023255813953488372,2,0.023255813953488372,3
0.87,1629161268,targeted,betweenness,86,2,0.023255813953488372,2,0.023255813953488372,3
0.87,464310072,targeted,betweenness,86,2,0.023255813953488372,2,0.023255813953488372,3
0.87,3528963062,targeted,betweenness,86,2,0.023255813953488372,2,0.023255813953488372,3
0.87,3591789249,targeted,betweenness,86,2,0.023255813953488372,2,0.023255813953488372,3
0.87,1612841144,targeted,betweenness,86,2,0.023255813953488372,2,0.023255813953488372,3
0.87,156120398,targeted,betweenness,86,2,0.023255813953488372,2,0.023255813953488372,3
0.87,2526321754,targeted,betweenness,86,2,0.023255813953488372,2,0.023255813953488372,3
0.87,2945474059,targeted,betweenness,86,2,0.023255813953488372,2,0.023255813953488372,3
0.87,142971168,targeted,betweenness,86,2,0.023255813953488372,2,0.023255813953488372,3
0.87,593525908,targeted,betweenness,86,2,0.023255813953488372,2,0.023255813953488372,3
0.87,3623238332,targeted,betweenness,86,2,0.023255813953488372,2,0.023255813953488372,3
0.87,2246822005,targeted,betweenness,86,2,0.023255813953488372,2,0.023255813953488372,3
0.87,392121189,targeted,betweenness,86,2,0.023255813953488372,2,0.023255813953488372,3
0.87,241625321,targeted,betweenness,86,2,0.023255813953488372,2,0.023255813953488372,3
0.87,2415385805,targeted,betweenness,86,2,0.023255813953488372,2,0.023255813953488372,3
0.87,3413518167,targeted,betweenness,86,2,0.023255813953488372,2,0.023255813953488372,3
0.87,2167231766,targeted,betweenness,86,2,0.023255813953488372,2,0.023255813953488372,3
0.87,3984640851,targeted,betweenness,86,2,0.023255813953488372,2,0.023255813953488372,3
0.87,1274152135,targeted,betweenness,86,2,0.023255813953488372,2,0.023255813953488372,3
0.88,1708176455,targeted,betweenness,86,2,0.023255813953488372,2,0.023255813953488372,4
0.88,417193444,targeted,betweenness,86,2,0.023255813953488372,2,0.023255813953488372,4
0.88,3412294929,targeted,betweenness,86,2,0.023255813953488372,2,0.023255813953488372,4
0.88,3466628120,targeted,betweenness,86,2,0.023255813953488372,2,0.023255813953488372,4
0.88,3051043164,targeted,betweenness,86,2,0.023255813953488372,2,0.023255813953488372,4
0.88,998346381,targeted,betweenness,86,2,0.023255813953488372,2,0.023255813953488372,4
0.88,1640779937,targeted,betweenness,86,2,0.023255813953488372,2,0.023255813953488372,4
0.88,1971581126,targeted,betweenness,86,2,0.023255813953488372,2,0.023255813953488372,4
0.88,2558212010,targeted,betweenness,86,2,0.023255813953488372,2,0.023255813953488372,4
0.88,698162850,targeted,betweenness,86,2,0.023255813953488372,2,0.023255813953488372,4
0.88,3384902837,targeted,betweenness,86,2,0.023255813953488372,2,0.023255813953488372,4
0.88,3191063849,targeted,betweenness,86,2,0.023255813953488372,2,0.023255813953488372,4
0.88,191532686,targeted,betweenness,86,2,0.023255813953488372,2,0.023255813953488372,4
0.88,2790464571,targeted,betweenness,86,2,0.023255813953488372,2,0.023255813953488372,4
0.88,3588783447,targeted,betweenness,86,2,0.023255813953488372,2,0.023255813953488372,4
0.88,1820533173,targeted,betweenness,86,2,0.023255813953488372,2,0.023255813953488372,4
0.88,1282236056,targeted,betweenness,86,2,0.023255813953488372,2,0.023255813953488372,4
0.88,726975537,targeted,betweenness,86,2,0.023255813953488372,2,0.023255813953488372,4
0.88,2291806585,targeted,betweenness,86,2,0.023255813953488372,2,0.023255813953488372,4
0.88,1127231572,targeted,betweenness,86,2,0.023255813953488372,2,0.023255813953488372,4
0.88,2337916281,targeted,betweenness,86,2,0.023255813953488372,2,0.023255813953488372,4
0.88,2964483027,targeted,betweenness,86,2,0.023255813953488372,2,0.023255813953488372,4
0.88,217171186,targeted,betweenness,86,2,0.023255813953488372,2,0.023255813953488372,4
0.88,2995902457,targeted,betweenness,86,2,0.023255813953488372,2,0.023255813953488372,4
0.88,3051500672,targeted,betweenness,86,2,0.023255813953488372,2,0.023255813953488372,4
0.88,428733659,targeted,betweenness,86,2,0.023255813953488372,2,0.023255813953488372,4
0.88,447434757,targeted,betweenness,86,2,0.023255813953488372,2,0.023255813953488372,4
0.88,1423580387,targeted,betweenness,86,2,0.023255813953488372,2,0.023255813953488372,4
0.88,1803080422,targeted,betweenness,86,2,0.023255813953488372,2,0.023255813953488372,4
0.88,2954900537,targeted,betweenness,86,2,0.023255813953488372,2,0.023255813953488372,4
0.88,2874445775,targeted,betweenness,86,2,0.023255813953488372,2,0.023255813953488372,4
0.88,1148313132,targeted,betweenness,86,2,0.023255813953488372,2,0.023255813953488372,4
0.88,2317920746,targeted,betweenness,86,2,0.023255813953488372,2,0.023255813953488372,4
0.88,2265343446,targeted,betweenness,86,2,0.023255813953488372,2,0.023255813953488372,4
0.88,199710476,targeted,betweenness,86,2,0.023255813953488372,2,0.023255813953488372,4
0.88,2269762334,targeted,betweenness,86,2,0.023255813953488372,2,0.023255813953488372,4
0.88,2699479472,targeted,betweenness,86,2,0.023255813953488372,2,0.023255813953488372,4
0.88,982002590,targeted,betweenness,86,2,0.023255813953488372,2,0.023255813953488372,4
0.88,457030393,targeted,betweenness,86,2,0.023255813953488372,2,0.023255813953488372,4
0.88,3516179240,targeted,betweenness,86,2,0.023255813953488372,2,0.023255813953488372,4
0.88,2810342118,targeted,betweenness,86,2,0.023255813953488372,2,0.023255813953488372,4
0.88,3322544942,targeted,betweenness,86,2,0.023255813953488372,2,0.023255813953488372,4
0.88,2822946585,targeted,betweenness,86,2,0.023255813953488372,2,0.023255813953488372,4
0.88,303552059,targeted,betweenness,86,2,0.023255813953488372,2,0.023255813953488372,4
0.88,3373731896,targeted,betweenness,86,2,0.023255813953488372,2,0.023255813953488372,4
0.88,3193790433,targeted,betweenness,86,2,0.023255813953488372,2,0.023255813953488372,4
0.88,3432587215,targeted,betweenness,86,2,0.023255813953488372,2,0.023255813953488372,4
0.88,478738292,targeted,betweenness,86,2,0.023255813953488372,2,0.023255813953488372,4
0.88,887678923,targeted,betweenness,86,2,0.023255813953488372,2,0.023255813953488372,4
0.88,2674862367,targeted,betweenness,86,2,0.023255813953488372,2,0.023255813953488372,4
0.88,1865731447,targeted,betweenness,86,2,0.023255813953488372,2,0.023255813953488372,4
0.88,3266550866,targeted,betweenness,86,2,0.023255813953488372,2,0.023255813953488372,4
0.88,302087573,targeted,betweenness,86,2,0.023255813953488372,2,0.023255813953488372,4
0.88,2712321656,targeted,betweenness,86,2,0.023255813953488372,2,0.023255813953488372,4
0.88,3341440126,targeted,betweenness,86,2,0.023255813953488372,2,0.023255813953488372,4
0.88,282134082,targeted,betweenness,86,2,0.023255813953488372,2,0.023255813953488372,4
0.88,4030094727,targeted,betweenness,86,2,0.023255813953488372,2,0.023255813953488372,4
0.88,1696952673,targeted,betweenness,86,2,0.023255813953488372,2,0.023255813953488372,4
0.88,3887402066,targeted,betweenness,86,2,0.023255813953488372,2,0.023255813953488372,4
0.88,1878056043,targeted,betweenness,86,2,0.023255813953488372,2,0.023255813953488372,4
0.88,4186795373,targeted,betweenness,86,2,0.023255813953488372,2,0.023255813953488372,4
0.88,1498469810,targeted,betweenness,86,2,0.023255813953488372,2,0.023255813953488372,4
0.88,1991039185,targeted,betweenness,86,2,0.023255813953488372,2,0.023255813953488372,4
0.88,4061483980,targeted,betweenness,86,2,0.023255813953488372,2,0.023255813953488372,4
0.88,3449062802,targeted,betweenness,86,2,0.023255813953488372,2,0.023255813953488372,4
0.88,2279213763,targeted,betweenness,86,2,0.023255813953488372,2,0.023255813953488372,4
0.88,1058203033,targeted,betweenness,86,2,0.023255813953488372,2,0.023255813953488372,4
0.88,2209680310,targeted,betweenness,86,2,0.023255813953488372,2,0.023255813953488372,4
0.88,2246726837,targeted,betweenness,86,2,0.023255813953488372,2,0.023255813953488372,4
0.88,817475946,targeted,betweenness,86,2,0.023255813953488372,2,0.023255813953488372,4
0.88,2853677837,targeted,betweenness,86,2,0.023255813953488372,2,0.023255813953488372,4
0.88,3141869959,targeted,betweenness,86,2,0.023255813953488372,2,0.023255813953488372,4
0.88,1746397566,targeted,betweenness,86,2,0.023255813953488372,2,0.023255813953488372,4
0.88,4115575286,targeted,betweenness,86,2,0.023255813953488372,2,0.023255813953488372,4
0.88,2797703786,targeted,betweenness,86,2,0.023255813953488372,2,0.023255813953488372,4
0.88,251700250,targeted,betweenness,86,2,0.023255813953488372,2,0.023255813953488372,4
0.88,2536131948,targeted,betweenness,86,2,0.023255813953488372,2,0.023255813953488372,4
0.88,2150813471,targeted,betweenness,86,2,0.023255813953488372,2,0.023255813953488372,4
0.88,1330459651,targeted,betweenness,86,2,0.023255813953488372,2,0.023255813953488372,4
0.88,2042535939,targeted,betweenness,86,2,0.023255813953488372,2,0.023255813953488372,4
0.88,2274361151,targeted,betweenness,86,2,0.023255813953488372,2,0.023255813953488372,4
0.88,3114446409,targeted,betweenness,86,2,0.023255813953488372,2,0.023255813953488372,4
0.88,231430279,targeted,betweenness,86,2,0.023255813953488372,2,0.023255813953488372,4
0.88,3729536722,targeted,betweenness,86,2,0.023255813953488372,2,0.023255813953488372,4
0.88,2348610898,targeted,betweenness,86,2,0.023255813953488372,2,0.023255813953488372,4
0.88,847823319,targeted,betweenness,86,2,0.023255813953488372,2,0.023255813953488372,4
0.88,1202093154,targeted,betweenness,86,2,0.023255813953488372,2,0.023255813953488372,4
0.88,2541492912,targeted,betweenness,86,2,0.023255813953488372,2,0.023255813953488372,4
0.88,1522800300,targeted,betweenness,86,2,0.023255813953488372,2,0.023255813953488372,4
0.88,2458004411,targeted,betweenness,86,2,0.023255813953488372,2,0.023255813953488372,4
0.88,1088997162,targeted,betweenness,86,2,0.023255813953488372,2,0.023255813953488372,4
0.88,3949066153,targeted,betweenness,86,2,0.023255813953488372,2,0.023255813953488372,4
0.88,1460063037,targeted,betweenness,86,2,0.023255813953488372,2,0.023255813953488372,4
0.88,305502216,targeted,betweenness,86,2,0.023255813953488372,2,0.023255813953488372,4
0.88,2310980947,targeted,betweenness,86,2,0.023255813953488372,2,0.023255813953488372,4
0.88,600482493,targeted,betweenness,86,2,0.023255813953488372,2,0.023255813953488372,4
0.88,3205992241,targeted,betweenness,86,2,0.023255813953488372,2,0.023255813953488372,4
0.88,712984289,targeted,betweenness,86,2,0.023255813953488372,2,0.023255813953488372,4
0.88,3306792588,targeted,betweenness,86,2,0.023255813953488372,2,0.023255813953488372,4
0.88,1259782292,targeted,betweenness,86,2,0.023255813953488372,2,0.023255813953488372,4
0.89,94598590,targeted,betweenness,86,2,0.023255813953488372,2,0.023255813953488372,5
0.89,3412611292,targeted,betweenness,86,2,0.023255813953488372,2,0.023255813953488372,5
0.89,430018772,targeted,betweenness,86,2,0.023255813953488372,2,0.023255813953488372,5
0.89,2492309728,targeted,betweenness,86,2,0.023255813953488372,2,0.023255813953488372,5
0.89,3156181145,targeted,betweenness,86,2,0.023255813953488372,2,0.023255813953488372,5
0.89,1710920683,targeted,betweenness,86,2,0.023255813953488372,2,0.023255813953488372,5
0.89,1881604875,targeted,betweenness,86,2,0.023255813953488372,2,0.023255813953488372,5
0.89,3168677333,targeted,betweenness,86,2,0.023255813953488372,2,0.023255813953488372,5
0.89,2229931749,targeted,betweenness,86,2,0.023255813953488372,2,0.023255813953488372,5
0.89,4217033719,targeted,betweenness,86,2,0.023255813953488372,2,0.023255813953488372,5
0.89,1896724883,targeted,betweenness,86,2,0.023255813953488372,2,0.023255813953488372,5
0.89,3836119088,targeted,betweenness,86,2,0.023255813953488372,2,0.023255813953488372,5
0.89,215760545,targeted,betweenness,86,2,0.023255813953488372,2,0.023255813953488372,5
0.89,114674569,targeted,betweenness,86,2,0.023255813953488372,2,0.023255813953488372,5
0.89,2868586995,targeted,betweenness,86,2,0.023255813953488372,2,0.023255813953488372,5
0.89,3211975318,targeted,betweenness,86,2,0.023255813953488372,2,0.023255813953488372,5
0.89,3172172099,targeted,betweenness,86,2,0.023255813953488372,2,0.023255813953488372,5
0.89,3067970944,targeted,betweenness,86,2,0.023255813953488372,2,0.023255813953488372,5
0.89,475526934,targeted,betweenness,86,2,0.023255813953488372,2,0.023255813953488372,5
0.89,3710482355,targeted,betweenness,86,2,0.023255813953488372,2,0.023255813953488372,5
0.89,449911893,targeted,betweenness,86,2,0.023255813953488372,2,0.023255813953488372,5
0.89,861925782,targeted,betweenness,86,2,0.023255813953488372,2,0.023255813953488372,5
0.89,2422852657,targeted,betweenness,86,2,0.023255813953488372,2,0.023255813953488372,5
0.89,2074710090,targeted,betweenness,86,2,0.023255813953488372,2,0.023255813953488372,5
0.89,209847523,targeted,betweenness,86,2,0.023255813953488372,2,0.023255813953488372,5
0.89,1291589081,targeted,betweenness,86,2,0.023255813953488372,2,0.023255813953488372,5
0.89,475912299,targeted,betweenness,86,2,0.023255813953488372,2,0.023255813953488372,5
0.89,2833119058,targeted,betweenness,86,2,0.023255813953488372,2,0.023255813953488372,5
0.89,292242805,targeted,betweenness,86,2,0.023255813953488372,2,0.023255813953488372,5
0.89,246698498,targeted,betweenness,86,2,0.023255813953488372,2,0.023255813953488372,5
0.89,2561214223,targeted,betweenness,86,2,0.023255813953488372,2,0.023255813953488372,5
0.89,3731848431,targeted,betweenness,86,2,0.023255813953488372,2,0.023255813953488372,5
0.89,682338710,targeted,betweenness,86,2,0.023255813953488372,2,0.023255813953488372,5
0.89,2132402589,targeted,betweenness,86,2,0.023255813953488372,2,0.023255813953488372,5
0.89,3955376899,targeted,betweenness,86,2,0.023255813953488372,2,0.023255813953488372,5
0.89,3871425129,targeted,betweenness,86,2,0.023255813953488372,2,0.023255813953488372,5
0.89,304791042,targeted,betweenness,86,2,0.023255813953488372,2,0.023255813953488372,5
0.89,1228758398,targeted,betweenness,86,2,0.023255813953488372,2,0.023255813953488372,5
0.89,1070635286,targeted,betweenness,86,2,0.023255813953488372,2,0.023255813953488372,5
0.89,2767330419,targeted,betweenness,86,2,0.023255813953488372,2,0.023255813953488372,5
0.89,2089714697,targeted,betweenness,86,2,0.023255813953488372,2,0.023255813953488372,5
0.89,1149926659,targeted,betweenness,86,2,0.023255813953488372,2,0.023255813953488372,5
0.89,297540018,targeted,betweenness,86,2,0.023255813953488372,2,0.023255813953488372,5
0.89,1639744981,targeted,betweenness,86,2,0.023255813953488372,2,0.023255813953488372,5
0.89,2743798111,targeted,betweenness,86,2,0.023255813953488372,2,0.023255813953488372,5
0.89,2306814985,targeted,betweenness,86,2,0.023255813953488372,2,0.023255813953488372,5
0.89,3902374229,targeted,betweenness,86,2,0.023255813953488372,2,0.023255813953488372,5
0.89,1095993361,targeted,betweenness,86,2,0.023255813953488372,2,0.023255813953488372,5
0.89,3356508685,targeted,betweenness,86,2,0.023255813953488372,2,0.023255813953488372,5
0.89,303311062,targeted,betweenness,86,2,0.023255813953488372,2,0.023255813953488372,5
0.89,1509579866,targeted,betweenness,86,2,0.023255813953488372,2,0.023255813953488372,5
0.89,439706769,targeted,betweenness,86,2,0.023255813953488372,2,0.023255813953488372,5
0.89,3308426278,targeted,betweenness,86,2,0.023255813953488372,2,0.023255813953488372,5
0.89,2341147984,targeted,betweenness,86,2,0.023255813953488372,2,0.023255813953488372,5
0.89,233904767,targeted,betweenness,86,2,0.023255813953488372,2,0.023255813953488372,5
0.89,1756495219,targeted,betweenness,86,2,0.023255813953488372,2,0.023255813953488372,5
0.89,3050203725,targeted,betweenness,86,2,0.023255813953488372,2,0.023255813953488372,5
0.89,2595401324,targeted,betweenness,86,2,0.023255813953488372,2,0.023255813953488372,5
0.89,1903429538,targeted,betweenness,86,2,0.023255813953488372,2,0.023255813953488372,5
0.89,3282804533,targeted,betweenness,86,2,0.023255813953488372,2,0.023255813953488372,5
0.89,2244538666,targeted,betweenness,86,2,0.023255813953488372,2,0.023255813953488372,5
0.89,1398220455,targeted,betweenness,86,2,0.023255813953488372,2,0.023255813953488372,5
0.89,343000223,targeted,betweenness,86,2,0.023255813953488372,2,0.023255813953488372,5
0.89,2180802034,targeted,betweenness,86,2,0.023255813953488372,2,0.023255813953488372,5
0.89,1913935783,targeted,betweenness,86,2,0.023255813953488372,2,0.023255813953488372,5
0.89,1094657093,targeted,betweenness,86,2,0.023255813953488372,2,0.023255813953488372,5
0.89,2986982286,targeted,betweenness,86,2,0.023255813953488372,2,0.023255813953488372,5
0.89,208600572,targeted,betweenness,86,2,0.023255813953488372,2,0.023255813953488372,5
0.89,1176931844,targeted,betweenness,86,2,0.023255813953488372,2,0.023255813953488372,5
0.89,977658226,targeted,betweenness,86,2,0.023255813953488372,2,0.023255813953488372,5
0.89,1850288588,targeted,betweenness,86,2,0.023255813953488372,2,0.023255813953488372,5
0.89,457121975,targeted,betweenness,86,2,0.023255813953488372,2,0.023255813953488372,5
0.89,3875248046,targeted,betweenness,86,2,0.023255813953488372,2,0.023255813953488372,5
0.89,3735494225,targeted,betweenness,86,2,0.023255813953488372,2,0.023255813953488372,5
0.89,1761766382,targeted,betweenness,86,2,0.023255813953488372,2,0.023255813953488372,5
0.89,3555373343,targeted,betweenness,86,2,0.023255813953488372,2,0.023255813953488372,5
0.89,2761905890,targeted,betweenness,86,2,0.023255813953488372,2,0.023255813953488372,5
0.89,3175534745,targeted,betweenness,86,2,0.023255813953488372,2,0.023255813953488372,5
0.89,3464083188,targeted,betweenness,86,2,0.023255813953488372,2,0.023255813953488372,5
0.89,3093330979,targeted,betweenness,86,2,0.023255813953488372,2,0.023255813953488372,5
0.89,3473770106,targeted,betweenness,86,2,0.023255813953488372,2,0.023255813953488372,5
0.89,996650043,targeted,betweenness,86,2,0.023255813953488372,2,0.023255813953488372,5
0.89,3083502836,targeted,betweenness,86,2,0.023255813953488372,2,0.023255813953488372,5
0.89,397959524,targeted,betweenness,86,2,0.023255813953488372,2,0.023255813953488372,5
0.89,1919898778,targeted,betweenness,86,2,0.023255813953488372,2,0.023255813953488372,5
0.89,3616712834,targeted,betweenness,86,2,0.023255813953488372,2,0.023255813953488372,5
0.89,4128287711,targeted,betweenness,86,2,0.023255813953488372,2,0.023255813953488372,5
0.89,4201931817,targeted,betweenness,86,2,0.023255813953488372,2,0.023255813953488372,5
0.89,1735131936,targeted,betweenness,86,2,0.023255813953488372,2,0.023255813953488372,5
0.89,985223654,targeted,betweenness,86,2,0.023255813953488372,2,0.023255813953488372,5
0.89,2897880144,targeted,betweenness,86,2,0.023255813953488372,2,0.023255813953488372,5
0.89,437122527,targeted,betweenness,86,2,0.023255813953488372,2,0.023255813953488372,5
0.89,979932296,targeted,betweenness,86,2,0.023255813953488372,2,0.023255813953488372,5
0.89,2435805131,targeted,betweenness,86,2,0.023255813953488372,2,0.023255813953488372,5
0.89,2768454400,targeted,betweenness,86,2,0.023255813953488372,2,0.023255813953488372,5
0.89,2815292629,targeted,betweenness,86,2,0.023255813953488372,2,0.023255813953488372,5
0.89,746635970,targeted,betweenness,86,2,0.023255813953488372,2,0.023255813953488372,5
0.89,2333002384,targeted,betweenness,86,2,0.023255813953488372,2,0.023255813953488372,5
0.89,3016713579,targeted,betweenness,86,2,0.023255813953488372,2,0.023255813953488372,5
0.89,2250059071,targeted,betweenness,86,2,0.023255813953488372,2,0.023255813953488372,5
0.9,3053077280,targeted,betweenness,86,2,0.023255813953488372,2,0.023255813953488372,5
0.9,1690171223,targeted,betweenness,86,2,0.023255813953488372,2,0.023255813953488372,5
0.9,2429340703,targeted,betweenness,86,2,0.023255813953488372,2,0.023255813953488372,5
0.9,2141277199,targeted,betweenness,86,2,0.023255813953488372,2,0.023255813953488372,5
0.9,1485675009,targeted,betweenness,86,2,0.023255813953488372,2,0.023255813953488372,5
0.9,2351173055,targeted,betweenness,86,2,0.023255813953488372,2,0.023255813953488372,5
0.9,1674443987,targeted,betweenness,86,2,0.023255813953488372,2,0.023255813953488372,5
0.9,1580391710,targeted,betweenness,86,2,0.023255813953488372,2,0.023255813953488372,5
0.9,3695582052,targeted,betweenness,86,2,0.023255813953488372,2,0.023255813953488372,5
0.9,413323021,targeted,betweenness,86,2,0.023255813953488372,2,0.023255813953488372,5
0.9,789258341,targeted,betweenness,86,2,0.023255813953488372,2,0.023255813953488372,5
0.9,1506656707,targeted,betweenness,86,2,0.023255813953488372,2,0.023255813953488372,5
0.9,1578482138,targeted,betweenness,86,2,0.023255813953488372,2,0.023255813953488372,5
0.9,3511134162,targeted,betweenness,86,2,0.023255813953488372,2,0.023255813953488372,5
0.9,1066437156,targeted,betweenness,86,2,0.023255813953488372,2,0.023255813953488372,5
0.9,256474987,targeted,betweenness,86,2,0.023255813953488372,2,0.023255813953488372,5
0.9,4016262562,targeted,betweenness,86,2,0.023255813953488372,2,0.023255813953488372,5
0.9,2471388419,targeted,betweenness,86,2,0.023255813953488372,2,0.023255813953488372,5
0.9,3869064352,targeted,betweenness,86,2,0.023255813953488372,2,0.023255813953488372,5
0.9,221116481,targeted,betweenness,86,2,0.023255813953488372,2,0.023255813953488372,5
0.9,416983210,targeted,betweenness,86,2,0.023255813953488372,2,0.023255813953488372,5
0.9,1698382578,targeted,betweenness,86,2,0.023255813953488372,2,0.023255813953488372,5
0.9,2713060039,targeted,betweenness,86,2,0.023255813953488372,2,0.023255813953488372,5
0.9,3649437684,targeted,betweenness,86,2,0.023255813953488372,2,0.023255813953488372,5
0.9,1368604232,targeted,betweenness,86,2,0.023255813953488372,2,0.023255813953488372,5
0.9,2408256967,targeted,betweenness,86,2,0.023255813953488372,2,0.023255813953488372,5
0.9,4019775182,targeted,betweenness,86,2,0.023255813953488372,2,0.023255813953488372,5
0.9,455263180,targeted,betweenness,86,2,0.023255813953488372,2,0.023255813953488372,5
0.9,3848773158,targeted,betweenness,86,2,0.023255813953488372,2,0.023255813953488372,5
0.9,4167594526,targeted,betweenness,86,2,0.023255813953488372,2,0.023255813953488372,5
0.9,3000910358,targeted,betweenness,86,2,0.023255813953488372,2,0.023255813953488372,5
0.9,1252923597,targeted,betweenness,86,2,0.023255813953488372,2,0.023255813953488372,5
0.9,1704387654,targeted,betweenness,86,2,0.023255813953488372,2,0.023255813953488372,5
0.9,178020128,targeted,betweenness,86,2,0.023255813953488372,2,0.023255813953488372,5
0.9,452034105,targeted,betweenness,86,2,0.023255813953488372,2,0.023255813953488372,5
0.9,1311500232,targeted,betweenness,86,2,0.023255813953488372,2,0.023255813953488372,5
0.9,4093173313,targeted,betweenness,86,2,0.023255813953488372,2,0.023255813953488372,5
0.9,1596801486,targeted,betweenness,86,2,0.023255813953488372,2,0.023255813953488372,5
0.9,1788177717,targeted,betweenness,86,2,0.023255813953488372,2,0.023255813953488372,5
0.9,2453876998,targeted,betweenness,86,2,0.023255813953488372,2,0.023255813953488372,5
0.9,2345051309,targeted,betweenness,86,2,0.023255813953488372,2,0.023255813953488372,5
0.9,2099790309,targeted,betweenness,86,2,0.023255813953488372,2,0.023255813953488372,5
0.9,1565979502,targeted,betweenness,86,2,0.023255813953488372,2,0.023255813953488372,5
0.9,1315083139,targeted,betweenness,86,2,0.023255813953488372,2,0.023255813953488372,5
0.9,1957956721,targeted,betweenness,86,2,0.023255813953488372,2,0.023255813953488372,5
0.9,3618476906,targeted,betweenness,86,2,0.023255813953488372,2,0.023255813953488372,5
0.9,3057147935,targeted,betweenness,86,2,0.023255813953488372,2,0.023255813953488372,5
0.9,1561632460,targeted,betweenness,86,2,0.023255813953488372,2,0.023255813953488372,5
0.9,1553909142,targeted,betweenness,86,2,0.023255813953488372,2,0.023255813953488372,5
0.9,944564139,targeted,betweenness,86,2,0.023255813953488372,2,0.023255813953488372,5
0.9,133797876,targeted,betweenness,86,2,0.023255813953488372,2,0.023255813953488372,5
0.9,1413061381,targeted,betweenness,86,2,0.023255813953488372,2,0.023255813953488372,5
0.9,3315202677,targeted,betweenness,86,2,0.023255813953488372,2,0.023255813953488372,5
0.9,2976257846,targeted,betweenness,86,2,0.023255813953488372,2,0.023255813953488372,5
0.9,3586103946,targeted,betweenness,86,2,0.023255813953488372,2,0.023255813953488372,5
0.9,2071558553,targeted,betweenness,86,2,0.023255813953488372,2,0.023255813953488372,5
0.9,29484064,targeted,betweenness,86,2,0.023255813953488372,2,0.023255813953488372,5
0.9,4092021317,targeted,betweenness,86,2,0.023255813953488372,2,0.023255813953488372,5
0.9,3470708222,targeted,betweenness,86,2,0.023255813953488372,2,0.023255813953488372,5
0.9,2013527748,targeted,betweenness,86,2,0.023255813953488372,2,0.023255813953488372,5
0.9,3003094793,targeted,betweenness,86,2,0.023255813953488372,2,0.023255813953488372,5
0.9,301221104,targeted,betweenness,86,2,0.023255813953488372,2,0.023255813953488372,5
0.9,3461554046,targeted,betweenness,86,2,0.023255813953488372,2,0.023255813953488372,5
0.9,2186840452,targeted,betweenness,86,2,0.023255813953488372,2,0.023255813953488372,5
0.9,3705083435,targeted,betweenness,86,2,0.023255813953488372,2,0.023255813953488372,5
0.9,2720737856,targeted,betweenness,86,2,0.023255813953488372,2,0.023255813953488372,5
0.9,3815284116,targeted,betweenness,86,2,0.023255813953488372,2,0.023255813953488372,5
0.9,2945735506,targeted,betweenness,86,2,0.023255813953488372,2,0.023255813953488372,5
0.9,718637802,targeted,betweenness,86,2,0.023255813953488372,2,0.023255813953488372,5
0.9,909485354,targeted,betweenness,86,2,0.023255813953488372,2,0.023255813953488372,5
0.9,3654068759,targeted,betweenness,86,2,0.023255813953488372,2,0.023255813953488372,5
0.9,3034950214,targeted,betweenness,86,2,0.023255813953488372,2,0.023255813953488372,5
0.9,962908578,targeted,betweenness,86,2,0.023255813953488372,2,0.023255813953488372,5
0.9,2746618036,targeted,betweenness,86,2,0.023255813953488372,2,0.023255813953488372,5
0.9,2569393122,targeted,betweenness,86,2,0.023255813953488372,2,0.023255813953488372,5
0.9,2526914960,targeted,betweenness,86,2,0.023255813953488372,2,0.023255813953488372,5
0.9,63600461,targeted,betweenness,86,2,0.023255813953488372,2,0.023255813953488372,5
0.9,1138917470,targeted,betweenness,86,2,0.023255813953488372,2,0.023255813953488372,5
0.9,11514345,targeted,betweenness,86,2,0.023255813953488372,2,0.023255813953488372,5
0.9,2427236038,targeted,betweenness,86,2,0.023255813953488372,2,0.023255813953488372,5
0.9,2183312549,targeted,betweenness,86,2,0.023255813953488372,2,0.023255813953488372,5
0.9,1621976181,targeted,betweenness,86,2,0.023255813953488372,2,0.023255813953488372,5
0.9,817338914,targeted,betweenness,86,2,0.023255813953488372,2,0.023255813953488372,5
0.9,2196718355,targeted,betweenness,86,2,0.023255813953488372,2,0.023255813953488372,5
0.9,2460763107,targeted,betweenness,86,2,0.023255813953488372,2,0.023255813953488372,5
0.9,1219298295,targeted,betweenness,86,2,0.023255813953488372,2,0.023255813953488372,5
0.9,10032332,targeted,betweenness,86,2,0.023255813953488372,2,0.023255813953488372,5
0.9,3103591174,targeted,betweenness,86,2,0.023255813953488372,2,0.023255813953488372,5
0.9,956039256,targeted,betweenness,86,2,0.023255813953488372,2,0.023255813953488372,5
0.9,1370710044,targeted,betweenness,86,2,0.023255813953488372,2,0.023255813953488372,5
0.9,2718140648,targeted,betweenness,86,2,0.023255813953488372,2,0.023255813953488372,5
0.9,2872763709,targeted,betweenness,86,2,0.023255813953488372,2,0.023255813953488372,5
0.9,3727690645,targeted,betweenness,86,2,0.023255813953488372,2,0.023255813953488372,5
0.9,3249686417,targeted,betweenness,86,2,0.023255813953488372,2,0.023255813953488372,5
0.9,1961170049,targeted,betweenness,86,2,0.023255813953488372,2,0.023255813953488372,5
0.9,1111326964,targeted,betweenness,86,2,0.023255813953488372,2,0.023255813953488372,5
0.9,2723221767,targeted,betweenness,86,2,0.023255813953488372,2,0.023255813953488372,5
0.9,3052214886,targeted,betweenness,86,2,0.023255813953488372,2,0.023255813953488372,5
0.9,2774443568,targeted,betweenness,86,2,0.023255813953488372,2,0.023255813953488372,5
0.9,3063787466,targeted,betweenness,86,2,0.023255813953488372,2,0.023255813953488372,5
1.0,1687966323,targeted,betweenness,86,0,0.0,0,0.0,0
1.0,1391148702,targeted,betweenness,86,0,0.0,0,0.0,0
1.0,4073083817,targeted,betweenness,86,0,0.0,0,0.0,0
1.0,1037924593,targeted,betweenness,86,0,0.0,0,0.0,0
1.0,356259888,targeted,betweenness,86,0,0.0,0,0.0,0
1.0,1048866736,targeted,betweenness,86,0,0.0,0,0.0,0
1.0,376249907,targeted,betweenness,86,0,0.0,0,0.0,0
1.0,3330824373,targeted,betweenness,86,0,0.0,0,0.0,0
1.0,1797581337,targeted,betweenness,86,0,0.0,0,0.0,0
1.0,2054170432,targeted,betweenness,86,0,0.0,0,0.0,0
1.0,753462009,targeted,betweenness,86,0,0.0,0,0.0,0
1.0,3176367249,targeted,betweenness,86,0,0.0,0,0.0,0
1.0,3945213243,targeted,betweenness,86,0,0.0,0,0.0,0
1.0,1772143102,targeted,betweenness,86,0,0.0,0,0.0,0
1.0,26501499,targeted,betweenness,86,0,0.0,0,0.0,0
1.0,4093612119,targeted,betweenness,86,0,0.0,0,0.0,0
1.0,776436245,targeted,betweenness,86,0,0.0,0,0.0,0
1.0,2954263108,targeted,betweenness,86,0,0.0,0,0.0,0
1.0,2060278448,targeted,betweenness,86,0,0.0,0,0.0,0
1.0,982681595,targeted,betweenness,86,0,0.0,0,0.0,0
1.0,274515462,targeted,betweenness,86,0,0.0,0,0.0,0
1.0,1539040994,targeted,betweenness,86,0,0.0,0,0.0,0
1.0,897586924,targeted,betweenness,86,0,0.0,0,0.0,0
1.0,2876132060,targeted,betweenness,86,0,0.0,0,0.0,0
1.0,1067964053,targeted,betweenness,86,0,0.0,0,0.0,0
1.0,1683203409,targeted,betweenness,86,0,0.0,0,0.0,0
1.0,1770430148,targeted,betweenness,86,0,0.0,0,0.0,0
1.0,846503059,targeted,betweenness,86,0,0.0,0,0.0,0
1.0,761631105,targeted,betweenness,86,0,0.0,0,0.0,0
1.0,2638873902,targeted,betweenness,86,0,0.0,0,0.0,0
1.0,2244072061,targeted,betweenness,86,0,0.0,0,0.0,0
1.0,3327111583,targeted,betweenness,86,0,0.0,0,0.0,0
1.0,907230722,targeted,betweenness,86,0,0.0,0,0.0,0
1.0,398689693,targeted,betweenness,86,0,0.0,0,0.0,0
1.0,2305552761,targeted,betweenness,86,0,0.0,0,0.0,0
1.0,965638761,targeted,betweenness,86,0,0.0,0,0.0,0
1.0,3382245634,targeted,betweenness,86,0,0.0,0,0.0,0
1.0,4043861413,targeted,betweenness,86,0,0.0,0,0.0,0
1.0,3977066903,targeted,betweenness,86,0,0.0,0,0.0,0
1.0,2126211911,targeted,betweenness,86,0,0.0,0,0.0,0
1.0,2832666292,targeted,betweenness,86,0,0.0,0,0.0,0
1.0,1129986921,targeted,betweenness,86,0,0.0,0,0.0,0
1.0,3526982755,targeted,betweenness,86,0,0.0,0,0.0,0
1.0,4289173746,targeted,betweenness,86,0,0.0,0,0.0,0
1.0,2518158837,targeted,betweenness,86,0,0.0,0,0.0,0
1.0,624028214,targeted,betweenness,86,0,0.0,0,0.0,0
1.0,4266488646,targeted,betweenness,86,0,0.0,0,0.0,0
1.0,3832471305,targeted,betweenness,86,0,0.0,0,0.0,0
1.0,2995609326,targeted,betweenness,86,0,0.0,0,0.0,0
1.0,2486857047,targeted,betweenness,86,0,0.0,0,0.0,0
1.0,3959727547,targeted,betweenness,86,0,0.0,0,0.0,0
1.0,2878970013,targeted,betweenness,86,0,0.0,0,0.0,0
1.0,1052869867,targeted,betweenness,86,0,0.0,0,0.0,0
1.0,509440217,targeted,betweenness,86,0,0.0,0,0.0,0
1.0,2306034819,targeted,betweenness,86,0,0.0,0,0.0,0
1.0,3837322749,targeted,betweenness,86,0,0.0,0,0.0,0
1.0,2391522871,targeted,betweenness,86,0,0.0,0,0.0,0
1.0,1212120534,targeted,betweenness,86,0,0.0,0,0.0,0
1.0,1244518681,targeted,betweenness,86,0,0.0,0,0.0,0
1.0,4292864897,targeted,betweenness,86,0,0.0,0,0.0,0
1.0,2046986163,targeted,betweenness,86,0,0.0,0,0.0,0
1.0,4107941575,targeted,betweenness,86,0,0.0,0,0.0,0
1.0,4208729767,targeted,betweenness,86,0,0.0,0,0.0,0
1.0,3026989239,targeted,betweenness,86,0,0.0,0,0.0,0
1.0,2431845323,targeted,betweenness,86,0,0.0,0,0.0,0
1.0,1921187678,targeted,betweenness,86,0,0.0,0,0.0,0
1.0,1483069735,targeted,betweenness,86,0,0.0,0,0.0,0
1.0,987658102,targeted,betweenness,86,0,0.0,0,0.0,0
1.0,598522656,targeted,betweenness,86,0,0.0,0,0.0,0
1.0,3206689428,targeted,betweenness,86,0,0.0,0,0.0,0
1.0,3674949536,targeted,betweenness,86,0,0.0,0,0.0,0
1.0,2793644150,targeted,betweenness,86,0,0.0,0,0.0,0
1.0,2455394471,targeted,betweenness,86,0,0.0,0,0.0,0
1.0,1564125603,targeted,betweenness,86,0,0.0,0,0.0,0
1.0,280621542,targeted,betweenness,86,0,0.0,0,0.0,0
1.0,558156073,targeted,betweenness,86,0,0.0,0,0.0,0
1.0,45420381,targeted,betweenness,86,0,0.0,0,0.0,0
1.0,885968765,targeted,betweenness,86,0,0.0,0,0.0,0
1.0,1299296986,targeted,betweenness,86,0,0.0,0,0.0,0
1.0,1750006559,targeted,betweenness,86,0,0.0,0,0.0,0
1.0,1533273793,targeted,betweenness,86,0,0.0,0,0.0,0
1.0,1469272419,targeted,betweenness,86,0,0.0,0,0.0,0
1.0,3680460284,targeted,betweenness,86,0,0.0,0,0.0,0
1.0,1540904460,targeted,betweenness,86,0,0.0,0,0.0,0
1.0,4290534965,targeted,betweenness,86,0,0.0,0,0.0,0
1.0,1412113031,targeted,betweenness,86,0,0.0,0,0.0,0
1.0,1564705005,targeted,betweenness,86,0,0.0,0,0.0,0
1.0,3571128708,targeted,betweenness,86,0,0.0,0,0.0,0
1.0,2688640976,targeted,betweenness,86,0,0.0,0,0.0,0
1.0,1045726241,targeted,betweenness,86,0,0.0,0,0.0,0
1.0,903892669,targeted,betweenness,86,0,0.0,0,0.0,0
1.0,650062378,targeted,betweenness,86,0,0.0,0,0.0,0
1.0,980176712,targeted,betweenness,86,0,0.0,0,0.0,0
1.0,1843085291,targeted,betweenness,86,0,0.0,0,0.0,0
1.0,2980720635,targeted,betweenness,86,0,0.0,0,0.0,0
1.0,3063272848,targeted,betweenness,86,0,0.0,0,0.0,0
1.0,4198302352,targeted,betweenness,86,0,0.0,0,0.0,0
1.0,1369447527,targeted,betweenness,86,0,0.0,0,0.0,0
1.0,1189746377,targeted,betweenness,86,0,0.0,0,0.0,0
1.0,1828264285,targeted,betweenness,86,0,0.0,0,0.0,0
