fraction,seed,attack,measure,n_initial,gcc_size,gcc_fraction,lcc_size,lcc_fraction,isolated
0.0,2968811710,random,degree,86,86,1.0,0,0.0,0
0.0,3831201730,random,degree,86,86,1.0,0,0.0,0
0.0,2926792190,random,degree,86,86,1.0,0,0.0,0
0.0,198478470,random,degree,86,86,1.0,0,0.0,0
0.0,53917133,random,degree,86,86,1.0,0,0.0,0
0.0,1387925762,random,degree,86,86,1.0,0,0.0,0
0.0,3226724236,random,degree,86,86,1.0,0,0.0,0
0.0,3185474749,random,degree,86,86,1.0,0,0.0,0
0.0,2012181747,random,degree,86,86,1.0,0,0.0,0
0.0,2790678941,random,degree,86,86,1.0,0,0.0,0
0.0,1754190249,random,degree,86,86,1.0,0,0.0,0
0.0,3269583209,random,degree,86,86,1.0,0,0.0,0
0.0,163117957,random,degree,86,86,1.0,0,0.0,0
0.0,1684409658,random,degree,86,86,1.0,0,0.0,0
0.0,2911527299,random,degree,86,86,1.0,0,0.0,0
0.0,817502473,random,degree,86,86,1.0,0,0.0,0
0.0,3207880346,random,degree,86,86,1.0,0,0.0,0
0.0,3077685671,random,degree,86,86,1.0,0,0.0,0
0.0,566486738,random,degree,86,86,1.0,0,0.0,0
0.0,2283809948,random,degree,86,86,1.0,0,0.0,0
0.0,3756056974,random,degree,86,86,1.0,0,0.0,0
0.0,376178749,random,degree,86,86,1.0,0,0.0,0
0.0,1755774366,random,degree,86,86,1.0,0,0.0,0
0.0,2314966641,random,degree,86,86,1.0,0,0.0,0
0.0,1209890983,random,degree,86,86,1.0,0,0.0,0
0.0,263866900,random,degree,86,86,1.0,0,0.0,0
0.0,4043028467,random,degree,86,86,1.0,0,0.0,0
0.0,2698049476,random,degree,86,86,1.0,0,0.0,0
0.0,2078643825,random,degree,86,86,1.0,0,0.0,0
0.0,2030781380,random,degree,86,86,1.0,0,0.0,0
0.0,689812448,random,degree,86,86,1.0,0,0.0,0
0.0,1393286092,random,degree,86,86,1.0,0,0.0,0
0.0,2513267463,random,degree,86,86,1.0,0,0.0,0
0.0,619817410,random,degree,86,86,1.0,0,0.0,0
0.0,2009349732,random,degree,86,86,1.0,0,0.0,0
0.0,2745735902,random,degree,86,86,1.0,0,0.0,0
0.0,611687004,random,degree,86,86,1.0,0,0.0,0
0.0,1665608410,random,degree,86,86,1.0,0,0.0,0
0.0,3265102991,random,degree,86,86,1.0,0,0.0,0
0.0,1338620693,random,degree,86,86,1.0,0,0.0,0
0.0,2321943934,random,degree,86,86,1.0,0,0.0,0
0.0,101595736,random,degree,86,86,1.0,0,0.0,0
0.0,269190533,random,degree,86,86,1.0,0,0.0,0
0.0,2167457239,random,degree,86,86,1.0,0,0.0,0
0.0,2654585977,random,degree,86,86,1.0,0,0.0,0
0.0,2530600402,random,degree,86,86,1.0,0,0.0,0
0.0,2858552126,random,degree,86,86,1.0,0,0.0,0
0.0,1730337255,random,degree,86,86,1.0,0,0.0,0
0.0,1125392264,random,degree,86,86,1.0,0,0.0,0
0.0,2781353763,random,degree,86,86,1.0,0,0.0,0
0.0,592083761,random,degree,86,86,1.0,0,0.0,0
0.0,2312458301,random,degree,86,86,1.0,0,0.0,0
0.0,2776471529,random,degree,86,86,1.0,0,0.0,0
0.0,957952395,random,degree,86,86,1.0,0,0.0,0
0.0,2537264055,random,degree,86,86,1.0,0,0.0,0
0.0,1087882372,random,degree,86,86,1.0,0,0.0,0
0.0,2917108449,random,degree,86,86,1.0,0,0.0,0
0.0,3457519040,random,degree,86,86,1.0,0,0.0,0
0.0,509293253,random,degree,86,86,1.0,0,0.0,0
0.0,2337113683,random,degree,86,86,1.0,0,0.0,0
0.0,4194649976,random,degree,86,86,1.0,0,0.0,0
0.0,2541432686,random,degree,86,86,1.0,0,0.0,0
0.0,71811359,random,degree,86,86,1.0,0,0.0,0
0.0,3321508421,random,degree,86,86,1.0,0,0.0,0
0.0,647231966,random,degree,86,86,1.0,0,0.0,0
0.0,340947032,random,degree,86,86,1.0,0,0.0,0
0.0,815925693,random,degree,86,86,1.0,0,0.0,0
0.0,2068568201,random,degree,86,86,1.0,0,0.0,0
0.0,3232060547,random,degree,86,86,1.0,0,0.0,0
0.0,468565739,random,degree,86,86,1.0,0,0.0,0
0.0,3725513765,random,degree,86,86,1.0,0,0.0,0
0.0,391389842,random,degree,86,86,1.0,0,0.0,0
0.0,1643285563,random,degree,86,86,1.0,0,0.0,0
0.0,2502574418,random,degree,86,86,1.0,0,0.0,0
0.0,3782003772,random,degree,86,86,1.0,0,0.0,0
0.0,2508159597,random,degree,86,86,1.0,0,0.0,0
0.0,3144761411,random,degree,86,86,1.0,0,0.0,0
0.0,2117219595,random,degree,86,86,1.0,0,0.0,0
0.0,3149696252,random,degree,86,86,1.0,0,0.0,0
0.0,4257903839,random,degree,86,86,1.0,0,0.0,0
0.0,180863529,random,degree,86,86,1.0,0,0.0,0
0.0,3669614362,random,degree,86,86,1.0,0,0.0,0
0.0,599862801,random,degree,86,86,1.0,0,0.0,0
0.0,318904482,random,degree,86,86,1.0,0,0.0,0
0.0,361231694,random,degree,86,86,1.0,0,0.0,0
0.0,2823833693,random,degree,86,86,1.0,0,0.0,0
0.0,1658681743,random,degree,86,86,1.0,0,0.0,0
0.0,914552332,random,degree,86,86,1.0,0,0.0,0
0.0,3967454254,random,degree,86,86,1.0,0,0.0,0
0.0,811181679,random,degree,86,86,1.0,0,0.0,0
0.0,3788265579,random,degree,86,86,1.0,0,0.0,0
0.0,1314388487,random,degree,86,86,1.0,0,0.0,0
0.0,3463925414,random,degree,86,86,1.0,0,0.0,0
0.0,2163292616,random,degree,86,86,1.0,0,0.0,0
0.0,2290616004,random,degree,86,86,1.0,0,0.0,0
0.0,3751945011,random,degree,86,86,1.0,0,0.0,0
0.0,1452459574,random,degree,86,86,1.0,0,0.0,0
0.0,907444126,random,degree,86,86,1.0,0,0.0,0
0.0,217499641,random,degree,86,86,1.0,0,0.0,0
0.0,692979849,random,degree,86,86,1.0,0,0.0,0
0.01,3964924996,random,degree,86,85,0.9883720930232558,0,0.0,0
0.01,901243215,random,degree,86,45,0.5232558139534884,40,0.46511627906976744,0
0.01,3884055042,random,degree,86,80,0.9302325581395349,5,0.05813953488372093,0
0.01,1680122868,random,degree,86,79,0.9186046511627907,6,0.06976744186046512,0
0.01,1735430462,random,degree,86,79,0.9186046511627907,6,0.06976744186046512,0
0.01,3507651262,random,degree,86,73,0.8488372093023255,12,0.13953488372093023,0
0.01,2628780106,random,degree,86,84,0.9767441860465116,1,0.011627906976744186,1
0.01,253989330,random,degree,86,85,0.9883720930232558,0,0.0,0
0.01,1236819798,random,degree,86,72,0.8372093023255814,13,0.1511627906976744,0
0.01,4206527951,random,degree,86,81,0.9418604651162791,4,0.046511627906976744,0
0.01,3374987636,random,degree,86,71,0.8255813953488372,14,0.16279069767441862,0
0.01,3121772807,random,degree,86,68,0.7906976744186046,17,0.19767441860465115,0
0.01,2774424488,random,degree,86,80,0.9302325581395349,5,0.05813953488372093,0
0.01,2525707706,random,degree,86,76,0.8837209302325582,9,0.10465116279069768,0
0.01,3019817973,random,degree,86,67,0.7790697674418605,18,0.20930232558139536,0
0.01,883346416,random,degree,86,83,0.9651162790697675,2,0.023255813953488372,0
0.01,3142248894,random,degree,86,69,0.8023255813953488,16,0.18604651162790697,0
0.01,4138840400,random,degree,86,85,0.9883720930232558,0,0.0,0
0.01,2965153134,random,degree,86,79,0.9186046511627907,6,0.06976744186046512,0
0.01,3144531634,random,degree,86,67,0.7790697674418605,18,0.20930232558139536,0
0.01,123767164,random,degree,86,84,0.9767441860465116,1,0.011627906976744186,1
0.01,3103184617,random,degree,86,75,0.872093023255814,10,0.11627906976744186,0
0.01,863308391,random,degree,86,70,0.813953488372093,7,0.08139534883720931,0
0.01,1836552065,random,degree,86,77,0.8953488372093024,8,0.09302325581395349,0
0.01,970837444,random,degree,86,84,0.9767441860465116,1,0.011627906976744186,1
0.01,1650982897,random,degree,86,77,0.8953488372093024,8,0.09302325581395349,0
0.01,3325602063,random,degree,86,74,0.8604651162790697,11,0.12790697674418605,0
0.01,1953701558,random,degree,86,84,0.9767441860465116,1,0.011627906976744186,1
0.01,1324946030,random,degree,86,81,0.9418604651162791,4,0.046511627906976744,0
0.01,3694125554,random,degree,86,58,0.6744186046511628,27,0.313953488372093,0
0.01,3341987026,random,degree,86,43,0.5,42,0.4883720930232558,0
0.01,619337180,random,degree,86,83,0.9651162790697675,2,0.023255813953488372,0
0.01,3688901223,random,degree,86,79,0.9186046511627907,6,0.06976744186046512,0
0.01,3379756729,random,degree,86,44,0.5116279069767442,41,0.47674418604651164,0
0.01,2545558809,random,degree,86,85,0.9883720930232558,0,0.0,0
0.01,2802296688,random,degree,86,69,0.8023255813953488,16,0.18604651162790697,0
0.01,2028628464,random,degree,86,82,0.9534883720930233,3,0.03488372093023256,0
0.01,4166316041,random,degree,86,69,0.8023255813953488,16,0.18604651162790697,0
0.01,1390159955,random,degree,86,84,0.9767441860465116,1,0.011627906976744186,1
0.01,1284878734,random,degree,86,68,0.7906976744186046,17,0.19767441860465115,0
0.01,1393523483,random,degree,86,76,0.8837209302325582,9,0.10465116279069768,0
0.01,3659499957,random,degree,86,43,0.5,42,0.4883720930232558,0
0.01,3352027439,random,degree,86,58,0.6744186046511628,27,0.313953488372093,0
0.01,2652832585,random,degree,86,80,0.9302325581395349,5,0.05813953488372093,0
0.01,260563285,random,degree,86,44,0.5116279069767442,41,0.47674418604651164,0
0.01,3660625987,random,degree,86,79,0.9186046511627907,6,0.06976744186046512,0
0.01,1246593101,random,degree,86,81,0.9418604651162791,4,0.046511627906976744,0
0.01,4078194285,random,degree,86,78,0.9069767441860465,7,0.08139534883720931,0
0.01,1122878939,random,degree,86,45,0.5232558139534884,40,0.46511627906976744,0
0.01,2266485568,random,degree,86,79,0.9186046511627907,6,0.06976744186046512,0
0.01,2287567514,random,degree,86,81,0.9418604651162791,4,0.046511627906976744,0
0.01,2902370268,random,degree,86,81,0.9418604651162791,4,0.046511627906976744,0
0.01,2495919437,random,degree,86,77,0.8953488372093024,8,0.09302325581395349,0
0.01,2208802069,random,degree,86,69,0.8023255813953488,16,0.18604651162790697,0
0.01,2954038453,random,degree,86,74,0.8604651162790697,11,0.12790697674418605,0
0.01,2495749089,random,degree,86,79,0.9186046511627907,6,0.06976744186046512,0
0.01,1902353942,random,degree,86,85,0.9883720930232558,0,0.0,0
0.01,679159049,random,degree,86,82,0.9534883720930233,3,0.03488372093023256,0
0.01,1351866021,random,degree,86,82,0.9534883720930233,3,0.03488372093023256,0
0.01,4176471846,random,degree,86,72,0.8372093023255814,13,0.1511627906976744,0
0.01,1115587472,random,degree,86,76,0.8837209302325582,9,0.10465116279069768,0
0.01,433409799,random,degree,86,68,0.7906976744186046,17,0.19767441860465115,0
0.01,4139488960,random,degree,86,47,0.5465116279069767,20,0.23255813953488372,0
0.01,2453893247,random,degree,86,69,0.8023255813953488,16,0.18604651162790697,0
0.01,3958615999,random,degree,86,44,0.5116279069767442,41,0.47674418604651164,0
0.01,1084609112,random,degree,86,76,0.8837209302325582,9,0.10465116279069768,0
0.01,3834352459,random,degree,86,82,0.9534883720930233,3,0.03488372093023256,0
0.01,1667008724,random,degree,86,69,0.8023255813953488,16,0.18604651162790697,0
0.01,1509894346,random,degree,86,77,0.8953488372093024,8,0.09302325581395349,0
0.01,4238436053,random,degree,86,82,0.9534883720930233,3,0.03488372093023256,0
0.01,2810063542,random,degree,86,76,0.8837209302325582,9,0.10465116279069768,0
0.01,1867045711,random,degree,86,70,0.813953488372093,15,0.1744186046511628,0
0.01,886129326,random,degree,86,82,0.9534883720930233,3,0.03488372093023256,0
0.01,2352909948,random,degree,86,66,0.7674418604651163,19,0.22093023255813954,0
0.01,3806445792,random,degree,86,79,0.9186046511627907,6,0.06976744186046512,0
0.01,2205434505,random,degree,86,43,0.5,42,0.4883720930232558,0
0.01,3955905862,random,degree,86,85,0.9883720930232558,0,0.0,0
0.01,3910499802,random,degree,86,80,0.9302325581395349,5,0.05813953488372093,0
0.01,1226828069,random,degree,86,81,0.9418604651162791,4,0.046511627906976744,0
0.01,2120492755,random,degree,86,81,0.9418604651162791,4,0.046511627906976744,0
0.01,3233527422,random,degree,86,81,0.9418604651162791,4,0.046511627906976744,0
0.01,3853447840,random,degree,86,85,0.9883720930232558,0,0.0,0
0.01,3152769989,random,degree,86,83,0.9651162790697675,2,0.023255813953488372,0
0.01,3099086164,random,degree,86,68,0.7906976744186046,17,0.19767441860465115,0
0.01,3138741957,random,degree,86,70,0.813953488372093,15,0.1744186046511628,0
0.01,4238600080,random,degree,86,71,0.8255813953488372,14,0.16279069767441862,0
0.01,2799065566,random,degree,86,78,0.9069767441860465,7,0.08139534883720931,0
0.01,3682628622,random,degree,86,68,0.7906976744186046,17,0.19767441860465115,0
0.01,3173363767,random,degree,86,76,0.8837209302325582,9,0.10465116279069768,0
0.01,782939215,random,degree,86,79,0.9186046511627907,6,0.06976744186046512,0
0.01,1295269050,random,degree,86,80,0.9302325581395349,5,0.05813953488372093,0
0.01,1078899068,random,degree,86,78,0.9069767441860465,7,0.08139534883720931,0
0.01,1789889058,random,degree,86,66,0.7674418604651163,19,0.22093023255813954,0
0.01,2571163231,random,degree,86,83,0.9651162790697675,2,0.023255813953488372,0
0.01,3224138600,random,degree,86,80,0.9302325581395349,5,0.05813953488372093,0
0.01,2740871040,random,degree,86,57,0.6627906976744186,28,0.32558139534883723,0
0.01,1614013990,random,degree,86,70,0.813953488372093,15,0.1744186046511628,0
0.01,4038977662,random,degree,86,83,0.9651162790697675,2,0.023255813953488372,0
0.01,2832996315,random,degree,86,79,0.9186046511627907,6,0.06976744186046512,0
0.01,3292950064,random,degree,86,84,0.9767441860465116,1,0.011627906976744186,1
0.02,3141116543,random,degree,86,65,0.7558139534883721,18,0.20930232558139536,1
0.02,1961547765,random,degree,86,46,0.5348837209302325,29,0.3372093023255814,0
0.02,1425400168,random,degree,86,53,0.6162790697674418,16,0.18604651162790697,0
0.02,3842683572,random,degree,86,67,0.7790697674418605,17,0.19767441860465115,0
0.02,1670527063,random,degree,86,81,0.9418604651162791,3,0.03488372093023256,0
0.02,3608231367,random,degree,86,72,0.8372093023255814,8,0.09302325581395349,0
0.02,3276648838,random,degree,86,46,0.5348837209302325,23,0.26744186046511625,0
0.02,184805226,random,degree,86,68,0.7906976744186046,10,0.11627906976744186,0
0.02,2022842883,random,degree,86,46,0.5348837209302325,36,0.4186046511627907,0
0.02,3910515437,random,degree,86,65,0.7558139534883721,19,0.22093023255813954,0
0.02,898635748,random,degree,86,80,0.9302325581395349,2,0.023255813953488372,0
0.02,3592826079,random,degree,86,58,0.6744186046511628,13,0.1511627906976744,0
0.02,617897263,random,degree,86,69,0.8023255813953488,13,0.1511627906976744,0
0.02,2720427543,random,degree,86,56,0.6511627906976745,27,0.313953488372093,1
0.02,4241437344,random,degree,86,41,0.47674418604651164,39,0.45348837209302323,0
0.02,1595111868,random,degree,86,51,0.5930232558139535,18,0.20930232558139536,0
0.02,1123224023,random,degree,86,84,0.9767441860465116,0,0.0,0
0.02,1144490529,random,degree,86,78,0.9069767441860465,5,0.05813953488372093,1
0.02,628018005,random,degree,86,71,0.8255813953488372,8,0.09302325581395349,0
0.02,4085246292,random,degree,86,64,0.7441860465116279,16,0.18604651162790697,0
0.02,4198043112,random,degree,86,71,0.8255813953488372,7,0.08139534883720931,0
0.02,2321835942,random,degree,86,76,0.8837209302325582,6,0.06976744186046512,0
0.02,2272484642,random,degree,86,76,0.8837209302325582,7,0.08139534883720931,1
0.02,2462209636,random,degree,86,81,0.9418604651162791,3,0.03488372093023256,0
0.02,2931719087,random,degree,86,71,0.8255813953488372,13,0.1511627906976744,0
0.02,2586136889,random,degree,86,70,0.813953488372093,7,0.08139534883720931,0
0.02,564774782,random,degree,86,67,0.7790697674418605,17,0.19767441860465115,0
0.02,1923880585,random,degree,86,82,0.9534883720930233,2,0.023255813953488372,0
0.02,360519305,random,degree,86,78,0.9069767441860465,3,0.03488372093023256,0
0.02,3216661420,random,degree,86,56,0.6511627906976745,25,0.29069767441860467,0
0.02,1841964142,random,degree,86,64,0.7441860465116279,16,0.18604651162790697,0
0.02,2389849702,random,degree,86,63,0.7325581395348837,15,0.1744186046511628,0
0.02,2454611994,random,degree,86,67,0.7790697674418605,16,0.18604651162790697,1
0.02,1195703528,random,degree,86,68,0.7906976744186046,15,0.1744186046511628,1
0.02,2442890036,random,degree,86,43,0.5,39,0.45348837209302323,0
0.02,1987368352,random,degree,86,83,0.9651162790697675,1,0.011627906976744186,1
0.02,1975300362,random,degree,86,79,0.9186046511627907,5,0.05813953488372093,0
0.02,4156301513,random,degree,86,70,0.813953488372093,8,0.09302325581395349,0
0.02,2100181339,random,degree,86,65,0.7558139534883721,15,0.1744186046511628,0
0.02,3133246557,random,degree,86,54,0.627906976744186,27,0.313953488372093,0
0.02,751238784,random,degree,86,46,0.5348837209302325,22,0.2558139534883721,0
0.02,145448507,random,degree,86,72,0.8372093023255814,10,0.11627906976744186,0
0.02,3896973400,random,degree,86,56,0.6511627906976745,25,0.29069767441860467,0
0.02,4072990479,random,degree,86,78,0.9069767441860465,6,0.06976744186046512,0
0.02,1467129153,random,degree,86,62,0.7209302325581395,17,0.19767441860465115,0
0.02,1286091339,random,degree,86,43,0.5,40,0.46511627906976744,1
0.02,2648089133,random,degree,86,44,0.5116279069767442,40,0.46511627906976744,0
0.02,4058835499,random,degree,86,64,0.7441860465116279,12,0.13953488372093023,0
0.02,3274918356,random,degree,86,41,0.47674418604651164,40,0.46511627906976744,0
0.02,661276894,random,degree,86,47,0.5465116279069767,19,0.22093023255813954,0
0.02,3704543830,random,degree,86,63,0.7325581395348837,18,0.20930232558139536,0
0.02,7653639,random,degree,86,41,0.47674418604651164,38,0.4418604651162791,0
0.02,3880388322,random,degree,86,69,0.8023255813953488,15,0.1744186046511628,0
0.02,1328522205,random,degree,86,67,0.7790697674418605,11,0.12790697674418605,0
0.02,2741066420,random,degree,86,44,0.5116279069767442,39,0.45348837209302323,1
0.02,1455818033,random,degree,86,67,0.7790697674418605,17,0.19767441860465115,0
0.02,2631909967,random,degree,86,45,0.5232558139534884,33,0.38372093023255816,0
0.02,3708828635,random,degree,86,64,0.7441860465116279,17,0.19767441860465115,0
0.02,1882171717,random,degree,86,73,0.8488372093023255,10,0.11627906976744186,1
0.02,3301597993,random,degree,86,74,0.8604651162790697,6,0.06976744186046512,0
0.02,3118835797,random,degree,86,79,0.9186046511627907,4,0.046511627906976744,1
0.02,293502598,random,degree,86,79,0.9186046511627907,4,0.046511627906976744,1
0.02,1307557239,random,degree,86,82,0.9534883720930233,1,0.011627906976744186,2
0.02,4183413585,random,degree,86,77,0.8953488372093024,7,0.08139534883720931,0
0.02,569379853,random,degree,86,47,0.5465116279069767,27,0.313953488372093,0
0.02,439646157,random,degree,86,65,0.7558139534883721,11,0.12790697674418605,0
0.02,2115307978,random,degree,86,46,0.5348837209302325,33,0.38372093023255816,0
0.02,4177480299,random,degree,86,64,0.7441860465116279,19,0.22093023255813954,1
0.02,2542334419,random,degree,86,57,0.6627906976744186,22,0.2558139534883721,0
0.02,1513608988,random,degree,86,77,0.8953488372093024,7,0.08139534883720931,0
0.02,2002437469,random,degree,86,73,0.8488372093023255,10,0.11627906976744186,1
0.02,2373746235,random,degree,86,78,0.9069767441860465,4,0.046511627906976744,0
0.02,1627987682,random,degree,86,29,0.3372093023255814,20,0.23255813953488372,0
0.02,934066496,random,degree,86,59,0.686046511627907,15,0.1744186046511628,0
0.02,1226980160,random,degree,86,71,0.8255813953488372,13,0.1511627906976744,0
0.02,3167642781,random,degree,86,57,0.6627906976744186,19,0.22093023255813954,0
0.02,4082066325,random,degree,86,70,0.813953488372093,8,0.09302325581395349,0
0.02,2509477436,random,degree,86,76,0.8837209302325582,6,0.06976744186046512,0
0.02,2448768878,random,degree,86,68,0.7906976744186046,9,0.10465116279069768,0
0.02,4294451555,random,degree,86,73,0.8488372093023255,7,0.08139534883720931,0
0.02,1799282300,random,degree,86,46,0.5348837209302325,23,0.26744186046511625,0
0.02,3020375188,random,degree,86,77,0.8953488372093024,5,0.05813953488372093,0
0.02,3808831950,random,degree,86,57,0.6627906976744186,19,0.22093023255813954,1
0.02,569143039,random,degree,86,40,0.46511627906976744,20,0.23255813953488372,0
0.02,3081158334,random,degree,86,47,0.5465116279069767,18,0.20930232558139536,0
0.02,1222867046,random,degree,86,62,0.7209302325581395,17,0.19767441860465115,0
0.02,3458245585,random,degree,86,83,0.9651162790697675,1,0.011627906976744186,1
0.02,512263173,random,degree,86,51,0.5930232558139535,18,0.20930232558139536,0
0.02,2992983631,random,degree,86,70,0.813953488372093,13,0.1511627906976744,1
0.02,1530870302,random,degree,86,61,0.7093023255813954,12,0.13953488372093023,0
0.02,2866945941,random,degree,86,79,0.9186046511627907,3,0.03488372093023256,0
0.02,3958546175,random,degree,86,81,0.9418604651162791,3,0.03488372093023256,0
0.02,2014740834,random,degree,86,62,0.7209302325581395,19,0.22093023255813954,0
0.02,3433403091,random,degree,86,66,0.7674418604651163,16,0.18604651162790697,0
0.02,3021534943,random,degree,86,53,0.6162790697674418,19,0.22093023255813954,0
0.02,3185013649,random,degree,86,80,0.9302325581395349,2,0.023255813953488372,0
0.02,3264174434,random,degree,86,77,0.8953488372093024,5,0.05813953488372093,0
0.02,536292285,random,degree,86,78,0.9069767441860465,5,0.05813953488372093,1
0.02,1340598309,random,degree,86,80,0.9302325581395349,3,0.03488372093023256,1
0.02,2291231689,random,degree,86,78,0.9069767441860465,6,0.06976744186046512,0
0.03,2613022947,random,degree,86,37,0.43023255813953487,29,0.3372093023255814,1
0.03,3679268941,random,degree,86,55,0.6395348837209303,17,0.19767441860465115,0
0.03,3170341645,random,degree,86,30,0.3488372093023256,20,0.23255813953488372,0
0.03,2997468713,random,degree,86,67,0.7790697674418605,8,0.09302325581395349,1
0.03,2298030710,random,degree,86,61,0.7093023255813954,17,0.19767441860465115,0
0.03,2975998657,random,degree,86,41,0.47674418604651164,25,0.29069767441860467,0
0.03,1912161888,random,degree,86,48,0.5581395348837209,17,0.19767441860465115,0
0.03,2829527381,random,degree,86,72,0.8372093023255814,6,0.06976744186046512,0
0.03,1513406984,random,degree,86,68,0.7906976744186046,13,0.1511627906976744,0
0.03,112866602,random,degree,86,64,0.7441860465116279,13,0.1511627906976744,0
0.03,4028328772,random,degree,86,69,0.8023255813953488,9,0.10465116279069768,1
0.03,2764162875,random,degree,86,67,0.7790697674418605,13,0.1511627906976744,0
0.03,2212146841,random,degree,86,65,0.7558139534883721,14,0.16279069767441862,1
0.03,1219174208,random,degree,86,67,0.7790697674418605,12,0.13953488372093023,0
0.03,845058081,random,degree,86,59,0.686046511627907,17,0.19767441860465115,1
0.03,3304971268,random,degree,86,42,0.4883720930232558,31,0.36046511627906974,0
0.03,643314579,random,degree,86,34,0.3953488372093023,18,0.20930232558139536,0
0.03,2420588202,random,degree,86,42,0.4883720930232558,22,0.2558139534883721,0
0.03,453490645,random,degree,86,67,0.7790697674418605,14,0.16279069767441862,0
0.03,3998318534,random,degree,86,60,0.6976744186046512,15,0.1744186046511628,0
0.03,836807846,random,degree,86,68,0.7906976744186046,10,0.11627906976744186,1
0.03,1652650018,random,degree,86,46,0.5348837209302325,33,0.38372093023255816,1
0.03,1111791252,random,degree,86,47,0.5465116279069767,17,0.19767441860465115,0
0.03,3977156005,random,degree,86,75,0.872093023255814,4,0.046511627906976744,0
0.03,2915575706,random,degree,86,58,0.6744186046511628,19,0.22093023255813954,1
0.03,3326498632,random,degree,86,29,0.3372093023255814,20,0.23255813953488372,0
0.03,30083976,random,degree,86,58,0.6744186046511628,13,0.1511627906976744,1
0.03,663899376,random,degree,86,43,0.5,35,0.4069767441860465,0
0.03,2896803068,random,degree,86,42,0.4883720930232558,30,0.3488372093023256,0
0.03,1527272399,random,degree,86,61,0.7093023255813954,17,0.19767441860465115,1
0.03,3067809905,random,degree,86,75,0.872093023255814,5,0.05813953488372093,1
0.03,3779315933,random,degree,86,53,0.6162790697674418,19,0.22093023255813954,0
0.03,3109509372,random,degree,86,56,0.6511627906976745,17,0.19767441860465115,1
0.03,152072060,random,degree,86,35,0.4069767441860465,27,0.313953488372093,0
0.03,3018677623,random,degree,86,44,0.5116279069767442,27,0.313953488372093,0
0.03,167849865,random,degree,86,43,0.5,25,0.29069767441860467,1
0.03,2225923576,random,degree,86,71,0.8255813953488372,6,0.06976744186046512,0
0.03,16338009,random,degree,86,65,0.7558139534883721,7,0.08139534883720931,0
0.03,3394362230,random,degree,86,58,0.6744186046511628,13,0.1511627906976744,0
0.03,4139348307,random,degree,86,35,0.4069767441860465,30,0.3488372093023256,0
0.03,3922273928,random,degree,86,29,0.3372093023255814,18,0.20930232558139536,0
0.03,3979796060,random,degree,86,67,0.7790697674418605,13,0.1511627906976744,1
0.03,3611926,random,degree,86,35,0.4069767441860465,28,0.32558139534883723,0
0.03,2849651000,random,degree,86,30,0.3488372093023256,26,0.3023255813953488,0
0.03,3269295806,random,degree,86,52,0.6046511627906976,16,0.18604651162790697,0
0.03,2492777636,random,degree,86,64,0.7441860465116279,10,0.11627906976744186,0
0.03,3138490391,random,degree,86,58,0.6744186046511628,11,0.12790697674418605,0
0.03,1902321371,random,degree,86,72,0.8372093023255814,10,0.11627906976744186,1
0.03,3704791029,random,degree,86,76,0.8837209302325582,4,0.046511627906976744,1
0.03,3497030321,random,degree,86,75,0.872093023255814,7,0.08139534883720931,1
0.03,1372611978,random,degree,86,70,0.813953488372093,11,0.12790697674418605,0
0.03,2919996810,random,degree,86,37,0.43023255813953487,18,0.20930232558139536,0
0.03,1122022965,random,degree,86,76,0.8837209302325582,3,0.03488372093023256,0
0.03,1254358369,random,degree,86,70,0.813953488372093,8,0.09302325581395349,0
0.03,2679138784,random,degree,86,31,0.36046511627906974,30,0.3488372093023256,0
0.03,1886403717,random,degree,86,66,0.7674418604651163,11,0.12790697674418605,0
0.03,1395786970,random,degree,86,64,0.7441860465116279,7,0.08139534883720931,0
0.03,3852645686,random,degree,86,61,0.7093023255813954,9,0.10465116279069768,0
0.03,3088426522,random,degree,86,66,0.7674418604651163,17,0.19767441860465115,0
0.03,2775408197,random,degree,86,30,0.3488372093023256,20,0.23255813953488372,1
0.03,1953672037,random,degree,86,65,0.7558139534883721,17,0.19767441860465115,1
0.03,537472045,random,degree,86,41,0.47674418604651164,37,0.43023255813953487,1
0.03,2506607532,random,degree,86,69,0.8023255813953488,8,0.09302325581395349,0
0.03,1559186448,random,degree,86,60,0.6976744186046512,16,0.18604651162790697,1
0.03,2709355132,random,degree,86,42,0.4883720930232558,34,0.3953488372093023,0
0.03,4230629742,random,degree,86,75,0.872093023255814,5,0.05813953488372093,1
0.03,1768434953,random,degree,86,73,0.8488372093023255,9,0.10465116279069768,1
0.03,3949312633,random,degree,86,66,0.7674418604651163,10,0.11627906976744186,1
0.03,3262850217,random,degree,86,39,0.45348837209302323,29,0.3372093023255814,0
0.03,634635758,random,degree,86,43,0.5,19,0.22093023255813954,0
0.03,2276971853,random,degree,86,53,0.6162790697674418,25,0.29069767441860467,0
0.03,45558095,random,degree,86,64,0.7441860465116279,9,0.10465116279069768,0
0.03,2140180111,random,degree,86,40,0.46511627906976744,20,0.23255813953488372,0
0.03,2002382760,random,degree,86,30,0.3488372093023256,25,0.29069767441860467,0
0.03,1956580636,random,degree,86,47,0.5465116279069767,20,0.23255813953488372,0
0.03,2118536954,random,degree,86,35,0.4069767441860465,29,0.3372093023255814,0
0.03,2206643829,random,degree,86,43,0.5,37,0.43023255813953487,0
0.03,3867331044,random,degree,86,40,0.46511627906976744,29,0.3372093023255814,0
0.03,388898307,random,degree,86,53,0.6162790697674418,17,0.19767441860465115,0
0.03,1019242728,random,degree,86,45,0.5232558139534884,20,0.23255813953488372,1
0.03,1487772634,random,degree,86,51,0.5930232558139535,17,0.19767441860465115,0
0.03,2742658023,random,degree,86,52,0.6046511627906976,28,0.32558139534883723,0
0.03,3695215308,random,degree,86,57,0.6627906976744186,13,0.1511627906976744,1
0.03,493000976,random,degree,86,42,0.4883720930232558,18,0.20930232558139536,0
0.03,1407827662,random,degree,86,79,0.9186046511627907,2,0.023255813953488372,0
0.03,322595868,random,degree,86,75,0.872093023255814,4,0.046511627906976744,0
0.03,2506535046,random,degree,86,73,0.8488372093023255,8,0.09302325581395349,0
0.03,2434921596,random,degree,86,45,0.5232558139534884,23,0.26744186046511625,0
0.03,944403545,random,degree,86,45,0.5232558139534884,22,0.2558139534883721,0
0.03,2842746454,random,degree,86,44,0.5116279069767442,20,0.23255813953488372,1
0.03,2833841101,random,degree,86,66,0.7674418604651163,10,0.11627906976744186,0
0.03,1731445057,random,degree,86,63,0.7325581395348837,13,0.1511627906976744,0
0.03,2856573034,random,degree,86,63,0.7325581395348837,10,0.11627906976744186,0
0.03,1257955139,random,degree,86,66,0.7674418604651163,14,0.16279069767441862,0
0.03,1321100737,random,degree,86,43,0.5,33,0.38372093023255816,0
0.03,2148152822,random,degree,86,59,0.686046511627907,8,0.09302325581395349,1
0.03,3598031427,random,degree,86,53,0.6162790697674418,10,0.11627906976744186,0
0.03,871493192,random,degree,86,56,0.6511627906976745,14,0.16279069767441862,0
0.03,1141131380,random,degree,86,76,0.8837209302325582,5,0.05813953488372093,0
0.03,1947360784,random,degree,86,60,0.6976744186046512,12,0.13953488372093023,0
0.04,1874364848,random,degree,86,52,0.6046511627906976,19,0.22093023255813954,0
0.04,2040376534,random,degree,86,41,0.47674418604651164,36,0.4186046511627907,0
0.04,366692492,random,degree,86,63,0.7325581395348837,17,0.19767441860465115,0
0.04,3971982538,random,degree,86,79,0.9186046511627907,3,0.03488372093023256,1
0.04,990236870,random,degree,86,37,0.43023255813953487,20,0.23255813953488372,0
0.04,1462329772,random,degree,86,36,0.4186046511627907,28,0.32558139534883723,0
0.04,1183529152,random,degree,86,40,0.46511627906976744,23,0.26744186046511625,0
0.04,3025282531,random,degree,86,72,0.8372093023255814,7,0.08139534883720931,0
0.04,2780732122,random,degree,86,61,0.7093023255813954,12,0.13953488372093023,0
0.04,4009347464,random,degree,86,59,0.686046511627907,13,0.1511627906976744,0
0.04,257272862,random,degree,86,64,0.7441860465116279,12,0.13953488372093023,0
0.04,3451736609,random,degree,86,68,0.7906976744186046,13,0.1511627906976744,0
0.04,805456399,random,degree,86,41,0.47674418604651164,30,0.3488372093023256,1
0.04,7084590,random,degree,86,40,0.46511627906976744,25,0.29069767441860467,0
0.04,2541369640,random,degree,86,54,0.627906976744186,19,0.22093023255813954,1
0.04,2802911343,random,degree,86,20,0.23255813953488372,20,0.23255813953488372,0
0.04,32690671,random,degree,86,41,0.47674418604651164,27,0.313953488372093,0
0.04,2748174309,random,degree,86,41,0.47674418604651164,18,0.20930232558139536,0
0.04,535906497,random,degree,86,70,0.813953488372093,10,0.11627906976744186,0
0.04,966908759,random,degree,86,71,0.8255813953488372,9,0.10465116279069768,1
0.04,3092640225,random,degree,86,55,0.6395348837209303,19,0.22093023255813954,0
0.04,2293405397,random,degree,86,66,0.7674418604651163,15,0.1744186046511628,0
0.04,343847258,random,degree,86,71,0.8255813953488372,8,0.09302325581395349,1
0.04,3738368953,random,degree,86,57,0.6627906976744186,12,0.13953488372093023,0
0.04,225949632,random,degree,86,43,0.5,28,0.32558139534883723,0
0.04,964874940,random,degree,86,46,0.5348837209302325,19,0.22093023255813954,0
0.04,3071329476,random,degree,86,64,0.7441860465116279,16,0.18604651162790697,1
0.04,4142385972,random,degree,86,67,0.7790697674418605,15,0.1744186046511628,1
0.04,4190252131,random,degree,86,43,0.5,23,0.26744186046511625,1
0.04,3742412642,random,degree,86,64,0.7441860465116279,17,0.19767441860465115,2
0.04,2091018010,random,degree,86,70,0.813953488372093,12,0.13953488372093023,1
0.04,50226967,random,degree,86,62,0.7209302325581395,10,0.11627906976744186,0
0.04,1977066673,random,degree,86,47,0.5465116279069767,17,0.19767441860465115,0
0.04,1148703375,random,degree,86,71,0.8255813953488372,8,0.09302325581395349,0
0.04,1178271492,random,degree,86,27,0.313953488372093,19,0.22093023255813954,0
0.04,401157331,random,degree,86,68,0.7906976744186046,13,0.1511627906976744,0
0.04,875827342,random,degree,86,55,0.6395348837209303,12,0.13953488372093023,0
0.04,906868736,random,degree,86,37,0.43023255813953487,28,0.32558139534883723,0
0.04,2353561725,random,degree,86,56,0.6511627906976745,17,0.19767441860465115,0
0.04,3044167621,random,degree,86,60,0.6976744186046512,15,0.1744186046511628,0
0.04,3940032920,random,degree,86,40,0.46511627906976744,30,0.3488372093023256,0
0.04,1436485601,random,degree,86,65,0.7558139534883721,14,0.16279069767441862,1
0.04,2937513412,random,degree,86,65,0.7558139534883721,10,0.11627906976744186,0
0.04,3257842521,random,degree,86,72,0.8372093023255814,5,0.05813953488372093,1
0.04,2906431790,random,degree,86,29,0.3372093023255814,21,0.2441860465116279,0
0.04,2214718201,random,degree,86,71,0.8255813953488372,10,0.11627906976744186,0
0.04,2878294100,random,degree,86,48,0.5581395348837209,18,0.20930232558139536,1
0.04,566633320,random,degree,86,54,0.627906976744186,17,0.19767441860465115,0
0.04,1004463604,random,degree,86,64,0.7441860465116279,17,0.19767441860465115,0
0.04,3087511246,random,degree,86,42,0.4883720930232558,18,0.20930232558139536,0
0.04,2540186478,random,degree,86,70,0.813953488372093,6,0.06976744186046512,0
0.04,2944195598,random,degree,86,67,0.7790697674418605,16,0.18604651162790697,0
0.04,1454148254,random,degree,86,75,0.872093023255814,5,0.05813953488372093,0
0.04,1030328257,random,degree,86,61,0.7093023255813954,17,0.19767441860465115,0
0.04,2286633681,random,degree,86,67,0.7790697674418605,13,0.1511627906976744,1
0.04,3820894788,random,degree,86,75,0.872093023255814,5,0.05813953488372093,1
0.04,264081798,random,degree,86,51,0.5930232558139535,11,0.12790697674418605,0
0.04,4010743696,random,degree,86,67,0.7790697674418605,12,0.13953488372093023,0
0.04,3853320307,random,degree,86,63,0.7325581395348837,17,0.19767441860465115,0
0.04,973369993,random,degree,86,60,0.6976744186046512,12,0.13953488372093023,1
0.04,458395954,random,degree,86,70,0.813953488372093,8,0.09302325581395349,0
0.04,1941737856,random,degree,86,71,0.8255813953488372,5,0.05813953488372093,0
0.04,2437061629,random,degree,86,53,0.6162790697674418,24,0.27906976744186046,0
0.04,813818937,random,degree,86,68,0.7906976744186046,15,0.1744186046511628,0
0.04,3273119049,random,degree,86,69,0.8023255813953488,11,0.12790697674418605,1
0.04,3742459398,random,degree,86,46,0.5348837209302325,14,0.16279069767441862,0
0.04,1574253274,random,degree,86,78,0.9069767441860465,3,0.03488372093023256,0
0.04,3894140183,random,degree,86,76,0.8837209302325582,4,0.046511627906976744,1
0.04,3690589069,random,degree,86,68,0.7906976744186046,10,0.11627906976744186,0
0.04,673578427,random,degree,86,46,0.5348837209302325,28,0.32558139534883723,0
0.04,3581600096,random,degree,86,72,0.8372093023255814,11,0.12790697674418605,0
0.04,1451869634,random,degree,86,66,0.7674418604651163,14,0.16279069767441862,0
0.04,46059562,random,degree,86,76,0.8837209302325582,3,0.03488372093023256,0
0.04,722102511,random,degree,86,45,0.5232558139534884,19,0.22093023255813954,0
0.04,3689109759,random,degree,86,66,0.7674418604651163,11,0.12790697674418605,0
0.04,279015680,random,degree,86,44,0.5116279069767442,32,0.37209302325581395,1
0.04,2351927654,random,degree,86,37,0.43023255813953487,35,0.4069767441860465,0
0.04,805346620,random,degree,86,60,0.6976744186046512,16,0.18604651162790697,0
0.04,1823419826,random,degree,86,39,0.45348837209302323,30,0.3488372093023256,0
0.04,3001824028,random,degree,86,67,0.7790697674418605,14,0.16279069767441862,0
0.04,3888030913,random,degree,86,42,0.4883720930232558,41,0.47674418604651164,0
0.04,1958683968,random,degree,86,66,0.7674418604651163,14,0.16279069767441862,0
0.04,3690747362,random,degree,86,69,0.8023255813953488,5,0.05813953488372093,0
0.04,3971942786,random,degree,86,62,0.7209302325581395,10,0.11627906976744186,0
0.04,3101323497,random,degree,86,43,0.5,15,0.1744186046511628,0
0.04,2109750939,random,degree,86,62,0.7209302325581395,16,0.18604651162790697,0
0.04,4162182394,random,degree,86,36,0.4186046511627907,30,0.3488372093023256,0
0.04,969581917,random,degree,86,59,0.686046511627907,9,0.10465116279069768,0
0.04,3149128988,random,degree,86,44,0.5116279069767442,20,0.23255813953488372,0
0.04,793534695,random,degree,86,59,0.686046511627907,17,0.19767441860465115,0
0.04,3571014291,random,degree,86,72,0.8372093023255814,8,0.09302325581395349,1
0.04,99059849,random,degree,86,44,0.5116279069767442,25,0.29069767441860467,0
0.04,2325418473,random,degree,86,44,0.5116279069767442,31,0.36046511627906974,0
0.04,3841565816,random,degree,86,62,0.7209302325581395,12,0.13953488372093023,0
0.04,1303359389,random,degree,86,57,0.6627906976744186,16,0.18604651162790697,0
0.04,4050510957,random,degree,86,62,0.7209302325581395,14,0.16279069767441862,0
0.04,1985895431,random,degree,86,46,0.5348837209302325,19,0.22093023255813954,0
0.04,1820743868,random,degree,86,46,0.5348837209302325,18,0.20930232558139536,0
0.04,4040994443,random,degree,86,66,0.7674418604651163,13,0.1511627906976744,0
0.04,3864851465,random,degree,86,77,0.8953488372093024,4,0.046511627906976744,2
0.05,161328693,random,degree,86,65,0.7558139534883721,7,0.08139534883720931,0
0.05,1565899405,random,degree,86,64,0.7441860465116279,16,0.18604651162790697,2
0.05,1950057878,random,degree,86,32,0.37209302325581395,28,0.32558139534883723,0
0.05,3716799053,random,degree,86,40,0.46511627906976744,18,0.20930232558139536,1
0.05,2111607977,random,degree,86,38,0.4418604651162791,19,0.22093023255813954,0
0.05,476201559,random,degree,86,35,0.4069767441860465,20,0.23255813953488372,1
0.05,1347826967,random,degree,86,53,0.6162790697674418,15,0.1744186046511628,0
0.05,419638758,random,degree,86,43,0.5,16,0.18604651162790697,0
0.05,61105001,random,degree,86,61,0.7093023255813954,10,0.11627906976744186,0
0.05,2224251158,random,degree,86,51,0.5930232558139535,15,0.1744186046511628,1
0.05,2909745081,random,degree,86,44,0.5116279069767442,22,0.2558139534883721,0
0.05,233212636,random,degree,86,64,0.7441860465116279,8,0.09302325581395349,1
0.05,4136083175,random,degree,86,54,0.627906976744186,18,0.20930232558139536,1
0.05,4010688595,random,degree,86,61,0.7093023255813954,13,0.1511627906976744,0
0.05,2705163103,random,degree,86,37,0.43023255813953487,29,0.3372093023255814,1
0.05,647158662,random,degree,86,64,0.7441860465116279,12,0.13953488372093023,1
0.05,2176444258,random,degree,86,60,0.6976744186046512,14,0.16279069767441862,0
0.05,2734382771,random,degree,86,32,0.37209302325581395,24,0.27906976744186046,1
0.05,3733031204,random,degree,86,56,0.6511627906976745,14,0.16279069767441862,1
0.05,3800886357,random,degree,86,63,0.7325581395348837,11,0.12790697674418605,0
0.05,3838828568,random,degree,86,70,0.813953488372093,5,0.05813953488372093,1
0.05,2796578408,random,degree,86,75,0.872093023255814,6,0.06976744186046512,1
0.05,919035537,random,degree,86,51,0.5930232558139535,15,0.1744186046511628,0
0.05,2259017482,random,degree,86,40,0.46511627906976744,21,0.2441860465116279,0
0.05,999339938,random,degree,86,31,0.36046511627906974,29,0.3372093023255814,1
0.05,2524438486,random,degree,86,56,0.6511627906976745,17,0.19767441860465115,1
0.05,3977699320,random,degree,86,55,0.6395348837209303,13,0.1511627906976744,0
0.05,1222593882,random,degree,86,45,0.5232558139534884,15,0.1744186046511628,0
0.05,3167285520,random,degree,86,29,0.3372093023255814,28,0.32558139534883723,0
0.05,1389516722,random,degree,86,39,0.45348837209302323,29,0.3372093023255814,0
0.05,1889050447,random,degree,86,45,0.5232558139534884,11,0.12790697674418605,0
0.05,2716979404,random,degree,86,59,0.686046511627907,6,0.06976744186046512,0
0.05,691681215,random,degree,86,60,0.6976744186046512,10,0.11627906976744186,1
0.05,467684924,random,degree,86,54,0.627906976744186,17,0.19767441860465115,0
0.05,4199407757,random,degree,86,30,0.3488372093023256,22,0.2558139534883721,1
0.05,2974518797,random,degree,86,40,0.46511627906976744,18,0.20930232558139536,0
0.05,4188642792,random,degree,86,51,0.5930232558139535,14,0.16279069767441862,0
0.05,479330864,random,degree,86,60,0.6976744186046512,16,0.18604651162790697,1
0.05,934645542,random,degree,86,45,0.5232558139534884,17,0.19767441860465115,0
0.05,1006910456,random,degree,86,68,0.7906976744186046,7,0.08139534883720931,1
0.05,3186377381,random,degree,86,62,0.7209302325581395,11,0.12790697674418605,0
0.05,1528367961,random,degree,86,67,0.7790697674418605,9,0.10465116279069768,0
0.05,1281130751,random,degree,86,36,0.4186046511627907,15,0.1744186046511628,0
0.05,4052782099,random,degree,86,67,0.7790697674418605,7,0.08139534883720931,0
0.05,1196908414,random,degree,86,36,0.4186046511627907,28,0.32558139534883723,1
0.05,3726727366,random,degree,86,37,0.43023255813953487,26,0.3023255813953488,0
0.05,419724994,random,degree,86,27,0.313953488372093,26,0.3023255813953488,0
0.05,457274629,random,degree,86,30,0.3488372093023256,18,0.20930232558139536,0
0.05,1508582223,random,degree,86,53,0.6162790697674418,14,0.16279069767441862,0
0.05,747567634,random,degree,86,36,0.4186046511627907,36,0.4186046511627907,0
0.05,1494150046,random,degree,86,67,0.7790697674418605,6,0.06976744186046512,0
0.05,4111022484,random,degree,86,34,0.3953488372093023,29,0.3372093023255814,0
0.05,890942109,random,degree,86,46,0.5348837209302325,14,0.16279069767441862,1
0.05,401283277,random,degree,86,51,0.5930232558139535,16,0.18604651162790697,2
0.05,1514566794,random,degree,86,70,0.813953488372093,9,0.10465116279069768,0
0.05,3306841133,random,degree,86,29,0.3372093023255814,19,0.22093023255813954,0
0.05,1353756069,random,degree,86,66,0.7674418604651163,7,0.08139534883720931,2
0.05,1405625987,random,degree,86,59,0.686046511627907,10,0.11627906976744186,0
0.05,1315185917,random,degree,86,47,0.5465116279069767,18,0.20930232558139536,0
0.05,673189386,random,degree,86,36,0.4186046511627907,33,0.38372093023255816,0
0.05,957334006,random,degree,86,45,0.5232558139534884,19,0.22093023255813954,1
0.05,3307761682,random,degree,86,47,0.5465116279069767,11,0.12790697674418605,0
0.05,2369855228,random,degree,86,59,0.686046511627907,17,0.19767441860465115,0
0.05,3077116059,random,degree,86,46,0.5348837209302325,16,0.18604651162790697,0
0.05,1700532246,random,degree,86,68,0.7906976744186046,5,0.05813953488372093,1
0.05,1197316113,random,degree,86,31,0.36046511627906974,24,0.27906976744186046,0
0.05,937243860,random,degree,86,57,0.6627906976744186,20,0.23255813953488372,0
0.05,839065494,random,degree,86,43,0.5,19,0.22093023255813954,0
0.05,4208123502,random,degree,86,50,0.5813953488372093,18,0.20930232558139536,0
0.05,2356635891,random,degree,86,37,0.43023255813953487,32,0.37209302325581395,0
0.05,431932391,random,degree,86,32,0.37209302325581395,17,0.19767441860465115,0
0.05,122500233,random,degree,86,60,0.6976744186046512,13,0.1511627906976744,0
0.05,3291888594,random,degree,86,52,0.6046511627906976,24,0.27906976744186046,0
0.05,2775236326,random,degree,86,58,0.6744186046511628,11,0.12790697674418605,0
0.05,2406294326,random,degree,86,60,0.6976744186046512,13,0.1511627906976744,0
0.05,3144166923,random,degree,86,32,0.37209302325581395,18,0.20930232558139536,0
0.05,292566111,random,degree,86,42,0.4883720930232558,17,0.19767441860465115,0
0.05,1091683855,random,degree,86,52,0.6046511627906976,15,0.1744186046511628,0
0.05,2337596992,random,degree,86,46,0.5348837209302325,19,0.22093023255813954,0
0.05,1342939027,random,degree,86,62,0.7209302325581395,9,0.10465116279069768,0
0.05,99899486,random,degree,86,62,0.7209302325581395,7,0.08139534883720931,0
0.05,1178681769,random,degree,86,35,0.4069767441860465,24,0.27906976744186046,0
0.05,1567759752,random,degree,86,20,0.23255813953488372,19,0.22093023255813954,0
0.05,738447876,random,degree,86,29,0.3372093023255814,24,0.27906976744186046,0
0.05,4254869175,random,degree,86,40,0.46511627906976744,19,0.22093023255813954,1
0.05,3154302879,random,degree,86,49,0.5697674418604651,17,0.19767441860465115,0
0.05,260420403,random,degree,86,26,0.3023255813953488,19,0.22093023255813954,1
0.05,737335109,random,degree,86,33,0.38372093023255816,32,0.37209302325581395,0
0.05,1342543614,random,degree,86,67,0.7790697674418605,9,0.10465116279069768,1
0.05,840809045,random,degree,86,40,0.46511627906976744,39,0.45348837209302323,0
0.05,302058783,random,degree,86,76,0.8837209302325582,3,0.03488372093023256,3
0.05,3826580994,random,degree,86,45,0.5232558139534884,25,0.29069767441860467,2
0.05,1682068299,random,degree,86,58,0.6744186046511628,16,0.18604651162790697,2
0.05,392187890,random,degree,86,72,0.8372093023255814,6,0.06976744186046512,0
0.05,4015489024,random,degree,86,70,0.813953488372093,10,0.11627906976744186,2
0.05,3819977443,random,degree,86,64,0.7441860465116279,15,0.1744186046511628,0
0.05,3730054179,random,degree,86,40,0.46511627906976744,26,0.3023255813953488,0
0.05,533386449,random,degree,86,44,0.5116279069767442,27,0.313953488372093,0
0.05,683076289,random,degree,86,36,0.4186046511627907,30,0.3488372093023256,0
0.05,3362578983,random,degree,86,69,0.8023255813953488,7,0.08139534883720931,1
0.06,2617721224,random,degree,86,40,0.46511627906976744,37,0.43023255813953487,1
0.06,1749781631,random,degree,86,37,0.43023255813953487,19,0.22093023255813954,1
0.06,3670666263,random,degree,86,62,0.7209302325581395,5,0.05813953488372093,0
0.06,860803706,random,degree,86,36,0.4186046511627907,26,0.3023255813953488,0
0.06,1862648566,random,degree,86,67,0.7790697674418605,8,0.09302325581395349,2
0.06,2747481862,random,degree,86,71,0.8255813953488372,6,0.06976744186046512,0
0.06,1971565564,random,degree,86,30,0.3488372093023256,19,0.22093023255813954,0
0.06,4007363640,random,degree,86,36,0.4186046511627907,19,0.22093023255813954,1
0.06,484666463,random,degree,86,47,0.5465116279069767,18,0.20930232558139536,0
0.06,1088877598,random,degree,86,27,0.313953488372093,16,0.18604651162790697,1
0.06,2110465886,random,degree,86,39,0.45348837209302323,31,0.36046511627906974,2
0.06,1824376339,random,degree,86,40,0.46511627906976744,28,0.32558139534883723,2
0.06,718580748,random,degree,86,28,0.32558139534883723,27,0.313953488372093,0
0.06,1855315088,random,degree,86,34,0.3953488372093023,16,0.18604651162790697,0
0.06,2706228103,random,degree,86,58,0.6744186046511628,17,0.19767441860465115,0
0.06,827262253,random,degree,86,33,0.38372093023255816,19,0.22093023255813954,1
0.06,3624501055,random,degree,86,32,0.37209302325581395,14,0.16279069767441862,0
0.06,4209209025,random,degree,86,37,0.43023255813953487,28,0.32558139534883723,1
0.06,539667347,random,degree,86,44,0.5116279069767442,10,0.11627906976744186,1
0.06,3508692544,random,degree,86,37,0.43023255813953487,23,0.26744186046511625,0
0.06,1599516255,random,degree,86,60,0.6976744186046512,14,0.16279069767441862,2
0.06,2768831301,random,degree,86,55,0.6395348837209303,12,0.13953488372093023,2
0.06,873805075,random,degree,86,45,0.5232558139534884,12,0.13953488372093023,0
0.06,3759643356,random,degree,86,32,0.37209302325581395,26,0.3023255813953488,0
0.06,2355754815,random,degree,86,63,0.7325581395348837,11,0.12790697674418605,1
0.06,299606694,random,degree,86,61,0.7093023255813954,8,0.09302325581395349,0
0.06,1463684371,random,degree,86,37,0.43023255813953487,35,0.4069767441860465,1
0.06,51304021,random,degree,86,39,0.45348837209302323,19,0.22093023255813954,1
0.06,2274038596,random,degree,86,35,0.4069767441860465,32,0.37209302325581395,0
0.06,810468402,random,degree,86,60,0.6976744186046512,10,0.11627906976744186,0
0.06,3508488122,random,degree,86,45,0.5232558139534884,16,0.18604651162790697,1
0.06,3638119475,random,degree,86,54,0.627906976744186,11,0.12790697674418605,1
0.06,3956474281,random,degree,86,46,0.5348837209302325,18,0.20930232558139536,0
0.06,2772210712,random,degree,86,69,0.8023255813953488,9,0.10465116279069768,3
0.06,1534498024,random,degree,86,60,0.6976744186046512,14,0.16279069767441862,2
0.06,1776057560,random,degree,86,41,0.47674418604651164,31,0.36046511627906974,2
0.06,3015158637,random,degree,86,39,0.45348837209302323,15,0.1744186046511628,0
0.06,1219856855,random,degree,86,43,0.5,26,0.3023255813953488,1
0.06,2871693951,random,degree,86,49,0.5697674418604651,19,0.22093023255813954,3
0.06,189304298,random,degree,86,55,0.6395348837209303,16,0.18604651162790697,2
0.06,253507302,random,degree,86,44,0.5116279069767442,12,0.13953488372093023,0
0.06,1989133325,random,degree,86,55,0.6395348837209303,12,0.13953488372093023,0
0.06,922017339,random,degree,86,35,0.4069767441860465,28,0.32558139534883723,1
0.06,522525234,random,degree,86,55,0.6395348837209303,13,0.1511627906976744,0
0.06,1230019929,random,degree,86,62,0.7209302325581395,10,0.11627906976744186,1
0.06,412149774,random,degree,86,35,0.4069767441860465,18,0.20930232558139536,0
0.06,164531372,random,degree,86,23,0.26744186046511625,23,0.26744186046511625,1
0.06,2088522584,random,degree,86,65,0.7558139534883721,8,0.09302325581395349,1
0.06,4184972093,random,degree,86,37,0.43023255813953487,25,0.29069767441860467,2
0.06,3141324426,random,degree,86,52,0.6046511627906976,10,0.11627906976744186,1
0.06,1095344089,random,degree,86,46,0.5348837209302325,11,0.12790697674418605,1
0.06,2376594990,random,degree,86,39,0.45348837209302323,33,0.38372093023255816,1
0.06,1037720869,random,degree,86,28,0.32558139534883723,18,0.20930232558139536,1
0.06,1837650168,random,degree,86,65,0.7558139534883721,10,0.11627906976744186,2
0.06,157840096,random,degree,86,38,0.4418604651162791,18,0.20930232558139536,1
0.06,2969813782,random,degree,86,51,0.5930232558139535,19,0.22093023255813954,2
0.06,1814030625,random,degree,86,52,0.6046511627906976,11,0.12790697674418605,0
0.06,463808114,random,degree,86,43,0.5,24,0.27906976744186046,0
0.06,3355102835,random,degree,86,76,0.8837209302325582,3,0.03488372093023256,0
0.06,3387499675,random,degree,86,50,0.5813953488372093,13,0.1511627906976744,1
0.06,2359326873,random,degree,86,49,0.5697674418604651,17,0.19767441860465115,0
0.06,3859593577,random,degree,86,29,0.3372093023255814,21,0.2441860465116279,1
0.06,4185189270,random,degree,86,59,0.686046511627907,17,0.19767441860465115,0
0.06,3558323494,random,degree,86,38,0.4418604651162791,18,0.20930232558139536,1
0.06,3388132936,random,degree,86,46,0.5348837209302325,13,0.1511627906976744,1
0.06,2326509939,random,degree,86,44,0.5116279069767442,18,0.20930232558139536,0
0.06,699586867,random,degree,86,27,0.313953488372093,20,0.23255813953488372,1
0.06,1101942276,random,degree,86,36,0.4186046511627907,24,0.27906976744186046,1
0.06,2035042527,random,degree,86,20,0.23255813953488372,17,0.19767441860465115,1
0.06,2876263885,random,degree,86,55,0.6395348837209303,12,0.13953488372093023,0
0.06,1899065394,random,degree,86,28,0.32558139534883723,18,0.20930232558139536,1
0.06,634925877,random,degree,86,29,0.3372093023255814,27,0.313953488372093,0
0.06,4130876423,random,degree,86,20,0.23255813953488372,19,0.22093023255813954,0
0.06,642899249,random,degree,86,30,0.3488372093023256,22,0.2558139534883721,1
0.06,1094843648,random,degree,86,33,0.38372093023255816,20,0.23255813953488372,1
0.06,3021397522,random,degree,86,58,0.6744186046511628,13,0.1511627906976744,0
0.06,3395150011,random,degree,86,35,0.4069767441860465,30,0.3488372093023256,0
0.06,505670531,random,degree,86,38,0.4418604651162791,28,0.32558139534883723,0
0.06,4197732548,random,degree,86,60,0.6976744186046512,7,0.08139534883720931,0
0.06,494897338,random,degree,86,41,0.47674418604651164,35,0.4069767441860465,3
0.06,3841710516,random,degree,86,40,0.46511627906976744,28,0.32558139534883723,0
0.06,3875091581,random,degree,86,44,0.5116279069767442,19,0.22093023255813954,1
0.06,3607925536,random,degree,86,61,0.7093023255813954,5,0.05813953488372093,0
0.06,1154935346,random,degree,86,70,0.813953488372093,8,0.09302325581395349,1
0.06,3955818110,random,degree,86,45,0.5232558139534884,14,0.16279069767441862,0
0.06,1553106771,random,degree,86,34,0.3953488372093023,29,0.3372093023255814,0
0.06,3554389441,random,degree,86,45,0.5232558139534884,17,0.19767441860465115,0
0.06,331657760,random,degree,86,47,0.5465116279069767,19,0.22093023255813954,1
0.06,3694950965,random,degree,86,37,0.43023255813953487,28,0.32558139534883723,1
0.06,3953325537,random,degree,86,27,0.313953488372093,17,0.19767441860465115,0
0.06,1787856703,random,degree,86,73,0.8488372093023255,5,0.05813953488372093,1
0.06,738058015,random,degree,86,51,0.5930232558139535,12,0.13953488372093023,0
0.06,1563827356,random,degree,86,26,0.3023255813953488,26,0.3023255813953488,1
0.06,2160144440,random,degree,86,38,0.4418604651162791,16,0.18604651162790697,1
0.06,3849443716,random,degree,86,58,0.6744186046511628,13,0.1511627906976744,1
0.06,3173028492,random,degree,86,55,0.6395348837209303,12,0.13953488372093023,0
0.06,2713505758,random,degree,86,44,0.5116279069767442,17,0.19767441860465115,1
0.06,1236228274,random,degree,86,52,0.6046511627906976,9,0.10465116279069768,0
0.06,2416126062,random,degree,86,65,0.7558139534883721,7,0.08139534883720931,0
0.06,1580995075,random,degree,86,50,0.5813953488372093,10,0.11627906976744186,1
0.07,1369798745,random,degree,86,29,0.3372093023255814,13,0.1511627906976744,0
0.07,663341227,random,degree,86,30,0.3488372093023256,25,0.29069767441860467,0
0.07,194365079,random,degree,86,34,0.3953488372093023,34,0.3953488372093023,1
0.07,3237118671,random,degree,86,66,0.7674418604651163,8,0.09302325581395349,0
0.07,3725892462,random,degree,86,26,0.3023255813953488,14,0.16279069767441862,0
0.07,690769781,random,degree,86,18,0.20930232558139536,17,0.19767441860465115,0
0.07,2402033530,random,degree,86,51,0.5930232558139535,13,0.1511627906976744,0
0.07,343531647,random,degree,86,66,0.7674418604651163,9,0.10465116279069768,3
0.07,2679368934,random,degree,86,29,0.3372093023255814,21,0.2441860465116279,1
0.07,3442068273,random,degree,86,47,0.5465116279069767,11,0.12790697674418605,2
0.07,317930297,random,degree,86,61,0.7093023255813954,5,0.05813953488372093,1
0.07,3560118971,random,degree,86,54,0.627906976744186,9,0.10465116279069768,2
0.07,49326748,random,degree,86,59,0.686046511627907,9,0.10465116279069768,1
0.07,2106995115,random,degree,86,32,0.37209302325581395,26,0.3023255813953488,2
0.07,1733469920,random,degree,86,38,0.4418604651162791,21,0.2441860465116279,0
0.07,2819068716,random,degree,86,30,0.3488372093023256,28,0.32558139534883723,1
0.07,4194852489,random,degree,86,40,0.46511627906976744,26,0.3023255813953488,0
0.07,297597654,random,degree,86,18,0.20930232558139536,17,0.19767441860465115,1
0.07,353070583,random,degree,86,31,0.36046511627906974,19,0.22093023255813954,0
0.07,3433430651,random,degree,86,40,0.46511627906976744,30,0.3488372093023256,2
0.07,4213415450,random,degree,86,38,0.4418604651162791,13,0.1511627906976744,1
0.07,761716868,random,degree,86,51,0.5930232558139535,15,0.1744186046511628,1
0.07,3811131070,random,degree,86,61,0.7093023255813954,9,0.10465116279069768,1
0.07,3796682444,random,degree,86,26,0.3023255813953488,18,0.20930232558139536,0
0.07,3349106971,random,degree,86,30,0.3488372093023256,17,0.19767441860465115,0
0.07,3814087392,random,degree,86,37,0.43023255813953487,15,0.1744186046511628,3
0.07,994670355,random,degree,86,42,0.4883720930232558,30,0.3488372093023256,1
0.07,3367761580,random,degree,86,42,0.4883720930232558,13,0.1511627906976744,0
0.07,718434270,random,degree,86,25,0.29069767441860467,19,0.22093023255813954,0
0.07,378568358,random,degree,86,26,0.3023255813953488,16,0.18604651162790697,0
0.07,787143557,random,degree,86,29,0.3372093023255814,17,0.19767441860465115,0
0.07,3234143294,random,degree,86,28,0.32558139534883723,23,0.26744186046511625,2
0.07,3846194253,random,degree,86,33,0.38372093023255816,24,0.27906976744186046,1
0.07,3351804735,random,degree,86,54,0.627906976744186,14,0.16279069767441862,0
0.07,2787659344,random,degree,86,27,0.313953488372093,19,0.22093023255813954,1
0.07,2872573506,random,degree,86,28,0.32558139534883723,23,0.26744186046511625,2
0.07,2360356575,random,degree,86,52,0.6046511627906976,13,0.1511627906976744,2
0.07,2051541537,random,degree,86,49,0.5697674418604651,14,0.16279069767441862,0
0.07,2781852470,random,degree,86,44,0.5116279069767442,17,0.19767441860465115,2
0.07,3500124247,random,degree,86,48,0.5581395348837209,9,0.10465116279069768,2
0.07,473492188,random,degree,86,49,0.5697674418604651,14,0.16279069767441862,1
0.07,3811439338,random,degree,86,63,0.7325581395348837,7,0.08139534883720931,1
0.07,2101242347,random,degree,86,36,0.4186046511627907,29,0.3372093023255814,2
0.07,792636887,random,degree,86,26,0.3023255813953488,18,0.20930232558139536,0
0.07,3577646222,random,degree,86,24,0.27906976744186046,17,0.19767441860465115,0
0.07,350536112,random,degree,86,57,0.6627906976744186,11,0.12790697674418605,0
0.07,1850865287,random,degree,86,43,0.5,12,0.13953488372093023,2
0.07,412896388,random,degree,86,45,0.5232558139534884,16,0.18604651162790697,1
0.07,1647564425,random,degree,86,53,0.6162790697674418,8,0.09302325581395349,1
0.07,1822555561,random,degree,86,20,0.23255813953488372,19,0.22093023255813954,1
0.07,2420814371,random,degree,86,38,0.4418604651162791,15,0.1744186046511628,0
0.07,478148084,random,degree,86,29,0.3372093023255814,20,0.23255813953488372,0
0.07,2335079080,random,degree,86,36,0.4186046511627907,21,0.2441860465116279,0
0.07,968528904,random,degree,86,44,0.5116279069767442,28,0.32558139534883723,1
0.07,2753615147,random,degree,86,33,0.38372093023255816,13,0.1511627906976744,0
0.07,3385116363,random,degree,86,40,0.46511627906976744,23,0.26744186046511625,2
0.07,1637150051,random,degree,86,45,0.5232558139534884,14,0.16279069767441862,1
0.07,1368107246,random,degree,86,28,0.32558139534883723,26,0.3023255813953488,1
0.07,3708549555,random,degree,86,31,0.36046511627906974,30,0.3488372093023256,1
0.07,217689220,random,degree,86,24,0.27906976744186046,21,0.2441860465116279,0
0.07,349828233,random,degree,86,31,0.36046511627906974,13,0.1511627906976744,0
0.07,4177726791,random,degree,86,23,0.26744186046511625,18,0.20930232558139536,1
0.07,434056042,random,degree,86,33,0.38372093023255816,18,0.20930232558139536,0
0.07,2674712338,random,degree,86,43,0.5,13,0.1511627906976744,0
0.07,3678429847,random,degree,86,49,0.5697674418604651,18,0.20930232558139536,0
0.07,160103643,random,degree,86,43,0.5,14,0.16279069767441862,0
0.07,3786856128,random,degree,86,54,0.627906976744186,7,0.08139534883720931,0
0.07,3954038542,random,degree,86,36,0.4186046511627907,13,0.1511627906976744,0
0.07,2919136543,random,degree,86,19,0.22093023255813954,19,0.22093023255813954,2
0.07,1304856439,random,degree,86,35,0.4069767441860465,25,0.29069767441860467,0
0.07,4239110434,random,degree,86,57,0.6627906976744186,7,0.08139534883720931,0
0.07,2969749164,random,degree,86,36,0.4186046511627907,31,0.36046511627906974,1
0.07,1867278043,random,degree,86,40,0.46511627906976744,26,0.3023255813953488,0
0.07,3192442931,random,degree,86,33,0.38372093023255816,26,0.3023255813953488,1
0.07,2373282047,random,degree,86,21,0.2441860465116279,18,0.20930232558139536,0
0.07,2112657130,random,degree,86,56,0.6511627906976745,11,0.12790697674418605,1
0.07,4258236214,random,degree,86,48,0.5581395348837209,7,0.08139534883720931,1
0.07,18965536,random,degree,86,37,0.43023255813953487,15,0.1744186046511628,0
0.07,1627159218,random,degree,86,34,0.3953488372093023,33,0.38372093023255816,0
0.07,2561684825,random,degree,86,33,0.38372093023255816,17,0.19767441860465115,1
0.07,1844923281,random,degree,86,48,0.5581395348837209,17,0.19767441860465115,1
0.07,4172777686,random,degree,86,36,0.4186046511627907,12,0.13953488372093023,0
0.07,145263559,random,degree,86,29,0.3372093023255814,20,0.23255813953488372,0
0.07,554049141,random,degree,86,26,0.3023255813953488,15,0.1744186046511628,1
0.07,930692184,random,degree,86,29,0.3372093023255814,16,0.18604651162790697,1
0.07,3934588743,random,degree,86,47,0.5465116279069767,17,0.19767441860465115,1
0.07,757173372,random,degree,86,40,0.46511627906976744,12,0.13953488372093023,0
0.07,819759904,random,degree,86,27,0.313953488372093,17,0.19767441860465115,1
0.07,1865515578,random,degree,86,56,0.6511627906976745,8,0.09302325581395349,0
0.07,424869038,random,degree,86,22,0.2558139534883721,19,0.22093023255813954,0
0.07,2271272899,random,degree,86,58,0.6744186046511628,13,0.1511627906976744,1
0.07,975817877,random,degree,86,47,0.5465116279069767,15,0.1744186046511628,1
0.07,332596436,random,degree,86,62,0.7209302325581395,7,0.08139534883720931,1
0.07,4051389610,random,degree,86,42,0.4883720930232558,17,0.19767441860465115,2
0.07,2327771237,random,degree,86,25,0.29069767441860467,21,0.2441860465116279,0
0.07,1378964488,random,degree,86,22,0.2558139534883721,22,0.2558139534883721,2
0.07,3186015424,random,degree,86,27,0.313953488372093,20,0.23255813953488372,0
0.07,228008533,random,degree,86,42,0.4883720930232558,13,0.1511627906976744,1
0.07,1925364065,random,degree,86,25,0.29069767441860467,20,0.23255813953488372,1
0.07,2383432018,random,degree,86,39,0.45348837209302323,20,0.23255813953488372,1
0.08,3026431988,random,degree,86,29,0.3372093023255814,13,0.1511627906976744,0
0.08,3171933138,random,degree,86,35,0.4069767441860465,17,0.19767441860465115,0
0.08,4049553846,random,degree,86,21,0.2441860465116279,19,0.22093023255813954,0
0.08,4261106095,random,degree,86,28,0.32558139534883723,15,0.1744186046511628,1
0.08,537461541,random,degree,86,45,0.5232558139534884,17,0.19767441860465115,2
0.08,613164125,random,degree,86,58,0.6744186046511628,12,0.13953488372093023,0
0.08,345092083,random,degree,86,23,0.26744186046511625,12,0.13953488372093023,0
0.08,183144052,random,degree,86,44,0.5116279069767442,16,0.18604651162790697,2
0.08,1282861620,random,degree,86,39,0.45348837209302323,12,0.13953488372093023,2
0.08,2989217112,random,degree,86,41,0.47674418604651164,9,0.10465116279069768,0
0.08,3047140475,random,degree,86,29,0.3372093023255814,18,0.20930232558139536,2
0.08,4060692288,random,degree,86,24,0.27906976744186046,15,0.1744186046511628,0
0.08,3330525933,random,degree,86,16,0.18604651162790697,16,0.18604651162790697,0
0.08,251698594,random,degree,86,19,0.22093023255813954,15,0.1744186046511628,1
0.08,1309188747,random,degree,86,16,0.18604651162790697,14,0.16279069767441862,0
0.08,4085357389,random,degree,86,21,0.2441860465116279,19,0.22093023255813954,1
0.08,485839771,random,degree,86,26,0.3023255813953488,23,0.26744186046511625,0
0.08,3267017999,random,degree,86,36,0.4186046511627907,16,0.18604651162790697,0
0.08,3103607010,random,degree,86,29,0.3372093023255814,20,0.23255813953488372,0
0.08,418966124,random,degree,86,59,0.686046511627907,11,0.12790697674418605,2
0.08,1905710954,random,degree,86,30,0.3488372093023256,18,0.20930232558139536,1
0.08,3008174115,random,degree,86,66,0.7674418604651163,6,0.06976744186046512,1
0.08,4098957821,random,degree,86,61,0.7093023255813954,15,0.1744186046511628,1
0.08,2018133313,random,degree,86,55,0.6395348837209303,10,0.11627906976744186,1
0.08,1877139567,random,degree,86,55,0.6395348837209303,6,0.06976744186046512,1
0.08,500020326,random,degree,86,39,0.45348837209302323,23,0.26744186046511625,2
0.08,4278462566,random,degree,86,31,0.36046511627906974,17,0.19767441860465115,1
0.08,3896847843,random,degree,86,35,0.4069767441860465,23,0.26744186046511625,3
0.08,2893623466,random,degree,86,30,0.3488372093023256,23,0.26744186046511625,0
0.08,366623957,random,degree,86,38,0.4418604651162791,24,0.27906976744186046,0
0.08,1982081406,random,degree,86,31,0.36046511627906974,14,0.16279069767441862,3
0.08,772233638,random,degree,86,32,0.37209302325581395,19,0.22093023255813954,1
0.08,268929614,random,degree,86,29,0.3372093023255814,20,0.23255813953488372,2
0.08,9031692,random,degree,86,18,0.20930232558139536,16,0.18604651162790697,0
0.08,1346566469,random,degree,86,25,0.29069767441860467,13,0.1511627906976744,0
0.08,178871585,random,degree,86,33,0.38372093023255816,15,0.1744186046511628,1
0.08,243524654,random,degree,86,53,0.6162790697674418,13,0.1511627906976744,3
0.08,2233858157,random,degree,86,35,0.4069767441860465,19,0.22093023255813954,1
0.08,1321395638,random,degree,86,41,0.47674418604651164,18,0.20930232558139536,1
0.08,859039542,random,degree,86,55,0.6395348837209303,6,0.06976744186046512,2
0.08,2637210958,random,degree,86,27,0.313953488372093,12,0.13953488372093023,1
0.08,1943764654,random,degree,86,59,0.686046511627907,9,0.10465116279069768,1
0.08,3760559790,random,degree,86,36,0.4186046511627907,16,0.18604651162790697,2
0.08,3409071512,random,degree,86,55,0.6395348837209303,11,0.12790697674418605,3
0.08,1142432274,random,degree,86,39,0.45348837209302323,13,0.1511627906976744,1
0.08,3931134961,random,degree,86,23,0.26744186046511625,14,0.16279069767441862,2
0.08,3479661767,random,degree,86,24,0.27906976744186046,20,0.23255813953488372,2
0.08,1764594492,random,degree,86,31,0.36046511627906974,11,0.12790697674418605,1
0.08,3388098818,random,degree,86,42,0.4883720930232558,11,0.12790697674418605,2
0.08,3361840103,random,degree,86,27,0.313953488372093,15,0.1744186046511628,0
0.08,866011451,random,degree,86,29,0.3372093023255814,28,0.32558139534883723,1
0.08,2726698460,random,degree,86,25,0.29069767441860467,24,0.27906976744186046,3
0.08,1832930956,random,degree,86,31,0.36046511627906974,16,0.18604651162790697,1
0.08,46975374,random,degree,86,54,0.627906976744186,15,0.1744186046511628,2
0.08,4270322077,random,degree,86,23,0.26744186046511625,15,0.1744186046511628,1
0.08,1504561666,random,degree,86,44,0.5116279069767442,15,0.1744186046511628,0
0.08,3557826929,random,degree,86,35,0.4069767441860465,13,0.1511627906976744,1
0.08,2556901358,random,degree,86,30,0.3488372093023256,27,0.313953488372093,2
0.08,1710060885,random,degree,86,18,0.20930232558139536,14,0.16279069767441862,1
0.08,611834811,random,degree,86,43,0.5,13,0.1511627906976744,0
0.08,4214077603,random,degree,86,42,0.4883720930232558,17,0.19767441860465115,2
0.08,165899012,random,degree,86,37,0.43023255813953487,21,0.2441860465116279,2
0.08,1416669154,random,degree,86,55,0.6395348837209303,11,0.12790697674418605,2
0.08,379773839,random,degree,86,40,0.46511627906976744,10,0.11627906976744186,0
0.08,1025860279,random,degree,86,34,0.3953488372093023,23,0.26744186046511625,0
0.08,117288582,random,degree,86,40,0.46511627906976744,14,0.16279069767441862,0
0.08,3700786803,random,degree,86,26,0.3023255813953488,23,0.26744186046511625,0
0.08,341426913,random,degree,86,33,0.38372093023255816,17,0.19767441860465115,2
0.08,897623188,random,degree,86,34,0.3953488372093023,18,0.20930232558139536,0
0.08,3223730500,random,degree,86,20,0.23255813953488372,19,0.22093023255813954,0
0.08,3176891152,random,degree,86,37,0.43023255813953487,19,0.22093023255813954,1
0.08,943470315,random,degree,86,36,0.4186046511627907,28,0.32558139534883723,1
0.08,2720898217,random,degree,86,41,0.47674418604651164,13,0.1511627906976744,0
0.08,1905481493,random,degree,86,24,0.27906976744186046,13,0.1511627906976744,0
0.08,3757228062,random,degree,86,31,0.36046511627906974,22,0.2558139534883721,0
0.08,1808672411,random,degree,86,29,0.3372093023255814,21,0.2441860465116279,1
0.08,4262577572,random,degree,86,29,0.3372093023255814,26,0.3023255813953488,4
0.08,4195931674,random,degree,86,34,0.3953488372093023,23,0.26744186046511625,3
0.08,1484204754,random,degree,86,43,0.5,11,0.12790697674418605,1
0.08,3181672631,random,degree,86,37,0.43023255813953487,27,0.313953488372093,3
0.08,2731319618,random,degree,86,49,0.5697674418604651,14,0.16279069767441862,0
0.08,1672369744,random,degree,86,17,0.19767441860465115,15,0.1744186046511628,0
0.08,4225132062,random,degree,86,35,0.4069767441860465,27,0.313953488372093,0
0.08,1079148293,random,degree,86,34,0.3953488372093023,15,0.1744186046511628,0
0.08,4022023715,random,degree,86,48,0.5581395348837209,12,0.13953488372093023,3
0.08,2166446833,random,degree,86,22,0.2558139534883721,16,0.18604651162790697,1
0.08,1161360884,random,degree,86,47,0.5465116279069767,16,0.18604651162790697,0
0.08,3069286436,random,degree,86,51,0.5930232558139535,9,0.10465116279069768,1
0.08,3162925875,random,degree,86,57,0.6627906976744186,7,0.08139534883720931,1
0.08,3363276846,random,degree,86,31,0.36046511627906974,20,0.23255813953488372,0
0.08,2950088916,random,degree,86,20,0.23255813953488372,20,0.23255813953488372,0
0.08,4088910351,random,degree,86,28,0.32558139534883723,18,0.20930232558139536,1
0.08,3588382520,random,degree,86,22,0.2558139534883721,17,0.19767441860465115,1
0.08,1170184217,random,degree,86,53,0.6162790697674418,9,0.10465116279069768,2
0.08,3970773579,random,degree,86,32,0.37209302325581395,20,0.23255813953488372,1
0.08,3181398933,random,degree,86,37,0.43023255813953487,17,0.19767441860465115,1
0.08,2858288936,random,degree,86,27,0.313953488372093,20,0.23255813953488372,1
0.08,3349275814,random,degree,86,32,0.37209302325581395,12,0.13953488372093023,3
0.08,2830612090,random,degree,86,49,0.5697674418604651,15,0.1744186046511628,0
0.08,1368590548,random,degree,86,46,0.5348837209302325,10,0.11627906976744186,1
0.09,2214077229,random,degree,86,45,0.5232558139534884,13,0.1511627906976744,1
0.09,1951628595,random,degree,86,47,0.5465116279069767,14,0.16279069767441862,1
0.09,3400390762,random,degree,86,30,0.3488372093023256,23,0.26744186046511625,1
0.09,334194727,random,degree,86,25,0.29069767441860467,18,0.20930232558139536,1
0.09,88805309,random,degree,86,28,0.32558139534883723,25,0.29069767441860467,2
0.09,2368417316,random,degree,86,42,0.4883720930232558,11,0.12790697674418605,1
0.09,2966483758,random,degree,86,38,0.4418604651162791,13,0.1511627906976744,0
0.09,1033819283,random,degree,86,31,0.36046511627906974,16,0.18604651162790697,0
0.09,47155387,random,degree,86,31,0.36046511627906974,11,0.12790697674418605,3
0.09,1423262861,random,degree,86,40,0.46511627906976744,18,0.20930232558139536,2
0.09,1275855076,random,degree,86,37,0.43023255813953487,12,0.13953488372093023,1
0.09,3595785898,random,degree,86,26,0.3023255813953488,20,0.23255813953488372,1
0.09,2124401783,random,degree,86,50,0.5813953488372093,14,0.16279069767441862,3
0.09,1317438996,random,degree,86,37,0.43023255813953487,17,0.19767441860465115,1
0.09,3625594161,random,degree,86,21,0.2441860465116279,16,0.18604651162790697,1
0.09,1310600921,random,degree,86,23,0.26744186046511625,16,0.18604651162790697,2
0.09,751669055,random,degree,86,18,0.20930232558139536,13,0.1511627906976744,1
0.09,1654205082,random,degree,86,33,0.38372093023255816,17,0.19767441860465115,0
0.09,471678683,random,degree,86,20,0.23255813953488372,16,0.18604651162790697,1
0.09,1214268573,random,degree,86,25,0.29069767441860467,16,0.18604651162790697,0
0.09,2833940981,random,degree,86,49,0.5697674418604651,9,0.10465116279069768,1
0.09,2572749038,random,degree,86,37,0.43023255813953487,14,0.16279069767441862,0
0.09,3862608687,random,degree,86,28,0.32558139534883723,14,0.16279069767441862,0
0.09,197711521,random,degree,86,31,0.36046511627906974,26,0.3023255813953488,1
0.09,3191733402,random,degree,86,20,0.23255813953488372,16,0.18604651162790697,0
0.09,554652722,random,degree,86,29,0.3372093023255814,18,0.20930232558139536,0
0.09,4195138997,random,degree,86,31,0.36046511627906974,17,0.19767441860465115,3
0.09,3884889418,random,degree,86,28,0.32558139534883723,14,0.16279069767441862,0
0.09,3139643953,random,degree,86,28,0.32558139534883723,20,0.23255813953488372,3
0.09,516278990,random,degree,86,32,0.37209302325581395,28,0.32558139534883723,0
0.09,3668814176,random,degree,86,33,0.38372093023255816,27,0.313953488372093,3
0.09,2034011133,random,degree,86,36,0.4186046511627907,31,0.36046511627906974,3
0.09,3002946203,random,degree,86,34,0.3953488372093023,18,0.20930232558139536,1
0.09,3405370579,random,degree,86,21,0.2441860465116279,19,0.22093023255813954,0
0.09,152679167,random,degree,86,36,0.4186046511627907,12,0.13953488372093023,1
0.09,3985677071,random,degree,86,20,0.23255813953488372,16,0.18604651162790697,1
0.09,880807490,random,degree,86,23,0.26744186046511625,16,0.18604651162790697,1
0.09,1405112291,random,degree,86,28,0.32558139534883723,12,0.13953488372093023,0
0.09,751147201,random,degree,86,52,0.6046511627906976,9,0.10465116279069768,2
0.09,596577329,random,degree,86,29,0.3372093023255814,14,0.16279069767441862,4
0.09,2578050755,random,degree,86,33,0.38372093023255816,13,0.1511627906976744,2
0.09,3289132965,random,degree,86,36,0.4186046511627907,14,0.16279069767441862,2
0.09,2247216701,random,degree,86,38,0.4418604651162791,17,0.19767441860465115,1
0.09,336332321,random,degree,86,57,0.6627906976744186,7,0.08139534883720931,4
0.09,2163256395,random,degree,86,52,0.6046511627906976,6,0.06976744186046512,0
0.09,3415472637,random,degree,86,34,0.3953488372093023,22,0.2558139534883721,1
0.09,314588160,random,degree,86,48,0.5581395348837209,13,0.1511627906976744,3
0.09,3153233404,random,degree,86,55,0.6395348837209303,5,0.05813953488372093,1
0.09,2936717263,random,degree,86,30,0.3488372093023256,16,0.18604651162790697,0
0.09,2139713380,random,degree,86,32,0.37209302325581395,24,0.27906976744186046,0
0.09,245727205,random,degree,86,27,0.313953488372093,12,0.13953488372093023,1
0.09,2352829431,random,degree,86,34,0.3953488372093023,12,0.13953488372093023,2
0.09,1071370973,random,degree,86,25,0.29069767441860467,18,0.20930232558139536,0
0.09,3413119530,random,degree,86,37,0.43023255813953487,11,0.12790697674418605,2
0.09,1410543341,random,degree,86,33,0.38372093023255816,23,0.26744186046511625,1
0.09,261434225,random,degree,86,28,0.32558139534883723,19,0.22093023255813954,1
0.09,3458170269,random,degree,86,25,0.29069767441860467,16,0.18604651162790697,0
0.09,1507286063,random,degree,86,19,0.22093023255813954,19,0.22093023255813954,0
0.09,89223248,random,degree,86,27,0.313953488372093,20,0.23255813953488372,1
0.09,865530874,random,degree,86,45,0.5232558139534884,11,0.12790697674418605,1
0.09,2165199935,random,degree,86,21,0.2441860465116279,20,0.23255813953488372,1
0.09,942125742,random,degree,86,52,0.6046511627906976,12,0.13953488372093023,3
0.09,773432019,random,degree,86,55,0.6395348837209303,7,0.08139534883720931,1
0.09,1893140105,random,degree,86,36,0.4186046511627907,18,0.20930232558139536,0
0.09,1588102683,random,degree,86,23,0.26744186046511625,15,0.1744186046511628,1
0.09,2582123332,random,degree,86,29,0.3372093023255814,20,0.23255813953488372,0
0.09,3749500976,random,degree,86,42,0.4883720930232558,12,0.13953488372093023,1
0.09,2001945668,random,degree,86,21,0.2441860465116279,20,0.23255813953488372,0
0.09,312777842,random,degree,86,33,0.38372093023255816,23,0.26744186046511625,3
0.09,1272839871,random,degree,86,48,0.5581395348837209,9,0.10465116279069768,2
0.09,2978555272,random,degree,86,55,0.6395348837209303,14,0.16279069767441862,1
0.09,2077248507,random,degree,86,21,0.2441860465116279,18,0.20930232558139536,0
0.09,3296896811,random,degree,86,43,0.5,12,0.13953488372093023,0
0.09,1974796256,random,degree,86,21,0.2441860465116279,14,0.16279069767441862,0
0.09,3354206813,random,degree,86,50,0.5813953488372093,7,0.08139534883720931,1
0.09,4182018497,random,degree,86,39,0.45348837209302323,18,0.20930232558139536,1
0.09,1520607515,random,degree,86,41,0.47674418604651164,14,0.16279069767441862,1
0.09,952312878,random,degree,86,43,0.5,10,0.11627906976744186,1
0.09,1162362762,random,degree,86,39,0.45348837209302323,22,0.2558139534883721,2
0.09,1722787160,random,degree,86,14,0.16279069767441862,13,0.1511627906976744,0
0.09,4066173454,random,degree,86,57,0.6627906976744186,10,0.11627906976744186,3
0.09,753225594,random,degree,86,34,0.3953488372093023,21,0.2441860465116279,2
0.09,1404638280,random,degree,86,38,0.4418604651162791,13,0.1511627906976744,0
0.09,4219385142,random,degree,86,29,0.3372093023255814,15,0.1744186046511628,3
0.09,2524991355,random,degree,86,19,0.22093023255813954,19,0.22093023255813954,1
0.09,3124791119,random,degree,86,32,0.37209302325581395,28,0.32558139534883723,1
0.09,2365025469,random,degree,86,49,0.5697674418604651,11,0.12790697674418605,1
0.09,1976550996,random,degree,86,42,0.4883720930232558,14,0.16279069767441862,2
0.09,2160005462,random,degree,86,30,0.3488372093023256,19,0.22093023255813954,1
0.09,2065580451,random,degree,86,27,0.313953488372093,14,0.16279069767441862,2
0.09,3737023531,random,degree,86,43,0.5,14,0.16279069767441862,2
0.09,4115953695,random,degree,86,37,0.43023255813953487,17,0.19767441860465115,2
0.09,3687953991,random,degree,86,44,0.5116279069767442,9,0.10465116279069768,2
0.09,10958480,random,degree,86,28,0.32558139534883723,26,0.3023255813953488,4
0.09,3456720012,random,degree,86,27,0.313953488372093,17,0.19767441860465115,2
0.09,1656865629,random,degree,86,33,0.38372093023255816,11,0.12790697674418605,0
0.09,4200618509,random,degree,86,21,0.2441860465116279,15,0.1744186046511628,1
0.09,1305654520,random,degree,86,33,0.38372093023255816,15,0.1744186046511628,0
0.09,2725808720,random,degree,86,55,0.6395348837209303,15,0.1744186046511628,1
0.09,2206736446,random,degree,86,29,0.3372093023255814,11,0.12790697674418605,0
0.1,3587916967,random,degree,86,32,0.37209302325581395,18,0.20930232558139536,0
0.1,163312383,random,degree,86,24,0.27906976744186046,22,0.2558139534883721,2
0.1,832429202,random,degree,86,48,0.5581395348837209,8,0.09302325581395349,1
0.1,4057204396,random,degree,86,46,0.5348837209302325,10,0.11627906976744186,2
0.1,412157766,random,degree,86,42,0.4883720930232558,13,0.1511627906976744,0
0.1,2621322844,random,degree,86,19,0.22093023255813954,15,0.1744186046511628,2
0.1,3771337177,random,degree,86,31,0.36046511627906974,28,0.32558139534883723,2
0.1,3493248884,random,degree,86,25,0.29069767441860467,13,0.1511627906976744,1
0.1,3791310566,random,degree,86,29,0.3372093023255814,18,0.20930232558139536,2
0.1,4068450688,random,degree,86,34,0.3953488372093023,28,0.32558139534883723,2
0.1,2978805372,random,degree,86,41,0.47674418604651164,15,0.1744186046511628,3
0.1,1295755828,random,degree,86,21,0.2441860465116279,19,0.22093023255813954,1
0.1,665535831,random,degree,86,30,0.3488372093023256,16,0.18604651162790697,1
0.1,3437670451,random,degree,86,28,0.32558139534883723,12,0.13953488372093023,0
0.1,1674063998,random,degree,86,40,0.46511627906976744,14,0.16279069767441862,0
0.1,515959312,random,degree,86,22,0.2558139534883721,17,0.19767441860465115,3
0.1,286382009,random,degree,86,39,0.45348837209302323,9,0.10465116279069768,1
0.1,3003288116,random,degree,86,16,0.18604651162790697,16,0.18604651162790697,0
0.1,3805042943,random,degree,86,29,0.3372093023255814,26,0.3023255813953488,1
0.1,3388300845,random,degree,86,45,0.5232558139534884,11,0.12790697674418605,2
0.1,1663710353,random,degree,86,21,0.2441860465116279,18,0.20930232558139536,1
0.1,3754044501,random,degree,86,32,0.37209302325581395,15,0.1744186046511628,1
0.1,4265786742,random,degree,86,30,0.3488372093023256,20,0.23255813953488372,1
0.1,1117146402,random,degree,86,31,0.36046511627906974,17,0.19767441860465115,1
0.1,1987736231,random,degree,86,35,0.4069767441860465,18,0.20930232558139536,2
0.1,3318178152,random,degree,86,22,0.2558139534883721,16,0.18604651162790697,1
0.1,1242925051,random,degree,86,43,0.5,9,0.10465116279069768,2
0.1,1251703657,random,degree,86,16,0.18604651162790697,15,0.1744186046511628,0
0.1,565807914,random,degree,86,36,0.4186046511627907,22,0.2558139534883721,0
0.1,1904635897,random,degree,86,26,0.3023255813953488,11,0.12790697674418605,4
0.1,1263247492,random,degree,86,24,0.27906976744186046,16,0.18604651162790697,1
0.1,3624986864,random,degree,86,19,0.22093023255813954,16,0.18604651162790697,1
0.1,179944225,random,degree,86,21,0.2441860465116279,15,0.1744186046511628,1
0.1,1448648478,random,degree,86,35,0.4069767441860465,14,0.16279069767441862,3
0.1,247913747,random,degree,86,21,0.2441860465116279,17,0.19767441860465115,1
0.1,2186622451,random,degree,86,29,0.3372093023255814,28,0.32558139534883723,0
0.1,3121289903,random,degree,86,25,0.29069767441860467,23,0.26744186046511625,1
0.1,2984446998,random,degree,86,28,0.32558139534883723,17,0.19767441860465115,2
0.1,2656936577,random,degree,86,28,0.32558139534883723,17,0.19767441860465115,1
0.1,1247659732,random,degree,86,35,0.4069767441860465,12,0.13953488372093023,0
0.1,3219410226,random,degree,86,37,0.43023255813953487,17,0.19767441860465115,4
0.1,2695567898,random,degree,86,34,0.3953488372093023,15,0.1744186046511628,1
0.1,1197710329,random,degree,86,27,0.313953488372093,16,0.18604651162790697,0
0.1,2790022400,random,degree,86,33,0.38372093023255816,13,0.1511627906976744,3
0.1,2785261027,random,degree,86,32,0.37209302325581395,19,0.22093023255813954,1
0.1,4075408057,random,degree,86,22,0.2558139534883721,11,0.12790697674418605,1
0.1,1642248332,random,degree,86,33,0.38372093023255816,13,0.1511627906976744,1
0.1,3824277620,random,degree,86,20,0.23255813953488372,19,0.22093023255813954,1
0.1,1659155611,random,degree,86,34,0.3953488372093023,11,0.12790697674418605,0
0.1,2162772654,random,degree,86,29,0.3372093023255814,17,0.19767441860465115,2
0.1,135340934,random,degree,86,32,0.37209302325581395,22,0.2558139534883721,2
0.1,3265546442,random,degree,86,34,0.3953488372093023,16,0.18604651162790697,1
0.1,172702480,random,degree,86,19,0.22093023255813954,15,0.1744186046511628,1
0.1,4206427119,random,degree,86,47,0.5465116279069767,8,0.09302325581395349,1
0.1,429515075,random,degree,86,44,0.5116279069767442,6,0.06976744186046512,0
0.1,1223436364,random,degree,86,28,0.32558139534883723,25,0.29069767441860467,2
0.1,2229708092,random,degree,86,18,0.20930232558139536,14,0.16279069767441862,1
0.1,3412007980,random,degree,86,17,0.19767441860465115,14,0.16279069767441862,0
0.1,1114855590,random,degree,86,32,0.37209302325581395,17,0.19767441860465115,2
0.1,3823228947,random,degree,86,24,0.27906976744186046,18,0.20930232558139536,2
0.1,730047462,random,degree,86,24,0.27906976744186046,19,0.22093023255813954,2
0.1,261398029,random,degree,86,25,0.29069767441860467,17,0.19767441860465115,1
0.1,3357139095,random,degree,86,24,0.27906976744186046,24,0.27906976744186046,0
0.1,1517950011,random,degree,86,37,0.43023255813953487,13,0.1511627906976744,0
0.1,4280740476,random,degree,86,45,0.5232558139534884,9,0.10465116279069768,0
0.1,2239180619,random,degree,86,24,0.27906976744186046,18,0.20930232558139536,3
0.1,1974370767,random,degree,86,37,0.43023255813953487,16,0.18604651162790697,2
0.1,475567887,random,degree,86,27,0.313953488372093,12,0.13953488372093023,1
0.1,1197103010,random,degree,86,17,0.19767441860465115,16,0.18604651162790697,2
0.1,4080154180,random,degree,86,22,0.2558139534883721,15,0.1744186046511628,1
0.1,3111934574,random,degree,86,42,0.4883720930232558,16,0.18604651162790697,2
0.1,1833694533,random,degree,86,26,0.3023255813953488,12,0.13953488372093023,1
0.1,3704299908,random,degree,86,30,0.3488372093023256,16,0.18604651162790697,3
0.1,2591940622,random,degree,86,26,0.3023255813953488,14,0.16279069767441862,2
0.1,4202345224,random,degree,86,41,0.47674418604651164,12,0.13953488372093023,4
0.1,2749058973,random,degree,86,26,0.3023255813953488,19,0.22093023255813954,1
0.1,2644725808,random,degree,86,30,0.3488372093023256,21,0.2441860465116279,1
0.1,1192025198,random,degree,86,32,0.37209302325581395,19,0.22093023255813954,0
0.1,1848118000,random,degree,86,20,0.23255813953488372,16,0.18604651162790697,2
0.1,3794293372,random,degree,86,33,0.38372093023255816,20,0.23255813953488372,2
0.1,2194277787,random,degree,86,25,0.29069767441860467,15,0.1744186046511628,3
0.1,3651070253,random,degree,86,36,0.4186046511627907,15,0.1744186046511628,2
0.1,366864716,random,degree,86,28,0.32558139534883723,15,0.1744186046511628,2
0.1,2233255802,random,degree,86,21,0.2441860465116279,18,0.20930232558139536,2
0.1,2029198844,random,degree,86,23,0.26744186046511625,19,0.22093023255813954,3
0.1,3575869291,random,degree,86,19,0.22093023255813954,12,0.13953488372093023,1
0.1,1284975960,random,degree,86,50,0.5813953488372093,7,0.08139534883720931,3
0.1,14116074,random,degree,86,25,0.29069767441860467,13,0.1511627906976744,1
0.1,1589738201,random,degree,86,30,0.3488372093023256,16,0.18604651162790697,0
0.1,2132289348,random,degree,86,22,0.2558139534883721,20,0.23255813953488372,2
0.1,3301515680,random,degree,86,36,0.4186046511627907,14,0.16279069767441862,0
0.1,1742913943,random,degree,86,35,0.4069767441860465,14,0.16279069767441862,0
0.1,1179057102,random,degree,86,31,0.36046511627906974,12,0.13953488372093023,2
0.1,3104498661,random,degree,86,25,0.29069767441860467,19,0.22093023255813954,2
0.1,3933266365,random,degree,86,43,0.5,9,0.10465116279069768,2
0.1,3837018888,random,degree,86,37,0.43023255813953487,11,0.12790697674418605,1
0.1,2349768346,random,degree,86,41,0.47674418604651164,10,0.11627906976744186,0
0.1,4274228526,random,degree,86,29,0.3372093023255814,14,0.16279069767441862,2
0.1,3109490426,random,degree,86,27,0.313953488372093,12,0.13953488372093023,0
0.1,2900490499,random,degree,86,25,0.29069767441860467,19,0.22093023255813954,1
0.11,2218153353,random,degree,86,25,0.29069767441860467,15,0.1744186046511628,0
0.11,1729027044,random,degree,86,56,0.6511627906976745,6,0.06976744186046512,3
0.11,3435190084,random,degree,86,22,0.2558139534883721,21,0.2441860465116279,4
0.11,1758725110,random,degree,86,29,0.3372093023255814,23,0.26744186046511625,1
0.11,1243150188,random,degree,86,44,0.5116279069767442,12,0.13953488372093023,2
0.11,1977267609,random,degree,86,33,0.38372093023255816,20,0.23255813953488372,2
0.11,65160025,random,degree,86,18,0.20930232558139536,18,0.20930232558139536,2
0.11,3334742147,random,degree,86,22,0.2558139534883721,16,0.18604651162790697,1
0.11,439774263,random,degree,86,33,0.38372093023255816,12,0.13953488372093023,0
0.11,1845589416,random,degree,86,33,0.38372093023255816,15,0.1744186046511628,1
0.11,3971823417,random,degree,86,30,0.3488372093023256,11,0.12790697674418605,1
0.11,123865491,random,degree,86,46,0.5348837209302325,6,0.06976744186046512,0
0.11,855584552,random,degree,86,29,0.3372093023255814,9,0.10465116279069768,0
0.11,776208551,random,degree,86,40,0.46511627906976744,18,0.20930232558139536,3
0.11,3397423475,random,degree,86,36,0.4186046511627907,16,0.18604651162790697,2
0.11,1836268355,random,degree,86,34,0.3953488372093023,15,0.1744186046511628,1
0.11,916065291,random,degree,86,36,0.4186046511627907,17,0.19767441860465115,1
0.11,2557578667,random,degree,86,15,0.1744186046511628,15,0.1744186046511628,0
0.11,1322493694,random,degree,86,55,0.6395348837209303,9,0.10465116279069768,2
0.11,3940612622,random,degree,86,28,0.32558139534883723,17,0.19767441860465115,2
0.11,785328328,random,degree,86,32,0.37209302325581395,22,0.2558139534883721,2
0.11,3831806988,random,degree,86,21,0.2441860465116279,16,0.18604651162790697,0
0.11,2496474660,random,degree,86,22,0.2558139534883721,18,0.20930232558139536,2
0.11,634845433,random,degree,86,42,0.4883720930232558,11,0.12790697674418605,2
0.11,979206656,random,degree,86,43,0.5,9,0.10465116279069768,1
0.11,1655835161,random,degree,86,40,0.46511627906976744,8,0.09302325581395349,1
0.11,485688493,random,degree,86,24,0.27906976744186046,12,0.13953488372093023,2
0.11,3917984783,random,degree,86,29,0.3372093023255814,13,0.1511627906976744,1
0.11,1398639701,random,degree,86,30,0.3488372093023256,15,0.1744186046511628,1
0.11,1377287154,random,degree,86,27,0.313953488372093,18,0.20930232558139536,2
0.11,2373574046,random,degree,86,40,0.46511627906976744,8,0.09302325581395349,1
0.11,2713758403,random,degree,86,18,0.20930232558139536,15,0.1744186046511628,1
0.11,861226146,random,degree,86,27,0.313953488372093,17,0.19767441860465115,0
0.11,3898829269,random,degree,86,54,0.627906976744186,10,0.11627906976744186,2
0.11,981731115,random,degree,86,32,0.37209302325581395,9,0.10465116279069768,0
0.11,2788512476,random,degree,86,41,0.47674418604651164,9,0.10465116279069768,1
0.11,4045515588,random,degree,86,33,0.38372093023255816,17,0.19767441860465115,0
0.11,3221302445,random,degree,86,32,0.37209302325581395,12,0.13953488372093023,0
0.11,4188354583,random,degree,86,44,0.5116279069767442,9,0.10465116279069768,1
0.11,1092290609,random,degree,86,19,0.22093023255813954,14,0.16279069767441862,0
0.11,2358466747,random,degree,86,24,0.27906976744186046,11,0.12790697674418605,2
0.11,2704538670,random,degree,86,21,0.2441860465116279,20,0.23255813953488372,1
0.11,3586261615,random,degree,86,36,0.4186046511627907,14,0.16279069767441862,0
0.11,432335923,random,degree,86,51,0.5930232558139535,11,0.12790697674418605,3
0.11,12795392,random,degree,86,21,0.2441860465116279,21,0.2441860465116279,1
0.11,2620424584,random,degree,86,48,0.5581395348837209,14,0.16279069767441862,4
0.11,864336307,random,degree,86,32,0.37209302325581395,19,0.22093023255813954,0
0.11,3209574992,random,degree,86,34,0.3953488372093023,19,0.22093023255813954,3
0.11,1523974460,random,degree,86,36,0.4186046511627907,16,0.18604651162790697,3
0.11,4061261411,random,degree,86,40,0.46511627906976744,12,0.13953488372093023,1
0.11,409922570,random,degree,86,44,0.5116279069767442,9,0.10465116279069768,0
0.11,322654595,random,degree,86,24,0.27906976744186046,15,0.1744186046511628,3
0.11,642943740,random,degree,86,17,0.19767441860465115,16,0.18604651162790697,1
0.11,1594262541,random,degree,86,23,0.26744186046511625,13,0.1511627906976744,2
0.11,3250753029,random,degree,86,43,0.5,8,0.09302325581395349,0
0.11,2535327226,random,degree,86,22,0.2558139534883721,16,0.18604651162790697,1
0.11,2551752508,random,degree,86,44,0.5116279069767442,9,0.10465116279069768,0
0.11,3449209511,random,degree,86,50,0.5813953488372093,10,0.11627906976744186,1
0.11,1117912790,random,degree,86,38,0.4418604651162791,14,0.16279069767441862,1
0.11,2843021877,random,degree,86,25,0.29069767441860467,22,0.2558139534883721,0
0.11,1115548953,random,degree,86,16,0.18604651162790697,16,0.18604651162790697,0
0.11,4144344492,random,degree,86,31,0.36046511627906974,14,0.16279069767441862,0
0.11,3103740075,random,degree,86,26,0.3023255813953488,23,0.26744186046511625,2
0.11,2019555128,random,degree,86,30,0.3488372093023256,15,0.1744186046511628,3
0.11,3796755296,random,degree,86,18,0.20930232558139536,18,0.20930232558139536,0
0.11,2097826181,random,degree,86,22,0.2558139534883721,19,0.22093023255813954,1
0.11,3270531750,random,degree,86,26,0.3023255813953488,12,0.13953488372093023,0
0.11,698042443,random,degree,86,22,0.2558139534883721,16,0.18604651162790697,1
0.11,3142365611,random,degree,86,22,0.2558139534883721,19,0.22093023255813954,4
0.11,3204795463,random,degree,86,18,0.20930232558139536,15,0.1744186046511628,1
0.11,453158918,random,degree,86,38,0.4418604651162791,14,0.16279069767441862,3
0.11,123553805,random,degree,86,43,0.5,9,0.10465116279069768,1
0.11,2964985455,random,degree,86,35,0.4069767441860465,18,0.20930232558139536,1
0.11,2195634294,random,degree,86,23,0.26744186046511625,11,0.12790697674418605,0
0.11,517416744,random,degree,86,27,0.313953488372093,26,0.3023255813953488,0
0.11,127355796,random,degree,86,23,0.26744186046511625,20,0.23255813953488372,0
0.11,286545899,random,degree,86,29,0.3372093023255814,13,0.1511627906976744,2
0.11,1429234238,random,degree,86,20,0.23255813953488372,19,0.22093023255813954,2
0.11,457705486,random,degree,86,39,0.45348837209302323,12,0.13953488372093023,3
0.11,2658426082,random,degree,86,20,0.23255813953488372,17,0.19767441860465115,2
0.11,3662820446,random,degree,86,31,0.36046511627906974,15,0.1744186046511628,3
0.11,4246943799,random,degree,86,35,0.4069767441860465,14,0.16279069767441862,1
0.11,2860025635,random,degree,86,42,0.4883720930232558,6,0.06976744186046512,2
0.11,719540606,random,degree,86,28,0.32558139534883723,22,0.2558139534883721,2
0.11,663580240,random,degree,86,19,0.22093023255813954,14,0.16279069767441862,1
0.11,3084053525,random,degree,86,42,0.4883720930232558,11,0.12790697674418605,4
0.11,1406829411,random,degree,86,27,0.313953488372093,12,0.13953488372093023,2
0.11,3102343481,random,degree,86,24,0.27906976744186046,15,0.1744186046511628,3
0.11,1129556276,random,degree,86,21,0.2441860465116279,16,0.18604651162790697,1
0.11,2106524191,random,degree,86,15,0.1744186046511628,15,0.1744186046511628,1
0.11,289448542,random,degree,86,60,0.6976744186046512,5,0.05813953488372093,3
0.11,2379825398,random,degree,86,23,0.26744186046511625,17,0.19767441860465115,3
0.11,978297531,random,degree,86,47,0.5465116279069767,11,0.12790697674418605,1
0.11,1284603975,random,degree,86,58,0.6744186046511628,6,0.06976744186046512,1
0.11,527019245,random,degree,86,33,0.38372093023255816,18,0.20930232558139536,1
0.11,1650577908,random,degree,86,27,0.313953488372093,15,0.1744186046511628,2
0.11,4151537006,random,degree,86,26,0.3023255813953488,18,0.20930232558139536,1
0.11,523386982,random,degree,86,34,0.3953488372093023,15,0.1744186046511628,1
0.11,1270480619,random,degree,86,31,0.36046511627906974,13,0.1511627906976744,0
0.11,3910890891,random,degree,86,46,0.5348837209302325,8,0.09302325581395349,2
0.12,3997073654,random,degree,86,36,0.4186046511627907,14,0.16279069767441862,4
0.12,2022849556,random,degree,86,28,0.32558139534883723,9,0.10465116279069768,2
0.12,3204250576,random,degree,86,42,0.4883720930232558,13,0.1511627906976744,2
0.12,3977014571,random,degree,86,15,0.1744186046511628,14,0.16279069767441862,0
0.12,3856252101,random,degree,86,42,0.4883720930232558,21,0.2441860465116279,2
0.12,1797708681,random,degree,86,24,0.27906976744186046,11,0.12790697674418605,3
0.12,1667901011,random,degree,86,13,0.1511627906976744,10,0.11627906976744186,0
0.12,2727215562,random,degree,86,17,0.19767441860465115,17,0.19767441860465115,3
0.12,3526351765,random,degree,86,20,0.23255813953488372,18,0.20930232558139536,2
0.12,351035033,random,degree,86,31,0.36046511627906974,9,0.10465116279069768,3
0.12,2208180861,random,degree,86,21,0.2441860465116279,13,0.1511627906976744,0
0.12,1507074594,random,degree,86,28,0.32558139534883723,19,0.22093023255813954,0
0.12,3353452800,random,degree,86,25,0.29069767441860467,16,0.18604651162790697,3
0.12,1661405017,random,degree,86,33,0.38372093023255816,14,0.16279069767441862,2
0.12,1536932676,random,degree,86,25,0.29069767441860467,15,0.1744186046511628,1
0.12,1484405675,random,degree,86,24,0.27906976744186046,15,0.1744186046511628,1
0.12,3087220175,random,degree,86,33,0.38372093023255816,24,0.27906976744186046,0
0.12,1771387402,random,degree,86,14,0.16279069767441862,14,0.16279069767441862,2
0.12,666375149,random,degree,86,28,0.32558139534883723,14,0.16279069767441862,2
0.12,2938831783,random,degree,86,40,0.46511627906976744,8,0.09302325581395349,2
0.12,1687799857,random,degree,86,20,0.23255813953488372,9,0.10465116279069768,1
0.12,3390072671,random,degree,86,41,0.47674418604651164,21,0.2441860465116279,2
0.12,3860203812,random,degree,86,22,0.2558139534883721,17,0.19767441860465115,1
0.12,321068230,random,degree,86,33,0.38372093023255816,17,0.19767441860465115,2
0.12,3117822166,random,degree,86,39,0.45348837209302323,12,0.13953488372093023,1
0.12,3882426045,random,degree,86,28,0.32558139534883723,20,0.23255813953488372,2
0.12,2023170599,random,degree,86,27,0.313953488372093,21,0.2441860465116279,1
0.12,2404381532,random,degree,86,20,0.23255813953488372,18,0.20930232558139536,3
0.12,1344899555,random,degree,86,21,0.2441860465116279,12,0.13953488372093023,2
0.12,2106721323,random,degree,86,23,0.26744186046511625,11,0.12790697674418605,0
0.12,1034524430,random,degree,86,18,0.20930232558139536,16,0.18604651162790697,0
0.12,2243835917,random,degree,86,15,0.1744186046511628,12,0.13953488372093023,1
0.12,878364161,random,degree,86,24,0.27906976744186046,14,0.16279069767441862,3
0.12,1859803341,random,degree,86,32,0.37209302325581395,9,0.10465116279069768,0
0.12,3442355853,random,degree,86,27,0.313953488372093,12,0.13953488372093023,2
0.12,609035057,random,degree,86,37,0.43023255813953487,12,0.13953488372093023,2
0.12,520106763,random,degree,86,28,0.32558139534883723,14,0.16279069767441862,0
0.12,3036182231,random,degree,86,35,0.4069767441860465,33,0.38372093023255816,1
0.12,2409786019,random,degree,86,22,0.2558139534883721,19,0.22093023255813954,1
0.12,3148861254,random,degree,86,64,0.7441860465116279,3,0.03488372093023256,5
0.12,4080862473,random,degree,86,27,0.313953488372093,15,0.1744186046511628,2
0.12,274428672,random,degree,86,34,0.3953488372093023,13,0.1511627906976744,3
0.12,4036159200,random,degree,86,22,0.2558139534883721,15,0.1744186046511628,3
0.12,3556659480,random,degree,86,37,0.43023255813953487,7,0.08139534883720931,1
0.12,2727256569,random,degree,86,27,0.313953488372093,18,0.20930232558139536,0
0.12,1664874324,random,degree,86,14,0.16279069767441862,12,0.13953488372093023,1
0.12,2759755145,random,degree,86,27,0.313953488372093,23,0.26744186046511625,3
0.12,2100775856,random,degree,86,28,0.32558139534883723,23,0.26744186046511625,3
0.12,3614964882,random,degree,86,19,0.22093023255813954,16,0.18604651162790697,1
0.12,612365300,random,degree,86,47,0.5465116279069767,7,0.08139534883720931,1
0.12,175986157,random,degree,86,27,0.313953488372093,18,0.20930232558139536,2
0.12,3720587062,random,degree,86,46,0.5348837209302325,18,0.20930232558139536,1
0.12,3637248153,random,degree,86,17,0.19767441860465115,11,0.12790697674418605,1
0.12,4116425775,random,degree,86,46,0.5348837209302325,8,0.09302325581395349,3
0.12,2170582152,random,degree,86,32,0.37209302325581395,28,0.32558139534883723,2
0.12,3116180625,random,degree,86,28,0.32558139534883723,16,0.18604651162790697,2
0.12,2198706161,random,degree,86,21,0.2441860465116279,16,0.18604651162790697,2
0.12,1806782446,random,degree,86,34,0.3953488372093023,22,0.2558139534883721,5
0.12,1028201344,random,degree,86,22,0.2558139534883721,14,0.16279069767441862,0
0.12,408455899,random,degree,86,41,0.47674418604651164,13,0.1511627906976744,1
0.12,1375614350,random,degree,86,17,0.19767441860465115,17,0.19767441860465115,2
0.12,3988721188,random,degree,86,24,0.27906976744186046,11,0.12790697674418605,1
0.12,3889827138,random,degree,86,34,0.3953488372093023,16,0.18604651162790697,1
0.12,3235721350,random,degree,86,40,0.46511627906976744,6,0.06976744186046512,1
0.12,4193898563,random,degree,86,41,0.47674418604651164,8,0.09302325581395349,2
0.12,1258764338,random,degree,86,17,0.19767441860465115,16,0.18604651162790697,2
0.12,3027908860,random,degree,86,34,0.3953488372093023,14,0.16279069767441862,4
0.12,4287190719,random,degree,86,45,0.5232558139534884,8,0.09302325581395349,4
0.12,2332661185,random,degree,86,41,0.47674418604651164,25,0.29069767441860467,2
0.12,1372665722,random,degree,86,27,0.313953488372093,19,0.22093023255813954,6
0.12,2680060835,random,degree,86,17,0.19767441860465115,11,0.12790697674418605,1
0.12,2593273612,random,degree,86,45,0.5232558139534884,17,0.19767441860465115,1
0.12,2963155338,random,degree,86,28,0.32558139534883723,15,0.1744186046511628,3
0.12,1978957729,random,degree,86,31,0.36046511627906974,18,0.20930232558139536,2
0.12,399367358,random,degree,86,41,0.47674418604651164,9,0.10465116279069768,0
0.12,4094553719,random,degree,86,28,0.32558139534883723,14,0.16279069767441862,1
0.12,1881262327,random,degree,86,18,0.20930232558139536,17,0.19767441860465115,2
0.12,1657610926,random,degree,86,32,0.37209302325581395,13,0.1511627906976744,4
0.12,288106915,random,degree,86,23,0.26744186046511625,12,0.13953488372093023,0
0.12,1421596489,random,degree,86,21,0.2441860465116279,15,0.1744186046511628,0
0.12,3024872067,random,degree,86,24,0.27906976744186046,17,0.19767441860465115,1
0.12,1555070551,random,degree,86,28,0.32558139534883723,14,0.16279069767441862,2
0.12,4231403348,random,degree,86,30,0.3488372093023256,16,0.18604651162790697,1
0.12,31387429,random,degree,86,23,0.26744186046511625,16,0.18604651162790697,0
0.12,1947162314,random,degree,86,34,0.3953488372093023,12,0.13953488372093023,1
0.12,4120104069,random,degree,86,34,0.3953488372093023,10,0.11627906976744186,0
0.12,3103035942,random,degree,86,28,0.32558139534883723,14,0.16279069767441862,1
0.12,508856611,random,degree,86,17,0.19767441860465115,14,0.16279069767441862,2
0.12,2387733932,random,degree,86,33,0.38372093023255816,16,0.18604651162790697,2
0.12,949310846,random,degree,86,40,0.46511627906976744,13,0.1511627906976744,3
0.12,1466237975,random,degree,86,36,0.4186046511627907,17,0.19767441860465115,3
0.12,1531376472,random,degree,86,40,0.46511627906976744,11,0.12790697674418605,1
0.12,1288372519,random,degree,86,27,0.313953488372093,18,0.20930232558139536,1
0.12,1845865594,random,degree,86,19,0.22093023255813954,14,0.16279069767441862,1
0.12,3767183207,random,degree,86,33,0.38372093023255816,9,0.10465116279069768,1
0.12,716282468,random,degree,86,24,0.27906976744186046,19,0.22093023255813954,2
0.12,3513072606,random,degree,86,19,0.22093023255813954,15,0.1744186046511628,1
0.12,520327858,random,degree,86,29,0.3372093023255814,8,0.09302325581395349,2
0.12,1854438176,random,degree,86,17,0.19767441860465115,17,0.19767441860465115,0
0.12,999342379,random,degree,86,24,0.27906976744186046,15,0.1744186046511628,1
0.13,2807452510,random,degree,86,23,0.26744186046511625,17,0.19767441860465115,2
0.13,2388669498,random,degree,86,42,0.4883720930232558,6,0.06976744186046512,3
0.13,4097443686,random,degree,86,18,0.20930232558139536,17,0.19767441860465115,4
0.13,3482244950,random,degree,86,16,0.18604651162790697,13,0.1511627906976744,1
0.13,4152234769,random,degree,86,34,0.3953488372093023,27,0.313953488372093,1
0.13,758753994,random,degree,86,32,0.37209302325581395,19,0.22093023255813954,3
0.13,1269345534,random,degree,86,32,0.37209302325581395,16,0.18604651162790697,2
0.13,216311051,random,degree,86,28,0.32558139534883723,13,0.1511627906976744,1
0.13,4135690341,random,degree,86,17,0.19767441860465115,12,0.13953488372093023,4
0.13,1621521920,random,degree,86,38,0.4418604651162791,9,0.10465116279069768,3
0.13,4200671578,random,degree,86,20,0.23255813953488372,13,0.1511627906976744,2
0.13,3951602977,random,degree,86,18,0.20930232558139536,15,0.1744186046511628,0
0.13,3768292412,random,degree,86,28,0.32558139534883723,16,0.18604651162790697,2
0.13,939615943,random,degree,86,16,0.18604651162790697,15,0.1744186046511628,1
0.13,3589224271,random,degree,86,13,0.1511627906976744,12,0.13953488372093023,1
0.13,2757829866,random,degree,86,23,0.26744186046511625,10,0.11627906976744186,2
0.13,3469081444,random,degree,86,23,0.26744186046511625,13,0.1511627906976744,3
0.13,2389438494,random,degree,86,32,0.37209302325581395,9,0.10465116279069768,4
0.13,644863393,random,degree,86,26,0.3023255813953488,9,0.10465116279069768,1
0.13,4262678905,random,degree,86,23,0.26744186046511625,16,0.18604651162790697,4
0.13,2070045658,random,degree,86,32,0.37209302325581395,9,0.10465116279069768,1
0.13,2706189873,random,degree,86,31,0.36046511627906974,12,0.13953488372093023,2
0.13,3974976390,random,degree,86,30,0.3488372093023256,8,0.09302325581395349,3
0.13,3313525522,random,degree,86,26,0.3023255813953488,16,0.18604651162790697,1
0.13,3725646320,random,degree,86,23,0.26744186046511625,16,0.18604651162790697,1
0.13,1349176790,random,degree,86,26,0.3023255813953488,14,0.16279069767441862,2
0.13,1547008409,random,degree,86,24,0.27906976744186046,18,0.20930232558139536,0
0.13,310486678,random,degree,86,28,0.32558139534883723,11,0.12790697674418605,1
0.13,2115016472,random,degree,86,21,0.2441860465116279,10,0.11627906976744186,1
0.13,893254457,random,degree,86,31,0.36046511627906974,14,0.16279069767441862,0
0.13,2258775061,random,degree,86,34,0.3953488372093023,13,0.1511627906976744,3
0.13,2787244124,random,degree,86,28,0.32558139534883723,15,0.1744186046511628,2
0.13,494246259,random,degree,86,19,0.22093023255813954,16,0.18604651162790697,2
0.13,551416038,random,degree,86,14,0.16279069767441862,13,0.1511627906976744,0
0.13,3558685566,random,degree,86,47,0.5465116279069767,7,0.08139534883720931,2
0.13,1773459954,random,degree,86,23,0.26744186046511625,17,0.19767441860465115,2
0.13,2025734186,random,degree,86,21,0.2441860465116279,15,0.1744186046511628,2
0.13,4262400396,random,degree,86,20,0.23255813953488372,13,0.1511627906976744,1
0.13,3694079485,random,degree,86,29,0.3372093023255814,8,0.09302325581395349,1
0.13,2153036791,random,degree,86,30,0.3488372093023256,20,0.23255813953488372,3
0.13,2338293263,random,degree,86,22,0.2558139534883721,18,0.20930232558139536,2
0.13,4217649323,random,degree,86,28,0.32558139534883723,14,0.16279069767441862,3
0.13,1396375995,random,degree,86,28,0.32558139534883723,18,0.20930232558139536,1
0.13,2724611733,random,degree,86,14,0.16279069767441862,14,0.16279069767441862,1
0.13,1039692888,random,degree,86,42,0.4883720930232558,13,0.1511627906976744,5
0.13,4052718540,random,degree,86,17,0.19767441860465115,16,0.18604651162790697,2
0.13,784277595,random,degree,86,20,0.23255813953488372,15,0.1744186046511628,4
0.13,1842590670,random,degree,86,22,0.2558139534883721,13,0.1511627906976744,3
0.13,1247693063,random,degree,86,28,0.32558139534883723,14,0.16279069767441862,2
0.13,3851913238,random,degree,86,28,0.32558139534883723,20,0.23255813953488372,1
0.13,2325105587,random,degree,86,48,0.5581395348837209,5,0.05813953488372093,3
0.13,3335404637,random,degree,86,25,0.29069767441860467,15,0.1744186046511628,2
0.13,2230121596,random,degree,86,32,0.37209302325581395,21,0.2441860465116279,2
0.13,3263205527,random,degree,86,30,0.3488372093023256,19,0.22093023255813954,1
0.13,3006657682,random,degree,86,36,0.4186046511627907,10,0.11627906976744186,2
0.13,3360342834,random,degree,86,18,0.20930232558139536,13,0.1511627906976744,2
0.13,1999025632,random,degree,86,29,0.3372093023255814,10,0.11627906976744186,3
0.13,4245105004,random,degree,86,27,0.313953488372093,18,0.20930232558139536,3
0.13,3301389803,random,degree,86,17,0.19767441860465115,14,0.16279069767441862,2
0.13,612378542,random,degree,86,30,0.3488372093023256,13,0.1511627906976744,2
0.13,2128269740,random,degree,86,18,0.20930232558139536,11,0.12790697674418605,0
0.13,2283898255,random,degree,86,29,0.3372093023255814,10,0.11627906976744186,2
0.13,4202524374,random,degree,86,33,0.38372093023255816,17,0.19767441860465115,2
0.13,2158220163,random,degree,86,25,0.29069767441860467,11,0.12790697674418605,2
0.13,2330515566,random,degree,86,24,0.27906976744186046,23,0.26744186046511625,1
0.13,4237115293,random,degree,86,34,0.3953488372093023,9,0.10465116279069768,2
0.13,3421049915,random,degree,86,43,0.5,8,0.09302325581395349,2
0.13,2370158069,random,degree,86,18,0.20930232558139536,15,0.1744186046511628,4
0.13,678918929,random,degree,86,34,0.3953488372093023,17,0.19767441860465115,5
0.13,3461816076,random,degree,86,23,0.26744186046511625,20,0.23255813953488372,1
0.13,3708876403,random,degree,86,18,0.20930232558139536,15,0.1744186046511628,2
0.13,1130308492,random,degree,86,39,0.45348837209302323,12,0.13953488372093023,0
0.13,88966276,random,degree,86,28,0.32558139534883723,25,0.29069767441860467,1
0.13,285283628,random,degree,86,23,0.26744186046511625,14,0.16279069767441862,3
0.13,1140533298,random,degree,86,34,0.3953488372093023,19,0.22093023255813954,1
0.13,1635988910,random,degree,86,18,0.20930232558139536,15,0.1744186046511628,1
0.13,2768856551,random,degree,86,16,0.18604651162790697,13,0.1511627906976744,0
0.13,83555398,random,degree,86,33,0.38372093023255816,10,0.11627906976744186,0
0.13,3589127074,random,degree,86,34,0.3953488372093023,21,0.2441860465116279,3
0.13,599845670,random,degree,86,36,0.4186046511627907,20,0.23255813953488372,3
0.13,1795188751,random,degree,86,26,0.3023255813953488,10,0.11627906976744186,1
0.13,2983766618,random,degree,86,25,0.29069767441860467,24,0.27906976744186046,3
0.13,1337236887,random,degree,86,27,0.313953488372093,10,0.11627906976744186,0
0.13,3227989522,random,degree,86,16,0.18604651162790697,16,0.18604651162790697,1
0.13,2309042629,random,degree,86,35,0.4069767441860465,17,0.19767441860465115,3
0.13,2051552263,random,degree,86,19,0.22093023255813954,15,0.1744186046511628,2
0.13,758245119,random,degree,86,35,0.4069767441860465,19,0.22093023255813954,2
0.13,3282121759,random,degree,86,26,0.3023255813953488,24,0.27906976744186046,5
0.13,1759281133,random,degree,86,22,0.2558139534883721,14,0.16279069767441862,0
0.13,4246205057,random,degree,86,31,0.36046511627906974,12,0.13953488372093023,3
0.13,1066283588,random,degree,86,44,0.5116279069767442,10,0.11627906976744186,5
0.13,3345994300,random,degree,86,48,0.5581395348837209,6,0.06976744186046512,2
0.13,1091408196,random,degree,86,17,0.19767441860465115,15,0.1744186046511628,4
0.13,4093571747,random,degree,86,21,0.2441860465116279,17,0.19767441860465115,3
0.13,1279425574,random,degree,86,29,0.3372093023255814,12,0.13953488372093023,2
0.13,4052453425,random,degree,86,17,0.19767441860465115,16,0.18604651162790697,0
0.13,1428914140,random,degree,86,32,0.37209302325581395,14,0.16279069767441862,3
0.13,1826055422,random,degree,86,16,0.18604651162790697,16,0.18604651162790697,2
0.13,3024244769,random,degree,86,28,0.32558139534883723,10,0.11627906976744186,1
0.13,4108493359,random,degree,86,19,0.22093023255813954,18,0.20930232558139536,1
0.14,121999420,random,degree,86,31,0.36046511627906974,13,0.1511627906976744,2
0.14,2115591069,random,degree,86,20,0.23255813953488372,9,0.10465116279069768,1
0.14,960834228,random,degree,86,15,0.1744186046511628,14,0.16279069767441862,1
0.14,3553916679,random,degree,86,20,0.23255813953488372,15,0.1744186046511628,2
0.14,298357744,random,degree,86,18,0.20930232558139536,15,0.1744186046511628,2
0.14,1883689737,random,degree,86,33,0.38372093023255816,10,0.11627906976744186,6
0.14,2947098627,random,degree,86,23,0.26744186046511625,17,0.19767441860465115,1
0.14,899562930,random,degree,86,37,0.43023255813953487,12,0.13953488372093023,1
0.14,2935586098,random,degree,86,16,0.18604651162790697,10,0.11627906976744186,2
0.14,1973810313,random,degree,86,22,0.2558139534883721,11,0.12790697674418605,1
0.14,2297915414,random,degree,86,25,0.29069767441860467,15,0.1744186046511628,2
0.14,3303288233,random,degree,86,40,0.46511627906976744,12,0.13953488372093023,4
0.14,1841010231,random,degree,86,32,0.37209302325581395,14,0.16279069767441862,4
0.14,1287022543,random,degree,86,15,0.1744186046511628,14,0.16279069767441862,1
0.14,349702972,random,degree,86,25,0.29069767441860467,21,0.2441860465116279,2
0.14,3497683705,random,degree,86,23,0.26744186046511625,13,0.1511627906976744,3
0.14,449630086,random,degree,86,31,0.36046511627906974,13,0.1511627906976744,1
0.14,394370167,random,degree,86,17,0.19767441860465115,16,0.18604651162790697,2
0.14,2365668306,random,degree,86,19,0.22093023255813954,12,0.13953488372093023,2
0.14,1832333069,random,degree,86,33,0.38372093023255816,14,0.16279069767441862,2
0.14,1210932737,random,degree,86,31,0.36046511627906974,22,0.2558139534883721,2
0.14,4266037914,random,degree,86,24,0.27906976744186046,8,0.09302325581395349,0
0.14,2181194214,random,degree,86,24,0.27906976744186046,15,0.1744186046511628,1
0.14,1338600798,random,degree,86,23,0.26744186046511625,8,0.09302325581395349,1
0.14,3595459372,random,degree,86,16,0.18604651162790697,14,0.16279069767441862,3
0.14,1553256510,random,degree,86,31,0.36046511627906974,8,0.09302325581395349,1
0.14,178856074,random,degree,86,17,0.19767441860465115,11,0.12790697674418605,3
0.14,2535152019,random,degree,86,21,0.2441860465116279,11,0.12790697674418605,2
0.14,1497066331,random,degree,86,27,0.313953488372093,16,0.18604651162790697,0
0.14,2332777198,random,degree,86,21,0.2441860465116279,13,0.1511627906976744,0
0.14,2118028843,random,degree,86,31,0.36046511627906974,12,0.13953488372093023,5
0.14,3587035029,random,degree,86,40,0.46511627906976744,13,0.1511627906976744,3
0.14,1621915640,random,degree,86,16,0.18604651162790697,11,0.12790697674418605,3
0.14,2108300901,random,degree,86,21,0.2441860465116279,11,0.12790697674418605,3
0.14,2275994758,random,degree,86,24,0.27906976744186046,15,0.1744186046511628,2
0.14,2281403600,random,degree,86,31,0.36046511627906974,12,0.13953488372093023,4
0.14,2666039196,random,degree,86,23,0.26744186046511625,16,0.18604651162790697,1
0.14,1993052727,random,degree,86,33,0.38372093023255816,8,0.09302325581395349,0
0.14,490584628,random,degree,86,16,0.18604651162790697,9,0.10465116279069768,0
0.14,3460147971,random,degree,86,24,0.27906976744186046,11,0.12790697674418605,3
0.14,3389907630,random,degree,86,16,0.18604651162790697,16,0.18604651162790697,3
0.14,3748904311,random,degree,86,22,0.2558139534883721,13,0.1511627906976744,1
0.14,2103104829,random,degree,86,17,0.19767441860465115,16,0.18604651162790697,3
0.14,1187166717,random,degree,86,19,0.22093023255813954,10,0.11627906976744186,1
0.14,543962173,random,degree,86,38,0.4418604651162791,8,0.09302325581395349,2
0.14,3362714853,random,degree,86,26,0.3023255813953488,14,0.16279069767441862,2
0.14,3755584742,random,degree,86,23,0.26744186046511625,14,0.16279069767441862,2
0.14,2720295975,random,degree,86,16,0.18604651162790697,12,0.13953488372093023,1
0.14,291722821,random,degree,86,14,0.16279069767441862,14,0.16279069767441862,3
0.14,716248877,random,degree,86,14,0.16279069767441862,12,0.13953488372093023,3
0.14,1398659634,random,degree,86,26,0.3023255813953488,13,0.1511627906976744,1
0.14,1524159803,random,degree,86,28,0.32558139534883723,10,0.11627906976744186,2
0.14,3551214471,random,degree,86,16,0.18604651162790697,9,0.10465116279069768,1
0.14,21209565,random,degree,86,29,0.3372093023255814,10,0.11627906976744186,2
0.14,4112073403,random,degree,86,30,0.3488372093023256,14,0.16279069767441862,3
0.14,2483672377,random,degree,86,16,0.18604651162790697,16,0.18604651162790697,2
0.14,155063050,random,degree,86,22,0.2558139534883721,12,0.13953488372093023,2
0.14,1754214008,random,degree,86,13,0.1511627906976744,11,0.12790697674418605,2
0.14,2481802314,random,degree,86,21,0.2441860465116279,14,0.16279069767441862,2
0.14,1291396631,random,degree,86,28,0.32558139534883723,11,0.12790697674418605,3
0.14,1102512776,random,degree,86,16,0.18604651162790697,16,0.18604651162790697,2
0.14,1735305051,random,degree,86,16,0.18604651162790697,13,0.1511627906976744,2
0.14,399677332,random,degree,86,18,0.20930232558139536,16,0.18604651162790697,1
0.14,3321145105,random,degree,86,41,0.47674418604651164,10,0.11627906976744186,5
0.14,3474935295,random,degree,86,24,0.27906976744186046,19,0.22093023255813954,4
0.14,710227851,random,degree,86,17,0.19767441860465115,15,0.1744186046511628,2
0.14,1905705345,random,degree,86,26,0.3023255813953488,19,0.22093023255813954,3
0.14,692187832,random,degree,86,25,0.29069767441860467,12,0.13953488372093023,0
0.14,38844175,random,degree,86,14,0.16279069767441862,13,0.1511627906976744,3
0.14,1524663362,random,degree,86,22,0.2558139534883721,20,0.23255813953488372,3
0.14,2438930368,random,degree,86,16,0.18604651162790697,15,0.1744186046511628,2
0.14,3072194051,random,degree,86,34,0.3953488372093023,7,0.08139534883720931,5
0.14,1360981982,random,degree,86,27,0.313953488372093,18,0.20930232558139536,2
0.14,3183194672,random,degree,86,25,0.29069767441860467,13,0.1511627906976744,4
0.14,445791169,random,degree,86,26,0.3023255813953488,11,0.12790697674418605,2
0.14,3766623095,random,degree,86,17,0.19767441860465115,10,0.11627906976744186,1
0.14,2918616305,random,degree,86,26,0.3023255813953488,23,0.26744186046511625,2
0.14,3759619530,random,degree,86,28,0.32558139534883723,11,0.12790697674418605,1
0.14,4287512958,random,degree,86,46,0.5348837209302325,7,0.08139534883720931,1
0.14,3768043207,random,degree,86,25,0.29069767441860467,24,0.27906976744186046,3
0.14,1383651646,random,degree,86,32,0.37209302325581395,10,0.11627906976744186,0
0.14,693231719,random,degree,86,16,0.18604651162790697,9,0.10465116279069768,2
0.14,1333201256,random,degree,86,18,0.20930232558139536,13,0.1511627906976744,0
0.14,1737099940,random,degree,86,18,0.20930232558139536,17,0.19767441860465115,3
0.14,3207897627,random,degree,86,19,0.22093023255813954,11,0.12790697674418605,3
0.14,1392811687,random,degree,86,17,0.19767441860465115,16,0.18604651162790697,2
0.14,1916069457,random,degree,86,31,0.36046511627906974,8,0.09302325581395349,3
0.14,3286007829,random,degree,86,20,0.23255813953488372,15,0.1744186046511628,0
0.14,2370956646,random,degree,86,36,0.4186046511627907,9,0.10465116279069768,0
0.14,1168628068,random,degree,86,27,0.313953488372093,9,0.10465116279069768,2
0.14,4277093758,random,degree,86,23,0.26744186046511625,17,0.19767441860465115,2
0.14,605084293,random,degree,86,15,0.1744186046511628,14,0.16279069767441862,1
0.14,2470365001,random,degree,86,14,0.16279069767441862,13,0.1511627906976744,4
0.14,1956460175,random,degree,86,18,0.20930232558139536,18,0.20930232558139536,0
0.14,2292104924,random,degree,86,25,0.29069767441860467,24,0.27906976744186046,0
0.14,3090250303,random,degree,86,31,0.36046511627906974,17,0.19767441860465115,0
0.14,1788780866,random,degree,86,41,0.47674418604651164,10,0.11627906976744186,2
0.14,1709253123,random,degree,86,23,0.26744186046511625,15,0.1744186046511628,1
0.14,1876053205,random,degree,86,19,0.22093023255813954,11,0.12790697674418605,4
0.14,810260405,random,degree,86,13,0.1511627906976744,13,0.1511627906976744,2
0.15,2228439693,random,degree,86,18,0.20930232558139536,12,0.13953488372093023,1
0.15,2064900816,random,degree,86,25,0.29069767441860467,13,0.1511627906976744,3
0.15,2991810217,random,degree,86,19,0.22093023255813954,13,0.1511627906976744,3
0.15,1446525121,random,degree,86,24,0.27906976744186046,18,0.20930232558139536,3
0.15,1540652822,random,degree,86,17,0.19767441860465115,17,0.19767441860465115,4
0.15,2328030415,random,degree,86,18,0.20930232558139536,17,0.19767441860465115,4
0.15,312995258,random,degree,86,15,0.1744186046511628,9,0.10465116279069768,2
0.15,3892947289,random,degree,86,21,0.2441860465116279,16,0.18604651162790697,6
0.15,3481547956,random,degree,86,35,0.4069767441860465,10,0.11627906976744186,5
0.15,483152597,random,degree,86,27,0.313953488372093,16,0.18604651162790697,1
0.15,239566295,random,degree,86,19,0.22093023255813954,15,0.1744186046511628,3
0.15,4267580704,random,degree,86,14,0.16279069767441862,13,0.1511627906976744,1
0.15,885027539,random,degree,86,29,0.3372093023255814,6,0.06976744186046512,1
0.15,3182586147,random,degree,86,13,0.1511627906976744,12,0.13953488372093023,1
0.15,1262650204,random,degree,86,30,0.3488372093023256,11,0.12790697674418605,4
0.15,797572133,random,degree,86,49,0.5697674418604651,9,0.10465116279069768,4
0.15,4278751392,random,degree,86,14,0.16279069767441862,12,0.13953488372093023,7
0.15,2352727154,random,degree,86,23,0.26744186046511625,22,0.2558139534883721,4
0.15,1524160065,random,degree,86,26,0.3023255813953488,14,0.16279069767441862,2
0.15,948095124,random,degree,86,19,0.22093023255813954,18,0.20930232558139536,3
0.15,3533700469,random,degree,86,23,0.26744186046511625,14,0.16279069767441862,3
0.15,2321563662,random,degree,86,44,0.5116279069767442,5,0.05813953488372093,3
0.15,3229113653,random,degree,86,19,0.22093023255813954,11,0.12790697674418605,0
0.15,3466737139,random,degree,86,40,0.46511627906976744,13,0.1511627906976744,1
0.15,3852739673,random,degree,86,21,0.2441860465116279,13,0.1511627906976744,1
0.15,3601586068,random,degree,86,23,0.26744186046511625,9,0.10465116279069768,3
0.15,3092920164,random,degree,86,19,0.22093023255813954,16,0.18604651162790697,2
0.15,3340193149,random,degree,86,30,0.3488372093023256,9,0.10465116279069768,0
0.15,2258082058,random,degree,86,19,0.22093023255813954,14,0.16279069767441862,1
0.15,3510060570,random,degree,86,18,0.20930232558139536,13,0.1511627906976744,2
0.15,3397094836,random,degree,86,21,0.2441860465116279,16,0.18604651162790697,2
0.15,2872550107,random,degree,86,15,0.1744186046511628,13,0.1511627906976744,4
0.15,2863653747,random,degree,86,35,0.4069767441860465,25,0.29069767441860467,0
0.15,3727164073,random,degree,86,15,0.1744186046511628,10,0.11627906976744186,3
0.15,416000020,random,degree,86,16,0.18604651162790697,15,0.1744186046511628,2
0.15,4003198209,random,degree,86,31,0.36046511627906974,15,0.1744186046511628,3
0.15,2673266823,random,degree,86,18,0.20930232558139536,14,0.16279069767441862,2
0.15,2274973961,random,degree,86,16,0.18604651162790697,15,0.1744186046511628,3
0.15,1137698178,random,degree,86,18,0.20930232558139536,16,0.18604651162790697,2
0.15,3618039644,random,degree,86,17,0.19767441860465115,13,0.1511627906976744,0
0.15,4146528252,random,degree,86,15,0.1744186046511628,15,0.1744186046511628,6
0.15,58191966,random,degree,86,19,0.22093023255813954,12,0.13953488372093023,2
0.15,746350183,random,degree,86,23,0.26744186046511625,20,0.23255813953488372,2
0.15,3911632313,random,degree,86,23,0.26744186046511625,15,0.1744186046511628,4
0.15,2801453045,random,degree,86,24,0.27906976744186046,12,0.13953488372093023,3
0.15,3625579043,random,degree,86,13,0.1511627906976744,11,0.12790697674418605,1
0.15,3784542197,random,degree,86,16,0.18604651162790697,12,0.13953488372093023,2
0.15,3271241555,random,degree,86,14,0.16279069767441862,9,0.10465116279069768,2
0.15,2320956322,random,degree,86,20,0.23255813953488372,15,0.1744186046511628,1
0.15,2658426403,random,degree,86,48,0.5581395348837209,8,0.09302325581395349,1
0.15,1946169652,random,degree,86,34,0.3953488372093023,10,0.11627906976744186,5
0.15,3253466772,random,degree,86,14,0.16279069767441862,14,0.16279069767441862,2
0.15,430061346,random,degree,86,30,0.3488372093023256,9,0.10465116279069768,0
0.15,465837755,random,degree,86,14,0.16279069767441862,11,0.12790697674418605,1
0.15,779782784,random,degree,86,19,0.22093023255813954,8,0.09302325581395349,0
0.15,3665582100,random,degree,86,25,0.29069767441860467,11,0.12790697674418605,6
0.15,3709668898,random,degree,86,24,0.27906976744186046,12,0.13953488372093023,5
0.15,1085814495,random,degree,86,18,0.20930232558139536,15,0.1744186046511628,4
0.15,801912549,random,degree,86,16,0.18604651162790697,9,0.10465116279069768,3
0.15,1725016912,random,degree,86,17,0.19767441860465115,12,0.13953488372093023,2
0.15,3951073913,random,degree,86,27,0.313953488372093,24,0.27906976744186046,4
0.15,1235184874,random,degree,86,29,0.3372093023255814,8,0.09302325581395349,1
0.15,3740570397,random,degree,86,16,0.18604651162790697,13,0.1511627906976744,0
0.15,1850639396,random,degree,86,20,0.23255813953488372,11,0.12790697674418605,2
0.15,410548036,random,degree,86,18,0.20930232558139536,12,0.13953488372093023,6
0.15,3795243334,random,degree,86,16,0.18604651162790697,12,0.13953488372093023,4
0.15,1566549112,random,degree,86,42,0.4883720930232558,8,0.09302325581395349,3
0.15,3247352710,random,degree,86,20,0.23255813953488372,11,0.12790697674418605,3
0.15,2755056100,random,degree,86,36,0.4186046511627907,14,0.16279069767441862,4
0.15,3157190647,random,degree,86,24,0.27906976744186046,10,0.11627906976744186,2
0.15,3004510321,random,degree,86,12,0.13953488372093023,11,0.12790697674418605,1
0.15,1344544482,random,degree,86,32,0.37209302325581395,16,0.18604651162790697,4
0.15,2067132212,random,degree,86,33,0.38372093023255816,8,0.09302325581395349,3
0.15,1005853868,random,degree,86,22,0.2558139534883721,11,0.12790697674418605,3
0.15,61807835,random,degree,86,24,0.27906976744186046,21,0.2441860465116279,4
0.15,3630197046,random,degree,86,21,0.2441860465116279,19,0.22093023255813954,5
0.15,903304716,random,degree,86,17,0.19767441860465115,14,0.16279069767441862,4
0.15,3781838912,random,degree,86,13,0.1511627906976744,11,0.12790697674418605,1
0.15,2994953277,random,degree,86,19,0.22093023255813954,13,0.1511627906976744,3
0.15,3272546813,random,degree,86,25,0.29069767441860467,18,0.20930232558139536,3
0.15,936029879,random,degree,86,30,0.3488372093023256,11,0.12790697674418605,3
0.15,1652816332,random,degree,86,30,0.3488372093023256,6,0.06976744186046512,3
0.15,1891334195,random,degree,86,14,0.16279069767441862,13,0.1511627906976744,0
0.15,4086745649,random,degree,86,14,0.16279069767441862,12,0.13953488372093023,4
0.15,3293260816,random,degree,86,19,0.22093023255813954,11,0.12790697674418605,1
0.15,949748298,random,degree,86,26,0.3023255813953488,11,0.12790697674418605,2
0.15,4199082511,random,degree,86,23,0.26744186046511625,9,0.10465116279069768,3
0.15,3850248608,random,degree,86,21,0.2441860465116279,15,0.1744186046511628,5
0.15,1762673164,random,degree,86,37,0.43023255813953487,6,0.06976744186046512,3
0.15,3047758883,random,degree,86,15,0.1744186046511628,11,0.12790697674418605,0
0.15,3913292315,random,degree,86,29,0.3372093023255814,16,0.18604651162790697,2
0.15,670939252,random,degree,86,17,0.19767441860465115,11,0.12790697674418605,2
0.15,3325896065,random,degree,86,21,0.2441860465116279,18,0.20930232558139536,5
0.15,4144094157,random,degree,86,22,0.2558139534883721,18,0.20930232558139536,2
0.15,2823975723,random,degree,86,15,0.1744186046511628,9,0.10465116279069768,2
0.15,2360532721,random,degree,86,20,0.23255813953488372,17,0.19767441860465115,3
0.15,3177660533,random,degree,86,32,0.37209302325581395,16,0.18604651162790697,2
0.15,2201774053,random,degree,86,33,0.38372093023255816,10,0.11627906976744186,3
0.15,2498329143,random,degree,86,31,0.36046511627906974,12,0.13953488372093023,1
0.15,137493030,random,degree,86,37,0.43023255813953487,17,0.19767441860465115,4
0.16,3884535365,random,degree,86,24,0.27906976744186046,19,0.22093023255813954,3
0.16,2027432425,random,degree,86,41,0.47674418604651164,5,0.05813953488372093,5
0.16,1630449431,random,degree,86,9,0.10465116279069768,9,0.10465116279069768,3
0.16,2800059294,random,degree,86,25,0.29069767441860467,7,0.08139534883720931,4
0.16,764898449,random,degree,86,18,0.20930232558139536,8,0.09302325581395349,1
0.16,1140466588,random,degree,86,35,0.4069767441860465,7,0.08139534883720931,4
0.16,2581799524,random,degree,86,10,0.11627906976744186,9,0.10465116279069768,3
0.16,3912074293,random,degree,86,15,0.1744186046511628,15,0.1744186046511628,3
0.16,1547830792,random,degree,86,25,0.29069767441860467,12,0.13953488372093023,4
0.16,4199216649,random,degree,86,16,0.18604651162790697,12,0.13953488372093023,1
0.16,2981623095,random,degree,86,46,0.5348837209302325,7,0.08139534883720931,2
0.16,2310060524,random,degree,86,13,0.1511627906976744,12,0.13953488372093023,3
0.16,2537996355,random,degree,86,48,0.5581395348837209,8,0.09302325581395349,2
0.16,1640645242,random,degree,86,12,0.13953488372093023,11,0.12790697674418605,1
0.16,1916317904,random,degree,86,15,0.1744186046511628,14,0.16279069767441862,0
0.16,788343248,random,degree,86,16,0.18604651162790697,12,0.13953488372093023,1
0.16,211507421,random,degree,86,20,0.23255813953488372,13,0.1511627906976744,5
0.16,4034582653,random,degree,86,20,0.23255813953488372,17,0.19767441860465115,4
0.16,1266979667,random,degree,86,26,0.3023255813953488,17,0.19767441860465115,2
0.16,2840007388,random,degree,86,16,0.18604651162790697,15,0.1744186046511628,3
0.16,3925525190,random,degree,86,29,0.3372093023255814,16,0.18604651162790697,1
0.16,3407033817,random,degree,86,16,0.18604651162790697,12,0.13953488372093023,4
0.16,3087656642,random,degree,86,24,0.27906976744186046,7,0.08139534883720931,1
0.16,1935134040,random,degree,86,36,0.4186046511627907,6,0.06976744186046512,3
0.16,169026043,random,degree,86,13,0.1511627906976744,12,0.13953488372093023,3
0.16,1077402950,random,degree,86,26,0.3023255813953488,13,0.1511627906976744,3
0.16,1585028544,random,degree,86,18,0.20930232558139536,17,0.19767441860465115,4
0.16,3708260413,random,degree,86,22,0.2558139534883721,16,0.18604651162790697,3
0.16,2224916609,random,degree,86,46,0.5348837209302325,7,0.08139534883720931,4
0.16,3309469343,random,degree,86,17,0.19767441860465115,8,0.09302325581395349,1
0.16,3218210099,random,degree,86,33,0.38372093023255816,7,0.08139534883720931,2
0.16,3988519004,random,degree,86,18,0.20930232558139536,14,0.16279069767441862,3
0.16,520072259,random,degree,86,15,0.1744186046511628,12,0.13953488372093023,5
0.16,2095118667,random,degree,86,17,0.19767441860465115,16,0.18604651162790697,2
0.16,1386117787,random,degree,86,27,0.313953488372093,14,0.16279069767441862,1
0.16,2524629384,random,degree,86,20,0.23255813953488372,18,0.20930232558139536,4
0.16,2443992897,random,degree,86,18,0.20930232558139536,15,0.1744186046511628,1
0.16,2322114785,random,degree,86,16,0.18604651162790697,15,0.1744186046511628,4
0.16,989001102,random,degree,86,20,0.23255813953488372,14,0.16279069767441862,5
0.16,2896467303,random,degree,86,22,0.2558139534883721,10,0.11627906976744186,1
0.16,2784820676,random,degree,86,33,0.38372093023255816,11,0.12790697674418605,3
0.16,3788230012,random,degree,86,30,0.3488372093023256,7,0.08139534883720931,0
0.16,1053289919,random,degree,86,14,0.16279069767441862,13,0.1511627906976744,2
0.16,2441288613,random,degree,86,14,0.16279069767441862,13,0.1511627906976744,3
0.16,2577979869,random,degree,86,16,0.18604651162790697,11,0.12790697674418605,1
0.16,699704874,random,degree,86,22,0.2558139534883721,14,0.16279069767441862,2
0.16,570374192,random,degree,86,30,0.3488372093023256,9,0.10465116279069768,4
0.16,2466134849,random,degree,86,21,0.2441860465116279,13,0.1511627906976744,4
0.16,116304032,random,degree,86,24,0.27906976744186046,12,0.13953488372093023,3
0.16,3526671545,random,degree,86,31,0.36046511627906974,13,0.1511627906976744,5
0.16,3491693201,random,degree,86,11,0.12790697674418605,11,0.12790697674418605,3
0.16,2237659650,random,degree,86,13,0.1511627906976744,13,0.1511627906976744,0
0.16,4154418532,random,degree,86,26,0.3023255813953488,16,0.18604651162790697,4
0.16,2064147255,random,degree,86,21,0.2441860465116279,14,0.16279069767441862,4
0.16,3253177784,random,degree,86,16,0.18604651162790697,15,0.1744186046511628,3
0.16,3610787905,random,degree,86,18,0.20930232558139536,14,0.16279069767441862,1
0.16,4176406656,random,degree,86,16,0.18604651162790697,8,0.09302325581395349,2
0.16,4146876829,random,degree,86,20,0.23255813953488372,14,0.16279069767441862,2
0.16,120929324,random,degree,86,22,0.2558139534883721,14,0.16279069767441862,1
0.16,484051182,random,degree,86,29,0.3372093023255814,15,0.1744186046511628,3
0.16,4253520398,random,degree,86,27,0.313953488372093,12,0.13953488372093023,3
0.16,3242996724,random,degree,86,25,0.29069767441860467,7,0.08139534883720931,2
0.16,1893311025,random,degree,86,18,0.20930232558139536,17,0.19767441860465115,3
0.16,1402258394,random,degree,86,15,0.1744186046511628,14,0.16279069767441862,4
0.16,1164685636,random,degree,86,24,0.27906976744186046,11,0.12790697674418605,2
0.16,978655318,random,degree,86,21,0.2441860465116279,8,0.09302325581395349,2
0.16,4207342457,random,degree,86,33,0.38372093023255816,7,0.08139534883720931,3
0.16,893727631,random,degree,86,13,0.1511627906976744,12,0.13953488372093023,1
0.16,990239635,random,degree,86,21,0.2441860465116279,17,0.19767441860465115,2
0.16,764906189,random,degree,86,32,0.37209302325581395,16,0.18604651162790697,2
0.16,2703352774,random,degree,86,14,0.16279069767441862,14,0.16279069767441862,1
0.16,3533281815,random,degree,86,22,0.2558139534883721,15,0.1744186046511628,3
0.16,2471952561,random,degree,86,22,0.2558139534883721,15,0.1744186046511628,1
0.16,4148275230,random,degree,86,12,0.13953488372093023,11,0.12790697674418605,4
0.16,969034669,random,degree,86,20,0.23255813953488372,13,0.1511627906976744,6
0.16,3972364666,random,degree,86,12,0.13953488372093023,12,0.13953488372093023,2
0.16,1680734759,random,degree,86,25,0.29069767441860467,23,0.26744186046511625,1
0.16,501738489,random,degree,86,17,0.19767441860465115,14,0.16279069767441862,2
0.16,3618638093,random,degree,86,17,0.19767441860465115,15,0.1744186046511628,3
0.16,4062367662,random,degree,86,30,0.3488372093023256,11,0.12790697674418605,2
0.16,331963482,random,degree,86,25,0.29069767441860467,10,0.11627906976744186,4
0.16,196147021,random,degree,86,14,0.16279069767441862,12,0.13953488372093023,1
0.16,4209350816,random,degree,86,18,0.20930232558139536,11,0.12790697674418605,3
0.16,1866420657,random,degree,86,24,0.27906976744186046,15,0.1744186046511628,3
0.16,310180386,random,degree,86,19,0.22093023255813954,10,0.11627906976744186,3
0.16,4067195524,random,degree,86,17,0.19767441860465115,13,0.1511627906976744,3
0.16,444539211,random,degree,86,19,0.22093023255813954,12,0.13953488372093023,6
0.16,296401575,random,degree,86,25,0.29069767441860467,13,0.1511627906976744,3
0.16,1587267317,random,degree,86,16,0.18604651162790697,13,0.1511627906976744,2
0.16,2045656040,random,degree,86,23,0.26744186046511625,8,0.09302325581395349,3
0.16,2280717362,random,degree,86,17,0.19767441860465115,14,0.16279069767441862,5
0.16,388886967,random,degree,86,18,0.20930232558139536,16,0.18604651162790697,1
0.16,3163350771,random,degree,86,27,0.313953488372093,14,0.16279069767441862,4
0.16,726748430,random,degree,86,33,0.38372093023255816,16,0.18604651162790697,5
0.16,2426191255,random,degree,86,14,0.16279069767441862,12,0.13953488372093023,3
0.16,2429148200,random,degree,86,10,0.11627906976744186,9,0.10465116279069768,4
0.16,3918491208,random,degree,86,22,0.2558139534883721,12,0.13953488372093023,4
0.16,3561362490,random,degree,86,13,0.1511627906976744,13,0.1511627906976744,3
0.16,1542640229,random,degree,86,14,0.16279069767441862,12,0.13953488372093023,4
0.16,1191580878,random,degree,86,18,0.20930232558139536,12,0.13953488372093023,4
0.17,2512055177,random,degree,86,32,0.37209302325581395,11,0.12790697674418605,2
0.17,920656151,random,degree,86,15,0.1744186046511628,13,0.1511627906976744,4
0.17,3882247302,random,degree,86,16,0.18604651162790697,12,0.13953488372093023,2
0.17,2976697028,random,degree,86,23,0.26744186046511625,21,0.2441860465116279,4
0.17,2062324356,random,degree,86,21,0.2441860465116279,10,0.11627906976744186,5
0.17,1030703706,random,degree,86,15,0.1744186046511628,14,0.16279069767441862,1
0.17,362553565,random,degree,86,18,0.20930232558139536,16,0.18604651162790697,5
0.17,345959252,random,degree,86,18,0.20930232558139536,18,0.20930232558139536,5
0.17,3332802426,random,degree,86,11,0.12790697674418605,11,0.12790697674418605,0
0.17,2024907849,random,degree,86,37,0.43023255813953487,6,0.06976744186046512,4
0.17,1266134579,random,degree,86,17,0.19767441860465115,9,0.10465116279069768,1
0.17,3856121246,random,degree,86,23,0.26744186046511625,13,0.1511627906976744,3
0.17,2607670828,random,degree,86,15,0.1744186046511628,12,0.13953488372093023,3
0.17,3389393307,random,degree,86,19,0.22093023255813954,13,0.1511627906976744,4
0.17,2878590998,random,degree,86,17,0.19767441860465115,12,0.13953488372093023,2
0.17,2263862573,random,degree,86,16,0.18604651162790697,14,0.16279069767441862,2
0.17,3570927804,random,degree,86,36,0.4186046511627907,7,0.08139534883720931,4
0.17,96337397,random,degree,86,16,0.18604651162790697,13,0.1511627906976744,1
0.17,3577421650,random,degree,86,14,0.16279069767441862,13,0.1511627906976744,4
0.17,154962760,random,degree,86,42,0.4883720930232558,7,0.08139534883720931,3
0.17,2334067387,random,degree,86,13,0.1511627906976744,9,0.10465116279069768,1
0.17,4078885108,random,degree,86,12,0.13953488372093023,12,0.13953488372093023,6
0.17,2768407458,random,degree,86,17,0.19767441860465115,11,0.12790697674418605,2
0.17,1278170188,random,degree,86,17,0.19767441860465115,16,0.18604651162790697,5
0.17,2812792414,random,degree,86,29,0.3372093023255814,25,0.29069767441860467,3
0.17,2151168820,random,degree,86,16,0.18604651162790697,9,0.10465116279069768,1
0.17,2024083566,random,degree,86,33,0.38372093023255816,11,0.12790697674418605,1
0.17,2767554746,random,degree,86,16,0.18604651162790697,11,0.12790697674418605,6
0.17,4223338091,random,degree,86,24,0.27906976744186046,10,0.11627906976744186,2
0.17,1462250364,random,degree,86,22,0.2558139534883721,9,0.10465116279069768,3
0.17,441508731,random,degree,86,14,0.16279069767441862,9,0.10465116279069768,1
0.17,366686730,random,degree,86,29,0.3372093023255814,11,0.12790697674418605,3
0.17,29178260,random,degree,86,33,0.38372093023255816,8,0.09302325581395349,1
0.17,2565050343,random,degree,86,16,0.18604651162790697,14,0.16279069767441862,2
0.17,2282638059,random,degree,86,14,0.16279069767441862,11,0.12790697674418605,2
0.17,1974769183,random,degree,86,29,0.3372093023255814,12,0.13953488372093023,3
0.17,2126685737,random,degree,86,10,0.11627906976744186,9,0.10465116279069768,3
0.17,1547316910,random,degree,86,23,0.26744186046511625,17,0.19767441860465115,6
0.17,2343160079,random,degree,86,19,0.22093023255813954,13,0.1511627906976744,3
0.17,3491200035,random,degree,86,29,0.3372093023255814,9,0.10465116279069768,3
0.17,322381510,random,degree,86,17,0.19767441860465115,14,0.16279069767441862,2
0.17,4221784185,random,degree,86,10,0.11627906976744186,9,0.10465116279069768,2
0.17,2871911296,random,degree,86,23,0.26744186046511625,21,0.2441860465116279,3
0.17,108904636,random,degree,86,20,0.23255813953488372,13,0.1511627906976744,1
0.17,2692872514,random,degree,86,27,0.313953488372093,11,0.12790697674418605,4
0.17,685316900,random,degree,86,18,0.20930232558139536,17,0.19767441860465115,5
0.17,858263852,random,degree,86,15,0.1744186046511628,14,0.16279069767441862,5
0.17,4176776285,random,degree,86,23,0.26744186046511625,21,0.2441860465116279,5
0.17,3327238374,random,degree,86,21,0.2441860465116279,7,0.08139534883720931,3
0.17,3058020617,random,degree,86,15,0.1744186046511628,11,0.12790697674418605,1
0.17,1794440990,random,degree,86,25,0.29069767441860467,9,0.10465116279069768,4
0.17,3012540633,random,degree,86,19,0.22093023255813954,12,0.13953488372093023,2
0.17,3221514465,random,degree,86,22,0.2558139534883721,15,0.1744186046511628,3
0.17,587665252,random,degree,86,11,0.12790697674418605,9,0.10465116279069768,2
0.17,2555594342,random,degree,86,19,0.22093023255813954,11,0.12790697674418605,3
0.17,3573979833,random,degree,86,20,0.23255813953488372,16,0.18604651162790697,2
0.17,2090969455,random,degree,86,13,0.1511627906976744,8,0.09302325581395349,4
0.17,2212213875,random,degree,86,16,0.18604651162790697,11,0.12790697674418605,2
0.17,3613182509,random,degree,86,28,0.32558139534883723,16,0.18604651162790697,5
0.17,3553320556,random,degree,86,22,0.2558139534883721,12,0.13953488372093023,3
0.17,3971696295,random,degree,86,14,0.16279069767441862,8,0.09302325581395349,3
0.17,1400362770,random,degree,86,12,0.13953488372093023,11,0.12790697674418605,1
0.17,1920786896,random,degree,86,14,0.16279069767441862,14,0.16279069767441862,1
0.17,3369066956,random,degree,86,20,0.23255813953488372,8,0.09302325581395349,3
0.17,3458567290,random,degree,86,15,0.1744186046511628,12,0.13953488372093023,4
0.17,1558273644,random,degree,86,33,0.38372093023255816,10,0.11627906976744186,2
0.17,181356643,random,degree,86,27,0.313953488372093,9,0.10465116279069768,5
0.17,3252107917,random,degree,86,18,0.20930232558139536,14,0.16279069767441862,3
0.17,2461500800,random,degree,86,27,0.313953488372093,8,0.09302325581395349,1
0.17,2121528197,random,degree,86,15,0.1744186046511628,14,0.16279069767441862,2
0.17,1918042521,random,degree,86,21,0.2441860465116279,12,0.13953488372093023,3
0.17,987739520,random,degree,86,14,0.16279069767441862,9,0.10465116279069768,1
0.17,2939223755,random,degree,86,22,0.2558139534883721,13,0.1511627906976744,4
0.17,1660942960,random,degree,86,15,0.1744186046511628,11,0.12790697674418605,3
0.17,3243780518,random,degree,86,13,0.1511627906976744,11,0.12790697674418605,1
0.17,239542182,random,degree,86,13,0.1511627906976744,9,0.10465116279069768,1
0.17,2010380917,random,degree,86,16,0.18604651162790697,9,0.10465116279069768,2
0.17,3476097730,random,degree,86,15,0.1744186046511628,12,0.13953488372093023,5
0.17,133856089,random,degree,86,15,0.1744186046511628,12,0.13953488372093023,3
0.17,3621439298,random,degree,86,25,0.29069767441860467,9,0.10465116279069768,3
0.17,3507140503,random,degree,86,11,0.12790697674418605,11,0.12790697674418605,2
0.17,311294222,random,degree,86,14,0.16279069767441862,11,0.12790697674418605,4
0.17,1098932972,random,degree,86,21,0.2441860465116279,9,0.10465116279069768,2
0.17,308689377,random,degree,86,19,0.22093023255813954,13,0.1511627906976744,4
0.17,126857923,random,degree,86,18,0.20930232558139536,12,0.13953488372093023,2
0.17,2142338506,random,degree,86,15,0.1744186046511628,12,0.13953488372093023,4
0.17,3443174643,random,degree,86,17,0.19767441860465115,14,0.16279069767441862,2
0.17,4089248351,random,degree,86,22,0.2558139534883721,15,0.1744186046511628,4
0.17,1027008567,random,degree,86,18,0.20930232558139536,10,0.11627906976744186,0
0.17,2981232729,random,degree,86,25,0.29069767441860467,12,0.13953488372093023,4
0.17,3102631384,random,degree,86,17,0.19767441860465115,11,0.12790697674418605,4
0.17,2635856611,random,degree,86,20,0.23255813953488372,16,0.18604651162790697,2
0.17,465833238,random,degree,86,12,0.13953488372093023,11,0.12790697674418605,4
0.17,2229056896,random,degree,86,15,0.1744186046511628,13,0.1511627906976744,4
0.17,1784877467,random,degree,86,17,0.19767441860465115,15,0.1744186046511628,4
0.17,1342103290,random,degree,86,26,0.3023255813953488,12,0.13953488372093023,2
0.17,920505094,random,degree,86,14,0.16279069767441862,11,0.12790697674418605,1
0.17,2564379282,random,degree,86,16,0.18604651162790697,14,0.16279069767441862,4
0.17,3691341264,random,degree,86,18,0.20930232558139536,17,0.19767441860465115,2
0.17,1762690760,random,degree,86,17,0.19767441860465115,8,0.09302325581395349,3
0.18,3941510019,random,degree,86,14,0.16279069767441862,11,0.12790697674418605,3
0.18,1046925682,random,degree,86,29,0.3372093023255814,12,0.13953488372093023,1
0.18,2156671237,random,degree,86,18,0.20930232558139536,10,0.11627906976744186,2
0.18,350711579,random,degree,86,14,0.16279069767441862,12,0.13953488372093023,2
0.18,3686535596,random,degree,86,37,0.43023255813953487,15,0.1744186046511628,5
0.18,2907032783,random,degree,86,13,0.1511627906976744,9,0.10465116279069768,3
0.18,1607463580,random,degree,86,30,0.3488372093023256,7,0.08139534883720931,2
0.18,4281693545,random,degree,86,17,0.19767441860465115,12,0.13953488372093023,2
0.18,2578844026,random,degree,86,24,0.27906976744186046,13,0.1511627906976744,2
0.18,633506321,random,degree,86,20,0.23255813953488372,7,0.08139534883720931,2
0.18,1633765780,random,degree,86,22,0.2558139534883721,14,0.16279069767441862,4
0.18,3106532262,random,degree,86,28,0.32558139534883723,10,0.11627906976744186,1
0.18,118272834,random,degree,86,16,0.18604651162790697,13,0.1511627906976744,2
0.18,1162142393,random,degree,86,17,0.19767441860465115,14,0.16279069767441862,3
0.18,2585010758,random,degree,86,22,0.2558139534883721,11,0.12790697674418605,0
0.18,3775359497,random,degree,86,27,0.313953488372093,9,0.10465116279069768,4
0.18,3251657176,random,degree,86,16,0.18604651162790697,12,0.13953488372093023,3
0.18,3009699744,random,degree,86,20,0.23255813953488372,12,0.13953488372093023,1
0.18,3283422065,random,degree,86,17,0.19767441860465115,14,0.16279069767441862,1
0.18,2519808374,random,degree,86,16,0.18604651162790697,12,0.13953488372093023,2
0.18,3986668544,random,degree,86,14,0.16279069767441862,11,0.12790697674418605,4
0.18,4142761772,random,degree,86,24,0.27906976744186046,7,0.08139534883720931,4
0.18,268327307,random,degree,86,15,0.1744186046511628,10,0.11627906976744186,4
0.18,2367460324,random,degree,86,16,0.18604651162790697,12,0.13953488372093023,4
0.18,2148130092,random,degree,86,22,0.2558139534883721,10,0.11627906976744186,3
0.18,4266468960,random,degree,86,41,0.47674418604651164,7,0.08139534883720931,7
0.18,2033455955,random,degree,86,13,0.1511627906976744,10,0.11627906976744186,3
0.18,1797013954,random,degree,86,22,0.2558139534883721,11,0.12790697674418605,1
0.18,2703150345,random,degree,86,29,0.3372093023255814,15,0.1744186046511628,2
0.18,1442724313,random,degree,86,15,0.1744186046511628,15,0.1744186046511628,1
0.18,2871588594,random,degree,86,15,0.1744186046511628,15,0.1744186046511628,5
0.18,3528793523,random,degree,86,14,0.16279069767441862,12,0.13953488372093023,3
0.18,461441582,random,degree,86,16,0.18604651162790697,13,0.1511627906976744,3
0.18,734728864,random,degree,86,34,0.3953488372093023,8,0.09302325581395349,3
0.18,3936001247,random,degree,86,12,0.13953488372093023,11,0.12790697674418605,3
0.18,2521180253,random,degree,86,11,0.12790697674418605,9,0.10465116279069768,2
0.18,2656576969,random,degree,86,29,0.3372093023255814,9,0.10465116279069768,2
0.18,2322276184,random,degree,86,21,0.2441860465116279,16,0.18604651162790697,3
0.18,42121723,random,degree,86,19,0.22093023255813954,15,0.1744186046511628,2
0.18,3068764774,random,degree,86,12,0.13953488372093023,10,0.11627906976744186,3
0.18,1961993652,random,degree,86,21,0.2441860465116279,9,0.10465116279069768,1
0.18,758212851,random,degree,86,24,0.27906976744186046,8,0.09302325581395349,3
0.18,3743986079,random,degree,86,21,0.2441860465116279,13,0.1511627906976744,2
0.18,3562205748,random,degree,86,13,0.1511627906976744,11,0.12790697674418605,2
0.18,383392870,random,degree,86,21,0.2441860465116279,14,0.16279069767441862,3
0.18,199581680,random,degree,86,19,0.22093023255813954,11,0.12790697674418605,2
0.18,516723648,random,degree,86,21,0.2441860465116279,9,0.10465116279069768,0
0.18,1468214563,random,degree,86,13,0.1511627906976744,12,0.13953488372093023,4
0.18,1823493613,random,degree,86,29,0.3372093023255814,12,0.13953488372093023,2
0.18,2022930744,random,degree,86,24,0.27906976744186046,19,0.22093023255813954,6
0.18,1289212580,random,degree,86,12,0.13953488372093023,10,0.11627906976744186,3
0.18,3613621041,random,degree,86,10,0.11627906976744186,8,0.09302325581395349,4
0.18,642093187,random,degree,86,22,0.2558139534883721,15,0.1744186046511628,6
0.18,1190684350,random,degree,86,24,0.27906976744186046,18,0.20930232558139536,3
0.18,2549992290,random,degree,86,30,0.3488372093023256,6,0.06976744186046512,2
0.18,3766012873,random,degree,86,18,0.20930232558139536,10,0.11627906976744186,4
0.18,2286416417,random,degree,86,13,0.1511627906976744,9,0.10465116279069768,5
0.18,4167861084,random,degree,86,17,0.19767441860465115,13,0.1511627906976744,2
0.18,1164537478,random,degree,86,23,0.26744186046511625,10,0.11627906976744186,3
0.18,738337486,random,degree,86,30,0.3488372093023256,11,0.12790697674418605,2
0.18,1287153457,random,degree,86,20,0.23255813953488372,14,0.16279069767441862,2
0.18,2114619704,random,degree,86,18,0.20930232558139536,14,0.16279069767441862,5
0.18,1444189312,random,degree,86,14,0.16279069767441862,11,0.12790697674418605,2
0.18,661180792,random,degree,86,10,0.11627906976744186,9,0.10465116279069768,2
0.18,4244533067,random,degree,86,20,0.23255813953488372,10,0.11627906976744186,5
0.18,2270033977,random,degree,86,18,0.20930232558139536,9,0.10465116279069768,3
0.18,2255373391,random,degree,86,10,0.11627906976744186,10,0.11627906976744186,2
0.18,206087276,random,degree,86,11,0.12790697674418605,10,0.11627906976744186,2
0.18,138617055,random,degree,86,16,0.18604651162790697,13,0.1511627906976744,4
0.18,4187661711,random,degree,86,21,0.2441860465116279,12,0.13953488372093023,3
0.18,2990050566,random,degree,86,35,0.4069767441860465,12,0.13953488372093023,1
0.18,4135023570,random,degree,86,12,0.13953488372093023,12,0.13953488372093023,4
0.18,1650884871,random,degree,86,21,0.2441860465116279,14,0.16279069767441862,3
0.18,2358170320,random,degree,86,26,0.3023255813953488,10,0.11627906976744186,2
0.18,2866136943,random,degree,86,20,0.23255813953488372,18,0.20930232558139536,5
0.18,783392975,random,degree,86,19,0.22093023255813954,8,0.09302325581395349,2
0.18,4175887603,random,degree,86,18,0.20930232558139536,8,0.09302325581395349,3
0.18,1113816460,random,degree,86,21,0.2441860465116279,9,0.10465116279069768,2
0.18,151839583,random,degree,86,26,0.3023255813953488,9,0.10465116279069768,4
0.18,1456355443,random,degree,86,14,0.16279069767441862,11,0.12790697674418605,1
0.18,1388567977,random,degree,86,16,0.18604651162790697,15,0.1744186046511628,2
0.18,2296627721,random,degree,86,12,0.13953488372093023,11,0.12790697674418605,4
0.18,2229957200,random,degree,86,16,0.18604651162790697,13,0.1511627906976744,1
0.18,2977189279,random,degree,86,20,0.23255813953488372,13,0.1511627906976744,3
0.18,2574518412,random,degree,86,29,0.3372093023255814,11,0.12790697674418605,2
0.18,319451903,random,degree,86,27,0.313953488372093,9,0.10465116279069768,5
0.18,1498218007,random,degree,86,11,0.12790697674418605,9,0.10465116279069768,5
0.18,2409807579,random,degree,86,20,0.23255813953488372,10,0.11627906976744186,2
0.18,3856572469,random,degree,86,11,0.12790697674418605,9,0.10465116279069768,1
0.18,2975242251,random,degree,86,26,0.3023255813953488,13,0.1511627906976744,3
0.18,2484774849,random,degree,86,22,0.2558139534883721,8,0.09302325581395349,2
0.18,2647546627,random,degree,86,15,0.1744186046511628,8,0.09302325581395349,0
0.18,2431046560,random,degree,86,34,0.3953488372093023,14,0.16279069767441862,1
0.18,2669934866,random,degree,86,16,0.18604651162790697,10,0.11627906976744186,2
0.18,3709283598,random,degree,86,15,0.1744186046511628,15,0.1744186046511628,2
0.18,2744970098,random,degree,86,12,0.13953488372093023,12,0.13953488372093023,1
0.18,1866608441,random,degree,86,20,0.23255813953488372,16,0.18604651162790697,4
0.18,3587986316,random,degree,86,15,0.1744186046511628,10,0.11627906976744186,2
0.18,524722274,random,degree,86,21,0.2441860465116279,11,0.12790697674418605,0
0.18,2797729594,random,degree,86,17,0.19767441860465115,11,0.12790697674418605,2
0.19,4088419074,random,degree,86,19,0.22093023255813954,14,0.16279069767441862,4
0.19,3373788157,random,degree,86,11,0.12790697674418605,10,0.11627906976744186,5
0.19,2319844469,random,degree,86,15,0.1744186046511628,14,0.16279069767441862,2
0.19,3084178450,random,degree,86,18,0.20930232558139536,11,0.12790697674418605,4
0.19,3984627433,random,degree,86,12,0.13953488372093023,11,0.12790697674418605,2
0.19,2919113713,random,degree,86,12,0.13953488372093023,10,0.11627906976744186,3
0.19,1550094281,random,degree,86,15,0.1744186046511628,13,0.1511627906976744,3
0.19,2748425195,random,degree,86,27,0.313953488372093,7,0.08139534883720931,3
0.19,896581627,random,degree,86,16,0.18604651162790697,11,0.12790697674418605,4
0.19,2629515637,random,degree,86,16,0.18604651162790697,14,0.16279069767441862,4
0.19,739885933,random,degree,86,14,0.16279069767441862,12,0.13953488372093023,1
0.19,1656482366,random,degree,86,29,0.3372093023255814,9,0.10465116279069768,1
0.19,421634752,random,degree,86,26,0.3023255813953488,11,0.12790697674418605,1
0.19,2426642998,random,degree,86,29,0.3372093023255814,8,0.09302325581395349,4
0.19,1775677787,random,degree,86,20,0.23255813953488372,12,0.13953488372093023,4
0.19,1698185017,random,degree,86,15,0.1744186046511628,11,0.12790697674418605,4
0.19,3809489692,random,degree,86,12,0.13953488372093023,10,0.11627906976744186,3
0.19,4209907225,random,degree,86,17,0.19767441860465115,13,0.1511627906976744,2
0.19,196936183,random,degree,86,28,0.32558139534883723,10,0.11627906976744186,4
0.19,1259386400,random,degree,86,18,0.20930232558139536,13,0.1511627906976744,3
0.19,1108328237,random,degree,86,18,0.20930232558139536,18,0.20930232558139536,3
0.19,1033853157,random,degree,86,14,0.16279069767441862,12,0.13953488372093023,2
0.19,1975217268,random,degree,86,22,0.2558139534883721,10,0.11627906976744186,4
0.19,341582415,random,degree,86,9,0.10465116279069768,9,0.10465116279069768,2
0.19,1561507129,random,degree,86,13,0.1511627906976744,9,0.10465116279069768,4
0.19,1798884717,random,degree,86,25,0.29069767441860467,13,0.1511627906976744,1
0.19,3752045588,random,degree,86,13,0.1511627906976744,10,0.11627906976744186,3
0.19,655497257,random,degree,86,21,0.2441860465116279,10,0.11627906976744186,2
0.19,3996125697,random,degree,86,16,0.18604651162790697,10,0.11627906976744186,3
0.19,4025541102,random,degree,86,30,0.3488372093023256,9,0.10465116279069768,2
0.19,358661096,random,degree,86,15,0.1744186046511628,13,0.1511627906976744,5
0.19,3383803280,random,degree,86,25,0.29069767441860467,14,0.16279069767441862,4
0.19,3503594797,random,degree,86,12,0.13953488372093023,8,0.09302325581395349,4
0.19,2259979247,random,degree,86,11,0.12790697674418605,9,0.10465116279069768,3
0.19,2288915909,random,degree,86,27,0.313953488372093,6,0.06976744186046512,3
0.19,244675349,random,degree,86,10,0.11627906976744186,8,0.09302325581395349,4
0.19,3486246892,random,degree,86,17,0.19767441860465115,13,0.1511627906976744,3
0.19,3773444783,random,degree,86,15,0.1744186046511628,9,0.10465116279069768,2
0.19,515391398,random,degree,86,14,0.16279069767441862,10,0.11627906976744186,1
0.19,200266664,random,degree,86,29,0.3372093023255814,10,0.11627906976744186,2
0.19,1138774084,random,degree,86,17,0.19767441860465115,14,0.16279069767441862,5
0.19,2610464945,random,degree,86,37,0.43023255813953487,7,0.08139534883720931,2
0.19,3757841709,random,degree,86,13,0.1511627906976744,11,0.12790697674418605,3
0.19,786155766,random,degree,86,18,0.20930232558139536,12,0.13953488372093023,2
0.19,95164997,random,degree,86,19,0.22093023255813954,9,0.10465116279069768,4
0.19,1589842510,random,degree,86,12,0.13953488372093023,10,0.11627906976744186,2
0.19,3017586892,random,degree,86,11,0.12790697674418605,9,0.10465116279069768,6
0.19,1645390170,random,degree,86,13,0.1511627906976744,13,0.1511627906976744,3
0.19,61869596,random,degree,86,13,0.1511627906976744,10,0.11627906976744186,0
0.19,1697176203,random,degree,86,23,0.26744186046511625,20,0.23255813953488372,4
0.19,3080444957,random,degree,86,16,0.18604651162790697,11,0.12790697674418605,1
0.19,4072443313,random,degree,86,16,0.18604651162790697,14,0.16279069767441862,3
0.19,2293731175,random,degree,86,16,0.18604651162790697,10,0.11627906976744186,4
0.19,3966245097,random,degree,86,14,0.16279069767441862,13,0.1511627906976744,5
0.19,3794961042,random,degree,86,13,0.1511627906976744,10,0.11627906976744186,2
0.19,638559945,random,degree,86,16,0.18604651162790697,11,0.12790697674418605,1
0.19,3754746995,random,degree,86,12,0.13953488372093023,7,0.08139534883720931,1
0.19,3494121399,random,degree,86,11,0.12790697674418605,8,0.09302325581395349,1
0.19,1067895015,random,degree,86,18,0.20930232558139536,10,0.11627906976744186,5
0.19,646804707,random,degree,86,18,0.20930232558139536,16,0.18604651162790697,2
0.19,2476250293,random,degree,86,19,0.22093023255813954,8,0.09302325581395349,3
0.19,3971358899,random,degree,86,20,0.23255813953488372,16,0.18604651162790697,2
0.19,4053726440,random,degree,86,12,0.13953488372093023,12,0.13953488372093023,2
0.19,2651302852,random,degree,86,15,0.1744186046511628,13,0.1511627906976744,2
0.19,1021101630,random,degree,86,24,0.27906976744186046,18,0.20930232558139536,3
0.19,3535659312,random,degree,86,17,0.19767441860465115,16,0.18604651162790697,5
0.19,1965748256,random,degree,86,13,0.1511627906976744,11,0.12790697674418605,3
0.19,3410817505,random,degree,86,17,0.19767441860465115,17,0.19767441860465115,3
0.19,2953118830,random,degree,86,13,0.1511627906976744,10,0.11627906976744186,3
0.19,4152190387,random,degree,86,25,0.29069767441860467,10,0.11627906976744186,3
0.19,3904863358,random,degree,86,14,0.16279069767441862,12,0.13953488372093023,4
0.19,268738199,random,degree,86,10,0.11627906976744186,9,0.10465116279069768,0
0.19,3491341758,random,degree,86,31,0.36046511627906974,15,0.1744186046511628,2
0.19,4129973045,random,degree,86,12,0.13953488372093023,12,0.13953488372093023,1
0.19,3393939698,random,degree,86,15,0.1744186046511628,13,0.1511627906976744,6
0.19,2734179055,random,degree,86,23,0.26744186046511625,11,0.12790697674418605,5
0.19,2520796358,random,degree,86,19,0.22093023255813954,14,0.16279069767441862,0
0.19,3670502613,random,degree,86,17,0.19767441860465115,13,0.1511627906976744,1
0.19,4142061697,random,degree,86,20,0.23255813953488372,11,0.12790697674418605,3
0.19,2651734866,random,degree,86,20,0.23255813953488372,11,0.12790697674418605,5
0.19,2075128320,random,degree,86,14,0.16279069767441862,9,0.10465116279069768,2
0.19,3220758576,random,degree,86,14,0.16279069767441862,12,0.13953488372093023,6
0.19,1151288215,random,degree,86,13,0.1511627906976744,9,0.10465116279069768,1
0.19,1437043379,random,degree,86,19,0.22093023255813954,13,0.1511627906976744,5
0.19,3006641975,random,degree,86,21,0.2441860465116279,13,0.1511627906976744,4
0.19,240259090,random,degree,86,26,0.3023255813953488,12,0.13953488372093023,3
0.19,4234628516,random,degree,86,18,0.20930232558139536,8,0.09302325581395349,3
0.19,736655361,random,degree,86,14,0.16279069767441862,10,0.11627906976744186,3
0.19,534518493,random,degree,86,20,0.23255813953488372,10,0.11627906976744186,4
0.19,2107225250,random,degree,86,27,0.313953488372093,13,0.1511627906976744,3
0.19,1748797522,random,degree,86,15,0.1744186046511628,14,0.16279069767441862,4
0.19,1772142114,random,degree,86,23,0.26744186046511625,8,0.09302325581395349,3
0.19,873951735,random,degree,86,13,0.1511627906976744,11,0.12790697674418605,3
0.19,350476252,random,degree,86,18,0.20930232558139536,11,0.12790697674418605,3
0.19,2391554814,random,degree,86,14,0.16279069767441862,9,0.10465116279069768,0
0.19,2911731078,random,degree,86,20,0.23255813953488372,18,0.20930232558139536,5
0.19,1348054557,random,degree,86,20,0.23255813953488372,17,0.19767441860465115,2
0.19,251200764,random,degree,86,16,0.18604651162790697,13,0.1511627906976744,7
0.19,495902386,random,degree,86,26,0.3023255813953488,12,0.13953488372093023,2
0.19,2469413742,random,degree,86,13,0.1511627906976744,12,0.13953488372093023,5
0.2,1013476761,random,degree,86,18,0.20930232558139536,12,0.13953488372093023,5
0.2,792112385,random,degree,86,15,0.1744186046511628,13,0.1511627906976744,4
0.2,1649030191,random,degree,86,14,0.16279069767441862,11,0.12790697674418605,1
0.2,2125331731,random,degree,86,23,0.26744186046511625,23,0.26744186046511625,3
0.2,2774393773,random,degree,86,29,0.3372093023255814,12,0.13953488372093023,3
0.2,1152866935,random,degree,86,13,0.1511627906976744,13,0.1511627906976744,7
0.2,3195286228,random,degree,86,13,0.1511627906976744,11,0.12790697674418605,3
0.2,3130263069,random,degree,86,18,0.20930232558139536,6,0.06976744186046512,3
0.2,2697507912,random,degree,86,21,0.2441860465116279,12,0.13953488372093023,3
0.2,658571342,random,degree,86,21,0.2441860465116279,17,0.19767441860465115,3
0.2,2653987476,random,degree,86,17,0.19767441860465115,11,0.12790697674418605,2
0.2,370440379,random,degree,86,15,0.1744186046511628,11,0.12790697674418605,3
0.2,2263919815,random,degree,86,16,0.18604651162790697,12,0.13953488372093023,3
0.2,677694638,random,degree,86,26,0.3023255813953488,9,0.10465116279069768,7
0.2,1058136663,random,degree,86,17,0.19767441860465115,10,0.11627906976744186,4
0.2,16837254,random,degree,86,18,0.20930232558139536,9,0.10465116279069768,6
0.2,3290154937,random,degree,86,17,0.19767441860465115,10,0.11627906976744186,6
0.2,2422493486,random,degree,86,11,0.12790697674418605,10,0.11627906976744186,5
0.2,594704484,random,degree,86,16,0.18604651162790697,9,0.10465116279069768,6
0.2,990346255,random,degree,86,12,0.13953488372093023,10,0.11627906976744186,0
0.2,3938926203,random,degree,86,18,0.20930232558139536,9,0.10465116279069768,3
0.2,2155540984,random,degree,86,15,0.1744186046511628,12,0.13953488372093023,4
0.2,359198341,random,degree,86,21,0.2441860465116279,13,0.1511627906976744,0
0.2,1980989797,random,degree,86,26,0.3023255813953488,9,0.10465116279069768,6
0.2,888890024,random,degree,86,18,0.20930232558139536,14,0.16279069767441862,3
0.2,3229906047,random,degree,86,17,0.19767441860465115,14,0.16279069767441862,3
0.2,307144130,random,degree,86,9,0.10465116279069768,8,0.09302325581395349,1
0.2,3733809390,random,degree,86,18,0.20930232558139536,17,0.19767441860465115,2
0.2,3152967024,random,degree,86,15,0.1744186046511628,9,0.10465116279069768,4
0.2,3529616624,random,degree,86,26,0.3023255813953488,7,0.08139534883720931,5
0.2,1702180582,random,degree,86,15,0.1744186046511628,10,0.11627906976744186,3
0.2,3110621919,random,degree,86,25,0.29069767441860467,13,0.1511627906976744,8
0.2,2531486864,random,degree,86,12,0.13953488372093023,12,0.13953488372093023,3
0.2,1202916474,random,degree,86,28,0.32558139534883723,7,0.08139534883720931,5
0.2,795646668,random,degree,86,20,0.23255813953488372,13,0.1511627906976744,4
0.2,929048133,random,degree,86,21,0.2441860465116279,20,0.23255813953488372,6
0.2,3111725203,random,degree,86,16,0.18604651162790697,14,0.16279069767441862,3
0.2,3712706132,random,degree,86,11,0.12790697674418605,11,0.12790697674418605,0
0.2,329486407,random,degree,86,18,0.20930232558139536,13,0.1511627906976744,1
0.2,3257955374,random,degree,86,18,0.20930232558139536,11,0.12790697674418605,2
0.2,1425454289,random,degree,86,20,0.23255813953488372,9,0.10465116279069768,4
0.2,721038681,random,degree,86,12,0.13953488372093023,7,0.08139534883720931,5
0.2,153292079,random,degree,86,21,0.2441860465116279,12,0.13953488372093023,7
0.2,1198104637,random,degree,86,25,0.29069767441860467,7,0.08139534883720931,3
0.2,4202329064,random,degree,86,15,0.1744186046511628,9,0.10465116279069768,2
0.2,2077398632,random,degree,86,20,0.23255813953488372,12,0.13953488372093023,5
0.2,2307808541,random,degree,86,19,0.22093023255813954,10,0.11627906976744186,4
0.2,397358400,random,degree,86,14,0.16279069767441862,11,0.12790697674418605,4
0.2,3111947890,random,degree,86,21,0.2441860465116279,10,0.11627906976744186,2
0.2,158568739,random,degree,86,27,0.313953488372093,7,0.08139534883720931,2
0.2,1254030037,random,degree,86,15,0.1744186046511628,13,0.1511627906976744,6
0.2,2771919878,random,degree,86,16,0.18604651162790697,13,0.1511627906976744,2
0.2,3779765292,random,degree,86,15,0.1744186046511628,9,0.10465116279069768,4
0.2,1506719927,random,degree,86,22,0.2558139534883721,11,0.12790697674418605,2
0.2,3575207195,random,degree,86,14,0.16279069767441862,8,0.09302325581395349,6
0.2,2417333942,random,degree,86,27,0.313953488372093,10,0.11627906976744186,3
0.2,2314091597,random,degree,86,15,0.1744186046511628,11,0.12790697674418605,4
0.2,2347110828,random,degree,86,13,0.1511627906976744,11,0.12790697674418605,4
0.2,635867597,random,degree,86,12,0.13953488372093023,11,0.12790697674418605,1
0.2,2974914788,random,degree,86,14,0.16279069767441862,8,0.09302325581395349,3
0.2,609698617,random,degree,86,13,0.1511627906976744,10,0.11627906976744186,3
0.2,3777324872,random,degree,86,11,0.12790697674418605,10,0.11627906976744186,5
0.2,2533860451,random,degree,86,29,0.3372093023255814,8,0.09302325581395349,1
0.2,1200474895,random,degree,86,21,0.2441860465116279,12,0.13953488372093023,6
0.2,845434425,random,degree,86,20,0.23255813953488372,8,0.09302325581395349,1
0.2,1661906254,random,degree,86,26,0.3023255813953488,17,0.19767441860465115,3
0.2,1945472803,random,degree,86,13,0.1511627906976744,9,0.10465116279069768,5
0.2,63196650,random,degree,86,20,0.23255813953488372,13,0.1511627906976744,7
0.2,2392960656,random,degree,86,19,0.22093023255813954,8,0.09302325581395349,3
0.2,4193311350,random,degree,86,17,0.19767441860465115,10,0.11627906976744186,4
0.2,1912747215,random,degree,86,13,0.1511627906976744,12,0.13953488372093023,4
0.2,1700890036,random,degree,86,17,0.19767441860465115,13,0.1511627906976744,3
0.2,1008908280,random,degree,86,23,0.26744186046511625,19,0.22093023255813954,4
0.2,3391091697,random,degree,86,17,0.19767441860465115,11,0.12790697674418605,4
0.2,3429100656,random,degree,86,13,0.1511627906976744,10,0.11627906976744186,2
0.2,1319725130,random,degree,86,12,0.13953488372093023,11,0.12790697674418605,5
0.2,3112942286,random,degree,86,10,0.11627906976744186,9,0.10465116279069768,2
0.2,1607871417,random,degree,86,12,0.13953488372093023,11,0.12790697674418605,3
0.2,174059826,random,degree,86,40,0.46511627906976744,8,0.09302325581395349,3
0.2,2872642224,random,degree,86,14,0.16279069767441862,10,0.11627906976744186,4
0.2,2036845221,random,degree,86,35,0.4069767441860465,6,0.06976744186046512,8
0.2,2506571765,random,degree,86,23,0.26744186046511625,7,0.08139534883720931,4
0.2,4184598954,random,degree,86,14,0.16279069767441862,9,0.10465116279069768,4
0.2,3145378490,random,degree,86,22,0.2558139534883721,16,0.18604651162790697,3
0.2,2600865958,random,degree,86,14,0.16279069767441862,11,0.12790697674418605,3
0.2,4161614824,random,degree,86,18,0.20930232558139536,9,0.10465116279069768,5
0.2,771683434,random,degree,86,18,0.20930232558139536,12,0.13953488372093023,3
0.2,2333541563,random,degree,86,19,0.22093023255813954,8,0.09302325581395349,5
0.2,1137028847,random,degree,86,38,0.4418604651162791,5,0.05813953488372093,8
0.2,1637595262,random,degree,86,36,0.4186046511627907,8,0.09302325581395349,2
0.2,4090240675,random,degree,86,17,0.19767441860465115,13,0.1511627906976744,3
0.2,159891925,random,degree,86,19,0.22093023255813954,7,0.08139534883720931,3
0.2,336609056,random,degree,86,10,0.11627906976744186,7,0.08139534883720931,4
0.2,3566801873,random,degree,86,17,0.19767441860465115,9,0.10465116279069768,1
0.2,1012511963,random,degree,86,12,0.13953488372093023,8,0.09302325581395349,2
0.2,27520086,random,degree,86,29,0.3372093023255814,7,0.08139534883720931,4
0.2,3173630124,random,degree,86,20,0.23255813953488372,9,0.10465116279069768,4
0.2,3199060939,random,degree,86,23,0.26744186046511625,9,0.10465116279069768,3
0.2,3179700467,random,degree,86,13,0.1511627906976744,10,0.11627906976744186,4
0.2,3204862583,random,degree,86,8,0.09302325581395349,8,0.09302325581395349,4
0.21,2687901501,random,degree,86,26,0.3023255813953488,8,0.09302325581395349,7
0.21,386741512,random,degree,86,11,0.12790697674418605,10,0.11627906976744186,6
0.21,3130996800,random,degree,86,15,0.1744186046511628,10,0.11627906976744186,4
0.21,2901685286,random,degree,86,15,0.1744186046511628,14,0.16279069767441862,2
0.21,3717887653,random,degree,86,28,0.32558139534883723,7,0.08139534883720931,4
0.21,2853990828,random,degree,86,12,0.13953488372093023,10,0.11627906976744186,2
0.21,3887873412,random,degree,86,13,0.1511627906976744,8,0.09302325581395349,4
0.21,472563069,random,degree,86,12,0.13953488372093023,8,0.09302325581395349,5
0.21,926640191,random,degree,86,16,0.18604651162790697,8,0.09302325581395349,2
0.21,2684398887,random,degree,86,13,0.1511627906976744,13,0.1511627906976744,4
0.21,1244200223,random,degree,86,28,0.32558139534883723,16,0.18604651162790697,2
0.21,3109757523,random,degree,86,11,0.12790697674418605,9,0.10465116279069768,4
0.21,2555903305,random,degree,86,28,0.32558139534883723,7,0.08139534883720931,6
0.21,3046532195,random,degree,86,13,0.1511627906976744,11,0.12790697674418605,2
0.21,1163451190,random,degree,86,26,0.3023255813953488,11,0.12790697674418605,8
0.21,1340285108,random,degree,86,21,0.2441860465116279,6,0.06976744186046512,3
0.21,1606403114,random,degree,86,13,0.1511627906976744,9,0.10465116279069768,4
0.21,3344239486,random,degree,86,14,0.16279069767441862,9,0.10465116279069768,3
0.21,174696108,random,degree,86,15,0.1744186046511628,13,0.1511627906976744,5
0.21,720542957,random,degree,86,20,0.23255813953488372,11,0.12790697674418605,4
0.21,1706656404,random,degree,86,15,0.1744186046511628,9,0.10465116279069768,7
0.21,21240242,random,degree,86,13,0.1511627906976744,11,0.12790697674418605,5
0.21,1444376660,random,degree,86,21,0.2441860465116279,15,0.1744186046511628,6
0.21,2040443887,random,degree,86,14,0.16279069767441862,13,0.1511627906976744,2
0.21,2536875294,random,degree,86,14,0.16279069767441862,10,0.11627906976744186,4
0.21,1062338126,random,degree,86,15,0.1744186046511628,14,0.16279069767441862,3
0.21,3596592277,random,degree,86,12,0.13953488372093023,9,0.10465116279069768,2
0.21,3878574946,random,degree,86,19,0.22093023255813954,11,0.12790697674418605,3
0.21,2609112238,random,degree,86,25,0.29069767441860467,10,0.11627906976744186,3
0.21,26131975,random,degree,86,20,0.23255813953488372,9,0.10465116279069768,4
0.21,1183174775,random,degree,86,13,0.1511627906976744,8,0.09302325581395349,6
0.21,840785661,random,degree,86,18,0.20930232558139536,7,0.08139534883720931,4
0.21,831678212,random,degree,86,11,0.12790697674418605,9,0.10465116279069768,2
0.21,1329553379,random,degree,86,14,0.16279069767441862,11,0.12790697674418605,6
0.21,1453709557,random,degree,86,23,0.26744186046511625,14,0.16279069767441862,6
0.21,3489873080,random,degree,86,19,0.22093023255813954,10,0.11627906976744186,3
0.21,2425695337,random,degree,86,20,0.23255813953488372,15,0.1744186046511628,5
0.21,130871036,random,degree,86,15,0.1744186046511628,13,0.1511627906976744,4
0.21,50934091,random,degree,86,14,0.16279069767441862,12,0.13953488372093023,4
0.21,3944683375,random,degree,86,22,0.2558139534883721,9,0.10465116279069768,4
0.21,4150471694,random,degree,86,17,0.19767441860465115,8,0.09302325581395349,0
0.21,3586818023,random,degree,86,16,0.18604651162790697,7,0.08139534883720931,3
0.21,183829100,random,degree,86,18,0.20930232558139536,9,0.10465116279069768,1
0.21,4201860020,random,degree,86,14,0.16279069767441862,9,0.10465116279069768,5
0.21,2471243556,random,degree,86,17,0.19767441860465115,14,0.16279069767441862,4
0.21,1070765545,random,degree,86,18,0.20930232558139536,7,0.08139534883720931,2
0.21,1689997128,random,degree,86,13,0.1511627906976744,9,0.10465116279069768,4
0.21,2142668747,random,degree,86,26,0.3023255813953488,7,0.08139534883720931,3
0.21,1624965712,random,degree,86,21,0.2441860465116279,6,0.06976744186046512,6
0.21,2145695957,random,degree,86,19,0.22093023255813954,17,0.19767441860465115,2
0.21,1039931136,random,degree,86,12,0.13953488372093023,11,0.12790697674418605,4
0.21,2982108776,random,degree,86,19,0.22093023255813954,13,0.1511627906976744,3
0.21,126856683,random,degree,86,11,0.12790697674418605,11,0.12790697674418605,4
0.21,2937276543,random,degree,86,18,0.20930232558139536,8,0.09302325581395349,6
0.21,1610325625,random,degree,86,14,0.16279069767441862,10,0.11627906976744186,2
0.21,3956045766,random,degree,86,19,0.22093023255813954,10,0.11627906976744186,3
0.21,2675782736,random,degree,86,10,0.11627906976744186,8,0.09302325581395349,3
0.21,3284474866,random,degree,86,21,0.2441860465116279,12,0.13953488372093023,2
0.21,1615772220,random,degree,86,20,0.23255813953488372,13,0.1511627906976744,3
0.21,1276056393,random,degree,86,14,0.16279069767441862,13,0.1511627906976744,8
0.21,1805261754,random,degree,86,10,0.11627906976744186,9,0.10465116279069768,4
0.21,444547065,random,degree,86,12,0.13953488372093023,12,0.13953488372093023,5
0.21,2432437486,random,degree,86,21,0.2441860465116279,15,0.1744186046511628,6
0.21,4276001988,random,degree,86,12,0.13953488372093023,9,0.10465116279069768,7
0.21,4048878539,random,degree,86,12,0.13953488372093023,11,0.12790697674418605,6
0.21,795788197,random,degree,86,14,0.16279069767441862,9,0.10465116279069768,5
0.21,1730756561,random,degree,86,19,0.22093023255813954,12,0.13953488372093023,5
0.21,3480771047,random,degree,86,16,0.18604651162790697,12,0.13953488372093023,4
0.21,3338455871,random,degree,86,20,0.23255813953488372,10,0.11627906976744186,2
0.21,2319307239,random,degree,86,17,0.19767441860465115,13,0.1511627906976744,3
0.21,1972604008,random,degree,86,19,0.22093023255813954,14,0.16279069767441862,4
0.21,239946312,random,degree,86,22,0.2558139534883721,8,0.09302325581395349,3
0.21,3964433384,random,degree,86,28,0.32558139534883723,8,0.09302325581395349,2
0.21,1942885712,random,degree,86,21,0.2441860465116279,13,0.1511627906976744,4
0.21,2316859690,random,degree,86,8,0.09302325581395349,6,0.06976744186046512,1
0.21,2130378911,random,degree,86,20,0.23255813953488372,16,0.18604651162790697,2
0.21,133779893,random,degree,86,10,0.11627906976744186,9,0.10465116279069768,2
0.21,3167869911,random,degree,86,20,0.23255813953488372,8,0.09302325581395349,5
0.21,1069124223,random,degree,86,15,0.1744186046511628,9,0.10465116279069768,3
0.21,3374271754,random,degree,86,13,0.1511627906976744,13,0.1511627906976744,5
0.21,2308482461,random,degree,86,26,0.3023255813953488,9,0.10465116279069768,2
0.21,3636811088,random,degree,86,13,0.1511627906976744,12,0.13953488372093023,5
0.21,3490561919,random,degree,86,13,0.1511627906976744,12,0.13953488372093023,2
0.21,230997840,random,degree,86,14,0.16279069767441862,7,0.08139534883720931,2
0.21,278893351,random,degree,86,18,0.20930232558139536,10,0.11627906976744186,6
0.21,2163147413,random,degree,86,25,0.29069767441860467,10,0.11627906976744186,6
0.21,1628021763,random,degree,86,15,0.1744186046511628,12,0.13953488372093023,2
0.21,1700408978,random,degree,86,24,0.27906976744186046,8,0.09302325581395349,5
0.21,2712538769,random,degree,86,15,0.1744186046511628,12,0.13953488372093023,2
0.21,3125585883,random,degree,86,25,0.29069767441860467,6,0.06976744186046512,4
0.21,1945850751,random,degree,86,17,0.19767441860465115,14,0.16279069767441862,3
0.21,2373717197,random,degree,86,11,0.12790697674418605,11,0.12790697674418605,2
0.21,3903266350,random,degree,86,24,0.27906976744186046,8,0.09302325581395349,4
0.21,873485988,random,degree,86,16,0.18604651162790697,13,0.1511627906976744,3
0.21,831197104,random,degree,86,11,0.12790697674418605,8,0.09302325581395349,4
0.21,1824048924,random,degree,86,14,0.16279069767441862,11,0.12790697674418605,4
0.21,2021575932,random,degree,86,16,0.18604651162790697,14,0.16279069767441862,2
0.21,1143921506,random,degree,86,26,0.3023255813953488,11,0.12790697674418605,5
0.21,749672671,random,degree,86,13,0.1511627906976744,13,0.1511627906976744,5
0.21,3598743816,random,degree,86,14,0.16279069767441862,8,0.09302325581395349,3
0.22,693246976,random,degree,86,13,0.1511627906976744,9,0.10465116279069768,7
0.22,1170002066,random,degree,86,17,0.19767441860465115,12,0.13953488372093023,4
0.22,419811854,random,degree,86,10,0.11627906976744186,9,0.10465116279069768,2
0.22,3879490515,random,degree,86,15,0.1744186046511628,8,0.09302325581395349,1
0.22,1321260050,random,degree,86,11,0.12790697674418605,8,0.09302325581395349,6
0.22,3523261583,random,degree,86,12,0.13953488372093023,9,0.10465116279069768,2
0.22,1950384261,random,degree,86,25,0.29069767441860467,12,0.13953488372093023,4
0.22,2984838718,random,degree,86,9,0.10465116279069768,8,0.09302325581395349,1
0.22,3658068384,random,degree,86,19,0.22093023255813954,8,0.09302325581395349,4
0.22,469646659,random,degree,86,17,0.19767441860465115,10,0.11627906976744186,6
0.22,2343460213,random,degree,86,14,0.16279069767441862,8,0.09302325581395349,2
0.22,642342510,random,degree,86,27,0.313953488372093,5,0.05813953488372093,8
0.22,1723084778,random,degree,86,15,0.1744186046511628,12,0.13953488372093023,5
0.22,567453171,random,degree,86,16,0.18604651162790697,11,0.12790697674418605,6
0.22,2278611904,random,degree,86,11,0.12790697674418605,11,0.12790697674418605,3
0.22,1251784400,random,degree,86,21,0.2441860465116279,6,0.06976744186046512,8
0.22,2506471690,random,degree,86,12,0.13953488372093023,9,0.10465116279069768,5
0.22,490881352,random,degree,86,16,0.18604651162790697,8,0.09302325581395349,4
0.22,1073261818,random,degree,86,14,0.16279069767441862,13,0.1511627906976744,4
0.22,2989142341,random,degree,86,19,0.22093023255813954,7,0.08139534883720931,5
0.22,3800545641,random,degree,86,10,0.11627906976744186,9,0.10465116279069768,4
0.22,1537932748,random,degree,86,16,0.18604651162790697,13,0.1511627906976744,1
0.22,962146987,random,degree,86,16,0.18604651162790697,13,0.1511627906976744,3
0.22,1823546398,random,degree,86,13,0.1511627906976744,12,0.13953488372093023,4
0.22,1262926715,random,degree,86,12,0.13953488372093023,11,0.12790697674418605,2
0.22,3952038505,random,degree,86,24,0.27906976744186046,10,0.11627906976744186,3
0.22,757156259,random,degree,86,12,0.13953488372093023,11,0.12790697674418605,5
0.22,1605712980,random,degree,86,17,0.19767441860465115,8,0.09302325581395349,2
0.22,203798008,random,degree,86,21,0.2441860465116279,19,0.22093023255813954,3
0.22,2124241989,random,degree,86,19,0.22093023255813954,12,0.13953488372093023,4
0.22,2793611714,random,degree,86,13,0.1511627906976744,10,0.11627906976744186,4
0.22,1228507502,random,degree,86,10,0.11627906976744186,8,0.09302325581395349,3
0.22,4246164783,random,degree,86,13,0.1511627906976744,13,0.1511627906976744,4
0.22,1658131137,random,degree,86,14,0.16279069767441862,7,0.08139534883720931,3
0.22,2899912341,random,degree,86,21,0.2441860465116279,17,0.19767441860465115,6
0.22,1624348946,random,degree,86,15,0.1744186046511628,10,0.11627906976744186,2
0.22,2804493175,random,degree,86,10,0.11627906976744186,7,0.08139534883720931,3
0.22,1930233080,random,degree,86,10,0.11627906976744186,10,0.11627906976744186,7
0.22,2741447790,random,degree,86,10,0.11627906976744186,8,0.09302325581395349,4
0.22,1639225724,random,degree,86,16,0.18604651162790697,10,0.11627906976744186,3
0.22,1806138385,random,degree,86,16,0.18604651162790697,15,0.1744186046511628,5
0.22,121621226,random,degree,86,14,0.16279069767441862,11,0.12790697674418605,6
0.22,3545694443,random,degree,86,10,0.11627906976744186,9,0.10465116279069768,2
0.22,1518107762,random,degree,86,12,0.13953488372093023,9,0.10465116279069768,4
0.22,3090275004,random,degree,86,11,0.12790697674418605,11,0.12790697674418605,6
0.22,3683692623,random,degree,86,9,0.10465116279069768,8,0.09302325581395349,5
0.22,596670143,random,degree,86,11,0.12790697674418605,10,0.11627906976744186,6
0.22,3303475816,random,degree,86,14,0.16279069767441862,9,0.10465116279069768,4
0.22,321254797,random,degree,86,8,0.09302325581395349,8,0.09302325581395349,4
0.22,3467274928,random,degree,86,13,0.1511627906976744,11,0.12790697674418605,3
0.22,472980068,random,degree,86,13,0.1511627906976744,11,0.12790697674418605,7
0.22,2690054031,random,degree,86,16,0.18604651162790697,13,0.1511627906976744,5
0.22,3492420097,random,degree,86,12,0.13953488372093023,11,0.12790697674418605,7
0.22,3717769641,random,degree,86,15,0.1744186046511628,8,0.09302325581395349,3
0.22,3174290959,random,degree,86,12,0.13953488372093023,12,0.13953488372093023,4
0.22,2973270506,random,degree,86,13,0.1511627906976744,7,0.08139534883720931,4
0.22,1804554398,random,degree,86,16,0.18604651162790697,11,0.12790697674418605,3
0.22,2951510650,random,degree,86,30,0.3488372093023256,9,0.10465116279069768,6
0.22,864391061,random,degree,86,12,0.13953488372093023,9,0.10465116279069768,5
0.22,2819939264,random,degree,86,15,0.1744186046511628,12,0.13953488372093023,2
0.22,2468574362,random,degree,86,11,0.12790697674418605,10,0.11627906976744186,6
0.22,3110484376,random,degree,86,13,0.1511627906976744,10,0.11627906976744186,0
0.22,1994123222,random,degree,86,36,0.4186046511627907,7,0.08139534883720931,6
0.22,2004006668,random,degree,86,20,0.23255813953488372,10,0.11627906976744186,4
0.22,2916783425,random,degree,86,10,0.11627906976744186,8,0.09302325581395349,2
0.22,2440273049,random,degree,86,12,0.13953488372093023,11,0.12790697674418605,4
0.22,2539407783,random,degree,86,11,0.12790697674418605,10,0.11627906976744186,5
0.22,576830744,random,degree,86,14,0.16279069767441862,14,0.16279069767441862,4
0.22,4018761886,random,degree,86,23,0.26744186046511625,12,0.13953488372093023,6
0.22,3260269670,random,degree,86,13,0.1511627906976744,12,0.13953488372093023,1
0.22,2999195,random,degree,86,14,0.16279069767441862,8,0.09302325581395349,5
0.22,3156184610,random,degree,86,16,0.18604651162790697,12,0.13953488372093023,5
0.22,1195164267,random,degree,86,16,0.18604651162790697,14,0.16279069767441862,5
0.22,4151084240,random,degree,86,18,0.20930232558139536,7,0.08139534883720931,6
0.22,1427925782,random,degree,86,16,0.18604651162790697,7,0.08139534883720931,3
0.22,1003873129,random,degree,86,13,0.1511627906976744,9,0.10465116279069768,6
0.22,3750102691,random,degree,86,28,0.32558139534883723,10,0.11627906976744186,4
0.22,862931998,random,degree,86,16,0.18604651162790697,16,0.18604651162790697,5
0.22,3253706735,random,degree,86,10,0.11627906976744186,7,0.08139534883720931,4
0.22,2460361282,random,degree,86,13,0.1511627906976744,8,0.09302325581395349,4
0.22,1828905628,random,degree,86,9,0.10465116279069768,9,0.10465116279069768,2
0.22,972335010,random,degree,86,22,0.2558139534883721,8,0.09302325581395349,5
0.22,3970276682,random,degree,86,12,0.13953488372093023,11,0.12790697674418605,3
0.22,632658321,random,degree,86,13,0.1511627906976744,10,0.11627906976744186,8
0.22,2682379671,random,degree,86,19,0.22093023255813954,6,0.06976744186046512,6
0.22,92572817,random,degree,86,20,0.23255813953488372,15,0.1744186046511628,2
0.22,2820788461,random,degree,86,9,0.10465116279069768,9,0.10465116279069768,3
0.22,2557808778,random,degree,86,23,0.26744186046511625,7,0.08139534883720931,3
0.22,822016570,random,degree,86,10,0.11627906976744186,9,0.10465116279069768,5
0.22,4166093357,random,degree,86,13,0.1511627906976744,11,0.12790697674418605,3
0.22,1240772378,random,degree,86,20,0.23255813953488372,9,0.10465116279069768,4
0.22,89508347,random,degree,86,11,0.12790697674418605,10,0.11627906976744186,7
0.22,2254910266,random,degree,86,15,0.1744186046511628,8,0.09302325581395349,4
0.22,66740682,random,degree,86,19,0.22093023255813954,7,0.08139534883720931,5
0.22,885559285,random,degree,86,16,0.18604651162790697,12,0.13953488372093023,4
0.22,3021034217,random,degree,86,32,0.37209302325581395,7,0.08139534883720931,0
0.22,677040242,random,degree,86,15,0.1744186046511628,14,0.16279069767441862,5
0.22,3622656373,random,degree,86,10,0.11627906976744186,10,0.11627906976744186,7
0.22,61345647,random,degree,86,15,0.1744186046511628,10,0.11627906976744186,2
0.22,1977780237,random,degree,86,19,0.22093023255813954,12,0.13953488372093023,3
0.23,1889559468,random,degree,86,14,0.16279069767441862,13,0.1511627906976744,4
0.23,840809512,random,degree,86,14,0.16279069767441862,10,0.11627906976744186,3
0.23,2237192387,random,degree,86,9,0.10465116279069768,9,0.10465116279069768,4
0.23,1777041312,random,degree,86,24,0.27906976744186046,6,0.06976744186046512,6
0.23,4191887264,random,degree,86,14,0.16279069767441862,11,0.12790697674418605,4
0.23,1952812991,random,degree,86,16,0.18604651162790697,10,0.11627906976744186,8
0.23,2747191106,random,degree,86,15,0.1744186046511628,9,0.10465116279069768,5
0.23,729263449,random,degree,86,17,0.19767441860465115,13,0.1511627906976744,4
0.23,1376666596,random,degree,86,14,0.16279069767441862,11,0.12790697674418605,4
0.23,2198610910,random,degree,86,20,0.23255813953488372,9,0.10465116279069768,1
0.23,2499247801,random,degree,86,8,0.09302325581395349,7,0.08139534883720931,1
0.23,2326647354,random,degree,86,22,0.2558139534883721,15,0.1744186046511628,7
0.23,3737404097,random,degree,86,14,0.16279069767441862,14,0.16279069767441862,6
0.23,2153789548,random,degree,86,12,0.13953488372093023,6,0.06976744186046512,4
0.23,487019862,random,degree,86,11,0.12790697674418605,7,0.08139534883720931,6
0.23,3510356352,random,degree,86,11,0.12790697674418605,11,0.12790697674418605,6
0.23,297729063,random,degree,86,25,0.29069767441860467,5,0.05813953488372093,5
0.23,3396185305,random,degree,86,16,0.18604651162790697,12,0.13953488372093023,5
0.23,1088608219,random,degree,86,8,0.09302325581395349,8,0.09302325581395349,4
0.23,1728753206,random,degree,86,14,0.16279069767441862,13,0.1511627906976744,6
0.23,450285703,random,degree,86,7,0.08139534883720931,6,0.06976744186046512,2
0.23,2546003851,random,degree,86,10,0.11627906976744186,10,0.11627906976744186,3
0.23,2770318966,random,degree,86,21,0.2441860465116279,9,0.10465116279069768,6
0.23,1759364277,random,degree,86,14,0.16279069767441862,12,0.13953488372093023,4
0.23,3263491114,random,degree,86,19,0.22093023255813954,11,0.12790697674418605,9
0.23,2154668991,random,degree,86,14,0.16279069767441862,11,0.12790697674418605,7
0.23,893577459,random,degree,86,10,0.11627906976744186,9,0.10465116279069768,3
0.23,674972208,random,degree,86,17,0.19767441860465115,14,0.16279069767441862,5
0.23,1590603613,random,degree,86,15,0.1744186046511628,8,0.09302325581395349,4
0.23,2387965163,random,degree,86,8,0.09302325581395349,7,0.08139534883720931,3
0.23,1858861702,random,degree,86,31,0.36046511627906974,7,0.08139534883720931,5
0.23,1018484253,random,degree,86,11,0.12790697674418605,9,0.10465116279069768,2
0.23,1972304288,random,degree,86,32,0.37209302325581395,6,0.06976744186046512,5
0.23,1904088283,random,degree,86,16,0.18604651162790697,9,0.10465116279069768,6
0.23,1088336582,random,degree,86,18,0.20930232558139536,8,0.09302325581395349,6
0.23,2826327121,random,degree,86,31,0.36046511627906974,7,0.08139534883720931,3
0.23,3766672865,random,degree,86,13,0.1511627906976744,11,0.12790697674418605,4
0.23,935743097,random,degree,86,17,0.19767441860465115,13,0.1511627906976744,8
0.23,2276062994,random,degree,86,29,0.3372093023255814,10,0.11627906976744186,5
0.23,3963707525,random,degree,86,15,0.1744186046511628,8,0.09302325581395349,4
0.23,3235701643,random,degree,86,13,0.1511627906976744,11,0.12790697674418605,8
0.23,3791223175,random,degree,86,19,0.22093023255813954,13,0.1511627906976744,2
0.23,862747185,random,degree,86,15,0.1744186046511628,14,0.16279069767441862,4
0.23,3968427903,random,degree,86,14,0.16279069767441862,7,0.08139534883720931,2
0.23,2838584092,random,degree,86,14,0.16279069767441862,10,0.11627906976744186,7
0.23,3898819425,random,degree,86,13,0.1511627906976744,11,0.12790697674418605,3
0.23,1048756513,random,degree,86,18,0.20930232558139536,13,0.1511627906976744,6
0.23,105740295,random,degree,86,11,0.12790697674418605,10,0.11627906976744186,5
0.23,2194633947,random,degree,86,21,0.2441860465116279,8,0.09302325581395349,5
0.23,2903911752,random,degree,86,14,0.16279069767441862,14,0.16279069767441862,4
0.23,422912613,random,degree,86,13,0.1511627906976744,11,0.12790697674418605,4
0.23,2449830612,random,degree,86,22,0.2558139534883721,10,0.11627906976744186,4
0.23,2480501159,random,degree,86,9,0.10465116279069768,8,0.09302325581395349,4
0.23,1003551297,random,degree,86,12,0.13953488372093023,9,0.10465116279069768,4
0.23,2504406303,random,degree,86,20,0.23255813953488372,9,0.10465116279069768,7
0.23,3864936768,random,degree,86,16,0.18604651162790697,11,0.12790697674418605,6
0.23,844287389,random,degree,86,14,0.16279069767441862,8,0.09302325581395349,3
0.23,1736259426,random,degree,86,23,0.26744186046511625,8,0.09302325581395349,7
0.23,840668978,random,degree,86,13,0.1511627906976744,11,0.12790697674418605,9
0.23,2637857775,random,degree,86,10,0.11627906976744186,7,0.08139534883720931,6
0.23,3417333494,random,degree,86,16,0.18604651162790697,8,0.09302325581395349,5
0.23,1611600843,random,degree,86,16,0.18604651162790697,16,0.18604651162790697,6
0.23,222279907,random,degree,86,27,0.313953488372093,7,0.08139534883720931,6
0.23,844259038,random,degree,86,17,0.19767441860465115,9,0.10465116279069768,6
0.23,590801280,random,degree,86,11,0.12790697674418605,9,0.10465116279069768,5
0.23,3696128461,random,degree,86,11,0.12790697674418605,8,0.09302325581395349,4
0.23,3302469151,random,degree,86,16,0.18604651162790697,7,0.08139534883720931,7
0.23,2957028842,random,degree,86,17,0.19767441860465115,16,0.18604651162790697,2
0.23,2995308204,random,degree,86,13,0.1511627906976744,9,0.10465116279069768,3
0.23,2598512929,random,degree,86,10,0.11627906976744186,8,0.09302325581395349,6
0.23,51983682,random,degree,86,10,0.11627906976744186,9,0.10465116279069768,3
0.23,3695130853,random,degree,86,24,0.27906976744186046,7,0.08139534883720931,8
0.23,1969474188,random,degree,86,12,0.13953488372093023,11,0.12790697674418605,2
0.23,2882039372,random,degree,86,16,0.18604651162790697,6,0.06976744186046512,3
0.23,433458491,random,degree,86,15,0.1744186046511628,10,0.11627906976744186,5
0.23,1689625774,random,degree,86,19,0.22093023255813954,10,0.11627906976744186,6
0.23,2530218336,random,degree,86,14,0.16279069767441862,9,0.10465116279069768,7
0.23,4103317798,random,degree,86,25,0.29069767441860467,9,0.10465116279069768,6
0.23,3652522416,random,degree,86,12,0.13953488372093023,10,0.11627906976744186,2
0.23,3451408413,random,degree,86,17,0.19767441860465115,9,0.10465116279069768,6
0.23,2600290955,random,degree,86,20,0.23255813953488372,7,0.08139534883720931,1
0.23,92865180,random,degree,86,26,0.3023255813953488,11,0.12790697674418605,4
0.23,4232623072,random,degree,86,15,0.1744186046511628,9,0.10465116279069768,5
0.23,354140517,random,degree,86,16,0.18604651162790697,10,0.11627906976744186,6
0.23,3760502148,random,degree,86,22,0.2558139534883721,10,0.11627906976744186,4
0.23,2748774656,random,degree,86,12,0.13953488372093023,7,0.08139534883720931,2
0.23,1588081336,random,degree,86,13,0.1511627906976744,6,0.06976744186046512,3
0.23,2814463752,random,degree,86,14,0.16279069767441862,14,0.16279069767441862,2
0.23,609289320,random,degree,86,13,0.1511627906976744,12,0.13953488372093023,8
0.23,954447245,random,degree,86,16,0.18604651162790697,6,0.06976744186046512,6
0.23,1101024017,random,degree,86,13,0.1511627906976744,9,0.10465116279069768,2
0.23,3109076300,random,degree,86,17,0.19767441860465115,16,0.18604651162790697,4
0.23,3668166684,random,degree,86,12,0.13953488372093023,9,0.10465116279069768,5
0.23,801784422,random,degree,86,8,0.09302325581395349,7,0.08139534883720931,2
0.23,2619706287,random,degree,86,13,0.1511627906976744,8,0.09302325581395349,8
0.23,2269392778,random,degree,86,12,0.13953488372093023,10,0.11627906976744186,0
0.23,3645498743,random,degree,86,23,0.26744186046511625,8,0.09302325581395349,9
0.23,3763450529,random,degree,86,11,0.12790697674418605,10,0.11627906976744186,5
0.23,2523804339,random,degree,86,18,0.20930232558139536,7,0.08139534883720931,4
0.23,3932244157,random,degree,86,17,0.19767441860465115,7,0.08139534883720931,8
0.24,397828459,random,degree,86,24,0.27906976744186046,11,0.12790697674418605,5
0.24,2629711015,random,degree,86,20,0.23255813953488372,5,0.05813953488372093,4
0.24,3450110748,random,degree,86,14,0.16279069767441862,13,0.1511627906976744,8
0.24,2580287188,random,degree,86,14,0.16279069767441862,11,0.12790697674418605,7
0.24,1706333325,random,degree,86,13,0.1511627906976744,11,0.12790697674418605,4
0.24,1193129155,random,degree,86,15,0.1744186046511628,8,0.09302325581395349,5
0.24,1268654755,random,degree,86,13,0.1511627906976744,7,0.08139534883720931,5
0.24,2394996092,random,degree,86,6,0.06976744186046512,6,0.06976744186046512,1
0.24,2133914592,random,degree,86,18,0.20930232558139536,8,0.09302325581395349,5
0.24,2025456805,random,degree,86,23,0.26744186046511625,6,0.06976744186046512,2
0.24,2654189737,random,degree,86,15,0.1744186046511628,14,0.16279069767441862,5
0.24,4265782825,random,degree,86,12,0.13953488372093023,9,0.10465116279069768,3
0.24,1058984654,random,degree,86,17,0.19767441860465115,11,0.12790697674418605,3
0.24,2040280674,random,degree,86,14,0.16279069767441862,7,0.08139534883720931,6
0.24,3214189445,random,degree,86,12,0.13953488372093023,9,0.10465116279069768,8
0.24,2991554960,random,degree,86,17,0.19767441860465115,9,0.10465116279069768,2
0.24,1767899127,random,degree,86,12,0.13953488372093023,9,0.10465116279069768,3
0.24,2265627016,random,degree,86,9,0.10465116279069768,7,0.08139534883720931,4
0.24,2616146979,random,degree,86,23,0.26744186046511625,6,0.06976744186046512,10
0.24,1423363879,random,degree,86,9,0.10465116279069768,9,0.10465116279069768,4
0.24,244823270,random,degree,86,11,0.12790697674418605,9,0.10465116279069768,4
0.24,1497209217,random,degree,86,16,0.18604651162790697,7,0.08139534883720931,3
0.24,2470410780,random,degree,86,9,0.10465116279069768,9,0.10465116279069768,4
0.24,1993429183,random,degree,86,13,0.1511627906976744,6,0.06976744186046512,7
0.24,1129086113,random,degree,86,17,0.19767441860465115,9,0.10465116279069768,3
0.24,1942403530,random,degree,86,22,0.2558139534883721,13,0.1511627906976744,4
0.24,3503696140,random,degree,86,10,0.11627906976744186,10,0.11627906976744186,1
0.24,1983516401,random,degree,86,14,0.16279069767441862,9,0.10465116279069768,6
0.24,85013961,random,degree,86,16,0.18604651162790697,7,0.08139534883720931,3
0.24,2560865273,random,degree,86,16,0.18604651162790697,9,0.10465116279069768,1
0.24,3514581636,random,degree,86,11,0.12790697674418605,8,0.09302325581395349,5
0.24,1937719238,random,degree,86,12,0.13953488372093023,10,0.11627906976744186,5
0.24,3786151089,random,degree,86,18,0.20930232558139536,16,0.18604651162790697,7
0.24,182714323,random,degree,86,14,0.16279069767441862,8,0.09302325581395349,4
0.24,2761273492,random,degree,86,11,0.12790697674418605,8,0.09302325581395349,3
0.24,2790251881,random,degree,86,14,0.16279069767441862,9,0.10465116279069768,6
0.24,3282751899,random,degree,86,14,0.16279069767441862,7,0.08139534883720931,3
0.24,2700109587,random,degree,86,12,0.13953488372093023,12,0.13953488372093023,4
0.24,931478053,random,degree,86,16,0.18604651162790697,12,0.13953488372093023,5
0.24,3241090520,random,degree,86,13,0.1511627906976744,10,0.11627906976744186,6
0.24,1840634062,random,degree,86,12,0.13953488372093023,8,0.09302325581395349,6
0.24,274077326,random,degree,86,15,0.1744186046511628,12,0.13953488372093023,7
0.24,1135026343,random,degree,86,11,0.12790697674418605,10,0.11627906976744186,3
0.24,3442367583,random,degree,86,10,0.11627906976744186,10,0.11627906976744186,3
0.24,1043489526,random,degree,86,25,0.29069767441860467,12,0.13953488372093023,5
0.24,3018464561,random,degree,86,9,0.10465116279069768,9,0.10465116279069768,4
0.24,1547696703,random,degree,86,19,0.22093023255813954,16,0.18604651162790697,7
0.24,2596802573,random,degree,86,14,0.16279069767441862,6,0.06976744186046512,7
0.24,2909342865,random,degree,86,9,0.10465116279069768,8,0.09302325581395349,4
0.24,2097221816,random,degree,86,7,0.08139534883720931,6,0.06976744186046512,3
0.24,3799278902,random,degree,86,9,0.10465116279069768,8,0.09302325581395349,6
0.24,3894899849,random,degree,86,25,0.29069767441860467,8,0.09302325581395349,6
0.24,250791346,random,degree,86,18,0.20930232558139536,12,0.13953488372093023,5
0.24,557035019,random,degree,86,11,0.12790697674418605,10,0.11627906976744186,2
0.24,654482375,random,degree,86,10,0.11627906976744186,9,0.10465116279069768,4
0.24,696864798,random,degree,86,18,0.20930232558139536,8,0.09302325581395349,2
0.24,2652841616,random,degree,86,15,0.1744186046511628,12,0.13953488372093023,4
0.24,3473266903,random,degree,86,13,0.1511627906976744,8,0.09302325581395349,3
0.24,1661983838,random,degree,86,22,0.2558139534883721,10,0.11627906976744186,2
0.24,1192193835,random,degree,86,16,0.18604651162790697,7,0.08139534883720931,5
0.24,2428060954,random,degree,86,21,0.2441860465116279,8,0.09302325581395349,10
0.24,570471991,random,degree,86,17,0.19767441860465115,12,0.13953488372093023,7
0.24,1197769679,random,degree,86,29,0.3372093023255814,10,0.11627906976744186,5
0.24,2970976241,random,degree,86,15,0.1744186046511628,7,0.08139534883720931,5
0.24,1783098851,random,degree,86,14,0.16279069767441862,10,0.11627906976744186,4
0.24,1624866076,random,degree,86,12,0.13953488372093023,11,0.12790697674418605,2
0.24,2841311922,random,degree,86,12,0.13953488372093023,6,0.06976744186046512,3
0.24,3703998954,random,degree,86,9,0.10465116279069768,8,0.09302325581395349,5
0.24,910425419,random,degree,86,11,0.12790697674418605,9,0.10465116279069768,4
0.24,3764483962,random,degree,86,9,0.10465116279069768,7,0.08139534883720931,6
0.24,3632191715,random,degree,86,12,0.13953488372093023,8,0.09302325581395349,6
0.24,345731536,random,degree,86,11,0.12790697674418605,9,0.10465116279069768,3
0.24,1339295572,random,degree,86,19,0.22093023255813954,11,0.12790697674418605,3
0.24,2875186370,random,degree,86,12,0.13953488372093023,11,0.12790697674418605,5
0.24,1705371716,random,degree,86,17,0.19767441860465115,9,0.10465116279069768,9
0.24,1226192142,random,degree,86,13,0.1511627906976744,13,0.1511627906976744,7
0.24,4279208960,random,degree,86,13,0.1511627906976744,12,0.13953488372093023,6
0.24,2862280348,random,degree,86,13,0.1511627906976744,10,0.11627906976744186,8
0.24,939038343,random,degree,86,11,0.12790697674418605,9,0.10465116279069768,3
0.24,873263338,random,degree,86,12,0.13953488372093023,10,0.11627906976744186,5
0.24,1537194278,random,degree,86,25,0.29069767441860467,8,0.09302325581395349,6
0.24,3588227968,random,degree,86,11,0.12790697674418605,9,0.10465116279069768,6
0.24,2985506150,random,degree,86,11,0.12790697674418605,9,0.10465116279069768,5
0.24,3117805896,random,degree,86,8,0.09302325581395349,7,0.08139534883720931,4
0.24,3488188511,random,degree,86,11,0.12790697674418605,10,0.11627906976744186,9
0.24,54824633,random,degree,86,11,0.12790697674418605,10,0.11627906976744186,7
0.24,756704868,random,degree,86,15,0.1744186046511628,10,0.11627906976744186,3
0.24,761766405,random,degree,86,13,0.1511627906976744,8,0.09302325581395349,6
0.24,3296347419,random,degree,86,18,0.20930232558139536,7,0.08139534883720931,6
0.24,1950975184,random,degree,86,8,0.09302325581395349,7,0.08139534883720931,2
0.24,1554552425,random,degree,86,15,0.1744186046511628,10,0.11627906976744186,5
0.24,3946213596,random,degree,86,14,0.16279069767441862,13,0.1511627906976744,9
0.24,840570843,random,degree,86,10,0.11627906976744186,7,0.08139534883720931,2
0.24,3466096199,random,degree,86,9,0.10465116279069768,8,0.09302325581395349,6
0.24,1357718704,random,degree,86,8,0.09302325581395349,7,0.08139534883720931,6
0.24,1363458592,random,degree,86,10,0.11627906976744186,9,0.10465116279069768,3
0.24,166294681,random,degree,86,21,0.2441860465116279,10,0.11627906976744186,5
0.24,640658724,random,degree,86,14,0.16279069767441862,8,0.09302325581395349,5
0.24,2850789212,random,degree,86,18,0.20930232558139536,9,0.10465116279069768,6
0.24,1389059858,random,degree,86,14,0.16279069767441862,10,0.11627906976744186,7
0.25,3634855938,random,degree,86,8,0.09302325581395349,7,0.08139534883720931,4
0.25,516692007,random,degree,86,10,0.11627906976744186,8,0.09302325581395349,4
0.25,2268374731,random,degree,86,12,0.13953488372093023,7,0.08139534883720931,6
0.25,2240117500,random,degree,86,12,0.13953488372093023,11,0.12790697674418605,3
0.25,1751764076,random,degree,86,13,0.1511627906976744,7,0.08139534883720931,5
0.25,2438154591,random,degree,86,10,0.11627906976744186,9,0.10465116279069768,4
0.25,2231688041,random,degree,86,12,0.13953488372093023,11,0.12790697674418605,1
0.25,866061757,random,degree,86,10,0.11627906976744186,8,0.09302325581395349,4
0.25,2751258755,random,degree,86,15,0.1744186046511628,10,0.11627906976744186,5
0.25,1721048742,random,degree,86,20,0.23255813953488372,8,0.09302325581395349,6
0.25,1426627918,random,degree,86,12,0.13953488372093023,10,0.11627906976744186,6
0.25,946360141,random,degree,86,11,0.12790697674418605,9,0.10465116279069768,4
0.25,2136780486,random,degree,86,12,0.13953488372093023,8,0.09302325581395349,6
0.25,2163848086,random,degree,86,9,0.10465116279069768,7,0.08139534883720931,5
0.25,3357575134,random,degree,86,19,0.22093023255813954,10,0.11627906976744186,6
0.25,2694668791,random,degree,86,11,0.12790697674418605,10,0.11627906976744186,7
0.25,1162515777,random,degree,86,16,0.18604651162790697,13,0.1511627906976744,10
0.25,3770888821,random,degree,86,13,0.1511627906976744,11,0.12790697674418605,2
0.25,1979276352,random,degree,86,13,0.1511627906976744,13,0.1511627906976744,7
0.25,387134239,random,degree,86,12,0.13953488372093023,9,0.10465116279069768,9
0.25,39119832,random,degree,86,10,0.11627906976744186,6,0.06976744186046512,4
0.25,4247718401,random,degree,86,10,0.11627906976744186,6,0.06976744186046512,3
0.25,3505926240,random,degree,86,13,0.1511627906976744,10,0.11627906976744186,8
0.25,2106492946,random,degree,86,12,0.13953488372093023,10,0.11627906976744186,2
0.25,1811462441,random,degree,86,13,0.1511627906976744,7,0.08139534883720931,2
0.25,1087104580,random,degree,86,9,0.10465116279069768,9,0.10465116279069768,4
0.25,2319010382,random,degree,86,17,0.19767441860465115,8,0.09302325581395349,5
0.25,1055060028,random,degree,86,28,0.32558139534883723,5,0.05813953488372093,3
0.25,374012849,random,degree,86,17,0.19767441860465115,10,0.11627906976744186,3
0.25,1326353623,random,degree,86,17,0.19767441860465115,7,0.08139534883720931,4
0.25,1318002259,random,degree,86,31,0.36046511627906974,7,0.08139534883720931,8
0.25,1833778755,random,degree,86,17,0.19767441860465115,8,0.09302325581395349,4
0.25,1051729843,random,degree,86,13,0.1511627906976744,8,0.09302325581395349,6
0.25,3541020616,random,degree,86,10,0.11627906976744186,9,0.10465116279069768,6
0.25,2178998403,random,degree,86,9,0.10465116279069768,8,0.09302325581395349,4
0.25,2951391243,random,degree,86,8,0.09302325581395349,7,0.08139534883720931,2
0.25,2323169115,random,degree,86,12,0.13953488372093023,10,0.11627906976744186,3
0.25,281400692,random,degree,86,19,0.22093023255813954,6,0.06976744186046512,2
0.25,156108846,random,degree,86,18,0.20930232558139536,7,0.08139534883720931,7
0.25,2883883166,random,degree,86,12,0.13953488372093023,8,0.09302325581395349,4
0.25,4233677197,random,degree,86,21,0.2441860465116279,10,0.11627906976744186,8
0.25,3298073193,random,degree,86,10,0.11627906976744186,10,0.11627906976744186,4
0.25,4283003158,random,degree,86,13,0.1511627906976744,10,0.11627906976744186,7
0.25,1092978389,random,degree,86,9,0.10465116279069768,7,0.08139534883720931,5
0.25,217307516,random,degree,86,13,0.1511627906976744,10,0.11627906976744186,4
0.25,3409739697,random,degree,86,16,0.18604651162790697,8,0.09302325581395349,3
0.25,1734805761,random,degree,86,10,0.11627906976744186,9,0.10465116279069768,6
0.25,3601220399,random,degree,86,26,0.3023255813953488,11,0.12790697674418605,4
0.25,4288218992,random,degree,86,13,0.1511627906976744,8,0.09302325581395349,2
0.25,2634850997,random,degree,86,19,0.22093023255813954,11,0.12790697674418605,2
0.25,3058957342,random,degree,86,15,0.1744186046511628,6,0.06976744186046512,6
0.25,1506787097,random,degree,86,13,0.1511627906976744,9,0.10465116279069768,1
0.25,3586916787,random,degree,86,14,0.16279069767441862,9,0.10465116279069768,8
0.25,2336777150,random,degree,86,9,0.10465116279069768,7,0.08139534883720931,2
0.25,1551146790,random,degree,86,22,0.2558139534883721,7,0.08139534883720931,5
0.25,980897968,random,degree,86,15,0.1744186046511628,15,0.1744186046511628,4
0.25,4051674598,random,degree,86,8,0.09302325581395349,8,0.09302325581395349,4
0.25,420823213,random,degree,86,19,0.22093023255813954,12,0.13953488372093023,7
0.25,3111499246,random,degree,86,8,0.09302325581395349,8,0.09302325581395349,4
0.25,40236612,random,degree,86,27,0.313953488372093,9,0.10465116279069768,4
0.25,2321833832,random,degree,86,11,0.12790697674418605,11,0.12790697674418605,7
0.25,3575880884,random,degree,86,15,0.1744186046511628,14,0.16279069767441862,3
0.25,3447531142,random,degree,86,30,0.3488372093023256,6,0.06976744186046512,7
0.25,1026065112,random,degree,86,15,0.1744186046511628,9,0.10465116279069768,6
0.25,3127856540,random,degree,86,9,0.10465116279069768,7,0.08139534883720931,3
0.25,3549126635,random,degree,86,17,0.19767441860465115,12,0.13953488372093023,6
0.25,787193295,random,degree,86,11,0.12790697674418605,10,0.11627906976744186,8
0.25,2916883236,random,degree,86,25,0.29069767441860467,10,0.11627906976744186,9
0.25,686496887,random,degree,86,20,0.23255813953488372,7,0.08139534883720931,11
0.25,2572375271,random,degree,86,20,0.23255813953488372,10,0.11627906976744186,5
0.25,2507185169,random,degree,86,12,0.13953488372093023,10,0.11627906976744186,4
0.25,57821290,random,degree,86,14,0.16279069767441862,7,0.08139534883720931,4
0.25,541531948,random,degree,86,11,0.12790697674418605,8,0.09302325581395349,6
0.25,2214899676,random,degree,86,13,0.1511627906976744,10,0.11627906976744186,4
0.25,3413487672,random,degree,86,12,0.13953488372093023,7,0.08139534883720931,1
0.25,2291709055,random,degree,86,17,0.19767441860465115,16,0.18604651162790697,4
0.25,1437916159,random,degree,86,8,0.09302325581395349,7,0.08139534883720931,7
0.25,1957937873,random,degree,86,23,0.26744186046511625,11,0.12790697674418605,2
0.25,2755434743,random,degree,86,11,0.12790697674418605,10,0.11627906976744186,7
0.25,268088258,random,degree,86,12,0.13953488372093023,9,0.10465116279069768,5
0.25,3658027274,random,degree,86,12,0.13953488372093023,10,0.11627906976744186,5
0.25,1549526582,random,degree,86,18,0.20930232558139536,7,0.08139534883720931,3
0.25,3602504560,random,degree,86,13,0.1511627906976744,9,0.10465116279069768,5
0.25,2027471927,random,degree,86,10,0.11627906976744186,8,0.09302325581395349,1
0.25,1374010501,random,degree,86,9,0.10465116279069768,6,0.06976744186046512,4
0.25,232905273,random,degree,86,10,0.11627906976744186,8,0.09302325581395349,4
0.25,4278619180,random,degree,86,16,0.18604651162790697,8,0.09302325581395349,5
0.25,4231501075,random,degree,86,16,0.18604651162790697,11,0.12790697674418605,5
0.25,3660055179,random,degree,86,15,0.1744186046511628,14,0.16279069767441862,4
0.25,2196231158,random,degree,86,14,0.16279069767441862,5,0.05813953488372093,6
0.25,11237066,random,degree,86,17,0.19767441860465115,7,0.08139534883720931,3
0.25,3891316437,random,degree,86,11,0.12790697674418605,10,0.11627906976744186,1
0.25,2560877759,random,degree,86,17,0.19767441860465115,11,0.12790697674418605,8
0.25,3903032068,random,degree,86,13,0.1511627906976744,12,0.13953488372093023,6
0.25,1731654394,random,degree,86,14,0.16279069767441862,11,0.12790697674418605,9
0.25,1898951987,random,degree,86,16,0.18604651162790697,11,0.12790697674418605,6
0.25,2770282964,random,degree,86,22,0.2558139534883721,6,0.06976744186046512,4
0.25,3486632083,random,degree,86,11,0.12790697674418605,9,0.10465116279069768,7
0.25,3657930489,random,degree,86,13,0.1511627906976744,9,0.10465116279069768,3
0.25,2364808272,random,degree,86,24,0.27906976744186046,11,0.12790697674418605,6
0.26,782541189,random,degree,86,10,0.11627906976744186,10,0.11627906976744186,3
0.26,716994557,random,degree,86,15,0.1744186046511628,9,0.10465116279069768,3
0.26,3079857406,random,degree,86,19,0.22093023255813954,6,0.06976744186046512,5
0.26,1890689176,random,degree,86,16,0.18604651162790697,7,0.08139534883720931,4
0.26,4250427208,random,degree,86,11,0.12790697674418605,8,0.09302325581395349,6
0.26,1334868938,random,degree,86,19,0.22093023255813954,18,0.20930232558139536,1
0.26,1296882489,random,degree,86,14,0.16279069767441862,9,0.10465116279069768,8
0.26,390135625,random,degree,86,15,0.1744186046511628,12,0.13953488372093023,8
0.26,4055067249,random,degree,86,17,0.19767441860465115,10,0.11627906976744186,3
0.26,655298589,random,degree,86,11,0.12790697674418605,10,0.11627906976744186,7
0.26,2223353613,random,degree,86,15,0.1744186046511628,9,0.10465116279069768,6
0.26,1449218362,random,degree,86,12,0.13953488372093023,7,0.08139534883720931,6
0.26,834726281,random,degree,86,11,0.12790697674418605,8,0.09302325581395349,3
0.26,4284462338,random,degree,86,19,0.22093023255813954,6,0.06976744186046512,8
0.26,752031325,random,degree,86,16,0.18604651162790697,7,0.08139534883720931,3
0.26,1117678024,random,degree,86,9,0.10465116279069768,8,0.09302325581395349,6
0.26,2352092916,random,degree,86,19,0.22093023255813954,8,0.09302325581395349,8
0.26,548220488,random,degree,86,15,0.1744186046511628,7,0.08139534883720931,5
0.26,3697447656,random,degree,86,21,0.2441860465116279,5,0.05813953488372093,3
0.26,1501516147,random,degree,86,19,0.22093023255813954,10,0.11627906976744186,5
0.26,2554329147,random,degree,86,14,0.16279069767441862,10,0.11627906976744186,9
0.26,116230439,random,degree,86,9,0.10465116279069768,7,0.08139534883720931,2
0.26,4025244041,random,degree,86,12,0.13953488372093023,9,0.10465116279069768,4
0.26,3902950942,random,degree,86,11,0.12790697674418605,5,0.05813953488372093,5
0.26,653564681,random,degree,86,15,0.1744186046511628,12,0.13953488372093023,3
0.26,1829099088,random,degree,86,17,0.19767441860465115,7,0.08139534883720931,2
0.26,2254340590,random,degree,86,10,0.11627906976744186,7,0.08139534883720931,9
0.26,1596396936,random,degree,86,12,0.13953488372093023,8,0.09302325581395349,5
0.26,915579208,random,degree,86,15,0.1744186046511628,7,0.08139534883720931,5
0.26,250937113,random,degree,86,28,0.32558139534883723,6,0.06976744186046512,4
0.26,584066885,random,degree,86,9,0.10465116279069768,8,0.09302325581395349,5
0.26,1616829610,random,degree,86,13,0.1511627906976744,11,0.12790697674418605,6
0.26,2899248977,random,degree,86,6,0.06976744186046512,5,0.05813953488372093,5
0.26,2976741322,random,degree,86,9,0.10465116279069768,9,0.10465116279069768,3
0.26,2996852099,random,degree,86,11,0.12790697674418605,10,0.11627906976744186,7
0.26,2099901773,random,degree,86,8,0.09302325581395349,8,0.09302325581395349,1
0.26,1837407094,random,degree,86,10,0.11627906976744186,9,0.10465116279069768,1
0.26,1290835596,random,degree,86,11,0.12790697674418605,9,0.10465116279069768,4
0.26,2652667780,random,degree,86,12,0.13953488372093023,10,0.11627906976744186,7
0.26,1451639150,random,degree,86,26,0.3023255813953488,9,0.10465116279069768,7
0.26,4158607069,random,degree,86,14,0.16279069767441862,13,0.1511627906976744,2
0.26,1961866410,random,degree,86,13,0.1511627906976744,8,0.09302325581395349,3
0.26,1432360375,random,degree,86,14,0.16279069767441862,14,0.16279069767441862,7
0.26,1224572613,random,degree,86,10,0.11627906976744186,7,0.08139534883720931,6
0.26,3205690421,random,degree,86,11,0.12790697674418605,9,0.10465116279069768,2
0.26,4236639074,random,degree,86,11,0.12790697674418605,7,0.08139534883720931,6
0.26,3421899245,random,degree,86,8,0.09302325581395349,8,0.09302325581395349,4
0.26,2138196283,random,degree,86,16,0.18604651162790697,13,0.1511627906976744,7
0.26,356611750,random,degree,86,14,0.16279069767441862,13,0.1511627906976744,9
0.26,2777692477,random,degree,86,13,0.1511627906976744,7,0.08139534883720931,2
0.26,1554190607,random,degree,86,14,0.16279069767441862,7,0.08139534883720931,3
0.26,1335918247,random,degree,86,16,0.18604651162790697,6,0.06976744186046512,5
0.26,3932053727,random,degree,86,19,0.22093023255813954,11,0.12790697674418605,6
0.26,1022563687,random,degree,86,10,0.11627906976744186,9,0.10465116279069768,2
0.26,129749376,random,degree,86,11,0.12790697674418605,9,0.10465116279069768,8
0.26,2095694989,random,degree,86,13,0.1511627906976744,7,0.08139534883720931,7
0.26,219970733,random,degree,86,14,0.16279069767441862,9,0.10465116279069768,3
0.26,2686671646,random,degree,86,14,0.16279069767441862,8,0.09302325581395349,4
0.26,3596334000,random,degree,86,9,0.10465116279069768,9,0.10465116279069768,5
0.26,4286799706,random,degree,86,9,0.10465116279069768,6,0.06976744186046512,3
0.26,1220660797,random,degree,86,11,0.12790697674418605,9,0.10465116279069768,10
0.26,3323070210,random,degree,86,10,0.11627906976744186,10,0.11627906976744186,9
0.26,3245891332,random,degree,86,10,0.11627906976744186,6,0.06976744186046512,8
0.26,1535652413,random,degree,86,8,0.09302325581395349,8,0.09302325581395349,4
0.26,1859260459,random,degree,86,11,0.12790697674418605,10,0.11627906976744186,5
0.26,2678706166,random,degree,86,9,0.10465116279069768,6,0.06976744186046512,5
0.26,2306302400,random,degree,86,10,0.11627906976744186,10,0.11627906976744186,4
0.26,3851318490,random,degree,86,13,0.1511627906976744,7,0.08139534883720931,4
0.26,3944372587,random,degree,86,14,0.16279069767441862,10,0.11627906976744186,5
0.26,215786471,random,degree,86,12,0.13953488372093023,8,0.09302325581395349,6
0.26,1398387323,random,degree,86,13,0.1511627906976744,7,0.08139534883720931,1
0.26,1856778994,random,degree,86,11,0.12790697674418605,8,0.09302325581395349,5
0.26,4203179318,random,degree,86,19,0.22093023255813954,9,0.10465116279069768,5
0.26,1952782071,random,degree,86,10,0.11627906976744186,7,0.08139534883720931,3
0.26,1751878958,random,degree,86,17,0.19767441860465115,10,0.11627906976744186,6
0.26,1752821059,random,degree,86,18,0.20930232558139536,10,0.11627906976744186,2
0.26,3081678895,random,degree,86,20,0.23255813953488372,10,0.11627906976744186,5
0.26,355026250,random,degree,86,20,0.23255813953488372,9,0.10465116279069768,3
0.26,2617261647,random,degree,86,16,0.18604651162790697,7,0.08139534883720931,4
0.26,1297121732,random,degree,86,8,0.09302325581395349,7,0.08139534883720931,5
0.26,2014340731,random,degree,86,17,0.19767441860465115,13,0.1511627906976744,5
0.26,4157281694,random,degree,86,9,0.10465116279069768,6,0.06976744186046512,4
0.26,3705410326,random,degree,86,12,0.13953488372093023,12,0.13953488372093023,7
0.26,1889036182,random,degree,86,13,0.1511627906976744,9,0.10465116279069768,4
0.26,227467680,random,degree,86,15,0.1744186046511628,10,0.11627906976744186,5
0.26,2213188659,random,degree,86,10,0.11627906976744186,10,0.11627906976744186,4
0.26,2081076301,random,degree,86,16,0.18604651162790697,9,0.10465116279069768,9
0.26,3566997286,random,degree,86,9,0.10465116279069768,7,0.08139534883720931,5
0.26,4245898710,random,degree,86,16,0.18604651162790697,8,0.09302325581395349,4
0.26,1030448943,random,degree,86,9,0.10465116279069768,8,0.09302325581395349,5
0.26,3637461280,random,degree,86,8,0.09302325581395349,7,0.08139534883720931,8
0.26,2326121963,random,degree,86,12,0.13953488372093023,10,0.11627906976744186,6
0.26,850772756,random,degree,86,16,0.18604651162790697,13,0.1511627906976744,9
0.26,3898617349,random,degree,86,10,0.11627906976744186,10,0.11627906976744186,3
0.26,2228804031,random,degree,86,14,0.16279069767441862,10,0.11627906976744186,5
0.26,3880832049,random,degree,86,8,0.09302325581395349,8,0.09302325581395349,4
0.26,1523472191,random,degree,86,8,0.09302325581395349,7,0.08139534883720931,5
0.26,1299650879,random,degree,86,10,0.11627906976744186,9,0.10465116279069768,5
0.26,2718724500,random,degree,86,18,0.20930232558139536,8,0.09302325581395349,4
0.26,970312751,random,degree,86,18,0.20930232558139536,7,0.08139534883720931,4
0.27,1205035877,random,degree,86,12,0.13953488372093023,9,0.10465116279069768,6
0.27,4179170333,random,degree,86,12,0.13953488372093023,12,0.13953488372093023,7
0.27,568732558,random,degree,86,12,0.13953488372093023,10,0.11627906976744186,5
0.27,3299652418,random,degree,86,11,0.12790697674418605,10,0.11627906976744186,7
0.27,2550130274,random,degree,86,14,0.16279069767441862,10,0.11627906976744186,4
0.27,2602921299,random,degree,86,9,0.10465116279069768,7,0.08139534883720931,2
0.27,3069883379,random,degree,86,10,0.11627906976744186,10,0.11627906976744186,3
0.27,3353105958,random,degree,86,12,0.13953488372093023,9,0.10465116279069768,6
0.27,625876952,random,degree,86,9,0.10465116279069768,9,0.10465116279069768,2
0.27,351863207,random,degree,86,10,0.11627906976744186,7,0.08139534883720931,4
0.27,120062124,random,degree,86,8,0.09302325581395349,7,0.08139534883720931,8
0.27,4255804114,random,degree,86,20,0.23255813953488372,13,0.1511627906976744,6
0.27,1864211399,random,degree,86,15,0.1744186046511628,6,0.06976744186046512,7
0.27,3439734258,random,degree,86,10,0.11627906976744186,8,0.09302325581395349,7
0.27,607813332,random,degree,86,13,0.1511627906976744,12,0.13953488372093023,5
0.27,3662948034,random,degree,86,14,0.16279069767441862,8,0.09302325581395349,3
0.27,4238959607,random,degree,86,10,0.11627906976744186,7,0.08139534883720931,1
0.27,3965270389,random,degree,86,10,0.11627906976744186,9,0.10465116279069768,6
0.27,3360598382,random,degree,86,10,0.11627906976744186,8,0.09302325581395349,4
0.27,1631159984,random,degree,86,19,0.22093023255813954,6,0.06976744186046512,9
0.27,3789745527,random,degree,86,14,0.16279069767441862,10,0.11627906976744186,9
0.27,1208298645,random,degree,86,16,0.18604651162790697,10,0.11627906976744186,6
0.27,3232323532,random,degree,86,10,0.11627906976744186,10,0.11627906976744186,5
0.27,3609753341,random,degree,86,12,0.13953488372093023,8,0.09302325581395349,6
0.27,3049169853,random,degree,86,17,0.19767441860465115,7,0.08139534883720931,4
0.27,846005848,random,degree,86,21,0.2441860465116279,10,0.11627906976744186,3
0.27,4245148179,random,degree,86,10,0.11627906976744186,10,0.11627906976744186,4
0.27,1034881179,random,degree,86,13,0.1511627906976744,8,0.09302325581395349,10
0.27,4117859482,random,degree,86,9,0.10465116279069768,8,0.09302325581395349,3
0.27,4091166668,random,degree,86,9,0.10465116279069768,8,0.09302325581395349,9
0.27,3290618265,random,degree,86,32,0.37209302325581395,7,0.08139534883720931,6
0.27,3288788865,random,degree,86,18,0.20930232558139536,11,0.12790697674418605,6
0.27,2931531210,random,degree,86,17,0.19767441860465115,9,0.10465116279069768,5
0.27,3221655643,random,degree,86,9,0.10465116279069768,8,0.09302325581395349,8
0.27,2381372729,random,degree,86,35,0.4069767441860465,8,0.09302325581395349,6
0.27,2045331422,random,degree,86,8,0.09302325581395349,6,0.06976744186046512,2
0.27,833318061,random,degree,86,11,0.12790697674418605,11,0.12790697674418605,5
0.27,1231990759,random,degree,86,14,0.16279069767441862,9,0.10465116279069768,6
0.27,2538582531,random,degree,86,7,0.08139534883720931,6,0.06976744186046512,2
0.27,2426094122,random,degree,86,15,0.1744186046511628,11,0.12790697674418605,3
0.27,1508270713,random,degree,86,9,0.10465116279069768,9,0.10465116279069768,5
0.27,269005755,random,degree,86,22,0.2558139534883721,6,0.06976744186046512,5
0.27,3683554736,random,degree,86,13,0.1511627906976744,9,0.10465116279069768,3
0.27,3538969566,random,degree,86,10,0.11627906976744186,9,0.10465116279069768,5
0.27,3442119965,random,degree,86,12,0.13953488372093023,10,0.11627906976744186,8
0.27,1700914842,random,degree,86,13,0.1511627906976744,7,0.08139534883720931,6
0.27,2488097678,random,degree,86,12,0.13953488372093023,9,0.10465116279069768,4
0.27,3719196959,random,degree,86,15,0.1744186046511628,6,0.06976744186046512,2
0.27,3159245249,random,degree,86,20,0.23255813953488372,5,0.05813953488372093,3
0.27,3318324689,random,degree,86,8,0.09302325581395349,8,0.09302325581395349,4
0.27,2068156546,random,degree,86,12,0.13953488372093023,12,0.13953488372093023,8
0.27,91243875,random,degree,86,8,0.09302325581395349,7,0.08139534883720931,4
0.27,2604757932,random,degree,86,10,0.11627906976744186,8,0.09302325581395349,6
0.27,2297474960,random,degree,86,22,0.2558139534883721,5,0.05813953488372093,7
0.27,305724058,random,degree,86,17,0.19767441860465115,9,0.10465116279069768,8
0.27,3125470618,random,degree,86,9,0.10465116279069768,6,0.06976744186046512,3
0.27,3953809830,random,degree,86,10,0.11627906976744186,10,0.11627906976744186,7
0.27,2596575839,random,degree,86,14,0.16279069767441862,8,0.09302325581395349,3
0.27,2583152472,random,degree,86,7,0.08139534883720931,7,0.08139534883720931,6
0.27,2458083725,random,degree,86,12,0.13953488372093023,10,0.11627906976744186,2
0.27,2074939074,random,degree,86,17,0.19767441860465115,10,0.11627906976744186,3
0.27,955879241,random,degree,86,11,0.12790697674418605,8,0.09302325581395349,3
0.27,1728061955,random,degree,86,12,0.13953488372093023,8,0.09302325581395349,4
0.27,687825914,random,degree,86,11,0.12790697674418605,10,0.11627906976744186,4
0.27,3885785853,random,degree,86,13,0.1511627906976744,7,0.08139534883720931,3
0.27,970715810,random,degree,86,10,0.11627906976744186,6,0.06976744186046512,7
0.27,283233690,random,degree,86,20,0.23255813953488372,9,0.10465116279069768,6
0.27,2053034968,random,degree,86,20,0.23255813953488372,6,0.06976744186046512,4
0.27,1762075570,random,degree,86,11,0.12790697674418605,7,0.08139534883720931,7
0.27,4066363297,random,degree,86,23,0.26744186046511625,7,0.08139534883720931,6
0.27,215677765,random,degree,86,8,0.09302325581395349,6,0.06976744186046512,3
0.27,3457542422,random,degree,86,12,0.13953488372093023,7,0.08139534883720931,5
0.27,2408700616,random,degree,86,14,0.16279069767441862,9,0.10465116279069768,8
0.27,4056640837,random,degree,86,9,0.10465116279069768,7,0.08139534883720931,2
0.27,1255908470,random,degree,86,20,0.23255813953488372,11,0.12790697674418605,5
0.27,599908809,random,degree,86,9,0.10465116279069768,8,0.09302325581395349,7
0.27,1241485737,random,degree,86,10,0.11627906976744186,9,0.10465116279069768,5
0.27,1037057744,random,degree,86,21,0.2441860465116279,7,0.08139534883720931,7
0.27,318084154,random,degree,86,12,0.13953488372093023,7,0.08139534883720931,6
0.27,3062927019,random,degree,86,13,0.1511627906976744,13,0.1511627906976744,3
0.27,1029637104,random,degree,86,21,0.2441860465116279,8,0.09302325581395349,4
0.27,2475886710,random,degree,86,12,0.13953488372093023,9,0.10465116279069768,8
0.27,301705143,random,degree,86,14,0.16279069767441862,10,0.11627906976744186,8
0.27,2026310316,random,degree,86,15,0.1744186046511628,14,0.16279069767441862,5
0.27,587455638,random,degree,86,8,0.09302325581395349,6,0.06976744186046512,3
0.27,3805304690,random,degree,86,7,0.08139534883720931,7,0.08139534883720931,9
0.27,2117557148,random,degree,86,7,0.08139534883720931,7,0.08139534883720931,7
0.27,695131663,random,degree,86,9,0.10465116279069768,8,0.09302325581395349,5
0.27,3292488493,random,degree,86,10,0.11627906976744186,9,0.10465116279069768,2
0.27,704640790,random,degree,86,14,0.16279069767441862,7,0.08139534883720931,2
0.27,3642062155,random,degree,86,17,0.19767441860465115,9,0.10465116279069768,5
0.27,1244978723,random,degree,86,11,0.12790697674418605,9,0.10465116279069768,1
0.27,1687898423,random,degree,86,16,0.18604651162790697,7,0.08139534883720931,4
0.27,4005738759,random,degree,86,14,0.16279069767441862,10,0.11627906976744186,7
0.27,1020438777,random,degree,86,14,0.16279069767441862,10,0.11627906976744186,4
0.27,2891411009,random,degree,86,22,0.2558139534883721,7,0.08139534883720931,4
0.27,1330296769,random,degree,86,12,0.13953488372093023,8,0.09302325581395349,3
0.27,79521528,random,degree,86,14,0.16279069767441862,12,0.13953488372093023,5
0.27,4128451665,random,degree,86,10,0.11627906976744186,8,0.09302325581395349,5
0.27,1070830231,random,degree,86,14,0.16279069767441862,13,0.1511627906976744,5
0.28,296076971,random,degree,86,13,0.1511627906976744,7,0.08139534883720931,10
0.28,3724013344,random,degree,86,10,0.11627906976744186,7,0.08139534883720931,7
0.28,3796309918,random,degree,86,20,0.23255813953488372,8,0.09302325581395349,4
0.28,2923139944,random,degree,86,15,0.1744186046511628,9,0.10465116279069768,6
0.28,2302560991,random,degree,86,11,0.12790697674418605,7,0.08139534883720931,5
0.28,1285787110,random,degree,86,10,0.11627906976744186,8,0.09302325581395349,8
0.28,3145133597,random,degree,86,9,0.10465116279069768,6,0.06976744186046512,4
0.28,1127082246,random,degree,86,13,0.1511627906976744,8,0.09302325581395349,12
0.28,318655756,random,degree,86,21,0.2441860465116279,21,0.2441860465116279,5
0.28,1673836652,random,degree,86,8,0.09302325581395349,6,0.06976744186046512,5
0.28,3406435667,random,degree,86,8,0.09302325581395349,8,0.09302325581395349,3
0.28,2694443628,random,degree,86,14,0.16279069767441862,7,0.08139534883720931,8
0.28,3393545027,random,degree,86,12,0.13953488372093023,6,0.06976744186046512,2
0.28,3036742969,random,degree,86,8,0.09302325581395349,7,0.08139534883720931,6
0.28,3572552709,random,degree,86,14,0.16279069767441862,11,0.12790697674418605,5
0.28,3697032338,random,degree,86,12,0.13953488372093023,7,0.08139534883720931,6
0.28,2227632130,random,degree,86,15,0.1744186046511628,7,0.08139534883720931,4
0.28,3298053414,random,degree,86,10,0.11627906976744186,9,0.10465116279069768,9
0.28,2537201223,random,degree,86,12,0.13953488372093023,8,0.09302325581395349,5
0.28,2697654388,random,degree,86,12,0.13953488372093023,11,0.12790697674418605,3
0.28,543121179,random,degree,86,13,0.1511627906976744,8,0.09302325581395349,5
0.28,1239478718,random,degree,86,17,0.19767441860465115,9,0.10465116279069768,5
0.28,3483239675,random,degree,86,14,0.16279069767441862,6,0.06976744186046512,8
0.28,863912624,random,degree,86,15,0.1744186046511628,6,0.06976744186046512,4
0.28,1039479167,random,degree,86,8,0.09302325581395349,7,0.08139534883720931,6
0.28,1131850504,random,degree,86,11,0.12790697674418605,10,0.11627906976744186,6
0.28,1685890331,random,degree,86,11,0.12790697674418605,5,0.05813953488372093,8
0.28,1005685667,random,degree,86,10,0.11627906976744186,8,0.09302325581395349,3
0.28,1247599629,random,degree,86,9,0.10465116279069768,8,0.09302325581395349,6
0.28,4092478866,random,degree,86,12,0.13953488372093023,11,0.12790697674418605,5
0.28,3171907508,random,degree,86,11,0.12790697674418605,9,0.10465116279069768,4
0.28,3811816257,random,degree,86,20,0.23255813953488372,9,0.10465116279069768,6
0.28,1581773804,random,degree,86,9,0.10465116279069768,7,0.08139534883720931,8
0.28,1041742349,random,degree,86,15,0.1744186046511628,9,0.10465116279069768,3
0.28,1243080627,random,degree,86,12,0.13953488372093023,9,0.10465116279069768,5
0.28,2079883715,random,degree,86,14,0.16279069767441862,6,0.06976744186046512,7
0.28,1905543984,random,degree,86,9,0.10465116279069768,8,0.09302325581395349,5
0.28,1167041096,random,degree,86,11,0.12790697674418605,8,0.09302325581395349,5
0.28,904231230,random,degree,86,17,0.19767441860465115,7,0.08139534883720931,7
0.28,1582467723,random,degree,86,8,0.09302325581395349,8,0.09302325581395349,4
0.28,969753618,random,degree,86,13,0.1511627906976744,9,0.10465116279069768,5
0.28,4285255659,random,degree,86,11,0.12790697674418605,11,0.12790697674418605,4
0.28,2585745225,random,degree,86,11,0.12790697674418605,7,0.08139534883720931,7
0.28,2286702648,random,degree,86,14,0.16279069767441862,8,0.09302325581395349,7
0.28,3851432587,random,degree,86,20,0.23255813953488372,10,0.11627906976744186,6
0.28,1719037387,random,degree,86,11,0.12790697674418605,8,0.09302325581395349,4
0.28,1925490856,random,degree,86,11,0.12790697674418605,7,0.08139534883720931,6
0.28,2162496184,random,degree,86,13,0.1511627906976744,8,0.09302325581395349,7
0.28,973280555,random,degree,86,9,0.10465116279069768,8,0.09302325581395349,3
0.28,1033992623,random,degree,86,16,0.18604651162790697,10,0.11627906976744186,5
0.28,550258227,random,degree,86,9,0.10465116279069768,8,0.09302325581395349,7
0.28,3833296857,random,degree,86,14,0.16279069767441862,9,0.10465116279069768,8
0.28,1401091663,random,degree,86,9,0.10465116279069768,9,0.10465116279069768,5
0.28,4220987196,random,degree,86,14,0.16279069767441862,12,0.13953488372093023,5
0.28,3226061260,random,degree,86,14,0.16279069767441862,9,0.10465116279069768,5
0.28,2511626862,random,degree,86,12,0.13953488372093023,7,0.08139534883720931,6
0.28,3861344786,random,degree,86,10,0.11627906976744186,9,0.10465116279069768,3
0.28,3087511677,random,degree,86,11,0.12790697674418605,8,0.09302325581395349,7
0.28,2980245850,random,degree,86,14,0.16279069767441862,13,0.1511627906976744,12
0.28,2612719001,random,degree,86,6,0.06976744186046512,5,0.05813953488372093,4
0.28,3166724790,random,degree,86,13,0.1511627906976744,12,0.13953488372093023,4
0.28,3592856815,random,degree,86,18,0.20930232558139536,10,0.11627906976744186,7
0.28,1664750865,random,degree,86,15,0.1744186046511628,7,0.08139534883720931,8
0.28,329951275,random,degree,86,11,0.12790697674418605,8,0.09302325581395349,5
0.28,3903743306,random,degree,86,20,0.23255813953488372,5,0.05813953488372093,6
0.28,2886003957,random,degree,86,15,0.1744186046511628,7,0.08139534883720931,8
0.28,2418111938,random,degree,86,13,0.1511627906976744,8,0.09302325581395349,7
0.28,2565767050,random,degree,86,12,0.13953488372093023,10,0.11627906976744186,10
0.28,3147798588,random,degree,86,11,0.12790697674418605,9,0.10465116279069768,6
0.28,1827353927,random,degree,86,7,0.08139534883720931,6,0.06976744186046512,6
0.28,855524903,random,degree,86,10,0.11627906976744186,8,0.09302325581395349,6
0.28,1927211500,random,degree,86,14,0.16279069767441862,6,0.06976744186046512,4
0.28,254484793,random,degree,86,11,0.12790697674418605,10,0.11627906976744186,8
0.28,549172491,random,degree,86,11,0.12790697674418605,9,0.10465116279069768,7
0.28,1660267226,random,degree,86,14,0.16279069767441862,10,0.11627906976744186,6
0.28,2887348202,random,degree,86,10,0.11627906976744186,9,0.10465116279069768,5
0.28,1881584670,random,degree,86,12,0.13953488372093023,6,0.06976744186046512,4
0.28,679740479,random,degree,86,11,0.12790697674418605,7,0.08139534883720931,7
0.28,4005401406,random,degree,86,12,0.13953488372093023,7,0.08139534883720931,7
0.28,792749207,random,degree,86,11,0.12790697674418605,8,0.09302325581395349,4
0.28,303473804,random,degree,86,6,0.06976744186046512,6,0.06976744186046512,5
0.28,3455124633,random,degree,86,12,0.13953488372093023,8,0.09302325581395349,6
0.28,1948600685,random,degree,86,15,0.1744186046511628,12,0.13953488372093023,3
0.28,280943205,random,degree,86,11,0.12790697674418605,9,0.10465116279069768,3
0.28,3770429156,random,degree,86,17,0.19767441860465115,10,0.11627906976744186,8
0.28,1893909219,random,degree,86,18,0.20930232558139536,6,0.06976744186046512,9
0.28,1925266744,random,degree,86,14,0.16279069767441862,11,0.12790697674418605,10
0.28,3043182131,random,degree,86,6,0.06976744186046512,5,0.05813953488372093,4
0.28,1914673093,random,degree,86,13,0.1511627906976744,11,0.12790697674418605,6
0.28,978488563,random,degree,86,11,0.12790697674418605,9,0.10465116279069768,1
0.28,2827718436,random,degree,86,13,0.1511627906976744,11,0.12790697674418605,5
0.28,1333627230,random,degree,86,13,0.1511627906976744,11,0.12790697674418605,6
0.28,821141988,random,degree,86,9,0.10465116279069768,7,0.08139534883720931,5
0.28,4255824512,random,degree,86,10,0.11627906976744186,7,0.08139534883720931,10
0.28,1411818684,random,degree,86,23,0.26744186046511625,7,0.08139534883720931,7
0.28,3076577607,random,degree,86,13,0.1511627906976744,8,0.09302325581395349,6
0.28,3025420917,random,degree,86,10,0.11627906976744186,10,0.11627906976744186,6
0.28,1746677811,random,degree,86,20,0.23255813953488372,5,0.05813953488372093,1
0.28,37388751,random,degree,86,9,0.10465116279069768,6,0.06976744186046512,5
0.28,273359430,random,degree,86,10,0.11627906976744186,7,0.08139534883720931,4
0.29,1425869459,random,degree,86,7,0.08139534883720931,6,0.06976744186046512,5
0.29,1766518444,random,degree,86,14,0.16279069767441862,7,0.08139534883720931,3
0.29,3950366895,random,degree,86,14,0.16279069767441862,9,0.10465116279069768,10
0.29,1645764358,random,degree,86,16,0.18604651162790697,7,0.08139534883720931,4
0.29,2549779661,random,degree,86,11,0.12790697674418605,9,0.10465116279069768,6
0.29,2027147432,random,degree,86,10,0.11627906976744186,9,0.10465116279069768,6
0.29,2593387932,random,degree,86,14,0.16279069767441862,9,0.10465116279069768,5
0.29,2655628903,random,degree,86,11,0.12790697674418605,5,0.05813953488372093,6
0.29,2497049183,random,degree,86,13,0.1511627906976744,11,0.12790697674418605,3
0.29,3882202748,random,degree,86,10,0.11627906976744186,7,0.08139534883720931,7
0.29,1522840367,random,degree,86,9,0.10465116279069768,7,0.08139534883720931,5
0.29,3099005860,random,degree,86,11,0.12790697674418605,4,0.046511627906976744,6
0.29,4034343428,random,degree,86,11,0.12790697674418605,5,0.05813953488372093,6
0.29,2811339883,random,degree,86,10,0.11627906976744186,7,0.08139534883720931,8
0.29,190354245,random,degree,86,10,0.11627906976744186,8,0.09302325581395349,5
0.29,3035070565,random,degree,86,11,0.12790697674418605,8,0.09302325581395349,5
0.29,2462728909,random,degree,86,17,0.19767441860465115,9,0.10465116279069768,6
0.29,4209674141,random,degree,86,14,0.16279069767441862,9,0.10465116279069768,8
0.29,2944359904,random,degree,86,11,0.12790697674418605,8,0.09302325581395349,5
0.29,679215514,random,degree,86,8,0.09302325581395349,7,0.08139534883720931,3
0.29,684192017,random,degree,86,11,0.12790697674418605,10,0.11627906976744186,6
0.29,285112864,random,degree,86,9,0.10465116279069768,6,0.06976744186046512,6
0.29,1715243017,random,degree,86,17,0.19767441860465115,9,0.10465116279069768,3
0.29,3075043148,random,degree,86,10,0.11627906976744186,10,0.11627906976744186,8
0.29,3340204024,random,degree,86,16,0.18604651162790697,7,0.08139534883720931,8
0.29,3860888484,random,degree,86,11,0.12790697674418605,8,0.09302325581395349,3
0.29,3350383207,random,degree,86,10,0.11627906976744186,7,0.08139534883720931,6
0.29,960831165,random,degree,86,13,0.1511627906976744,4,0.046511627906976744,3
0.29,3480636937,random,degree,86,9,0.10465116279069768,7,0.08139534883720931,10
0.29,2773018253,random,degree,86,12,0.13953488372093023,10,0.11627906976744186,5
0.29,2746272871,random,degree,86,9,0.10465116279069768,9,0.10465116279069768,5
0.29,3106059166,random,degree,86,20,0.23255813953488372,6,0.06976744186046512,8
0.29,3967014517,random,degree,86,9,0.10465116279069768,6,0.06976744186046512,11
0.29,332534708,random,degree,86,8,0.09302325581395349,7,0.08139534883720931,4
0.29,4202164809,random,degree,86,14,0.16279069767441862,10,0.11627906976744186,5
0.29,2640271138,random,degree,86,10,0.11627906976744186,8,0.09302325581395349,4
0.29,606195137,random,degree,86,14,0.16279069767441862,7,0.08139534883720931,5
0.29,3533647006,random,degree,86,12,0.13953488372093023,5,0.05813953488372093,7
0.29,1978536176,random,degree,86,11,0.12790697674418605,6,0.06976744186046512,7
0.29,4270808688,random,degree,86,15,0.1744186046511628,11,0.12790697674418605,5
0.29,529823457,random,degree,86,14,0.16279069767441862,6,0.06976744186046512,6
0.29,2140221550,random,degree,86,18,0.20930232558139536,6,0.06976744186046512,2
0.29,3472022294,random,degree,86,15,0.1744186046511628,10,0.11627906976744186,9
0.29,1186212593,random,degree,86,19,0.22093023255813954,7,0.08139534883720931,6
0.29,2215633410,random,degree,86,19,0.22093023255813954,5,0.05813953488372093,4
0.29,4212887819,random,degree,86,13,0.1511627906976744,12,0.13953488372093023,4
0.29,3393475394,random,degree,86,13,0.1511627906976744,9,0.10465116279069768,9
0.29,2528512781,random,degree,86,18,0.20930232558139536,7,0.08139534883720931,7
0.29,2664353992,random,degree,86,11,0.12790697674418605,9,0.10465116279069768,7
0.29,2729507275,random,degree,86,13,0.1511627906976744,11,0.12790697674418605,8
0.29,1233108196,random,degree,86,18,0.20930232558139536,8,0.09302325581395349,6
0.29,4073143963,random,degree,86,16,0.18604651162790697,7,0.08139534883720931,6
0.29,564938524,random,degree,86,11,0.12790697674418605,11,0.12790697674418605,7
0.29,2828688777,random,degree,86,10,0.11627906976744186,8,0.09302325581395349,5
0.29,3713468491,random,degree,86,13,0.1511627906976744,7,0.08139534883720931,5
0.29,1536157789,random,degree,86,13,0.1511627906976744,9,0.10465116279069768,6
0.29,1029376830,random,degree,86,12,0.13953488372093023,9,0.10465116279069768,7
0.29,944604308,random,degree,86,14,0.16279069767441862,8,0.09302325581395349,7
0.29,482442894,random,degree,86,9,0.10465116279069768,7,0.08139534883720931,4
0.29,214515013,random,degree,86,11,0.12790697674418605,11,0.12790697674418605,6
0.29,3402852020,random,degree,86,10,0.11627906976744186,9,0.10465116279069768,6
0.29,2609508560,random,degree,86,13,0.1511627906976744,13,0.1511627906976744,8
0.29,1265371472,random,degree,86,9,0.10465116279069768,9,0.10465116279069768,6
0.29,2458387590,random,degree,86,10,0.11627906976744186,9,0.10465116279069768,4
0.29,1953869265,random,degree,86,11,0.12790697674418605,8,0.09302325581395349,1
0.29,632239109,random,degree,86,7,0.08139534883720931,7,0.08139534883720931,6
0.29,782454197,random,degree,86,9,0.10465116279069768,7,0.08139534883720931,9
0.29,46377267,random,degree,86,12,0.13953488372093023,9,0.10465116279069768,3
0.29,3406779059,random,degree,86,13,0.1511627906976744,10,0.11627906976744186,5
0.29,1626706126,random,degree,86,11,0.12790697674418605,11,0.12790697674418605,5
0.29,825996346,random,degree,86,10,0.11627906976744186,6,0.06976744186046512,6
0.29,58826660,random,degree,86,12,0.13953488372093023,7,0.08139534883720931,6
0.29,1325179132,random,degree,86,17,0.19767441860465115,7,0.08139534883720931,6
0.29,3466049065,random,degree,86,10,0.11627906976744186,7,0.08139534883720931,3
0.29,190816625,random,degree,86,12,0.13953488372093023,8,0.09302325581395349,6
0.29,3988426552,random,degree,86,14,0.16279069767441862,6,0.06976744186046512,6
0.29,918787263,random,degree,86,12,0.13953488372093023,9,0.10465116279069768,3
0.29,601909270,random,degree,86,12,0.13953488372093023,11,0.12790697674418605,5
0.29,3366338019,random,degree,86,8,0.09302325581395349,7,0.08139534883720931,5
0.29,603797046,random,degree,86,12,0.13953488372093023,8,0.09302325581395349,11
0.29,1624892142,random,degree,86,13,0.1511627906976744,9,0.10465116279069768,7
0.29,4204289026,random,degree,86,12,0.13953488372093023,6,0.06976744186046512,6
0.29,1625690081,random,degree,86,13,0.1511627906976744,9,0.10465116279069768,8
0.29,1786855574,random,degree,86,14,0.16279069767441862,6,0.06976744186046512,5
0.29,3714800951,random,degree,86,12,0.13953488372093023,7,0.08139534883720931,5
0.29,1296228920,random,degree,86,11,0.12790697674418605,7,0.08139534883720931,5
0.29,307348143,random,degree,86,8,0.09302325581395349,7,0.08139534883720931,7
0.29,372745421,random,degree,86,10,0.11627906976744186,8,0.09302325581395349,5
0.29,2969846938,random,degree,86,10,0.11627906976744186,6,0.06976744186046512,5
0.29,1431993595,random,degree,86,12,0.13953488372093023,8,0.09302325581395349,7
0.29,2036864576,random,degree,86,7,0.08139534883720931,5,0.05813953488372093,7
0.29,3837361924,random,degree,86,19,0.22093023255813954,12,0.13953488372093023,4
0.29,2703278003,random,degree,86,10,0.11627906976744186,6,0.06976744186046512,8
0.29,935592274,random,degree,86,10,0.11627906976744186,7,0.08139534883720931,8
0.29,169620803,random,degree,86,12,0.13953488372093023,8,0.09302325581395349,9
0.29,2181765607,random,degree,86,12,0.13953488372093023,9,0.10465116279069768,7
0.29,1213629437,random,degree,86,8,0.09302325581395349,8,0.09302325581395349,9
0.29,1816006329,random,degree,86,9,0.10465116279069768,7,0.08139534883720931,2
0.29,1473078129,random,degree,86,11,0.12790697674418605,9,0.10465116279069768,4
0.29,3564427922,random,degree,86,10,0.11627906976744186,8,0.09302325581395349,12
0.3,2732912765,random,degree,86,13,0.1511627906976744,9,0.10465116279069768,8
0.3,3044451371,random,degree,86,9,0.10465116279069768,8,0.09302325581395349,5
0.3,1537413525,random,degree,86,21,0.2441860465116279,12,0.13953488372093023,5
0.3,2367399688,random,degree,86,14,0.16279069767441862,7,0.08139534883720931,5
0.3,523857748,random,degree,86,9,0.10465116279069768,9,0.10465116279069768,9
0.3,4022056918,random,degree,86,12,0.13953488372093023,10,0.11627906976744186,3
0.3,2171547667,random,degree,86,10,0.11627906976744186,8,0.09302325581395349,7
0.3,733928568,random,degree,86,9,0.10465116279069768,8,0.09302325581395349,11
0.3,8839827,random,degree,86,16,0.18604651162790697,6,0.06976744186046512,9
0.3,2350415781,random,degree,86,11,0.12790697674418605,7,0.08139534883720931,6
0.3,2532622069,random,degree,86,11,0.12790697674418605,8,0.09302325581395349,7
0.3,1904512770,random,degree,86,9,0.10465116279069768,7,0.08139534883720931,6
0.3,1105237346,random,degree,86,13,0.1511627906976744,9,0.10465116279069768,4
0.3,1454617498,random,degree,86,12,0.13953488372093023,10,0.11627906976744186,5
0.3,2777493125,random,degree,86,11,0.12790697674418605,9,0.10465116279069768,7
0.3,2029905015,random,degree,86,8,0.09302325581395349,7,0.08139534883720931,8
0.3,1339209926,random,degree,86,11,0.12790697674418605,6,0.06976744186046512,8
0.3,2828906468,random,degree,86,9,0.10465116279069768,7,0.08139534883720931,4
0.3,2219512125,random,degree,86,8,0.09302325581395349,5,0.05813953488372093,6
0.3,914227716,random,degree,86,13,0.1511627906976744,7,0.08139534883720931,8
0.3,4083565824,random,degree,86,17,0.19767441860465115,6,0.06976744186046512,6
0.3,1308339511,random,degree,86,14,0.16279069767441862,7,0.08139534883720931,7
0.3,3361843442,random,degree,86,17,0.19767441860465115,8,0.09302325581395349,7
0.3,3706455229,random,degree,86,10,0.11627906976744186,7,0.08139534883720931,8
0.3,1944391894,random,degree,86,7,0.08139534883720931,7,0.08139534883720931,7
0.3,1272710247,random,degree,86,6,0.06976744186046512,5,0.05813953488372093,5
0.3,2663543283,random,degree,86,12,0.13953488372093023,11,0.12790697674418605,5
0.3,445652759,random,degree,86,15,0.1744186046511628,8,0.09302325581395349,4
0.3,1188852885,random,degree,86,7,0.08139534883720931,7,0.08139534883720931,7
0.3,348643862,random,degree,86,11,0.12790697674418605,9,0.10465116279069768,4
0.3,2494170817,random,degree,86,12,0.13953488372093023,8,0.09302325581395349,9
0.3,2707174357,random,degree,86,6,0.06976744186046512,5,0.05813953488372093,5
0.3,3657042009,random,degree,86,10,0.11627906976744186,7,0.08139534883720931,10
0.3,133435096,random,degree,86,16,0.18604651162790697,8,0.09302325581395349,5
0.3,2137572907,random,degree,86,15,0.1744186046511628,5,0.05813953488372093,8
0.3,689774159,random,degree,86,14,0.16279069767441862,12,0.13953488372093023,6
0.3,352393695,random,degree,86,13,0.1511627906976744,12,0.13953488372093023,7
0.3,524474895,random,degree,86,10,0.11627906976744186,10,0.11627906976744186,5
0.3,1325404247,random,degree,86,10,0.11627906976744186,5,0.05813953488372093,4
0.3,2441075099,random,degree,86,12,0.13953488372093023,4,0.046511627906976744,3
0.3,2850554893,random,degree,86,16,0.18604651162790697,7,0.08139534883720931,6
0.3,3435267379,random,degree,86,10,0.11627906976744186,9,0.10465116279069768,7
0.3,4189582869,random,degree,86,8,0.09302325581395349,6,0.06976744186046512,6
0.3,2447143960,random,degree,86,10,0.11627906976744186,9,0.10465116279069768,4
0.3,3914181309,random,degree,86,8,0.09302325581395349,6,0.06976744186046512,5
0.3,218889462,random,degree,86,8,0.09302325581395349,8,0.09302325581395349,2
0.3,2318581817,random,degree,86,9,0.10465116279069768,9,0.10465116279069768,7
0.3,445332101,random,degree,86,15,0.1744186046511628,13,0.1511627906976744,7
0.3,2667596920,random,degree,86,6,0.06976744186046512,6,0.06976744186046512,8
0.3,2260166031,random,degree,86,8,0.09302325581395349,8,0.09302325581395349,9
0.3,1497273072,random,degree,86,7,0.08139534883720931,5,0.05813953488372093,5
0.3,3863852091,random,degree,86,24,0.27906976744186046,9,0.10465116279069768,6
0.3,3859209117,random,degree,86,10,0.11627906976744186,7,0.08139534883720931,8
0.3,3592032658,random,degree,86,11,0.12790697674418605,8,0.09302325581395349,6
0.3,3552158723,random,degree,86,13,0.1511627906976744,7,0.08139534883720931,3
0.3,1180755570,random,degree,86,10,0.11627906976744186,7,0.08139534883720931,12
0.3,2368523919,random,degree,86,16,0.18604651162790697,5,0.05813953488372093,6
0.3,2842425582,random,degree,86,10,0.11627906976744186,9,0.10465116279069768,8
0.3,1224949432,random,degree,86,8,0.09302325581395349,7,0.08139534883720931,6
0.3,1254224306,random,degree,86,10,0.11627906976744186,8,0.09302325581395349,6
0.3,1818522389,random,degree,86,11,0.12790697674418605,9,0.10465116279069768,4
0.3,1196616849,random,degree,86,15,0.1744186046511628,7,0.08139534883720931,10
0.3,1898970290,random,degree,86,11,0.12790697674418605,9,0.10465116279069768,6
0.3,2249539228,random,degree,86,11,0.12790697674418605,7,0.08139534883720931,8
0.3,2451040948,random,degree,86,10,0.11627906976744186,6,0.06976744186046512,4
0.3,2781533861,random,degree,86,17,0.19767441860465115,7,0.08139534883720931,7
0.3,3254739737,random,degree,86,11,0.12790697674418605,10,0.11627906976744186,6
0.3,1414959382,random,degree,86,9,0.10465116279069768,9,0.10465116279069768,7
0.3,3847377011,random,degree,86,13,0.1511627906976744,6,0.06976744186046512,4
0.3,3676024911,random,degree,86,10,0.11627906976744186,6,0.06976744186046512,4
0.3,2177749329,random,degree,86,8,0.09302325581395349,8,0.09302325581395349,5
0.3,3247824899,random,degree,86,10,0.11627906976744186,9,0.10465116279069768,8
0.3,327002037,random,degree,86,8,0.09302325581395349,6,0.06976744186046512,2
0.3,1982679978,random,degree,86,12,0.13953488372093023,7,0.08139534883720931,5
0.3,4155517056,random,degree,86,10,0.11627906976744186,7,0.08139534883720931,5
0.3,212036689,random,degree,86,16,0.18604651162790697,11,0.12790697674418605,5
0.3,177498542,random,degree,86,8,0.09302325581395349,8,0.09302325581395349,3
0.3,1219827631,random,degree,86,10,0.11627906976744186,7,0.08139534883720931,5
0.3,524855157,random,degree,86,14,0.16279069767441862,10,0.11627906976744186,5
0.3,248854513,random,degree,86,10,0.11627906976744186,9,0.10465116279069768,7
0.3,3764408413,random,degree,86,8,0.09302325581395349,7,0.08139534883720931,7
0.3,3792506089,random,degree,86,12,0.13953488372093023,6,0.06976744186046512,8
0.3,3273142363,random,degree,86,12,0.13953488372093023,8,0.09302325581395349,7
0.3,3155217119,random,degree,86,13,0.1511627906976744,10,0.11627906976744186,8
0.3,3340333646,random,degree,86,12,0.13953488372093023,7,0.08139534883720931,7
0.3,2737810217,random,degree,86,15,0.1744186046511628,13,0.1511627906976744,9
0.3,1617117451,random,degree,86,15,0.1744186046511628,11,0.12790697674418605,6
0.3,1925217126,random,degree,86,11,0.12790697674418605,7,0.08139534883720931,5
0.3,3053767237,random,degree,86,11,0.12790697674418605,6,0.06976744186046512,5
0.3,1787406222,random,degree,86,7,0.08139534883720931,7,0.08139534883720931,12
0.3,1495729898,random,degree,86,12,0.13953488372093023,8,0.09302325581395349,6
0.3,2674104377,random,degree,86,10,0.11627906976744186,7,0.08139534883720931,9
0.3,439031044,random,degree,86,9,0.10465116279069768,7,0.08139534883720931,8
0.3,3147509711,random,degree,86,11,0.12790697674418605,10,0.11627906976744186,6
0.3,3860389253,random,degree,86,11,0.12790697674418605,5,0.05813953488372093,2
0.3,324946905,random,degree,86,14,0.16279069767441862,9,0.10465116279069768,10
0.3,2922589466,random,degree,86,13,0.1511627906976744,6,0.06976744186046512,3
0.3,849905967,random,degree,86,14,0.16279069767441862,7,0.08139534883720931,8
0.3,2803210980,random,degree,86,20,0.23255813953488372,7,0.08139534883720931,8
0.3,613813631,random,degree,86,23,0.26744186046511625,4,0.046511627906976744,7
0.31,3478692713,random,degree,86,8,0.09302325581395349,7,0.08139534883720931,8
0.31,208209291,random,degree,86,8,0.09302325581395349,8,0.09302325581395349,8
0.31,3454749378,random,degree,86,13,0.1511627906976744,7,0.08139534883720931,5
0.31,3234528148,random,degree,86,16,0.18604651162790697,11,0.12790697674418605,7
0.31,2194027480,random,degree,86,10,0.11627906976744186,6,0.06976744186046512,6
0.31,2543646578,random,degree,86,19,0.22093023255813954,6,0.06976744186046512,4
0.31,2643111681,random,degree,86,14,0.16279069767441862,5,0.05813953488372093,7
0.31,2977320146,random,degree,86,10,0.11627906976744186,9,0.10465116279069768,6
0.31,940075073,random,degree,86,16,0.18604651162790697,5,0.05813953488372093,7
0.31,516160611,random,degree,86,7,0.08139534883720931,6,0.06976744186046512,7
0.31,1001532149,random,degree,86,12,0.13953488372093023,6,0.06976744186046512,3
0.31,2752723296,random,degree,86,10,0.11627906976744186,8,0.09302325581395349,10
0.31,3066027597,random,degree,86,10,0.11627906976744186,7,0.08139534883720931,9
0.31,2516027277,random,degree,86,20,0.23255813953488372,5,0.05813953488372093,2
0.31,2174177950,random,degree,86,11,0.12790697674418605,10,0.11627906976744186,10
0.31,4167263027,random,degree,86,11,0.12790697674418605,8,0.09302325581395349,7
0.31,461748462,random,degree,86,11,0.12790697674418605,11,0.12790697674418605,5
0.31,4151552709,random,degree,86,14,0.16279069767441862,8,0.09302325581395349,10
0.31,3277506117,random,degree,86,17,0.19767441860465115,11,0.12790697674418605,10
0.31,410576397,random,degree,86,8,0.09302325581395349,5,0.05813953488372093,12
0.31,2496336041,random,degree,86,9,0.10465116279069768,9,0.10465116279069768,7
0.31,364579519,random,degree,86,14,0.16279069767441862,6,0.06976744186046512,3
0.31,2495180939,random,degree,86,10,0.11627906976744186,8,0.09302325581395349,10
0.31,744937607,random,degree,86,9,0.10465116279069768,6,0.06976744186046512,7
0.31,3298578755,random,degree,86,11,0.12790697674418605,8,0.09302325581395349,7
0.31,166169531,random,degree,86,17,0.19767441860465115,10,0.11627906976744186,12
0.31,3520906739,random,degree,86,10,0.11627906976744186,6,0.06976744186046512,3
0.31,348235449,random,degree,86,7,0.08139534883720931,7,0.08139534883720931,7
0.31,2606033802,random,degree,86,12,0.13953488372093023,10,0.11627906976744186,6
0.31,2071298759,random,degree,86,8,0.09302325581395349,5,0.05813953488372093,5
0.31,1240867916,random,degree,86,9,0.10465116279069768,8,0.09302325581395349,6
0.31,796003641,random,degree,86,9,0.10465116279069768,7,0.08139534883720931,7
0.31,2462325706,random,degree,86,10,0.11627906976744186,7,0.08139534883720931,4
0.31,668371122,random,degree,86,17,0.19767441860465115,6,0.06976744186046512,11
0.31,363688117,random,degree,86,10,0.11627906976744186,7,0.08139534883720931,6
0.31,153584720,random,degree,86,8,0.09302325581395349,7,0.08139534883720931,9
0.31,2711557632,random,degree,86,10,0.11627906976744186,8,0.09302325581395349,10
0.31,2775234851,random,degree,86,8,0.09302325581395349,7,0.08139534883720931,4
0.31,580661369,random,degree,86,7,0.08139534883720931,7,0.08139534883720931,10
0.31,3269613193,random,degree,86,13,0.1511627906976744,12,0.13953488372093023,6
0.31,1805461208,random,degree,86,14,0.16279069767441862,11,0.12790697674418605,6
0.31,2735062550,random,degree,86,15,0.1744186046511628,10,0.11627906976744186,5
0.31,1402818082,random,degree,86,7,0.08139534883720931,6,0.06976744186046512,9
0.31,3825552596,random,degree,86,14,0.16279069767441862,7,0.08139534883720931,5
0.31,3212413413,random,degree,86,12,0.13953488372093023,7,0.08139534883720931,7
0.31,508931209,random,degree,86,11,0.12790697674418605,7,0.08139534883720931,2
0.31,71532905,random,degree,86,7,0.08139534883720931,6,0.06976744186046512,5
0.31,2625254589,random,degree,86,15,0.1744186046511628,7,0.08139534883720931,6
0.31,3263543141,random,degree,86,15,0.1744186046511628,7,0.08139534883720931,4
0.31,1566267515,random,degree,86,17,0.19767441860465115,9,0.10465116279069768,10
0.31,3312226666,random,degree,86,8,0.09302325581395349,8,0.09302325581395349,8
0.31,3930483035,random,degree,86,13,0.1511627906976744,10,0.11627906976744186,6
0.31,2619012265,random,degree,86,11,0.12790697674418605,8,0.09302325581395349,7
0.31,2204127372,random,degree,86,14,0.16279069767441862,9,0.10465116279069768,8
0.31,3389543352,random,degree,86,7,0.08139534883720931,6,0.06976744186046512,11
0.31,1938458618,random,degree,86,9,0.10465116279069768,7,0.08139534883720931,5
0.31,962827070,random,degree,86,14,0.16279069767441862,9,0.10465116279069768,8
0.31,3970202495,random,degree,86,17,0.19767441860465115,7,0.08139534883720931,4
0.31,3188577575,random,degree,86,10,0.11627906976744186,9,0.10465116279069768,9
0.31,530913499,random,degree,86,8,0.09302325581395349,7,0.08139534883720931,9
0.31,1018624900,random,degree,86,14,0.16279069767441862,10,0.11627906976744186,9
0.31,3596776191,random,degree,86,13,0.1511627906976744,9,0.10465116279069768,7
0.31,1531722510,random,degree,86,9,0.10465116279069768,7,0.08139534883720931,9
0.31,3788799918,random,degree,86,6,0.06976744186046512,6,0.06976744186046512,7
0.31,1736830337,random,degree,86,11,0.12790697674418605,9,0.10465116279069768,6
0.31,227780251,random,degree,86,8,0.09302325581395349,8,0.09302325581395349,7
0.31,689027403,random,degree,86,18,0.20930232558139536,5,0.05813953488372093,6
0.31,2930681790,random,degree,86,10,0.11627906976744186,7,0.08139534883720931,8
0.31,3316160823,random,degree,86,17,0.19767441860465115,6,0.06976744186046512,6
0.31,682641890,random,degree,86,10,0.11627906976744186,9,0.10465116279069768,8
0.31,3953161688,random,degree,86,8,0.09302325581395349,7,0.08139534883720931,8
0.31,2522017156,random,degree,86,14,0.16279069767441862,5,0.05813953488372093,7
0.31,417480530,random,degree,86,7,0.08139534883720931,7,0.08139534883720931,4
0.31,285869388,random,degree,86,11,0.12790697674418605,8,0.09302325581395349,5
0.31,892300945,random,degree,86,12,0.13953488372093023,10,0.11627906976744186,10
0.31,3475022539,random,degree,86,10,0.11627906976744186,6,0.06976744186046512,9
0.31,2401991547,random,degree,86,9,0.10465116279069768,7,0.08139534883720931,8
0.31,3858778565,random,degree,86,14,0.16279069767441862,9,0.10465116279069768,9
0.31,3737214865,random,degree,86,17,0.19767441860465115,15,0.1744186046511628,6
0.31,3879037392,random,degree,86,13,0.1511627906976744,9,0.10465116279069768,8
0.31,1880364517,random,degree,86,8,0.09302325581395349,7,0.08139534883720931,4
0.31,254306749,random,degree,86,13,0.1511627906976744,8,0.09302325581395349,7
0.31,2241327988,random,degree,86,8,0.09302325581395349,7,0.08139534883720931,3
0.31,3376131539,random,degree,86,11,0.12790697674418605,9,0.10465116279069768,8
0.31,3723086810,random,degree,86,10,0.11627906976744186,10,0.11627906976744186,6
0.31,3360152148,random,degree,86,13,0.1511627906976744,11,0.12790697674418605,5
0.31,1729352902,random,degree,86,12,0.13953488372093023,9,0.10465116279069768,6
0.31,3320490771,random,degree,86,16,0.18604651162790697,7,0.08139534883720931,3
0.31,3487995675,random,degree,86,7,0.08139534883720931,6,0.06976744186046512,8
0.31,1126604870,random,degree,86,6,0.06976744186046512,5,0.05813953488372093,4
0.31,137364541,random,degree,86,11,0.12790697674418605,9,0.10465116279069768,9
0.31,2054212274,random,degree,86,11,0.12790697674418605,9,0.10465116279069768,6
0.31,13346256,random,degree,86,13,0.1511627906976744,5,0.05813953488372093,9
0.31,2828201404,random,degree,86,7,0.08139534883720931,6,0.06976744186046512,7
0.31,3884605323,random,degree,86,8,0.09302325581395349,8,0.09302325581395349,5
0.31,4056787582,random,degree,86,18,0.20930232558139536,8,0.09302325581395349,5
0.31,410377993,random,degree,86,7,0.08139534883720931,6,0.06976744186046512,4
0.31,3724474317,random,degree,86,19,0.22093023255813954,12,0.13953488372093023,6
0.31,3549550091,random,degree,86,14,0.16279069767441862,8,0.09302325581395349,4
0.31,1969655970,random,degree,86,7,0.08139534883720931,6,0.06976744186046512,3
0.32,1596040906,random,degree,86,12,0.13953488372093023,6,0.06976744186046512,9
0.32,882040823,random,degree,86,7,0.08139534883720931,6,0.06976744186046512,11
0.32,2207273114,random,degree,86,6,0.06976744186046512,5,0.05813953488372093,8
0.32,3414723483,random,degree,86,6,0.06976744186046512,6,0.06976744186046512,5
0.32,1735456839,random,degree,86,9,0.10465116279069768,6,0.06976744186046512,7
0.32,2720648502,random,degree,86,9,0.10465116279069768,9,0.10465116279069768,6
0.32,3700458788,random,degree,86,7,0.08139534883720931,5,0.05813953488372093,8
0.32,3458351926,random,degree,86,9,0.10465116279069768,8,0.09302325581395349,7
0.32,2553827253,random,degree,86,9,0.10465116279069768,5,0.05813953488372093,7
0.32,1644404531,random,degree,86,10,0.11627906976744186,6,0.06976744186046512,6
0.32,2450686579,random,degree,86,13,0.1511627906976744,6,0.06976744186046512,4
0.32,1786067065,random,degree,86,10,0.11627906976744186,7,0.08139534883720931,7
0.32,3545101573,random,degree,86,7,0.08139534883720931,6,0.06976744186046512,10
0.32,3744945421,random,degree,86,9,0.10465116279069768,7,0.08139534883720931,9
0.32,839518863,random,degree,86,13,0.1511627906976744,12,0.13953488372093023,6
0.32,3599943475,random,degree,86,10,0.11627906976744186,6,0.06976744186046512,7
0.32,4247032438,random,degree,86,8,0.09302325581395349,6,0.06976744186046512,5
0.32,3289851496,random,degree,86,18,0.20930232558139536,9,0.10465116279069768,7
0.32,2105695186,random,degree,86,8,0.09302325581395349,8,0.09302325581395349,8
0.32,3021622255,random,degree,86,17,0.19767441860465115,6,0.06976744186046512,8
0.32,1880232588,random,degree,86,9,0.10465116279069768,8,0.09302325581395349,7
0.32,2440982597,random,degree,86,5,0.05813953488372093,5,0.05813953488372093,9
0.32,1141186881,random,degree,86,9,0.10465116279069768,8,0.09302325581395349,3
0.32,730918050,random,degree,86,12,0.13953488372093023,10,0.11627906976744186,7
0.32,2004777474,random,degree,86,9,0.10465116279069768,8,0.09302325581395349,5
0.32,157910204,random,degree,86,12,0.13953488372093023,7,0.08139534883720931,6
0.32,1320970748,random,degree,86,9,0.10465116279069768,7,0.08139534883720931,11
0.32,1470588452,random,degree,86,7,0.08139534883720931,6,0.06976744186046512,7
0.32,3204336560,random,degree,86,9,0.10465116279069768,7,0.08139534883720931,5
0.32,2565110065,random,degree,86,9,0.10465116279069768,7,0.08139534883720931,11
0.32,3637412837,random,degree,86,9,0.10465116279069768,7,0.08139534883720931,7
0.32,1787157812,random,degree,86,9,0.10465116279069768,8,0.09302325581395349,10
0.32,1722549029,random,degree,86,9,0.10465116279069768,8,0.09302325581395349,6
0.32,640766983,random,degree,86,13,0.1511627906976744,6,0.06976744186046512,6
0.32,3990111848,random,degree,86,8,0.09302325581395349,7,0.08139534883720931,6
0.32,3280432767,random,degree,86,16,0.18604651162790697,5,0.05813953488372093,6
0.32,2743782890,random,degree,86,19,0.22093023255813954,5,0.05813953488372093,5
0.32,1867782783,random,degree,86,11,0.12790697674418605,8,0.09302325581395349,6
0.32,3418666094,random,degree,86,6,0.06976744186046512,5,0.05813953488372093,6
0.32,35047514,random,degree,86,8,0.09302325581395349,8,0.09302325581395349,9
0.32,3410573629,random,degree,86,10,0.11627906976744186,6,0.06976744186046512,3
0.32,2159350683,random,degree,86,8,0.09302325581395349,8,0.09302325581395349,4
0.32,1417273721,random,degree,86,7,0.08139534883720931,6,0.06976744186046512,9
0.32,314269170,random,degree,86,8,0.09302325581395349,7,0.08139534883720931,10
0.32,2278123256,random,degree,86,10,0.11627906976744186,9,0.10465116279069768,7
0.32,623435610,random,degree,86,13,0.1511627906976744,11,0.12790697674418605,8
0.32,3260913252,random,degree,86,22,0.2558139534883721,4,0.046511627906976744,5
0.32,2857668432,random,degree,86,9,0.10465116279069768,8,0.09302325581395349,5
0.32,2354520983,random,degree,86,9,0.10465116279069768,8,0.09302325581395349,5
0.32,1858945173,random,degree,86,7,0.08139534883720931,5,0.05813953488372093,12
0.32,61889831,random,degree,86,9,0.10465116279069768,7,0.08139534883720931,10
0.32,714101555,random,degree,86,6,0.06976744186046512,6,0.06976744186046512,10
0.32,2704391629,random,degree,86,12,0.13953488372093023,6,0.06976744186046512,8
0.32,918248085,random,degree,86,11,0.12790697674418605,6,0.06976744186046512,7
0.32,3659711430,random,degree,86,8,0.09302325581395349,5,0.05813953488372093,7
0.32,3055417815,random,degree,86,10,0.11627906976744186,8,0.09302325581395349,4
0.32,2051575648,random,degree,86,11,0.12790697674418605,8,0.09302325581395349,8
0.32,1443671381,random,degree,86,18,0.20930232558139536,4,0.046511627906976744,9
0.32,1771051831,random,degree,86,9,0.10465116279069768,7,0.08139534883720931,7
0.32,501389084,random,degree,86,9,0.10465116279069768,7,0.08139534883720931,9
0.32,2561648150,random,degree,86,5,0.05813953488372093,5,0.05813953488372093,7
0.32,2806081916,random,degree,86,12,0.13953488372093023,7,0.08139534883720931,9
0.32,3777302086,random,degree,86,7,0.08139534883720931,7,0.08139534883720931,1
0.32,3248860014,random,degree,86,8,0.09302325581395349,7,0.08139534883720931,7
0.32,3035277011,random,degree,86,12,0.13953488372093023,9,0.10465116279069768,8
0.32,2091816506,random,degree,86,12,0.13953488372093023,6,0.06976744186046512,7
0.32,2982808272,random,degree,86,11,0.12790697674418605,8,0.09302325581395349,10
0.32,1604694332,random,degree,86,12,0.13953488372093023,9,0.10465116279069768,9
0.32,428610039,random,degree,86,16,0.18604651162790697,7,0.08139534883720931,5
0.32,3981636842,random,degree,86,16,0.18604651162790697,6,0.06976744186046512,8
0.32,2063726531,random,degree,86,9,0.10465116279069768,6,0.06976744186046512,8
0.32,2649215181,random,degree,86,12,0.13953488372093023,8,0.09302325581395349,5
0.32,3927978568,random,degree,86,10,0.11627906976744186,6,0.06976744186046512,9
0.32,1937263264,random,degree,86,10,0.11627906976744186,8,0.09302325581395349,8
0.32,1672892764,random,degree,86,16,0.18604651162790697,5,0.05813953488372093,4
0.32,3721211309,random,degree,86,13,0.1511627906976744,8,0.09302325581395349,10
0.32,756966328,random,degree,86,7,0.08139534883720931,7,0.08139534883720931,7
0.32,2268072879,random,degree,86,18,0.20930232558139536,5,0.05813953488372093,11
0.32,3871122430,random,degree,86,9,0.10465116279069768,5,0.05813953488372093,5
0.32,3509494917,random,degree,86,15,0.1744186046511628,14,0.16279069767441862,9
0.32,2325399623,random,degree,86,14,0.16279069767441862,8,0.09302325581395349,5
0.32,922312121,random,degree,86,12,0.13953488372093023,6,0.06976744186046512,5
0.32,2896508551,random,degree,86,8,0.09302325581395349,5,0.05813953488372093,3
0.32,1751439564,random,degree,86,12,0.13953488372093023,9,0.10465116279069768,7
0.32,2209569395,random,degree,86,8,0.09302325581395349,7,0.08139534883720931,4
0.32,2126073693,random,degree,86,13,0.1511627906976744,10,0.11627906976744186,8
0.32,119530570,random,degree,86,11,0.12790697674418605,7,0.08139534883720931,8
0.32,310383191,random,degree,86,15,0.1744186046511628,13,0.1511627906976744,4
0.32,1068080203,random,degree,86,7,0.08139534883720931,7,0.08139534883720931,9
0.32,1120058141,random,degree,86,8,0.09302325581395349,7,0.08139534883720931,7
0.32,1343922073,random,degree,86,12,0.13953488372093023,12,0.13953488372093023,4
0.32,1242392158,random,degree,86,14,0.16279069767441862,11,0.12790697674418605,5
0.32,1317914328,random,degree,86,10,0.11627906976744186,8,0.09302325581395349,5
0.32,168141432,random,degree,86,9,0.10465116279069768,6,0.06976744186046512,6
0.32,2841818478,random,degree,86,9,0.10465116279069768,6,0.06976744186046512,7
0.32,4180622152,random,degree,86,10,0.11627906976744186,5,0.05813953488372093,7
0.32,2832546966,random,degree,86,7,0.08139534883720931,7,0.08139534883720931,3
0.32,3961310240,random,degree,86,13,0.1511627906976744,4,0.046511627906976744,7
0.32,2557399528,random,degree,86,9,0.10465116279069768,7,0.08139534883720931,7
0.32,1056206408,random,degree,86,12,0.13953488372093023,11,0.12790697674418605,7
0.33,3344922676,random,degree,86,10,0.11627906976744186,7,0.08139534883720931,7
0.33,1119544478,random,degree,86,9,0.10465116279069768,8,0.09302325581395349,9
0.33,1365566309,random,degree,86,10,0.11627906976744186,9,0.10465116279069768,5
0.33,3981387322,random,degree,86,15,0.1744186046511628,5,0.05813953488372093,4
0.33,3821667283,random,degree,86,6,0.06976744186046512,6,0.06976744186046512,7
0.33,3133419783,random,degree,86,10,0.11627906976744186,5,0.05813953488372093,7
0.33,1667484903,random,degree,86,8,0.09302325581395349,8,0.09302325581395349,3
0.33,765860827,random,degree,86,9,0.10465116279069768,7,0.08139534883720931,5
0.33,891194086,random,degree,86,8,0.09302325581395349,6,0.06976744186046512,8
0.33,3214701125,random,degree,86,9,0.10465116279069768,7,0.08139534883720931,6
0.33,3362169863,random,degree,86,8,0.09302325581395349,6,0.06976744186046512,6
0.33,954740300,random,degree,86,12,0.13953488372093023,7,0.08139534883720931,7
0.33,252542315,random,degree,86,9,0.10465116279069768,6,0.06976744186046512,3
0.33,196982990,random,degree,86,17,0.19767441860465115,8,0.09302325581395349,6
0.33,1436905843,random,degree,86,6,0.06976744186046512,5,0.05813953488372093,5
0.33,629620145,random,degree,86,12,0.13953488372093023,6,0.06976744186046512,5
0.33,3458829802,random,degree,86,10,0.11627906976744186,8,0.09302325581395349,4
0.33,1199502140,random,degree,86,6,0.06976744186046512,6,0.06976744186046512,5
0.33,3827007149,random,degree,86,7,0.08139534883720931,6,0.06976744186046512,7
0.33,3445046120,random,degree,86,10,0.11627906976744186,8,0.09302325581395349,9
0.33,1127693568,random,degree,86,6,0.06976744186046512,6,0.06976744186046512,10
0.33,4032276781,random,degree,86,9,0.10465116279069768,7,0.08139534883720931,7
0.33,367537780,random,degree,86,7,0.08139534883720931,6,0.06976744186046512,5
0.33,1989875365,random,degree,86,16,0.18604651162790697,9,0.10465116279069768,7
0.33,3369472552,random,degree,86,9,0.10465116279069768,9,0.10465116279069768,7
0.33,1477674721,random,degree,86,10,0.11627906976744186,6,0.06976744186046512,4
0.33,3073637430,random,degree,86,6,0.06976744186046512,6,0.06976744186046512,9
0.33,2445513281,random,degree,86,14,0.16279069767441862,9,0.10465116279069768,7
0.33,2427396250,random,degree,86,6,0.06976744186046512,5,0.05813953488372093,4
0.33,3627994155,random,degree,86,13,0.1511627906976744,6,0.06976744186046512,6
0.33,1180019918,random,degree,86,20,0.23255813953488372,7,0.08139534883720931,3
0.33,1717199002,random,degree,86,9,0.10465116279069768,9,0.10465116279069768,8
0.33,3124989996,random,degree,86,12,0.13953488372093023,8,0.09302325581395349,6
0.33,4036230701,random,degree,86,18,0.20930232558139536,12,0.13953488372093023,7
0.33,760014579,random,degree,86,9,0.10465116279069768,8,0.09302325581395349,8
0.33,815341715,random,degree,86,15,0.1744186046511628,10,0.11627906976744186,7
0.33,1374206420,random,degree,86,14,0.16279069767441862,6,0.06976744186046512,7
0.33,2095545236,random,degree,86,8,0.09302325581395349,6,0.06976744186046512,4
0.33,3435756167,random,degree,86,11,0.12790697674418605,8,0.09302325581395349,10
0.33,4000493408,random,degree,86,12,0.13953488372093023,7,0.08139534883720931,9
0.33,583524307,random,degree,86,14,0.16279069767441862,13,0.1511627906976744,5
0.33,300277188,random,degree,86,8,0.09302325581395349,5,0.05813953488372093,6
0.33,1167629013,random,degree,86,10,0.11627906976744186,6,0.06976744186046512,6
0.33,2765680238,random,degree,86,16,0.18604651162790697,9,0.10465116279069768,7
0.33,2371583781,random,degree,86,18,0.20930232558139536,9,0.10465116279069768,5
0.33,4085015512,random,degree,86,7,0.08139534883720931,6,0.06976744186046512,10
0.33,1938032801,random,degree,86,7,0.08139534883720931,5,0.05813953488372093,6
0.33,2211088076,random,degree,86,7,0.08139534883720931,5,0.05813953488372093,4
0.33,2341597742,random,degree,86,7,0.08139534883720931,6,0.06976744186046512,2
0.33,159228448,random,degree,86,9,0.10465116279069768,7,0.08139534883720931,5
0.33,2168654545,random,degree,86,9,0.10465116279069768,9,0.10465116279069768,8
0.33,1430709347,random,degree,86,10,0.11627906976744186,7,0.08139534883720931,11
0.33,2532831917,random,degree,86,12,0.13953488372093023,8,0.09302325581395349,8
0.33,1444349190,random,degree,86,10,0.11627906976744186,6,0.06976744186046512,3
0.33,3302478213,random,degree,86,11,0.12790697674418605,8,0.09302325581395349,8
0.33,1357776318,random,degree,86,11,0.12790697674418605,8,0.09302325581395349,3
0.33,3042075057,random,degree,86,17,0.19767441860465115,7,0.08139534883720931,6
0.33,3624773288,random,degree,86,11,0.12790697674418605,10,0.11627906976744186,5
0.33,1587767399,random,degree,86,8,0.09302325581395349,7,0.08139534883720931,8
0.33,2349399765,random,degree,86,11,0.12790697674418605,7,0.08139534883720931,6
0.33,187546640,random,degree,86,15,0.1744186046511628,10,0.11627906976744186,3
0.33,416678177,random,degree,86,11,0.12790697674418605,9,0.10465116279069768,10
0.33,3312276955,random,degree,86,23,0.26744186046511625,6,0.06976744186046512,4
0.33,3209946542,random,degree,86,11,0.12790697674418605,8,0.09302325581395349,4
0.33,1762226490,random,degree,86,12,0.13953488372093023,6,0.06976744186046512,6
0.33,159917294,random,degree,86,10,0.11627906976744186,7,0.08139534883720931,7
0.33,753767640,random,degree,86,11,0.12790697674418605,9,0.10465116279069768,7
0.33,1503067291,random,degree,86,16,0.18604651162790697,4,0.046511627906976744,6
0.33,3894362132,random,degree,86,10,0.11627906976744186,8,0.09302325581395349,4
0.33,66204990,random,degree,86,10,0.11627906976744186,9,0.10465116279069768,6
0.33,3035680064,random,degree,86,18,0.20930232558139536,8,0.09302325581395349,7
0.33,3157327175,random,degree,86,7,0.08139534883720931,7,0.08139534883720931,8
0.33,1405548672,random,degree,86,8,0.09302325581395349,6,0.06976744186046512,8
0.33,1790582534,random,degree,86,9,0.10465116279069768,8,0.09302325581395349,4
0.33,769206148,random,degree,86,17,0.19767441860465115,6,0.06976744186046512,5
0.33,2416539250,random,degree,86,12,0.13953488372093023,10,0.11627906976744186,5
0.33,1489328675,random,degree,86,8,0.09302325581395349,6,0.06976744186046512,5
0.33,626824365,random,degree,86,10,0.11627906976744186,10,0.11627906976744186,5
0.33,909625967,random,degree,86,7,0.08139534883720931,5,0.05813953488372093,8
0.33,323976020,random,degree,86,7,0.08139534883720931,6,0.06976744186046512,6
0.33,3958329177,random,degree,86,18,0.20930232558139536,8,0.09302325581395349,10
0.33,237728959,random,degree,86,9,0.10465116279069768,6,0.06976744186046512,7
0.33,820119314,random,degree,86,8,0.09302325581395349,7,0.08139534883720931,11
0.33,1337159235,random,degree,86,11,0.12790697674418605,9,0.10465116279069768,10
0.33,1242207888,random,degree,86,9,0.10465116279069768,8,0.09302325581395349,6
0.33,3744610844,random,degree,86,12,0.13953488372093023,6,0.06976744186046512,10
0.33,505304550,random,degree,86,16,0.18604651162790697,6,0.06976744186046512,8
0.33,2699470036,random,degree,86,10,0.11627906976744186,6,0.06976744186046512,7
0.33,738125066,random,degree,86,11,0.12790697674418605,8,0.09302325581395349,4
0.33,1806118164,random,degree,86,13,0.1511627906976744,10,0.11627906976744186,8
0.33,858883729,random,degree,86,6,0.06976744186046512,6,0.06976744186046512,8
0.33,4264687250,random,degree,86,9,0.10465116279069768,7,0.08139534883720931,8
0.33,194759908,random,degree,86,15,0.1744186046511628,7,0.08139534883720931,9
0.33,1308243695,random,degree,86,12,0.13953488372093023,6,0.06976744186046512,8
0.33,706617361,random,degree,86,12,0.13953488372093023,9,0.10465116279069768,5
0.33,3678621391,random,degree,86,10,0.11627906976744186,8,0.09302325581395349,9
0.33,432382417,random,degree,86,7,0.08139534883720931,6,0.06976744186046512,12
0.33,2770102448,random,degree,86,9,0.10465116279069768,8,0.09302325581395349,7
0.33,3745505360,random,degree,86,17,0.19767441860465115,7,0.08139534883720931,5
0.33,2184626041,random,degree,86,10,0.11627906976744186,8,0.09302325581395349,3
0.34,1155119200,random,degree,86,7,0.08139534883720931,6,0.06976744186046512,6
0.34,3525777249,random,degree,86,7,0.08139534883720931,6,0.06976744186046512,5
0.34,2880018238,random,degree,86,10,0.11627906976744186,7,0.08139534883720931,5
0.34,1496335034,random,degree,86,8,0.09302325581395349,8,0.09302325581395349,6
0.34,3816761020,random,degree,86,9,0.10465116279069768,9,0.10465116279069768,8
0.34,1868657478,random,degree,86,8,0.09302325581395349,7,0.08139534883720931,5
0.34,4289851018,random,degree,86,9,0.10465116279069768,8,0.09302325581395349,7
0.34,3356728906,random,degree,86,9,0.10465116279069768,8,0.09302325581395349,7
0.34,947151303,random,degree,86,8,0.09302325581395349,7,0.08139534883720931,8
0.34,1008539134,random,degree,86,8,0.09302325581395349,5,0.05813953488372093,7
0.34,1778930689,random,degree,86,6,0.06976744186046512,6,0.06976744186046512,3
0.34,2176479624,random,degree,86,14,0.16279069767441862,8,0.09302325581395349,7
0.34,737518981,random,degree,86,7,0.08139534883720931,7,0.08139534883720931,4
0.34,600043923,random,degree,86,12,0.13953488372093023,10,0.11627906976744186,8
0.34,2841694149,random,degree,86,12,0.13953488372093023,7,0.08139534883720931,6
0.34,29592387,random,degree,86,9,0.10465116279069768,6,0.06976744186046512,8
0.34,2106530386,random,degree,86,11,0.12790697674418605,6,0.06976744186046512,8
0.34,2637615825,random,degree,86,8,0.09302325581395349,7,0.08139534883720931,10
0.34,870444898,random,degree,86,11,0.12790697674418605,10,0.11627906976744186,8
0.34,820737063,random,degree,86,8,0.09302325581395349,7,0.08139534883720931,7
0.34,1997950687,random,degree,86,10,0.11627906976744186,8,0.09302325581395349,6
0.34,1072539910,random,degree,86,10,0.11627906976744186,5,0.05813953488372093,9
0.34,3332847102,random,degree,86,11,0.12790697674418605,6,0.06976744186046512,8
0.34,3775233259,random,degree,86,7,0.08139534883720931,5,0.05813953488372093,9
0.34,197783611,random,degree,86,18,0.20930232558139536,6,0.06976744186046512,5
0.34,1212606491,random,degree,86,7,0.08139534883720931,5,0.05813953488372093,6
0.34,397784431,random,degree,86,13,0.1511627906976744,7,0.08139534883720931,7
0.34,3832407807,random,degree,86,12,0.13953488372093023,8,0.09302325581395349,10
0.34,1238029317,random,degree,86,21,0.2441860465116279,6,0.06976744186046512,8
0.34,3907396274,random,degree,86,14,0.16279069767441862,11,0.12790697674418605,7
0.34,2939034813,random,degree,86,9,0.10465116279069768,9,0.10465116279069768,7
0.34,1419940105,random,degree,86,9,0.10465116279069768,7,0.08139534883720931,6
0.34,4182684450,random,degree,86,9,0.10465116279069768,8,0.09302325581395349,2
0.34,3417406699,random,degree,86,14,0.16279069767441862,5,0.05813953488372093,6
0.34,1911460523,random,degree,86,10,0.11627906976744186,5,0.05813953488372093,4
0.34,1722946527,random,degree,86,6,0.06976744186046512,6,0.06976744186046512,6
0.34,3637467080,random,degree,86,10,0.11627906976744186,7,0.08139534883720931,8
0.34,289827312,random,degree,86,10,0.11627906976744186,6,0.06976744186046512,6
0.34,3135226927,random,degree,86,6,0.06976744186046512,5,0.05813953488372093,9
0.34,1810896893,random,degree,86,7,0.08139534883720931,7,0.08139534883720931,6
0.34,180969940,random,degree,86,10,0.11627906976744186,10,0.11627906976744186,5
0.34,2112175060,random,degree,86,9,0.10465116279069768,8,0.09302325581395349,8
0.34,618097777,random,degree,86,9,0.10465116279069768,8,0.09302325581395349,8
0.34,880375367,random,degree,86,14,0.16279069767441862,6,0.06976744186046512,10
0.34,105120546,random,degree,86,12,0.13953488372093023,7,0.08139534883720931,4
0.34,2934203232,random,degree,86,8,0.09302325581395349,7,0.08139534883720931,6
0.34,1920806447,random,degree,86,9,0.10465116279069768,6,0.06976744186046512,3
0.34,2536161923,random,degree,86,7,0.08139534883720931,5,0.05813953488372093,4
0.34,1213643541,random,degree,86,8,0.09302325581395349,6,0.06976744186046512,8
0.34,526768006,random,degree,86,6,0.06976744186046512,4,0.046511627906976744,9
0.34,285576121,random,degree,86,7,0.08139534883720931,6,0.06976744186046512,10
0.34,2235594764,random,degree,86,14,0.16279069767441862,6,0.06976744186046512,8
0.34,2365278091,random,degree,86,7,0.08139534883720931,5,0.05813953488372093,10
0.34,3393796215,random,degree,86,12,0.13953488372093023,7,0.08139534883720931,11
0.34,2239527363,random,degree,86,7,0.08139534883720931,5,0.05813953488372093,10
0.34,2573562183,random,degree,86,12,0.13953488372093023,9,0.10465116279069768,8
0.34,347117104,random,degree,86,15,0.1744186046511628,6,0.06976744186046512,8
0.34,3999210796,random,degree,86,13,0.1511627906976744,5,0.05813953488372093,10
0.34,1606109427,random,degree,86,9,0.10465116279069768,8,0.09302325581395349,12
0.34,2554926397,random,degree,86,7,0.08139534883720931,7,0.08139534883720931,7
0.34,959097863,random,degree,86,6,0.06976744186046512,5,0.05813953488372093,9
0.34,4092323323,random,degree,86,8,0.09302325581395349,6,0.06976744186046512,5
0.34,2055800263,random,degree,86,16,0.18604651162790697,6,0.06976744186046512,9
0.34,902035171,random,degree,86,10,0.11627906976744186,6,0.06976744186046512,7
0.34,412324829,random,degree,86,11,0.12790697674418605,8,0.09302325581395349,7
0.34,4106591925,random,degree,86,11,0.12790697674418605,6,0.06976744186046512,7
0.34,4289566284,random,degree,86,19,0.22093023255813954,8,0.09302325581395349,10
0.34,3407577849,random,degree,86,9,0.10465116279069768,7,0.08139534883720931,7
0.34,2539407913,random,degree,86,9,0.10465116279069768,6,0.06976744186046512,10
0.34,2897946916,random,degree,86,7,0.08139534883720931,6,0.06976744186046512,6
0.34,2031164602,random,degree,86,8,0.09302325581395349,6,0.06976744186046512,9
0.34,3200879429,random,degree,86,6,0.06976744186046512,6,0.06976744186046512,9
0.34,923416033,random,degree,86,9,0.10465116279069768,7,0.08139534883720931,9
0.34,2451562776,random,degree,86,6,0.06976744186046512,6,0.06976744186046512,7
0.34,1918298345,random,degree,86,8,0.09302325581395349,7,0.08139534883720931,7
0.34,3194728795,random,degree,86,8,0.09302325581395349,5,0.05813953488372093,9
0.34,710708391,random,degree,86,10,0.11627906976744186,10,0.11627906976744186,7
0.34,2102309111,random,degree,86,10,0.11627906976744186,6,0.06976744186046512,7
0.34,3302448195,random,degree,86,10,0.11627906976744186,8,0.09302325581395349,4
0.34,557009866,random,degree,86,12,0.13953488372093023,8,0.09302325581395349,9
0.34,2503083337,random,degree,86,8,0.09302325581395349,8,0.09302325581395349,6
0.34,2954018991,random,degree,86,19,0.22093023255813954,4,0.046511627906976744,7
0.34,380198388,random,degree,86,7,0.08139534883720931,7,0.08139534883720931,9
0.34,1910309889,random,degree,86,7,0.08139534883720931,7,0.08139534883720931,6
0.34,1320583058,random,degree,86,11,0.12790697674418605,5,0.05813953488372093,6
0.34,397859822,random,degree,86,9,0.10465116279069768,9,0.10465116279069768,7
0.34,3366685551,random,degree,86,7,0.08139534883720931,6,0.06976744186046512,6
0.34,2756700346,random,degree,86,8,0.09302325581395349,8,0.09302325581395349,8
0.34,593349004,random,degree,86,11,0.12790697674418605,7,0.08139534883720931,6
0.34,2871102520,random,degree,86,10,0.11627906976744186,8,0.09302325581395349,8
0.34,2158593425,random,degree,86,11,0.12790697674418605,7,0.08139534883720931,10
0.34,3271327619,random,degree,86,12,0.13953488372093023,6,0.06976744186046512,7
0.34,708898578,random,degree,86,12,0.13953488372093023,9,0.10465116279069768,6
0.34,471103852,random,degree,86,14,0.16279069767441862,10,0.11627906976744186,4
0.34,3506051978,random,degree,86,8,0.09302325581395349,7,0.08139534883720931,11
0.34,4139406212,random,degree,86,17,0.19767441860465115,6,0.06976744186046512,11
0.34,2892103560,random,degree,86,15,0.1744186046511628,9,0.10465116279069768,5
0.34,2275073497,random,degree,86,7,0.08139534883720931,6,0.06976744186046512,3
0.34,1810803746,random,degree,86,11,0.12790697674418605,7,0.08139534883720931,11
0.34,2322042765,random,degree,86,17,0.19767441860465115,6,0.06976744186046512,8
0.35,542567736,random,degree,86,12,0.13953488372093023,5,0.05813953488372093,7
0.35,2682155093,random,degree,86,18,0.20930232558139536,7,0.08139534883720931,6
0.35,2064172372,random,degree,86,7,0.08139534883720931,5,0.05813953488372093,6
0.35,1970912567,random,degree,86,7,0.08139534883720931,5,0.05813953488372093,6
0.35,3869248807,random,degree,86,13,0.1511627906976744,6,0.06976744186046512,4
0.35,3137784046,random,degree,86,10,0.11627906976744186,7,0.08139534883720931,8
0.35,1220661831,random,degree,86,9,0.10465116279069768,6,0.06976744186046512,8
0.35,3603228813,random,degree,86,7,0.08139534883720931,6,0.06976744186046512,4
0.35,387035981,random,degree,86,9,0.10465116279069768,5,0.05813953488372093,7
0.35,648857215,random,degree,86,7,0.08139534883720931,7,0.08139534883720931,7
0.35,957445327,random,degree,86,7,0.08139534883720931,5,0.05813953488372093,7
0.35,1821178872,random,degree,86,7,0.08139534883720931,6,0.06976744186046512,8
0.35,4272392945,random,degree,86,13,0.1511627906976744,8,0.09302325581395349,9
0.35,553848096,random,degree,86,9,0.10465116279069768,9,0.10465116279069768,4
0.35,1277365655,random,degree,86,7,0.08139534883720931,7,0.08139534883720931,7
0.35,2505104226,random,degree,86,17,0.19767441860465115,4,0.046511627906976744,3
0.35,1174380628,random,degree,86,10,0.11627906976744186,8,0.09302325581395349,8
0.35,2733852097,random,degree,86,15,0.1744186046511628,8,0.09302325581395349,7
0.35,2910730557,random,degree,86,10,0.11627906976744186,5,0.05813953488372093,10
0.35,3265676830,random,degree,86,12,0.13953488372093023,7,0.08139534883720931,9
0.35,2192224758,random,degree,86,6,0.06976744186046512,5,0.05813953488372093,7
0.35,3996773008,random,degree,86,9,0.10465116279069768,4,0.046511627906976744,7
0.35,3613006285,random,degree,86,6,0.06976744186046512,5,0.05813953488372093,7
0.35,1737844069,random,degree,86,9,0.10465116279069768,8,0.09302325581395349,5
0.35,2345946831,random,degree,86,7,0.08139534883720931,7,0.08139534883720931,7
0.35,592725943,random,degree,86,6,0.06976744186046512,6,0.06976744186046512,9
0.35,2599896474,random,degree,86,8,0.09302325581395349,7,0.08139534883720931,4
0.35,113906362,random,degree,86,6,0.06976744186046512,6,0.06976744186046512,7
0.35,2541736839,random,degree,86,7,0.08139534883720931,6,0.06976744186046512,5
0.35,1170435114,random,degree,86,7,0.08139534883720931,5,0.05813953488372093,9
0.35,2597066928,random,degree,86,14,0.16279069767441862,5,0.05813953488372093,11
0.35,2765261749,random,degree,86,14,0.16279069767441862,6,0.06976744186046512,7
0.35,3477662597,random,degree,86,18,0.20930232558139536,5,0.05813953488372093,7
0.35,1385711441,random,degree,86,9,0.10465116279069768,7,0.08139534883720931,7
0.35,2857979726,random,degree,86,12,0.13953488372093023,8,0.09302325581395349,11
0.35,93402808,random,degree,86,12,0.13953488372093023,6,0.06976744186046512,9
0.35,1871097167,random,degree,86,9,0.10465116279069768,7,0.08139534883720931,6
0.35,3384688101,random,degree,86,7,0.08139534883720931,5,0.05813953488372093,9
0.35,3941404957,random,degree,86,19,0.22093023255813954,7,0.08139534883720931,4
0.35,3749462228,random,degree,86,6,0.06976744186046512,6,0.06976744186046512,7
0.35,2227347111,random,degree,86,6,0.06976744186046512,5,0.05813953488372093,6
0.35,2104041036,random,degree,86,16,0.18604651162790697,6,0.06976744186046512,13
0.35,2939185409,random,degree,86,6,0.06976744186046512,6,0.06976744186046512,11
0.35,648284625,random,degree,86,19,0.22093023255813954,5,0.05813953488372093,5
0.35,1985612489,random,degree,86,7,0.08139534883720931,7,0.08139534883720931,10
0.35,1710179340,random,degree,86,7,0.08139534883720931,7,0.08139534883720931,11
0.35,4192903769,random,degree,86,12,0.13953488372093023,11,0.12790697674418605,7
0.35,758605126,random,degree,86,15,0.1744186046511628,6,0.06976744186046512,9
0.35,3084024408,random,degree,86,7,0.08139534883720931,6,0.06976744186046512,6
0.35,1398453922,random,degree,86,8,0.09302325581395349,6,0.06976744186046512,8
0.35,1301044950,random,degree,86,13,0.1511627906976744,9,0.10465116279069768,7
0.35,264753721,random,degree,86,7,0.08139534883720931,7,0.08139534883720931,5
0.35,2695118865,random,degree,86,10,0.11627906976744186,9,0.10465116279069768,10
0.35,3755314850,random,degree,86,8,0.09302325581395349,8,0.09302325581395349,7
0.35,2274403297,random,degree,86,9,0.10465116279069768,8,0.09302325581395349,9
0.35,1226282953,random,degree,86,9,0.10465116279069768,7,0.08139534883720931,4
0.35,3701718924,random,degree,86,8,0.09302325581395349,7,0.08139534883720931,7
0.35,291246671,random,degree,86,6,0.06976744186046512,5,0.05813953488372093,4
0.35,44280279,random,degree,86,10,0.11627906976744186,7,0.08139534883720931,12
0.35,412536077,random,degree,86,4,0.046511627906976744,4,0.046511627906976744,7
0.35,954881264,random,degree,86,8,0.09302325581395349,6,0.06976744186046512,2
0.35,3240511274,random,degree,86,14,0.16279069767441862,7,0.08139534883720931,6
0.35,741930248,random,degree,86,9,0.10465116279069768,7,0.08139534883720931,4
0.35,2275912656,random,degree,86,17,0.19767441860465115,5,0.05813953488372093,7
0.35,339258182,random,degree,86,10,0.11627906976744186,6,0.06976744186046512,6
0.35,482381908,random,degree,86,7,0.08139534883720931,6,0.06976744186046512,5
0.35,3846481186,random,degree,86,12,0.13953488372093023,5,0.05813953488372093,7
0.35,1312291619,random,degree,86,16,0.18604651162790697,7,0.08139534883720931,11
0.35,59695250,random,degree,86,8,0.09302325581395349,7,0.08139534883720931,6
0.35,1073527509,random,degree,86,8,0.09302325581395349,7,0.08139534883720931,11
0.35,1135778309,random,degree,86,7,0.08139534883720931,6,0.06976744186046512,9
0.35,2073592561,random,degree,86,8,0.09302325581395349,6,0.06976744186046512,9
0.35,1130332983,random,degree,86,8,0.09302325581395349,8,0.09302325581395349,7
0.35,1160114635,random,degree,86,9,0.10465116279069768,7,0.08139534883720931,8
0.35,2997332429,random,degree,86,11,0.12790697674418605,6,0.06976744186046512,7
0.35,108189191,random,degree,86,5,0.05813953488372093,4,0.046511627906976744,8
0.35,326925695,random,degree,86,12,0.13953488372093023,9,0.10465116279069768,10
0.35,2995384887,random,degree,86,12,0.13953488372093023,9,0.10465116279069768,11
0.35,3529897179,random,degree,86,8,0.09302325581395349,8,0.09302325581395349,4
0.35,171337566,random,degree,86,7,0.08139534883720931,7,0.08139534883720931,7
0.35,3423052493,random,degree,86,10,0.11627906976744186,5,0.05813953488372093,8
0.35,4215389412,random,degree,86,17,0.19767441860465115,7,0.08139534883720931,12
0.35,1227794471,random,degree,86,8,0.09302325581395349,8,0.09302325581395349,12
0.35,1613064432,random,degree,86,8,0.09302325581395349,6,0.06976744186046512,4
0.35,3793404978,random,degree,86,13,0.1511627906976744,6,0.06976744186046512,11
0.35,3253913875,random,degree,86,8,0.09302325581395349,5,0.05813953488372093,8
0.35,1269356347,random,degree,86,5,0.05813953488372093,5,0.05813953488372093,8
0.35,1751416830,random,degree,86,7,0.08139534883720931,5,0.05813953488372093,6
0.35,1060500980,random,degree,86,6,0.06976744186046512,5,0.05813953488372093,8
0.35,2633263670,random,degree,86,9,0.10465116279069768,7,0.08139534883720931,13
0.35,2376523851,random,degree,86,10,0.11627906976744186,7,0.08139534883720931,9
0.35,952356655,random,degree,86,10,0.11627906976744186,7,0.08139534883720931,7
0.35,1985045342,random,degree,86,22,0.2558139534883721,5,0.05813953488372093,7
0.35,1359608613,random,degree,86,10,0.11627906976744186,7,0.08139534883720931,12
0.35,1951119098,random,degree,86,9,0.10465116279069768,7,0.08139534883720931,7
0.35,1201823700,random,degree,86,9,0.10465116279069768,7,0.08139534883720931,6
0.35,4191720314,random,degree,86,15,0.1744186046511628,5,0.05813953488372093,7
0.35,478249216,random,degree,86,12,0.13953488372093023,7,0.08139534883720931,6
0.35,4182264722,random,degree,86,12,0.13953488372093023,8,0.09302325581395349,8
0.35,536018706,random,degree,86,12,0.13953488372093023,6,0.06976744186046512,4
0.36,522690950,random,degree,86,12,0.13953488372093023,5,0.05813953488372093,9
0.36,2563361976,random,degree,86,7,0.08139534883720931,6,0.06976744186046512,8
0.36,3732991104,random,degree,86,6,0.06976744186046512,5,0.05813953488372093,7
0.36,528338047,random,degree,86,12,0.13953488372093023,5,0.05813953488372093,7
0.36,1630375010,random,degree,86,17,0.19767441860465115,7,0.08139534883720931,11
0.36,645435397,random,degree,86,14,0.16279069767441862,6,0.06976744186046512,7
0.36,758738786,random,degree,86,8,0.09302325581395349,5,0.05813953488372093,11
0.36,2971692771,random,degree,86,6,0.06976744186046512,6,0.06976744186046512,10
0.36,1585083929,random,degree,86,9,0.10465116279069768,8,0.09302325581395349,7
0.36,2511578016,random,degree,86,10,0.11627906976744186,8,0.09302325581395349,8
0.36,1195009429,random,degree,86,11,0.12790697674418605,6,0.06976744186046512,5
0.36,608287638,random,degree,86,9,0.10465116279069768,8,0.09302325581395349,7
0.36,3180425851,random,degree,86,12,0.13953488372093023,10,0.11627906976744186,3
0.36,1105596210,random,degree,86,11,0.12790697674418605,7,0.08139534883720931,10
0.36,12600606,random,degree,86,9,0.10465116279069768,5,0.05813953488372093,8
0.36,3648231001,random,degree,86,8,0.09302325581395349,7,0.08139534883720931,7
0.36,1631321423,random,degree,86,7,0.08139534883720931,6,0.06976744186046512,6
0.36,2968747519,random,degree,86,7,0.08139534883720931,5,0.05813953488372093,8
0.36,1608276362,random,degree,86,8,0.09302325581395349,6,0.06976744186046512,5
0.36,1619659169,random,degree,86,10,0.11627906976744186,5,0.05813953488372093,8
0.36,2353828913,random,degree,86,7,0.08139534883720931,7,0.08139534883720931,8
0.36,3772399789,random,degree,86,7,0.08139534883720931,5,0.05813953488372093,8
0.36,3627930,random,degree,86,10,0.11627906976744186,6,0.06976744186046512,9
0.36,2303383543,random,degree,86,12,0.13953488372093023,8,0.09302325581395349,6
0.36,3726605739,random,degree,86,8,0.09302325581395349,5,0.05813953488372093,8
0.36,793732595,random,degree,86,10,0.11627906976744186,7,0.08139534883720931,4
0.36,2737535326,random,degree,86,11,0.12790697674418605,7,0.08139534883720931,10
0.36,3476444727,random,degree,86,9,0.10465116279069768,8,0.09302325581395349,4
0.36,2097092237,random,degree,86,10,0.11627906976744186,8,0.09302325581395349,10
0.36,2195198550,random,degree,86,7,0.08139534883720931,7,0.08139534883720931,9
0.36,1175454123,random,degree,86,7,0.08139534883720931,6,0.06976744186046512,8
0.36,4224100150,random,degree,86,7,0.08139534883720931,6,0.06976744186046512,7
0.36,2542104356,random,degree,86,7,0.08139534883720931,7,0.08139534883720931,10
0.36,1308154679,random,degree,86,6,0.06976744186046512,4,0.046511627906976744,6
0.36,4087020070,random,degree,86,12,0.13953488372093023,7,0.08139534883720931,8
0.36,1071172826,random,degree,86,13,0.1511627906976744,6,0.06976744186046512,8
0.36,3026053462,random,degree,86,13,0.1511627906976744,6,0.06976744186046512,6
0.36,1872834576,random,degree,86,11,0.12790697674418605,9,0.10465116279069768,7
0.36,115353300,random,degree,86,8,0.09302325581395349,8,0.09302325581395349,8
0.36,80957457,random,degree,86,15,0.1744186046511628,8,0.09302325581395349,9
0.36,650942415,random,degree,86,9,0.10465116279069768,6,0.06976744186046512,7
0.36,2241692090,random,degree,86,7,0.08139534883720931,7,0.08139534883720931,6
0.36,757283655,random,degree,86,7,0.08139534883720931,5,0.05813953488372093,8
0.36,3680836318,random,degree,86,15,0.1744186046511628,4,0.046511627906976744,10
0.36,819856123,random,degree,86,14,0.16279069767441862,5,0.05813953488372093,7
0.36,864866045,random,degree,86,5,0.05813953488372093,4,0.046511627906976744,8
0.36,1359930623,random,degree,86,8,0.09302325581395349,8,0.09302325581395349,8
0.36,3392754886,random,degree,86,10,0.11627906976744186,9,0.10465116279069768,8
0.36,1414122170,random,degree,86,6,0.06976744186046512,6,0.06976744186046512,10
0.36,1204386653,random,degree,86,11,0.12790697674418605,11,0.12790697674418605,6
0.36,3652882251,random,degree,86,9,0.10465116279069768,7,0.08139534883720931,12
0.36,524873263,random,degree,86,8,0.09302325581395349,7,0.08139534883720931,6
0.36,215927210,random,degree,86,10,0.11627906976744186,7,0.08139534883720931,4
0.36,3920913311,random,degree,86,13,0.1511627906976744,7,0.08139534883720931,4
0.36,68085012,random,degree,86,7,0.08139534883720931,7,0.08139534883720931,10
0.36,3495321745,random,degree,86,9,0.10465116279069768,5,0.05813953488372093,12
0.36,3239368443,random,degree,86,10,0.11627906976744186,9,0.10465116279069768,7
0.36,4287105564,random,degree,86,8,0.09302325581395349,7,0.08139534883720931,11
0.36,1830776512,random,degree,86,6,0.06976744186046512,5,0.05813953488372093,8
0.36,2127794119,random,degree,86,7,0.08139534883720931,6,0.06976744186046512,11
0.36,1922666233,random,degree,86,7,0.08139534883720931,5,0.05813953488372093,9
0.36,69767807,random,degree,86,14,0.16279069767441862,6,0.06976744186046512,6
0.36,1177822774,random,degree,86,7,0.08139534883720931,5,0.05813953488372093,10
0.36,3895101987,random,degree,86,9,0.10465116279069768,9,0.10465116279069768,9
0.36,1487128442,random,degree,86,5,0.05813953488372093,5,0.05813953488372093,5
0.36,552741208,random,degree,86,11,0.12790697674418605,9,0.10465116279069768,10
0.36,2452837559,random,degree,86,14,0.16279069767441862,5,0.05813953488372093,7
0.36,3793488273,random,degree,86,6,0.06976744186046512,6,0.06976744186046512,6
0.36,2820178499,random,degree,86,8,0.09302325581395349,5,0.05813953488372093,6
0.36,2824841287,random,degree,86,12,0.13953488372093023,8,0.09302325581395349,10
0.36,294163217,random,degree,86,12,0.13953488372093023,12,0.13953488372093023,8
0.36,473928855,random,degree,86,6,0.06976744186046512,6,0.06976744186046512,5
0.36,2461237271,random,degree,86,9,0.10465116279069768,9,0.10465116279069768,4
0.36,2808035572,random,degree,86,7,0.08139534883720931,5,0.05813953488372093,5
0.36,4127491157,random,degree,86,11,0.12790697674418605,6,0.06976744186046512,7
0.36,4184672221,random,degree,86,8,0.09302325581395349,6,0.06976744186046512,7
0.36,3246098937,random,degree,86,7,0.08139534883720931,5,0.05813953488372093,6
0.36,474335055,random,degree,86,5,0.05813953488372093,4,0.046511627906976744,6
0.36,771059785,random,degree,86,10,0.11627906976744186,8,0.09302325581395349,6
0.36,785221068,random,degree,86,6,0.06976744186046512,6,0.06976744186046512,10
0.36,4223475422,random,degree,86,7,0.08139534883720931,7,0.08139534883720931,7
0.36,3439398080,random,degree,86,6,0.06976744186046512,5,0.05813953488372093,4
0.36,3426037973,random,degree,86,11,0.12790697674418605,5,0.05813953488372093,8
0.36,911845494,random,degree,86,8,0.09302325581395349,5,0.05813953488372093,8
0.36,3114296605,random,degree,86,9,0.10465116279069768,6,0.06976744186046512,9
0.36,2621900789,random,degree,86,10,0.11627906976744186,8,0.09302325581395349,8
0.36,1779416888,random,degree,86,7,0.08139534883720931,5,0.05813953488372093,9
0.36,2606615630,random,degree,86,16,0.18604651162790697,8,0.09302325581395349,6
0.36,3776884186,random,degree,86,8,0.09302325581395349,7,0.08139534883720931,3
0.36,2918107919,random,degree,86,10,0.11627906976744186,5,0.05813953488372093,10
0.36,1041771187,random,degree,86,10,0.11627906976744186,6,0.06976744186046512,9
0.36,1436408021,random,degree,86,11,0.12790697674418605,7,0.08139534883720931,7
0.36,245738536,random,degree,86,5,0.05813953488372093,5,0.05813953488372093,10
0.36,571841599,random,degree,86,10,0.11627906976744186,7,0.08139534883720931,9
0.36,2783751199,random,degree,86,10,0.11627906976744186,6,0.06976744186046512,12
0.36,2506499389,random,degree,86,11,0.12790697674418605,10,0.11627906976744186,7
0.36,27263947,random,degree,86,7,0.08139534883720931,7,0.08139534883720931,7
0.36,3549176965,random,degree,86,8,0.09302325581395349,7,0.08139534883720931,10
0.36,1316606112,random,degree,86,7,0.08139534883720931,6,0.06976744186046512,9
0.36,3158244726,random,degree,86,9,0.10465116279069768,7,0.08139534883720931,6
0.37,77752796,random,degree,86,9,0.10465116279069768,6,0.06976744186046512,6
0.37,1963548256,random,degree,86,7,0.08139534883720931,6,0.06976744186046512,11
0.37,3573142588,random,degree,86,6,0.06976744186046512,5,0.05813953488372093,15
0.37,2521027840,random,degree,86,8,0.09302325581395349,7,0.08139534883720931,9
0.37,2044330600,random,degree,86,9,0.10465116279069768,7,0.08139534883720931,10
0.37,2537493665,random,degree,86,11,0.12790697674418605,8,0.09302325581395349,7
0.37,2474736020,random,degree,86,10,0.11627906976744186,7,0.08139534883720931,3
0.37,1863930967,random,degree,86,7,0.08139534883720931,5,0.05813953488372093,9
0.37,2592712672,random,degree,86,9,0.10465116279069768,7,0.08139534883720931,7
0.37,3770657558,random,degree,86,10,0.11627906976744186,5,0.05813953488372093,11
0.37,2556021298,random,degree,86,7,0.08139534883720931,5,0.05813953488372093,7
0.37,3265225383,random,degree,86,13,0.1511627906976744,7,0.08139534883720931,10
0.37,1023480201,random,degree,86,12,0.13953488372093023,5,0.05813953488372093,9
0.37,1509448360,random,degree,86,7,0.08139534883720931,5,0.05813953488372093,11
0.37,1750986427,random,degree,86,7,0.08139534883720931,5,0.05813953488372093,11
0.37,884003335,random,degree,86,10,0.11627906976744186,8,0.09302325581395349,9
0.37,1967595887,random,degree,86,16,0.18604651162790697,5,0.05813953488372093,7
0.37,4106378266,random,degree,86,9,0.10465116279069768,5,0.05813953488372093,10
0.37,1691186223,random,degree,86,12,0.13953488372093023,7,0.08139534883720931,8
0.37,807708631,random,degree,86,8,0.09302325581395349,7,0.08139534883720931,6
0.37,2514606066,random,degree,86,10,0.11627906976744186,7,0.08139534883720931,7
0.37,878557291,random,degree,86,12,0.13953488372093023,5,0.05813953488372093,8
0.37,2406322067,random,degree,86,8,0.09302325581395349,7,0.08139534883720931,6
0.37,3031313087,random,degree,86,10,0.11627906976744186,9,0.10465116279069768,11
0.37,2417448624,random,degree,86,11,0.12790697674418605,5,0.05813953488372093,5
0.37,813635011,random,degree,86,11,0.12790697674418605,5,0.05813953488372093,8
0.37,3229943054,random,degree,86,9,0.10465116279069768,8,0.09302325581395349,7
0.37,1010864397,random,degree,86,11,0.12790697674418605,6,0.06976744186046512,11
0.37,2430801434,random,degree,86,15,0.1744186046511628,5,0.05813953488372093,11
0.37,2061855035,random,degree,86,8,0.09302325581395349,6,0.06976744186046512,5
0.37,2552126265,random,degree,86,8,0.09302325581395349,8,0.09302325581395349,12
0.37,3179343940,random,degree,86,7,0.08139534883720931,7,0.08139534883720931,10
0.37,2047756842,random,degree,86,10,0.11627906976744186,6,0.06976744186046512,11
0.37,3681666579,random,degree,86,7,0.08139534883720931,7,0.08139534883720931,8
0.37,4056852815,random,degree,86,9,0.10465116279069768,5,0.05813953488372093,6
0.37,2438449615,random,degree,86,8,0.09302325581395349,6,0.06976744186046512,12
0.37,1060947922,random,degree,86,5,0.05813953488372093,5,0.05813953488372093,7
0.37,3013227199,random,degree,86,8,0.09302325581395349,4,0.046511627906976744,14
0.37,2217514859,random,degree,86,8,0.09302325581395349,6,0.06976744186046512,7
0.37,4122616842,random,degree,86,8,0.09302325581395349,6,0.06976744186046512,10
0.37,3947208151,random,degree,86,9,0.10465116279069768,9,0.10465116279069768,9
0.37,3224253848,random,degree,86,7,0.08139534883720931,6,0.06976744186046512,7
0.37,1659459993,random,degree,86,9,0.10465116279069768,5,0.05813953488372093,6
0.37,2400475857,random,degree,86,9,0.10465116279069768,5,0.05813953488372093,11
0.37,2430626180,random,degree,86,9,0.10465116279069768,6,0.06976744186046512,5
0.37,1727056259,random,degree,86,11,0.12790697674418605,6,0.06976744186046512,6
0.37,3655425245,random,degree,86,6,0.06976744186046512,6,0.06976744186046512,7
0.37,193155417,random,degree,86,5,0.05813953488372093,5,0.05813953488372093,9
0.37,3007388542,random,degree,86,6,0.06976744186046512,6,0.06976744186046512,12
0.37,2731128794,random,degree,86,6,0.06976744186046512,6,0.06976744186046512,11
0.37,3094043271,random,degree,86,11,0.12790697674418605,7,0.08139534883720931,9
0.37,2929882813,random,degree,86,6,0.06976744186046512,5,0.05813953488372093,4
0.37,1388765804,random,degree,86,11,0.12790697674418605,5,0.05813953488372093,8
0.37,107209722,random,degree,86,9,0.10465116279069768,5,0.05813953488372093,10
0.37,3274190172,random,degree,86,11,0.12790697674418605,8,0.09302325581395349,6
0.37,1818009110,random,degree,86,14,0.16279069767441862,8,0.09302325581395349,5
0.37,2935822671,random,degree,86,12,0.13953488372093023,5,0.05813953488372093,7
0.37,3277383308,random,degree,86,7,0.08139534883720931,5,0.05813953488372093,9
0.37,4012053324,random,degree,86,8,0.09302325581395349,6,0.06976744186046512,9
0.37,1276114708,random,degree,86,9,0.10465116279069768,9,0.10465116279069768,10
0.37,2228463499,random,degree,86,9,0.10465116279069768,7,0.08139534883720931,7
0.37,3498155541,random,degree,86,8,0.09302325581395349,6,0.06976744186046512,6
0.37,569527237,random,degree,86,22,0.2558139534883721,5,0.05813953488372093,10
0.37,4183674553,random,degree,86,7,0.08139534883720931,6,0.06976744186046512,9
0.37,44272886,random,degree,86,10,0.11627906976744186,7,0.08139534883720931,5
0.37,1359342308,random,degree,86,7,0.08139534883720931,6,0.06976744186046512,8
0.37,566591311,random,degree,86,5,0.05813953488372093,5,0.05813953488372093,5
0.37,2453901882,random,degree,86,9,0.10465116279069768,7,0.08139534883720931,8
0.37,2600467908,random,degree,86,6,0.06976744186046512,5,0.05813953488372093,10
0.37,3052846751,random,degree,86,8,0.09302325581395349,6,0.06976744186046512,10
0.37,1167032101,random,degree,86,9,0.10465116279069768,7,0.08139534883720931,9
0.37,3817266712,random,degree,86,8,0.09302325581395349,6,0.06976744186046512,10
0.37,1299336751,random,degree,86,10,0.11627906976744186,5,0.05813953488372093,9
0.37,539527866,random,degree,86,6,0.06976744186046512,5,0.05813953488372093,8
0.37,1209892539,random,degree,86,12,0.13953488372093023,5,0.05813953488372093,1
0.37,1169714321,random,degree,86,11,0.12790697674418605,6,0.06976744186046512,8
0.37,1219960929,random,degree,86,10,0.11627906976744186,4,0.046511627906976744,10
0.37,137497146,random,degree,86,13,0.1511627906976744,6,0.06976744186046512,7
0.37,2461656108,random,degree,86,7,0.08139534883720931,6,0.06976744186046512,10
0.37,2731201004,random,degree,86,12,0.13953488372093023,4,0.046511627906976744,9
0.37,443162361,random,degree,86,8,0.09302325581395349,6,0.06976744186046512,8
0.37,1095421833,random,degree,86,11,0.12790697674418605,7,0.08139534883720931,9
0.37,4059594583,random,degree,86,9,0.10465116279069768,8,0.09302325581395349,5
0.37,1038194417,random,degree,86,10,0.11627906976744186,6,0.06976744186046512,7
0.37,3484564200,random,degree,86,7,0.08139534883720931,6,0.06976744186046512,9
0.37,696729688,random,degree,86,10,0.11627906976744186,10,0.11627906976744186,11
0.37,2987953522,random,degree,86,7,0.08139534883720931,5,0.05813953488372093,7
0.37,3564490100,random,degree,86,6,0.06976744186046512,5,0.05813953488372093,9
0.37,1649506317,random,degree,86,9,0.10465116279069768,7,0.08139534883720931,7
0.37,3150200519,random,degree,86,9,0.10465116279069768,7,0.08139534883720931,7
0.37,813053749,random,degree,86,7,0.08139534883720931,6,0.06976744186046512,14
0.37,2458651543,random,degree,86,11,0.12790697674418605,8,0.09302325581395349,9
0.37,96578385,random,degree,86,8,0.09302325581395349,7,0.08139534883720931,11
0.37,1146164886,random,degree,86,6,0.06976744186046512,6,0.06976744186046512,10
0.37,3776894381,random,degree,86,9,0.10465116279069768,5,0.05813953488372093,10
0.37,3785403702,random,degree,86,11,0.12790697674418605,5,0.05813953488372093,10
0.37,1336252425,random,degree,86,9,0.10465116279069768,6,0.06976744186046512,11
0.37,1372251073,random,degree,86,8,0.09302325581395349,6,0.06976744186046512,4
0.37,4243076514,random,degree,86,9,0.10465116279069768,8,0.09302325581395349,6
0.37,2256253988,random,degree,86,7,0.08139534883720931,7,0.08139534883720931,11
0.38,3366820482,random,degree,86,7,0.08139534883720931,7,0.08139534883720931,8
0.38,3140247803,random,degree,86,7,0.08139534883720931,5,0.05813953488372093,14
0.38,2600731877,random,degree,86,7,0.08139534883720931,7,0.08139534883720931,9
0.38,2690709171,random,degree,86,9,0.10465116279069768,7,0.08139534883720931,7
0.38,2894643862,random,degree,86,8,0.09302325581395349,6,0.06976744186046512,11
0.38,293191517,random,degree,86,7,0.08139534883720931,5,0.05813953488372093,6
0.38,1361085430,random,degree,86,8,0.09302325581395349,6,0.06976744186046512,8
0.38,2560660816,random,degree,86,9,0.10465116279069768,7,0.08139534883720931,8
0.38,3807544772,random,degree,86,8,0.09302325581395349,4,0.046511627906976744,8
0.38,2899581347,random,degree,86,14,0.16279069767441862,8,0.09302325581395349,5
0.38,172525831,random,degree,86,9,0.10465116279069768,5,0.05813953488372093,7
0.38,1815213195,random,degree,86,6,0.06976744186046512,5,0.05813953488372093,9
0.38,2409833069,random,degree,86,7,0.08139534883720931,7,0.08139534883720931,8
0.38,568939847,random,degree,86,6,0.06976744186046512,4,0.046511627906976744,11
0.38,3438058624,random,degree,86,6,0.06976744186046512,5,0.05813953488372093,9
0.38,1671069737,random,degree,86,11,0.12790697674418605,7,0.08139534883720931,9
0.38,52686864,random,degree,86,9,0.10465116279069768,6,0.06976744186046512,7
0.38,2811541501,random,degree,86,9,0.10465116279069768,5,0.05813953488372093,9
0.38,2782025925,random,degree,86,12,0.13953488372093023,9,0.10465116279069768,12
0.38,2525283940,random,degree,86,10,0.11627906976744186,6,0.06976744186046512,11
0.38,1134998716,random,degree,86,16,0.18604651162790697,6,0.06976744186046512,7
0.38,137552961,random,degree,86,12,0.13953488372093023,7,0.08139534883720931,7
0.38,2319192974,random,degree,86,8,0.09302325581395349,6,0.06976744186046512,11
0.38,1407825467,random,degree,86,9,0.10465116279069768,8,0.09302325581395349,9
0.38,3621151572,random,degree,86,9,0.10465116279069768,3,0.03488372093023256,10
0.38,3876297897,random,degree,86,12,0.13953488372093023,7,0.08139534883720931,5
0.38,1867145618,random,degree,86,8,0.09302325581395349,6,0.06976744186046512,8
0.38,1863581647,random,degree,86,6,0.06976744186046512,5,0.05813953488372093,5
0.38,458945834,random,degree,86,7,0.08139534883720931,6,0.06976744186046512,7
0.38,1829193534,random,degree,86,9,0.10465116279069768,4,0.046511627906976744,13
0.38,2703796096,random,degree,86,12,0.13953488372093023,11,0.12790697674418605,7
0.38,2490262601,random,degree,86,9,0.10465116279069768,8,0.09302325581395349,8
0.38,107370760,random,degree,86,6,0.06976744186046512,4,0.046511627906976744,9
0.38,2291089958,random,degree,86,10,0.11627906976744186,6,0.06976744186046512,9
0.38,4001129630,random,degree,86,8,0.09302325581395349,6,0.06976744186046512,7
0.38,3426571069,random,degree,86,7,0.08139534883720931,7,0.08139534883720931,8
0.38,1497373308,random,degree,86,7,0.08139534883720931,6,0.06976744186046512,8
0.38,3357218509,random,degree,86,8,0.09302325581395349,7,0.08139534883720931,11
0.38,2869890861,random,degree,86,7,0.08139534883720931,6,0.06976744186046512,8
0.38,400566410,random,degree,86,14,0.16279069767441862,5,0.05813953488372093,7
0.38,1385399361,random,degree,86,8,0.09302325581395349,7,0.08139534883720931,12
0.38,3391282684,random,degree,86,8,0.09302325581395349,6,0.06976744186046512,11
0.38,3519737405,random,degree,86,8,0.09302325581395349,6,0.06976744186046512,9
0.38,2545283725,random,degree,86,8,0.09302325581395349,7,0.08139534883720931,11
0.38,2181288216,random,degree,86,11,0.12790697674418605,4,0.046511627906976744,12
0.38,170452052,random,degree,86,5,0.05813953488372093,5,0.05813953488372093,9
0.38,4129127785,random,degree,86,8,0.09302325581395349,6,0.06976744186046512,10
0.38,2937495635,random,degree,86,6,0.06976744186046512,5,0.05813953488372093,10
0.38,1387782575,random,degree,86,7,0.08139534883720931,5,0.05813953488372093,9
0.38,4029150633,random,degree,86,6,0.06976744186046512,6,0.06976744186046512,2
0.38,559915650,random,degree,86,7,0.08139534883720931,5,0.05813953488372093,13
0.38,1034186340,random,degree,86,11,0.12790697674418605,6,0.06976744186046512,12
0.38,766500868,random,degree,86,8,0.09302325581395349,5,0.05813953488372093,7
0.38,2469669848,random,degree,86,9,0.10465116279069768,8,0.09302325581395349,7
0.38,231299075,random,degree,86,8,0.09302325581395349,7,0.08139534883720931,8
0.38,3930203755,random,degree,86,7,0.08139534883720931,6,0.06976744186046512,9
0.38,2684540702,random,degree,86,12,0.13953488372093023,5,0.05813953488372093,7
0.38,707382659,random,degree,86,7,0.08139534883720931,6,0.06976744186046512,13
0.38,2586110527,random,degree,86,10,0.11627906976744186,7,0.08139534883720931,6
0.38,2219434478,random,degree,86,7,0.08139534883720931,6,0.06976744186046512,9
0.38,3406592540,random,degree,86,8,0.09302325581395349,6,0.06976744186046512,5
0.38,3879091008,random,degree,86,8,0.09302325581395349,6,0.06976744186046512,6
0.38,1713317715,random,degree,86,8,0.09302325581395349,5,0.05813953488372093,4
0.38,208941002,random,degree,86,11,0.12790697674418605,11,0.12790697674418605,10
0.38,499605193,random,degree,86,10,0.11627906976744186,6,0.06976744186046512,8
0.38,2440912569,random,degree,86,9,0.10465116279069768,5,0.05813953488372093,7
0.38,1965777921,random,degree,86,7,0.08139534883720931,4,0.046511627906976744,9
0.38,4011434791,random,degree,86,7,0.08139534883720931,7,0.08139534883720931,13
0.38,59196858,random,degree,86,10,0.11627906976744186,5,0.05813953488372093,10
0.38,2926950659,random,degree,86,10,0.11627906976744186,8,0.09302325581395349,5
0.38,2546687752,random,degree,86,17,0.19767441860465115,8,0.09302325581395349,7
0.38,2209236605,random,degree,86,7,0.08139534883720931,7,0.08139534883720931,9
0.38,1593010170,random,degree,86,9,0.10465116279069768,4,0.046511627906976744,11
0.38,2179193137,random,degree,86,11,0.12790697674418605,8,0.09302325581395349,7
0.38,3171479839,random,degree,86,9,0.10465116279069768,4,0.046511627906976744,7
0.38,1031458316,random,degree,86,8,0.09302325581395349,7,0.08139534883720931,13
0.38,3246787753,random,degree,86,11,0.12790697674418605,7,0.08139534883720931,4
0.38,3079719742,random,degree,86,6,0.06976744186046512,6,0.06976744186046512,8
0.38,3547176554,random,degree,86,6,0.06976744186046512,5,0.05813953488372093,8
0.38,3828614455,random,degree,86,8,0.09302325581395349,5,0.05813953488372093,6
0.38,2874041547,random,degree,86,7,0.08139534883720931,5,0.05813953488372093,11
0.38,3271569512,random,degree,86,9,0.10465116279069768,7,0.08139534883720931,8
0.38,3048274414,random,degree,86,6,0.06976744186046512,6,0.06976744186046512,11
0.38,3610867109,random,degree,86,8,0.09302325581395349,7,0.08139534883720931,8
0.38,2503312173,random,degree,86,7,0.08139534883720931,5,0.05813953488372093,6
0.38,2922493278,random,degree,86,11,0.12790697674418605,6,0.06976744186046512,13
0.38,2827595645,random,degree,86,9,0.10465116279069768,9,0.10465116279069768,4
0.38,1189732418,random,degree,86,9,0.10465116279069768,8,0.09302325581395349,9
0.38,1355096368,random,degree,86,15,0.1744186046511628,9,0.10465116279069768,16
0.38,989564770,random,degree,86,10,0.11627906976744186,8,0.09302325581395349,7
0.38,3377636187,random,degree,86,14,0.16279069767441862,5,0.05813953488372093,6
0.38,558308613,random,degree,86,9,0.10465116279069768,6,0.06976744186046512,13
0.38,901497282,random,degree,86,8,0.09302325581395349,6,0.06976744186046512,6
0.38,1895438305,random,degree,86,8,0.09302325581395349,6,0.06976744186046512,11
0.38,1062674777,random,degree,86,10,0.11627906976744186,5,0.05813953488372093,8
0.38,4210295993,random,degree,86,9,0.10465116279069768,7,0.08139534883720931,4
0.38,2083336973,random,degree,86,13,0.1511627906976744,6,0.06976744186046512,12
0.38,1847255717,random,degree,86,8,0.09302325581395349,7,0.08139534883720931,9
0.38,3235642201,random,degree,86,8,0.09302325581395349,6,0.06976744186046512,5
0.38,101796577,random,degree,86,9,0.10465116279069768,6,0.06976744186046512,9
0.39,3423510158,random,degree,86,7,0.08139534883720931,7,0.08139534883720931,10
0.39,2747577021,random,degree,86,6,0.06976744186046512,4,0.046511627906976744,6
0.39,1663428574,random,degree,86,9,0.10465116279069768,6,0.06976744186046512,8
0.39,1074320895,random,degree,86,7,0.08139534883720931,5,0.05813953488372093,8
0.39,1184838978,random,degree,86,10,0.11627906976744186,9,0.10465116279069768,9
0.39,3597355638,random,degree,86,9,0.10465116279069768,5,0.05813953488372093,7
0.39,3819295167,random,degree,86,10,0.11627906976744186,7,0.08139534883720931,8
0.39,3621151892,random,degree,86,8,0.09302325581395349,8,0.09302325581395349,11
0.39,2385800604,random,degree,86,8,0.09302325581395349,8,0.09302325581395349,6
0.39,2567176856,random,degree,86,8,0.09302325581395349,6,0.06976744186046512,9
0.39,155845594,random,degree,86,7,0.08139534883720931,4,0.046511627906976744,9
0.39,3729878263,random,degree,86,11,0.12790697674418605,7,0.08139534883720931,8
0.39,746560041,random,degree,86,8,0.09302325581395349,8,0.09302325581395349,11
0.39,1419855960,random,degree,86,9,0.10465116279069768,8,0.09302325581395349,5
0.39,393196683,random,degree,86,9,0.10465116279069768,7,0.08139534883720931,10
0.39,1857392826,random,degree,86,7,0.08139534883720931,6,0.06976744186046512,6
0.39,2073627883,random,degree,86,7,0.08139534883720931,6,0.06976744186046512,9
0.39,4278908226,random,degree,86,14,0.16279069767441862,4,0.046511627906976744,10
0.39,1653217471,random,degree,86,8,0.09302325581395349,6,0.06976744186046512,7
0.39,3462026497,random,degree,86,5,0.05813953488372093,5,0.05813953488372093,5
0.39,3705290998,random,degree,86,5,0.05813953488372093,5,0.05813953488372093,11
0.39,199359256,random,degree,86,6,0.06976744186046512,4,0.046511627906976744,7
0.39,1669976542,random,degree,86,9,0.10465116279069768,8,0.09302325581395349,11
0.39,4051920080,random,degree,86,9,0.10465116279069768,9,0.10465116279069768,10
0.39,567446038,random,degree,86,6,0.06976744186046512,6,0.06976744186046512,10
0.39,903816661,random,degree,86,11,0.12790697674418605,5,0.05813953488372093,6
0.39,946673079,random,degree,86,15,0.1744186046511628,5,0.05813953488372093,14
0.39,1618619999,random,degree,86,8,0.09302325581395349,7,0.08139534883720931,6
0.39,1391063029,random,degree,86,9,0.10465116279069768,8,0.09302325581395349,7
0.39,3364243153,random,degree,86,7,0.08139534883720931,4,0.046511627906976744,8
0.39,9115940,random,degree,86,7,0.08139534883720931,6,0.06976744186046512,10
0.39,14956562,random,degree,86,10,0.11627906976744186,8,0.09302325581395349,5
0.39,648924981,random,degree,86,6,0.06976744186046512,4,0.046511627906976744,12
0.39,560235488,random,degree,86,8,0.09302325581395349,5,0.05813953488372093,11
0.39,2769191158,random,degree,86,6,0.06976744186046512,5,0.05813953488372093,8
0.39,1870984670,random,degree,86,6,0.06976744186046512,6,0.06976744186046512,7
0.39,2905705492,random,degree,86,7,0.08139534883720931,5,0.05813953488372093,6
0.39,2760786783,random,degree,86,6,0.06976744186046512,5,0.05813953488372093,10
0.39,1749457259,random,degree,86,11,0.12790697674418605,6,0.06976744186046512,9
0.39,4072178747,random,degree,86,7,0.08139534883720931,5,0.05813953488372093,9
0.39,1385662248,random,degree,86,7,0.08139534883720931,7,0.08139534883720931,8
0.39,2990493406,random,degree,86,10,0.11627906976744186,6,0.06976744186046512,9
0.39,3266228007,random,degree,86,9,0.10465116279069768,4,0.046511627906976744,10
0.39,77650835,random,degree,86,6,0.06976744186046512,5,0.05813953488372093,12
0.39,416429259,random,degree,86,8,0.09302325581395349,5,0.05813953488372093,4
0.39,1455313799,random,degree,86,8,0.09302325581395349,7,0.08139534883720931,10
0.39,2497825989,random,degree,86,8,0.09302325581395349,8,0.09302325581395349,15
0.39,378502301,random,degree,86,6,0.06976744186046512,5,0.05813953488372093,9
0.39,1738627264,random,degree,86,8,0.09302325581395349,7,0.08139534883720931,4
0.39,3471458381,random,degree,86,8,0.09302325581395349,5,0.05813953488372093,13
0.39,4242623270,random,degree,86,8,0.09302325581395349,6,0.06976744186046512,11
0.39,1177716404,random,degree,86,6,0.06976744186046512,6,0.06976744186046512,11
0.39,2062068898,random,degree,86,10,0.11627906976744186,8,0.09302325581395349,4
0.39,1653517638,random,degree,86,8,0.09302325581395349,8,0.09302325581395349,4
0.39,4193515760,random,degree,86,6,0.06976744186046512,5,0.05813953488372093,9
0.39,215465195,random,degree,86,6,0.06976744186046512,5,0.05813953488372093,5
0.39,2675413966,random,degree,86,4,0.046511627906976744,4,0.046511627906976744,11
0.39,2052489277,random,degree,86,10,0.11627906976744186,6,0.06976744186046512,7
0.39,1554268177,random,degree,86,5,0.05813953488372093,5,0.05813953488372093,9
0.39,2778850005,random,degree,86,8,0.09302325581395349,8,0.09302325581395349,6
0.39,3635938939,random,degree,86,11,0.12790697674418605,6,0.06976744186046512,7
0.39,2594986886,random,degree,86,8,0.09302325581395349,6,0.06976744186046512,6
0.39,913854162,random,degree,86,9,0.10465116279069768,5,0.05813953488372093,6
0.39,3752435106,random,degree,86,12,0.13953488372093023,7,0.08139534883720931,10
0.39,4003802609,random,degree,86,8,0.09302325581395349,5,0.05813953488372093,8
0.39,234978053,random,degree,86,8,0.09302325581395349,3,0.03488372093023256,13
0.39,31937990,random,degree,86,14,0.16279069767441862,5,0.05813953488372093,8
0.39,1088280165,random,degree,86,11,0.12790697674418605,5,0.05813953488372093,8
0.39,237963702,random,degree,86,10,0.11627906976744186,6,0.06976744186046512,6
0.39,157947620,random,degree,86,19,0.22093023255813954,6,0.06976744186046512,5
0.39,1595878596,random,degree,86,5,0.05813953488372093,3,0.03488372093023256,7
0.39,43346731,random,degree,86,9,0.10465116279069768,5,0.05813953488372093,11
0.39,2717634405,random,degree,86,8,0.09302325581395349,6,0.06976744186046512,14
0.39,823986563,random,degree,86,10,0.11627906976744186,6,0.06976744186046512,13
0.39,3750225144,random,degree,86,7,0.08139534883720931,5,0.05813953488372093,9
0.39,1819138535,random,degree,86,11,0.12790697674418605,7,0.08139534883720931,9
0.39,1160320443,random,degree,86,14,0.16279069767441862,8,0.09302325581395349,9
0.39,1160732923,random,degree,86,11,0.12790697674418605,9,0.10465116279069768,7
0.39,3108815279,random,degree,86,6,0.06976744186046512,5,0.05813953488372093,12
0.39,1381985004,random,degree,86,10,0.11627906976744186,6,0.06976744186046512,10
0.39,2633213323,random,degree,86,6,0.06976744186046512,5,0.05813953488372093,11
0.39,2784855205,random,degree,86,8,0.09302325581395349,8,0.09302325581395349,7
0.39,3005316962,random,degree,86,6,0.06976744186046512,4,0.046511627906976744,10
0.39,2978491210,random,degree,86,12,0.13953488372093023,8,0.09302325581395349,9
0.39,2310063390,random,degree,86,9,0.10465116279069768,6,0.06976744186046512,10
0.39,2851507767,random,degree,86,7,0.08139534883720931,6,0.06976744186046512,13
0.39,751956276,random,degree,86,7,0.08139534883720931,5,0.05813953488372093,13
0.39,3264470231,random,degree,86,8,0.09302325581395349,5,0.05813953488372093,9
0.39,2506138051,random,degree,86,7,0.08139534883720931,5,0.05813953488372093,7
0.39,3576214729,random,degree,86,6,0.06976744186046512,6,0.06976744186046512,10
0.39,1989967216,random,degree,86,13,0.1511627906976744,6,0.06976744186046512,10
0.39,2992709199,random,degree,86,6,0.06976744186046512,5,0.05813953488372093,4
0.39,2486440375,random,degree,86,5,0.05813953488372093,4,0.046511627906976744,13
0.39,1889334359,random,degree,86,5,0.05813953488372093,4,0.046511627906976744,9
0.39,2003362746,random,degree,86,10,0.11627906976744186,5,0.05813953488372093,9
0.39,3843402474,random,degree,86,11,0.12790697674418605,5,0.05813953488372093,9
0.39,756124240,random,degree,86,8,0.09302325581395349,6,0.06976744186046512,12
0.39,1476720597,random,degree,86,10,0.11627906976744186,6,0.06976744186046512,6
0.39,136162227,random,degree,86,10,0.11627906976744186,7,0.08139534883720931,7
0.39,1781720470,random,degree,86,18,0.20930232558139536,5,0.05813953488372093,7
0.4,1376584573,random,degree,86,7,0.08139534883720931,6,0.06976744186046512,11
0.4,1041794515,random,degree,86,5,0.05813953488372093,5,0.05813953488372093,10
0.4,2097050156,random,degree,86,9,0.10465116279069768,8,0.09302325581395349,9
0.4,3944161186,random,degree,86,6,0.06976744186046512,5,0.05813953488372093,10
0.4,1196073562,random,degree,86,7,0.08139534883720931,4,0.046511627906976744,12
0.4,1133833077,random,degree,86,6,0.06976744186046512,5,0.05813953488372093,4
0.4,1522847796,random,degree,86,8,0.09302325581395349,8,0.09302325581395349,6
0.4,3554041224,random,degree,86,7,0.08139534883720931,5,0.05813953488372093,11
0.4,403418003,random,degree,86,11,0.12790697674418605,6,0.06976744186046512,8
0.4,1649707709,random,degree,86,9,0.10465116279069768,5,0.05813953488372093,7
0.4,2708517021,random,degree,86,6,0.06976744186046512,6,0.06976744186046512,14
0.4,4054479759,random,degree,86,11,0.12790697674418605,7,0.08139534883720931,6
0.4,748672521,random,degree,86,9,0.10465116279069768,5,0.05813953488372093,7
0.4,1238019436,random,degree,86,7,0.08139534883720931,5,0.05813953488372093,8
0.4,2503915741,random,degree,86,7,0.08139534883720931,5,0.05813953488372093,8
0.4,4243761038,random,degree,86,6,0.06976744186046512,4,0.046511627906976744,7
0.4,315657516,random,degree,86,8,0.09302325581395349,7,0.08139534883720931,13
0.4,189457739,random,degree,86,12,0.13953488372093023,6,0.06976744186046512,9
0.4,1216961023,random,degree,86,9,0.10465116279069768,4,0.046511627906976744,8
0.4,1100941501,random,degree,86,10,0.11627906976744186,4,0.046511627906976744,10
0.4,896267208,random,degree,86,8,0.09302325581395349,7,0.08139534883720931,8
0.4,1262143880,random,degree,86,14,0.16279069767441862,8,0.09302325581395349,5
0.4,692683371,random,degree,86,11,0.12790697674418605,6,0.06976744186046512,11
0.4,3264151908,random,degree,86,5,0.05813953488372093,4,0.046511627906976744,10
0.4,3129620884,random,degree,86,5,0.05813953488372093,5,0.05813953488372093,10
0.4,517017066,random,degree,86,5,0.05813953488372093,5,0.05813953488372093,7
0.4,2120126696,random,degree,86,5,0.05813953488372093,5,0.05813953488372093,7
0.4,1044664503,random,degree,86,8,0.09302325581395349,8,0.09302325581395349,9
0.4,2648688927,random,degree,86,12,0.13953488372093023,4,0.046511627906976744,8
0.4,4221237795,random,degree,86,13,0.1511627906976744,11,0.12790697674418605,12
0.4,1689069868,random,degree,86,8,0.09302325581395349,5,0.05813953488372093,9
0.4,234282533,random,degree,86,13,0.1511627906976744,7,0.08139534883720931,9
0.4,1005884044,random,degree,86,14,0.16279069767441862,6,0.06976744186046512,8
0.4,794401584,random,degree,86,6,0.06976744186046512,6,0.06976744186046512,9
0.4,1311433624,random,degree,86,8,0.09302325581395349,6,0.06976744186046512,10
0.4,204169564,random,degree,86,12,0.13953488372093023,6,0.06976744186046512,8
0.4,2002036153,random,degree,86,11,0.12790697674418605,4,0.046511627906976744,11
0.4,2882986541,random,degree,86,9,0.10465116279069768,7,0.08139534883720931,9
0.4,2913508084,random,degree,86,6,0.06976744186046512,5,0.05813953488372093,10
0.4,2666677786,random,degree,86,8,0.09302325581395349,7,0.08139534883720931,12
0.4,2838440071,random,degree,86,15,0.1744186046511628,4,0.046511627906976744,9
0.4,2640528355,random,degree,86,6,0.06976744186046512,5,0.05813953488372093,9
0.4,3683908587,random,degree,86,6,0.06976744186046512,4,0.046511627906976744,10
0.4,2723477262,random,degree,86,6,0.06976744186046512,4,0.046511627906976744,9
0.4,1828337326,random,degree,86,6,0.06976744186046512,5,0.05813953488372093,8
0.4,339435149,random,degree,86,14,0.16279069767441862,4,0.046511627906976744,11
0.4,901225582,random,degree,86,7,0.08139534883720931,6,0.06976744186046512,15
0.4,1920269092,random,degree,86,12,0.13953488372093023,6,0.06976744186046512,8
0.4,2219490839,random,degree,86,9,0.10465116279069768,5,0.05813953488372093,9
0.4,3773925460,random,degree,86,9,0.10465116279069768,5,0.05813953488372093,8
0.4,2266449100,random,degree,86,7,0.08139534883720931,6,0.06976744186046512,7
0.4,1136241662,random,degree,86,5,0.05813953488372093,5,0.05813953488372093,8
0.4,1632668233,random,degree,86,7,0.08139534883720931,7,0.08139534883720931,8
0.4,183857194,random,degree,86,8,0.09302325581395349,7,0.08139534883720931,12
0.4,406046920,random,degree,86,7,0.08139534883720931,6,0.06976744186046512,12
0.4,1345103352,random,degree,86,15,0.1744186046511628,8,0.09302325581395349,5
0.4,883761490,random,degree,86,11,0.12790697674418605,5,0.05813953488372093,5
0.4,2889559273,random,degree,86,6,0.06976744186046512,4,0.046511627906976744,7
0.4,384209786,random,degree,86,11,0.12790697674418605,5,0.05813953488372093,8
0.4,2721358504,random,degree,86,8,0.09302325581395349,5,0.05813953488372093,11
0.4,314948225,random,degree,86,10,0.11627906976744186,9,0.10465116279069768,9
0.4,605655539,random,degree,86,8,0.09302325581395349,7,0.08139534883720931,7
0.4,3348865982,random,degree,86,5,0.05813953488372093,5,0.05813953488372093,14
0.4,1993750174,random,degree,86,19,0.22093023255813954,4,0.046511627906976744,11
0.4,3663977836,random,degree,86,6,0.06976744186046512,6,0.06976744186046512,9
0.4,3222988137,random,degree,86,7,0.08139534883720931,7,0.08139534883720931,9
0.4,874568483,random,degree,86,6,0.06976744186046512,5,0.05813953488372093,11
0.4,2950725273,random,degree,86,12,0.13953488372093023,6,0.06976744186046512,13
0.4,2245256929,random,degree,86,8,0.09302325581395349,5,0.05813953488372093,7
0.4,3310394777,random,degree,86,6,0.06976744186046512,5,0.05813953488372093,5
0.4,1638598031,random,degree,86,7,0.08139534883720931,5,0.05813953488372093,6
0.4,3782511127,random,degree,86,6,0.06976744186046512,6,0.06976744186046512,5
0.4,72115185,random,degree,86,9,0.10465116279069768,6,0.06976744186046512,10
0.4,1276653890,random,degree,86,7,0.08139534883720931,5,0.05813953488372093,8
0.4,1823536007,random,degree,86,11,0.12790697674418605,9,0.10465116279069768,6
0.4,4249644046,random,degree,86,8,0.09302325581395349,6,0.06976744186046512,12
0.4,880324076,random,degree,86,8,0.09302325581395349,5,0.05813953488372093,8
0.4,337248545,random,degree,86,7,0.08139534883720931,5,0.05813953488372093,10
0.4,2806163743,random,degree,86,11,0.12790697674418605,4,0.046511627906976744,8
0.4,2500588544,random,degree,86,5,0.05813953488372093,5,0.05813953488372093,14
0.4,2265150233,random,degree,86,5,0.05813953488372093,5,0.05813953488372093,6
0.4,3287820022,random,degree,86,7,0.08139534883720931,5,0.05813953488372093,8
0.4,1572803285,random,degree,86,6,0.06976744186046512,5,0.05813953488372093,10
0.4,693501364,random,degree,86,6,0.06976744186046512,5,0.05813953488372093,7
0.4,3675219397,random,degree,86,9,0.10465116279069768,5,0.05813953488372093,11
0.4,2028750151,random,degree,86,13,0.1511627906976744,7,0.08139534883720931,4
0.4,465415152,random,degree,86,8,0.09302325581395349,6,0.06976744186046512,5
0.4,2331629940,random,degree,86,6,0.06976744186046512,5,0.05813953488372093,11
0.4,3663561457,random,degree,86,6,0.06976744186046512,6,0.06976744186046512,8
0.4,2046544568,random,degree,86,8,0.09302325581395349,8,0.09302325581395349,8
0.4,3293831407,random,degree,86,7,0.08139534883720931,7,0.08139534883720931,10
0.4,2623405931,random,degree,86,8,0.09302325581395349,6,0.06976744186046512,9
0.4,1590598748,random,degree,86,6,0.06976744186046512,5,0.05813953488372093,7
0.4,1757753591,random,degree,86,11,0.12790697674418605,8,0.09302325581395349,5
0.4,410333372,random,degree,86,9,0.10465116279069768,7,0.08139534883720931,5
0.4,158269430,random,degree,86,11,0.12790697674418605,5,0.05813953488372093,10
0.4,3306525174,random,degree,86,7,0.08139534883720931,6,0.06976744186046512,10
0.4,1866767764,random,degree,86,7,0.08139534883720931,5,0.05813953488372093,7
0.4,3746845517,random,degree,86,8,0.09302325581395349,6,0.06976744186046512,12
0.4,1140833751,random,degree,86,7,0.08139534883720931,5,0.05813953488372093,6
0.41,2290886530,random,degree,86,10,0.11627906976744186,7,0.08139534883720931,7
0.41,3329601899,random,degree,86,6,0.06976744186046512,5,0.05813953488372093,10
0.41,2047960779,random,degree,86,12,0.13953488372093023,6,0.06976744186046512,13
0.41,1985222587,random,degree,86,5,0.05813953488372093,5,0.05813953488372093,11
0.41,214194292,random,degree,86,8,0.09302325581395349,6,0.06976744186046512,10
0.41,3653795694,random,degree,86,15,0.1744186046511628,5,0.05813953488372093,9
0.41,2641196487,random,degree,86,5,0.05813953488372093,4,0.046511627906976744,11
0.41,3991313862,random,degree,86,5,0.05813953488372093,5,0.05813953488372093,11
0.41,2354910255,random,degree,86,7,0.08139534883720931,6,0.06976744186046512,5
0.41,103421613,random,degree,86,8,0.09302325581395349,5,0.05813953488372093,9
0.41,2753072772,random,degree,86,8,0.09302325581395349,6,0.06976744186046512,8
0.41,1833462496,random,degree,86,13,0.1511627906976744,6,0.06976744186046512,13
0.41,583099274,random,degree,86,6,0.06976744186046512,5,0.05813953488372093,6
0.41,1266889597,random,degree,86,7,0.08139534883720931,7,0.08139534883720931,6
0.41,3975129768,random,degree,86,7,0.08139534883720931,5,0.05813953488372093,15
0.41,2173870054,random,degree,86,6,0.06976744186046512,5,0.05813953488372093,9
0.41,1940631577,random,degree,86,9,0.10465116279069768,7,0.08139534883720931,9
0.41,1393254587,random,degree,86,9,0.10465116279069768,8,0.09302325581395349,12
0.41,1318009995,random,degree,86,7,0.08139534883720931,6,0.06976744186046512,7
0.41,527959223,random,degree,86,6,0.06976744186046512,5,0.05813953488372093,12
0.41,3213679803,random,degree,86,6,0.06976744186046512,4,0.046511627906976744,12
0.41,1130832569,random,degree,86,7,0.08139534883720931,7,0.08139534883720931,9
0.41,2036679010,random,degree,86,8,0.09302325581395349,6,0.06976744186046512,8
0.41,3580570558,random,degree,86,6,0.06976744186046512,4,0.046511627906976744,8
0.41,3641935845,random,degree,86,7,0.08139534883720931,5,0.05813953488372093,11
0.41,1009433973,random,degree,86,14,0.16279069767441862,6,0.06976744186046512,8
0.41,1982935816,random,degree,86,9,0.10465116279069768,7,0.08139534883720931,2
0.41,2574293388,random,degree,86,10,0.11627906976744186,4,0.046511627906976744,9
0.41,1976454078,random,degree,86,5,0.05813953488372093,4,0.046511627906976744,7
0.41,2179973062,random,degree,86,10,0.11627906976744186,7,0.08139534883720931,6
0.41,1824042755,random,degree,86,8,0.09302325581395349,5,0.05813953488372093,10
0.41,3819759070,random,degree,86,8,0.09302325581395349,4,0.046511627906976744,5
0.41,427125752,random,degree,86,7,0.08139534883720931,5,0.05813953488372093,10
0.41,1852361776,random,degree,86,9,0.10465116279069768,7,0.08139534883720931,16
0.41,1623379606,random,degree,86,10,0.11627906976744186,5,0.05813953488372093,6
0.41,1939996874,random,degree,86,5,0.05813953488372093,5,0.05813953488372093,9
0.41,2802410111,random,degree,86,9,0.10465116279069768,7,0.08139534883720931,10
0.41,2658405775,random,degree,86,9,0.10465116279069768,7,0.08139534883720931,15
0.41,682576831,random,degree,86,6,0.06976744186046512,5,0.05813953488372093,14
0.41,992458558,random,degree,86,6,0.06976744186046512,6,0.06976744186046512,13
0.41,4047379406,random,degree,86,9,0.10465116279069768,5,0.05813953488372093,9
0.41,2139193979,random,degree,86,6,0.06976744186046512,5,0.05813953488372093,9
0.41,2343192023,random,degree,86,11,0.12790697674418605,4,0.046511627906976744,7
0.41,3741239292,random,degree,86,5,0.05813953488372093,5,0.05813953488372093,8
0.41,3605098680,random,degree,86,11,0.12790697674418605,5,0.05813953488372093,11
0.41,1540977344,random,degree,86,9,0.10465116279069768,6,0.06976744186046512,9
0.41,3246442585,random,degree,86,8,0.09302325581395349,6,0.06976744186046512,6
0.41,129206833,random,degree,86,11,0.12790697674418605,7,0.08139534883720931,10
0.41,3233032753,random,degree,86,7,0.08139534883720931,5,0.05813953488372093,7
0.41,3350469188,random,degree,86,7,0.08139534883720931,5,0.05813953488372093,9
0.41,3889219622,random,degree,86,6,0.06976744186046512,5,0.05813953488372093,5
0.41,4195889429,random,degree,86,8,0.09302325581395349,5,0.05813953488372093,9
0.41,54731317,random,degree,86,6,0.06976744186046512,6,0.06976744186046512,6
0.41,2422692385,random,degree,86,6,0.06976744186046512,5,0.05813953488372093,9
0.41,1025221575,random,degree,86,7,0.08139534883720931,6,0.06976744186046512,10
0.41,3649994727,random,degree,86,7,0.08139534883720931,4,0.046511627906976744,13
0.41,2073714114,random,degree,86,6,0.06976744186046512,5,0.05813953488372093,10
0.41,3707222425,random,degree,86,7,0.08139534883720931,6,0.06976744186046512,7
0.41,129095489,random,degree,86,8,0.09302325581395349,7,0.08139534883720931,10
0.41,528586105,random,degree,86,7,0.08139534883720931,5,0.05813953488372093,6
0.41,1749767965,random,degree,86,4,0.046511627906976744,4,0.046511627906976744,6
0.41,1692240192,random,degree,86,9,0.10465116279069768,6,0.06976744186046512,8
0.41,2142868759,random,degree,86,8,0.09302325581395349,5,0.05813953488372093,10
0.41,2151149972,random,degree,86,8,0.09302325581395349,7,0.08139534883720931,9
0.41,1046392748,random,degree,86,8,0.09302325581395349,7,0.08139534883720931,7
0.41,957976034,random,degree,86,6,0.06976744186046512,5,0.05813953488372093,11
0.41,2885193477,random,degree,86,9,0.10465116279069768,7,0.08139534883720931,9
0.41,1878346664,random,degree,86,10,0.11627906976744186,5,0.05813953488372093,9
0.41,1640247392,random,degree,86,6,0.06976744186046512,6,0.06976744186046512,8
0.41,1115440957,random,degree,86,6,0.06976744186046512,6,0.06976744186046512,9
0.41,3658244364,random,degree,86,6,0.06976744186046512,5,0.05813953488372093,9
0.41,1147381608,random,degree,86,7,0.08139534883720931,6,0.06976744186046512,11
0.41,2279567950,random,degree,86,7,0.08139534883720931,7,0.08139534883720931,12
0.41,2025964386,random,degree,86,8,0.09302325581395349,7,0.08139534883720931,6
0.41,3159452535,random,degree,86,7,0.08139534883720931,6,0.06976744186046512,5
0.41,28500186,random,degree,86,10,0.11627906976744186,6,0.06976744186046512,8
0.41,871071499,random,degree,86,6,0.06976744186046512,5,0.05813953488372093,13
0.41,712389883,random,degree,86,7,0.08139534883720931,5,0.05813953488372093,8
0.41,3137920427,random,degree,86,7,0.08139534883720931,6,0.06976744186046512,12
0.41,13147013,random,degree,86,15,0.1744186046511628,6,0.06976744186046512,8
0.41,1217056330,random,degree,86,10,0.11627906976744186,6,0.06976744186046512,5
0.41,1048314336,random,degree,86,10,0.11627906976744186,4,0.046511627906976744,6
0.41,2571533137,random,degree,86,12,0.13953488372093023,5,0.05813953488372093,11
0.41,4252696007,random,degree,86,4,0.046511627906976744,4,0.046511627906976744,11
0.41,1565787778,random,degree,86,6,0.06976744186046512,4,0.046511627906976744,11
0.41,3640095302,random,degree,86,7,0.08139534883720931,5,0.05813953488372093,8
0.41,3132233459,random,degree,86,8,0.09302325581395349,6,0.06976744186046512,13
0.41,3532895988,random,degree,86,5,0.05813953488372093,4,0.046511627906976744,13
0.41,228598114,random,degree,86,10,0.11627906976744186,6,0.06976744186046512,12
0.41,944747738,random,degree,86,10,0.11627906976744186,5,0.05813953488372093,9
0.41,1434506374,random,degree,86,10,0.11627906976744186,4,0.046511627906976744,12
0.41,997225164,random,degree,86,8,0.09302325581395349,5,0.05813953488372093,8
0.41,415111222,random,degree,86,7,0.08139534883720931,7,0.08139534883720931,10
0.41,2868533709,random,degree,86,6,0.06976744186046512,5,0.05813953488372093,8
0.41,1196824634,random,degree,86,12,0.13953488372093023,6,0.06976744186046512,11
0.41,2887383449,random,degree,86,12,0.13953488372093023,9,0.10465116279069768,6
0.41,1780360496,random,degree,86,7,0.08139534883720931,5,0.05813953488372093,10
0.41,1049821964,random,degree,86,10,0.11627906976744186,4,0.046511627906976744,15
0.41,881835465,random,degree,86,14,0.16279069767441862,5,0.05813953488372093,9
0.41,4011412381,random,degree,86,8,0.09302325581395349,7,0.08139534883720931,7
0.42,355231105,random,degree,86,11,0.12790697674418605,6,0.06976744186046512,11
0.42,349464193,random,degree,86,7,0.08139534883720931,6,0.06976744186046512,10
0.42,564716849,random,degree,86,9,0.10465116279069768,6,0.06976744186046512,7
0.42,3074791194,random,degree,86,5,0.05813953488372093,4,0.046511627906976744,14
0.42,3552020842,random,degree,86,4,0.046511627906976744,4,0.046511627906976744,10
0.42,1879058137,random,degree,86,7,0.08139534883720931,7,0.08139534883720931,7
0.42,3428659573,random,degree,86,6,0.06976744186046512,5,0.05813953488372093,15
0.42,425958224,random,degree,86,6,0.06976744186046512,6,0.06976744186046512,9
0.42,2676545781,random,degree,86,5,0.05813953488372093,4,0.046511627906976744,9
0.42,2876099929,random,degree,86,7,0.08139534883720931,4,0.046511627906976744,12
0.42,3010071037,random,degree,86,5,0.05813953488372093,4,0.046511627906976744,10
0.42,399912849,random,degree,86,12,0.13953488372093023,4,0.046511627906976744,10
0.42,698937272,random,degree,86,9,0.10465116279069768,6,0.06976744186046512,10
0.42,2983056680,random,degree,86,7,0.08139534883720931,5,0.05813953488372093,13
0.42,1485705869,random,degree,86,11,0.12790697674418605,7,0.08139534883720931,9
0.42,2606009197,random,degree,86,7,0.08139534883720931,5,0.05813953488372093,6
0.42,475689303,random,degree,86,8,0.09302325581395349,5,0.05813953488372093,6
0.42,3475542549,random,degree,86,7,0.08139534883720931,6,0.06976744186046512,6
0.42,4166806372,random,degree,86,4,0.046511627906976744,4,0.046511627906976744,11
0.42,1935819098,random,degree,86,7,0.08139534883720931,7,0.08139534883720931,4
0.42,1431845108,random,degree,86,6,0.06976744186046512,5,0.05813953488372093,11
0.42,1792395160,random,degree,86,8,0.09302325581395349,7,0.08139534883720931,12
0.42,1299675874,random,degree,86,10,0.11627906976744186,6,0.06976744186046512,6
0.42,734976559,random,degree,86,9,0.10465116279069768,6,0.06976744186046512,12
0.42,1043507832,random,degree,86,6,0.06976744186046512,4,0.046511627906976744,7
0.42,1056507384,random,degree,86,6,0.06976744186046512,5,0.05813953488372093,10
0.42,2508965859,random,degree,86,11,0.12790697674418605,4,0.046511627906976744,16
0.42,3856227446,random,degree,86,7,0.08139534883720931,5,0.05813953488372093,9
0.42,4083768666,random,degree,86,8,0.09302325581395349,6,0.06976744186046512,10
0.42,914410877,random,degree,86,6,0.06976744186046512,5,0.05813953488372093,6
0.42,1924700821,random,degree,86,8,0.09302325581395349,5,0.05813953488372093,7
0.42,2826789709,random,degree,86,6,0.06976744186046512,6,0.06976744186046512,9
0.42,2780671843,random,degree,86,6,0.06976744186046512,4,0.046511627906976744,10
0.42,3485662235,random,degree,86,7,0.08139534883720931,5,0.05813953488372093,8
0.42,3656570218,random,degree,86,4,0.046511627906976744,4,0.046511627906976744,14
0.42,1908908786,random,degree,86,7,0.08139534883720931,5,0.05813953488372093,11
0.42,1564229363,random,degree,86,7,0.08139534883720931,7,0.08139534883720931,11
0.42,1276657438,random,degree,86,11,0.12790697674418605,8,0.09302325581395349,10
0.42,874503845,random,degree,86,8,0.09302325581395349,6,0.06976744186046512,12
0.42,807750672,random,degree,86,5,0.05813953488372093,5,0.05813953488372093,6
0.42,1104315821,random,degree,86,9,0.10465116279069768,6,0.06976744186046512,10
0.42,2614635303,random,degree,86,5,0.05813953488372093,4,0.046511627906976744,8
0.42,2177380159,random,degree,86,5,0.05813953488372093,5,0.05813953488372093,9
0.42,1906160508,random,degree,86,7,0.08139534883720931,5,0.05813953488372093,11
0.42,3329339917,random,degree,86,6,0.06976744186046512,4,0.046511627906976744,11
0.42,1542883708,random,degree,86,7,0.08139534883720931,5,0.05813953488372093,12
0.42,2635700914,random,degree,86,7,0.08139534883720931,7,0.08139534883720931,5
0.42,3980633576,random,degree,86,8,0.09302325581395349,6,0.06976744186046512,5
0.42,3523143350,random,degree,86,8,0.09302325581395349,5,0.05813953488372093,7
0.42,291199265,random,degree,86,5,0.05813953488372093,5,0.05813953488372093,13
0.42,4236718518,random,degree,86,9,0.10465116279069768,7,0.08139534883720931,18
0.42,3858051656,random,degree,86,10,0.11627906976744186,6,0.06976744186046512,8
0.42,3688677582,random,degree,86,7,0.08139534883720931,5,0.05813953488372093,7
0.42,3817127308,random,degree,86,8,0.09302325581395349,4,0.046511627906976744,8
0.42,570360922,random,degree,86,6,0.06976744186046512,6,0.06976744186046512,9
0.42,1637042737,random,degree,86,5,0.05813953488372093,4,0.046511627906976744,10
0.42,262025990,random,degree,86,5,0.05813953488372093,4,0.046511627906976744,7
0.42,947195409,random,degree,86,6,0.06976744186046512,6,0.06976744186046512,8
0.42,4195004734,random,degree,86,7,0.08139534883720931,4,0.046511627906976744,10
0.42,676856009,random,degree,86,6,0.06976744186046512,4,0.046511627906976744,12
0.42,2304711436,random,degree,86,12,0.13953488372093023,10,0.11627906976744186,7
0.42,3341741776,random,degree,86,6,0.06976744186046512,5,0.05813953488372093,8
0.42,1142109860,random,degree,86,9,0.10465116279069768,4,0.046511627906976744,8
0.42,1159233934,random,degree,86,11,0.12790697674418605,4,0.046511627906976744,8
0.42,2769975704,random,degree,86,6,0.06976744186046512,5,0.05813953488372093,10
0.42,585047163,random,degree,86,9,0.10465116279069768,8,0.09302325581395349,8
0.42,2938126582,random,degree,86,9,0.10465116279069768,4,0.046511627906976744,14
0.42,778691690,random,degree,86,14,0.16279069767441862,4,0.046511627906976744,10
0.42,1403127384,random,degree,86,8,0.09302325581395349,7,0.08139534883720931,12
0.42,3824510469,random,degree,86,5,0.05813953488372093,5,0.05813953488372093,9
0.42,2458075352,random,degree,86,4,0.046511627906976744,4,0.046511627906976744,14
0.42,210325507,random,degree,86,6,0.06976744186046512,6,0.06976744186046512,18
0.42,3798614482,random,degree,86,10,0.11627906976744186,6,0.06976744186046512,8
0.42,3942090587,random,degree,86,9,0.10465116279069768,5,0.05813953488372093,11
0.42,2577705705,random,degree,86,10,0.11627906976744186,7,0.08139534883720931,10
0.42,3346862607,random,degree,86,6,0.06976744186046512,5,0.05813953488372093,7
0.42,813612523,random,degree,86,10,0.11627906976744186,5,0.05813953488372093,8
0.42,3628670014,random,degree,86,14,0.16279069767441862,7,0.08139534883720931,7
0.42,3331197662,random,degree,86,13,0.1511627906976744,4,0.046511627906976744,5
0.42,338401363,random,degree,86,9,0.10465116279069768,4,0.046511627906976744,12
0.42,1817016417,random,degree,86,10,0.11627906976744186,5,0.05813953488372093,11
0.42,3897248786,random,degree,86,6,0.06976744186046512,6,0.06976744186046512,10
0.42,3795228960,random,degree,86,6,0.06976744186046512,4,0.046511627906976744,6
0.42,3850381852,random,degree,86,6,0.06976744186046512,5,0.05813953488372093,8
0.42,1722821641,random,degree,86,7,0.08139534883720931,6,0.06976744186046512,7
0.42,2711446170,random,degree,86,11,0.12790697674418605,5,0.05813953488372093,11
0.42,2751907114,random,degree,86,7,0.08139534883720931,7,0.08139534883720931,11
0.42,394246172,random,degree,86,9,0.10465116279069768,5,0.05813953488372093,6
0.42,1178679266,random,degree,86,14,0.16279069767441862,6,0.06976744186046512,6
0.42,91224478,random,degree,86,8,0.09302325581395349,5,0.05813953488372093,7
0.42,1137785784,random,degree,86,11,0.12790697674418605,6,0.06976744186046512,5
0.42,621626191,random,degree,86,7,0.08139534883720931,7,0.08139534883720931,9
0.42,4029192853,random,degree,86,6,0.06976744186046512,4,0.046511627906976744,10
0.42,1332486392,random,degree,86,14,0.16279069767441862,6,0.06976744186046512,10
0.42,1808329082,random,degree,86,8,0.09302325581395349,7,0.08139534883720931,7
0.42,3576744768,random,degree,86,11,0.12790697674418605,5,0.05813953488372093,8
0.42,600342359,random,degree,86,4,0.046511627906976744,4,0.046511627906976744,14
0.42,852672526,random,degree,86,8,0.09302325581395349,5,0.05813953488372093,5
0.42,1854796975,random,degree,86,9,0.10465116279069768,6,0.06976744186046512,7
0.42,3157931628,random,degree,86,5,0.05813953488372093,5,0.05813953488372093,5
0.43,4135204600,random,degree,86,8,0.09302325581395349,7,0.08139534883720931,13
0.43,3889238272,random,degree,86,8,0.09302325581395349,4,0.046511627906976744,10
0.43,2574054347,random,degree,86,6,0.06976744186046512,5,0.05813953488372093,11
0.43,2295666705,random,degree,86,16,0.18604651162790697,8,0.09302325581395349,7
0.43,3258900359,random,degree,86,8,0.09302325581395349,8,0.09302325581395349,15
0.43,2635871629,random,degree,86,7,0.08139534883720931,6,0.06976744186046512,10
0.43,2420011185,random,degree,86,7,0.08139534883720931,6,0.06976744186046512,8
0.43,1727922858,random,degree,86,5,0.05813953488372093,5,0.05813953488372093,9
0.43,4250957364,random,degree,86,9,0.10465116279069768,4,0.046511627906976744,10
0.43,4274242793,random,degree,86,6,0.06976744186046512,5,0.05813953488372093,14
0.43,1090287329,random,degree,86,12,0.13953488372093023,6,0.06976744186046512,7
0.43,146293667,random,degree,86,7,0.08139534883720931,6,0.06976744186046512,12
0.43,1982915278,random,degree,86,11,0.12790697674418605,5,0.05813953488372093,5
0.43,1285317876,random,degree,86,5,0.05813953488372093,4,0.046511627906976744,8
0.43,3791866811,random,degree,86,7,0.08139534883720931,6,0.06976744186046512,11
0.43,1425024898,random,degree,86,4,0.046511627906976744,4,0.046511627906976744,19
0.43,1145249144,random,degree,86,5,0.05813953488372093,4,0.046511627906976744,8
0.43,659672050,random,degree,86,7,0.08139534883720931,6,0.06976744186046512,8
0.43,479794071,random,degree,86,6,0.06976744186046512,5,0.05813953488372093,8
0.43,2100369594,random,degree,86,6,0.06976744186046512,4,0.046511627906976744,11
0.43,4288919145,random,degree,86,6,0.06976744186046512,6,0.06976744186046512,7
0.43,2328389045,random,degree,86,10,0.11627906976744186,3,0.03488372093023256,8
0.43,2056351560,random,degree,86,6,0.06976744186046512,5,0.05813953488372093,12
0.43,2479888878,random,degree,86,11,0.12790697674418605,7,0.08139534883720931,3
0.43,624160645,random,degree,86,5,0.05813953488372093,4,0.046511627906976744,6
0.43,376399875,random,degree,86,6,0.06976744186046512,4,0.046511627906976744,12
0.43,3103641723,random,degree,86,6,0.06976744186046512,5,0.05813953488372093,11
0.43,1935979555,random,degree,86,8,0.09302325581395349,7,0.08139534883720931,8
0.43,1676692731,random,degree,86,9,0.10465116279069768,9,0.10465116279069768,4
0.43,4128408836,random,degree,86,5,0.05813953488372093,5,0.05813953488372093,11
0.43,3797201436,random,degree,86,9,0.10465116279069768,5,0.05813953488372093,8
0.43,820079396,random,degree,86,7,0.08139534883720931,5,0.05813953488372093,7
0.43,3665051981,random,degree,86,6,0.06976744186046512,5,0.05813953488372093,11
0.43,2349714501,random,degree,86,8,0.09302325581395349,7,0.08139534883720931,8
0.43,97179553,random,degree,86,5,0.05813953488372093,5,0.05813953488372093,12
0.43,3867663341,random,degree,86,8,0.09302325581395349,3,0.03488372093023256,12
0.43,1228457205,random,degree,86,4,0.046511627906976744,4,0.046511627906976744,11
0.43,310257706,random,degree,86,6,0.06976744186046512,6,0.06976744186046512,7
0.43,167185834,random,degree,86,6,0.06976744186046512,6,0.06976744186046512,9
0.43,3383721648,random,degree,86,9,0.10465116279069768,6,0.06976744186046512,7
0.43,1451409402,random,degree,86,7,0.08139534883720931,5,0.05813953488372093,6
0.43,3292321015,random,degree,86,7,0.08139534883720931,7,0.08139534883720931,11
0.43,822648374,random,degree,86,6,0.06976744186046512,5,0.05813953488372093,7
0.43,4050418645,random,degree,86,6,0.06976744186046512,5,0.05813953488372093,11
0.43,81010842,random,degree,86,6,0.06976744186046512,5,0.05813953488372093,11
0.43,2376528229,random,degree,86,8,0.09302325581395349,6,0.06976744186046512,14
0.43,2637668984,random,degree,86,6,0.06976744186046512,6,0.06976744186046512,9
0.43,2711510238,random,degree,86,9,0.10465116279069768,6,0.06976744186046512,8
0.43,1593726057,random,degree,86,6,0.06976744186046512,5,0.05813953488372093,7
0.43,167692544,random,degree,86,6,0.06976744186046512,4,0.046511627906976744,12
0.43,1080670428,random,degree,86,6,0.06976744186046512,5,0.05813953488372093,13
0.43,186769348,random,degree,86,8,0.09302325581395349,8,0.09302325581395349,9
0.43,1133348467,random,degree,86,10,0.11627906976744186,7,0.08139534883720931,8
0.43,1032097047,random,degree,86,6,0.06976744186046512,5,0.05813953488372093,8
0.43,1901251162,random,degree,86,6,0.06976744186046512,6,0.06976744186046512,14
0.43,1440863786,random,degree,86,8,0.09302325581395349,7,0.08139534883720931,12
0.43,672073813,random,degree,86,5,0.05813953488372093,4,0.046511627906976744,9
0.43,3993529073,random,degree,86,5,0.05813953488372093,5,0.05813953488372093,5
0.43,2674039649,random,degree,86,11,0.12790697674418605,6,0.06976744186046512,11
0.43,202210580,random,degree,86,6,0.06976744186046512,4,0.046511627906976744,8
0.43,1421698724,random,degree,86,6,0.06976744186046512,5,0.05813953488372093,10
0.43,2866916412,random,degree,86,7,0.08139534883720931,6,0.06976744186046512,10
0.43,1362870313,random,degree,86,10,0.11627906976744186,5,0.05813953488372093,14
0.43,2249289370,random,degree,86,6,0.06976744186046512,6,0.06976744186046512,8
0.43,1210570046,random,degree,86,7,0.08139534883720931,6,0.06976744186046512,7
0.43,2232552918,random,degree,86,6,0.06976744186046512,5,0.05813953488372093,13
0.43,3512927667,random,degree,86,9,0.10465116279069768,4,0.046511627906976744,11
0.43,3527295839,random,degree,86,5,0.05813953488372093,4,0.046511627906976744,8
0.43,906374449,random,degree,86,5,0.05813953488372093,5,0.05813953488372093,12
0.43,1711585708,random,degree,86,7,0.08139534883720931,4,0.046511627906976744,10
0.43,467055505,random,degree,86,7,0.08139534883720931,6,0.06976744186046512,9
0.43,2589214031,random,degree,86,6,0.06976744186046512,6,0.06976744186046512,8
0.43,417166709,random,degree,86,6,0.06976744186046512,5,0.05813953488372093,10
0.43,2079732803,random,degree,86,14,0.16279069767441862,6,0.06976744186046512,7
0.43,4193930102,random,degree,86,13,0.1511627906976744,8,0.09302325581395349,6
0.43,730793164,random,degree,86,9,0.10465116279069768,5,0.05813953488372093,9
0.43,3650640106,random,degree,86,6,0.06976744186046512,5,0.05813953488372093,3
0.43,3521939176,random,degree,86,7,0.08139534883720931,5,0.05813953488372093,7
0.43,3125286661,random,degree,86,10,0.11627906976744186,4,0.046511627906976744,18
0.43,4208304458,random,degree,86,5,0.05813953488372093,5,0.05813953488372093,10
0.43,244250883,random,degree,86,9,0.10465116279069768,5,0.05813953488372093,7
0.43,4215520446,random,degree,86,6,0.06976744186046512,4,0.046511627906976744,14
0.43,2922047179,random,degree,86,5,0.05813953488372093,5,0.05813953488372093,11
0.43,535874285,random,degree,86,7,0.08139534883720931,6,0.06976744186046512,11
0.43,3928091824,random,degree,86,8,0.09302325581395349,4,0.046511627906976744,14
0.43,1303975641,random,degree,86,7,0.08139534883720931,7,0.08139534883720931,9
0.43,2323161775,random,degree,86,7,0.08139534883720931,5,0.05813953488372093,8
0.43,1986824904,random,degree,86,5,0.05813953488372093,5,0.05813953488372093,9
0.43,4283990411,random,degree,86,10,0.11627906976744186,8,0.09302325581395349,14
0.43,4167834613,random,degree,86,6,0.06976744186046512,6,0.06976744186046512,10
0.43,3649960159,random,degree,86,14,0.16279069767441862,6,0.06976744186046512,10
0.43,2136605717,random,degree,86,8,0.09302325581395349,4,0.046511627906976744,7
0.43,2499001945,random,degree,86,12,0.13953488372093023,4,0.046511627906976744,7
0.43,3707429825,random,degree,86,13,0.1511627906976744,8,0.09302325581395349,11
0.43,2516070217,random,degree,86,8,0.09302325581395349,8,0.09302325581395349,9
0.43,100522706,random,degree,86,6,0.06976744186046512,5,0.05813953488372093,2
0.43,2768937975,random,degree,86,6,0.06976744186046512,5,0.05813953488372093,11
0.43,4283335925,random,degree,86,5,0.05813953488372093,5,0.05813953488372093,9
0.43,1207236289,random,degree,86,8,0.09302325581395349,5,0.05813953488372093,15
0.43,2248689000,random,degree,86,5,0.05813953488372093,5,0.05813953488372093,12
0.44,1851474727,random,degree,86,8,0.09302325581395349,5,0.05813953488372093,11
0.44,3810352073,random,degree,86,5,0.05813953488372093,5,0.05813953488372093,8
0.44,1868075583,random,degree,86,5,0.05813953488372093,4,0.046511627906976744,9
0.44,1425133850,random,degree,86,8,0.09302325581395349,7,0.08139534883720931,8
0.44,2453861856,random,degree,86,6,0.06976744186046512,6,0.06976744186046512,10
0.44,1735362292,random,degree,86,6,0.06976744186046512,4,0.046511627906976744,10
0.44,2932815224,random,degree,86,6,0.06976744186046512,5,0.05813953488372093,6
0.44,1080900662,random,degree,86,8,0.09302325581395349,6,0.06976744186046512,11
0.44,70224734,random,degree,86,6,0.06976744186046512,5,0.05813953488372093,8
0.44,1463391908,random,degree,86,8,0.09302325581395349,5,0.05813953488372093,10
0.44,2918588210,random,degree,86,5,0.05813953488372093,4,0.046511627906976744,8
0.44,1349326234,random,degree,86,8,0.09302325581395349,6,0.06976744186046512,15
0.44,3516211633,random,degree,86,6,0.06976744186046512,4,0.046511627906976744,15
0.44,1593059751,random,degree,86,7,0.08139534883720931,5,0.05813953488372093,10
0.44,3116482816,random,degree,86,10,0.11627906976744186,7,0.08139534883720931,9
0.44,535799149,random,degree,86,6,0.06976744186046512,5,0.05813953488372093,10
0.44,964905293,random,degree,86,7,0.08139534883720931,5,0.05813953488372093,9
0.44,1153202718,random,degree,86,6,0.06976744186046512,6,0.06976744186046512,14
0.44,2551082783,random,degree,86,5,0.05813953488372093,4,0.046511627906976744,8
0.44,1552892893,random,degree,86,9,0.10465116279069768,4,0.046511627906976744,13
0.44,278301869,random,degree,86,6,0.06976744186046512,6,0.06976744186046512,9
0.44,3854659996,random,degree,86,5,0.05813953488372093,4,0.046511627906976744,11
0.44,2813414629,random,degree,86,6,0.06976744186046512,6,0.06976744186046512,10
0.44,3748944038,random,degree,86,7,0.08139534883720931,6,0.06976744186046512,4
0.44,3770338855,random,degree,86,8,0.09302325581395349,6,0.06976744186046512,12
0.44,2395728330,random,degree,86,7,0.08139534883720931,6,0.06976744186046512,13
0.44,1591348854,random,degree,86,6,0.06976744186046512,5,0.05813953488372093,11
0.44,2335805608,random,degree,86,5,0.05813953488372093,4,0.046511627906976744,9
0.44,2204402903,random,degree,86,5,0.05813953488372093,5,0.05813953488372093,6
0.44,295398708,random,degree,86,12,0.13953488372093023,5,0.05813953488372093,10
0.44,3263625951,random,degree,86,7,0.08139534883720931,5,0.05813953488372093,14
0.44,4175622268,random,degree,86,8,0.09302325581395349,8,0.09302325581395349,12
0.44,2074413622,random,degree,86,6,0.06976744186046512,6,0.06976744186046512,9
0.44,2331264569,random,degree,86,9,0.10465116279069768,7,0.08139534883720931,8
0.44,3284266674,random,degree,86,5,0.05813953488372093,4,0.046511627906976744,10
0.44,1746986667,random,degree,86,9,0.10465116279069768,5,0.05813953488372093,9
0.44,4168950470,random,degree,86,9,0.10465116279069768,5,0.05813953488372093,12
0.44,3236857299,random,degree,86,5,0.05813953488372093,4,0.046511627906976744,7
0.44,2459453021,random,degree,86,6,0.06976744186046512,5,0.05813953488372093,10
0.44,1860311775,random,degree,86,5,0.05813953488372093,5,0.05813953488372093,12
0.44,2356992005,random,degree,86,4,0.046511627906976744,4,0.046511627906976744,10
0.44,1353085797,random,degree,86,13,0.1511627906976744,5,0.05813953488372093,11
0.44,3074653528,random,degree,86,7,0.08139534883720931,7,0.08139534883720931,14
0.44,1856755097,random,degree,86,5,0.05813953488372093,4,0.046511627906976744,15
0.44,2065663362,random,degree,86,6,0.06976744186046512,6,0.06976744186046512,12
0.44,2662751085,random,degree,86,7,0.08139534883720931,6,0.06976744186046512,7
0.44,3025552016,random,degree,86,5,0.05813953488372093,4,0.046511627906976744,12
0.44,1599471946,random,degree,86,6,0.06976744186046512,5,0.05813953488372093,4
0.44,708163219,random,degree,86,6,0.06976744186046512,6,0.06976744186046512,11
0.44,2753947984,random,degree,86,5,0.05813953488372093,4,0.046511627906976744,13
0.44,171563380,random,degree,86,7,0.08139534883720931,5,0.05813953488372093,12
0.44,2179978330,random,degree,86,6,0.06976744186046512,5,0.05813953488372093,8
0.44,1669634152,random,degree,86,9,0.10465116279069768,4,0.046511627906976744,9
0.44,3622218137,random,degree,86,6,0.06976744186046512,6,0.06976744186046512,11
0.44,2283824827,random,degree,86,6,0.06976744186046512,4,0.046511627906976744,15
0.44,357134217,random,degree,86,6,0.06976744186046512,5,0.05813953488372093,13
0.44,2825022326,random,degree,86,7,0.08139534883720931,4,0.046511627906976744,13
0.44,2449271712,random,degree,86,6,0.06976744186046512,6,0.06976744186046512,13
0.44,744966021,random,degree,86,7,0.08139534883720931,6,0.06976744186046512,6
0.44,3933723697,random,degree,86,4,0.046511627906976744,4,0.046511627906976744,8
0.44,2572757513,random,degree,86,7,0.08139534883720931,4,0.046511627906976744,9
0.44,907383021,random,degree,86,5,0.05813953488372093,4,0.046511627906976744,11
0.44,3911418408,random,degree,86,5,0.05813953488372093,5,0.05813953488372093,8
0.44,3479852504,random,degree,86,6,0.06976744186046512,5,0.05813953488372093,5
0.44,632395913,random,degree,86,7,0.08139534883720931,5,0.05813953488372093,9
0.44,158510338,random,degree,86,6,0.06976744186046512,5,0.05813953488372093,11
0.44,1859025073,random,degree,86,11,0.12790697674418605,6,0.06976744186046512,6
0.44,119783836,random,degree,86,8,0.09302325581395349,4,0.046511627906976744,10
0.44,2616597974,random,degree,86,6,0.06976744186046512,6,0.06976744186046512,8
0.44,2277970237,random,degree,86,7,0.08139534883720931,6,0.06976744186046512,11
0.44,1540780042,random,degree,86,6,0.06976744186046512,6,0.06976744186046512,10
0.44,733056867,random,degree,86,6,0.06976744186046512,6,0.06976744186046512,10
0.44,3805332450,random,degree,86,6,0.06976744186046512,4,0.046511627906976744,13
0.44,2042057954,random,degree,86,7,0.08139534883720931,5,0.05813953488372093,8
0.44,1109863408,random,degree,86,6,0.06976744186046512,5,0.05813953488372093,7
0.44,2042849589,random,degree,86,7,0.08139534883720931,5,0.05813953488372093,7
0.44,69152646,random,degree,86,7,0.08139534883720931,6,0.06976744186046512,14
0.44,1800626927,random,degree,86,8,0.09302325581395349,7,0.08139534883720931,14
0.44,2623322037,random,degree,86,10,0.11627906976744186,4,0.046511627906976744,8
0.44,3074663271,random,degree,86,7,0.08139534883720931,4,0.046511627906976744,14
0.44,3949053387,random,degree,86,8,0.09302325581395349,5,0.05813953488372093,9
0.44,2420190743,random,degree,86,8,0.09302325581395349,4,0.046511627906976744,12
0.44,2449266005,random,degree,86,5,0.05813953488372093,4,0.046511627906976744,8
0.44,144902278,random,degree,86,6,0.06976744186046512,5,0.05813953488372093,9
0.44,2751257400,random,degree,86,6,0.06976744186046512,4,0.046511627906976744,12
0.44,2629953839,random,degree,86,8,0.09302325581395349,6,0.06976744186046512,7
0.44,2995621497,random,degree,86,7,0.08139534883720931,4,0.046511627906976744,13
0.44,1352961451,random,degree,86,6,0.06976744186046512,6,0.06976744186046512,14
0.44,1995662425,random,degree,86,8,0.09302325581395349,5,0.05813953488372093,12
0.44,3647679621,random,degree,86,7,0.08139534883720931,5,0.05813953488372093,13
0.44,1313703680,random,degree,86,6,0.06976744186046512,4,0.046511627906976744,14
0.44,3791494592,random,degree,86,8,0.09302325581395349,6,0.06976744186046512,8
0.44,4146852497,random,degree,86,6,0.06976744186046512,6,0.06976744186046512,12
0.44,2404592454,random,degree,86,13,0.1511627906976744,6,0.06976744186046512,8
0.44,853653735,random,degree,86,5,0.05813953488372093,4,0.046511627906976744,12
0.44,3290156143,random,degree,86,6,0.06976744186046512,5,0.05813953488372093,6
0.44,1517553167,random,degree,86,10,0.11627906976744186,7,0.08139534883720931,8
0.44,4251233647,random,degree,86,7,0.08139534883720931,7,0.08139534883720931,6
0.44,3891807163,random,degree,86,6,0.06976744186046512,5,0.05813953488372093,9
0.44,4023211245,random,degree,86,9,0.10465116279069768,6,0.06976744186046512,10
0.45,406590133,random,degree,86,10,0.11627906976744186,6,0.06976744186046512,12
0.45,1306826325,random,degree,86,9,0.10465116279069768,6,0.06976744186046512,14
0.45,3408985775,random,degree,86,9,0.10465116279069768,5,0.05813953488372093,7
0.45,1511105618,random,degree,86,6,0.06976744186046512,5,0.05813953488372093,9
0.45,2324745157,random,degree,86,8,0.09302325581395349,5,0.05813953488372093,10
0.45,882846157,random,degree,86,9,0.10465116279069768,4,0.046511627906976744,9
0.45,878971234,random,degree,86,17,0.19767441860465115,7,0.08139534883720931,8
0.45,767270150,random,degree,86,5,0.05813953488372093,4,0.046511627906976744,14
0.45,2982860211,random,degree,86,6,0.06976744186046512,5,0.05813953488372093,11
0.45,633271737,random,degree,86,5,0.05813953488372093,4,0.046511627906976744,8
0.45,548693431,random,degree,86,8,0.09302325581395349,5,0.05813953488372093,12
0.45,2784182083,random,degree,86,6,0.06976744186046512,6,0.06976744186046512,6
0.45,992819136,random,degree,86,5,0.05813953488372093,5,0.05813953488372093,7
0.45,3564085700,random,degree,86,10,0.11627906976744186,7,0.08139534883720931,7
0.45,1455415540,random,degree,86,6,0.06976744186046512,4,0.046511627906976744,12
0.45,3029845743,random,degree,86,5,0.05813953488372093,3,0.03488372093023256,12
0.45,2257160155,random,degree,86,11,0.12790697674418605,5,0.05813953488372093,9
0.45,1142290201,random,degree,86,6,0.06976744186046512,5,0.05813953488372093,11
0.45,3473618875,random,degree,86,7,0.08139534883720931,6,0.06976744186046512,10
0.45,3711611971,random,degree,86,8,0.09302325581395349,4,0.046511627906976744,12
0.45,995188400,random,degree,86,6,0.06976744186046512,4,0.046511627906976744,11
0.45,1186569837,random,degree,86,5,0.05813953488372093,4,0.046511627906976744,12
0.45,195746144,random,degree,86,7,0.08139534883720931,5,0.05813953488372093,9
0.45,1906337855,random,degree,86,7,0.08139534883720931,4,0.046511627906976744,14
0.45,2742632886,random,degree,86,6,0.06976744186046512,5,0.05813953488372093,12
0.45,3540341620,random,degree,86,10,0.11627906976744186,5,0.05813953488372093,14
0.45,4064307146,random,degree,86,6,0.06976744186046512,6,0.06976744186046512,6
0.45,3667630574,random,degree,86,10,0.11627906976744186,6,0.06976744186046512,16
0.45,3713433598,random,degree,86,7,0.08139534883720931,7,0.08139534883720931,7
0.45,1364949354,random,degree,86,8,0.09302325581395349,6,0.06976744186046512,11
0.45,3528250623,random,degree,86,10,0.11627906976744186,6,0.06976744186046512,11
0.45,3282675597,random,degree,86,7,0.08139534883720931,6,0.06976744186046512,12
0.45,182562079,random,degree,86,9,0.10465116279069768,6,0.06976744186046512,12
0.45,3241095716,random,degree,86,5,0.05813953488372093,5,0.05813953488372093,10
0.45,4258779143,random,degree,86,6,0.06976744186046512,4,0.046511627906976744,10
0.45,3149048755,random,degree,86,11,0.12790697674418605,6,0.06976744186046512,7
0.45,3463384454,random,degree,86,6,0.06976744186046512,4,0.046511627906976744,13
0.45,290982792,random,degree,86,10,0.11627906976744186,7,0.08139534883720931,12
0.45,3053387565,random,degree,86,4,0.046511627906976744,3,0.03488372093023256,15
0.45,2522059608,random,degree,86,7,0.08139534883720931,5,0.05813953488372093,10
0.45,529745954,random,degree,86,6,0.06976744186046512,6,0.06976744186046512,11
0.45,1376428781,random,degree,86,6,0.06976744186046512,6,0.06976744186046512,11
0.45,433025509,random,degree,86,5,0.05813953488372093,4,0.046511627906976744,13
0.45,1664639469,random,degree,86,4,0.046511627906976744,3,0.03488372093023256,12
0.45,2087070561,random,degree,86,10,0.11627906976744186,6,0.06976744186046512,6
0.45,4190577226,random,degree,86,5,0.05813953488372093,4,0.046511627906976744,12
0.45,2811848360,random,degree,86,9,0.10465116279069768,6,0.06976744186046512,9
0.45,498092730,random,degree,86,7,0.08139534883720931,6,0.06976744186046512,12
0.45,2427782175,random,degree,86,6,0.06976744186046512,4,0.046511627906976744,10
0.45,2731357683,random,degree,86,6,0.06976744186046512,4,0.046511627906976744,13
0.45,3137544793,random,degree,86,8,0.09302325581395349,5,0.05813953488372093,14
0.45,986767117,random,degree,86,5,0.05813953488372093,5,0.05813953488372093,11
0.45,319271045,random,degree,86,8,0.09302325581395349,7,0.08139534883720931,8
0.45,3935469018,random,degree,86,10,0.11627906976744186,5,0.05813953488372093,10
0.45,3082462239,random,degree,86,9,0.10465116279069768,5,0.05813953488372093,13
0.45,3053892761,random,degree,86,6,0.06976744186046512,5,0.05813953488372093,10
0.45,2676291494,random,degree,86,5,0.05813953488372093,4,0.046511627906976744,12
0.45,3632718427,random,degree,86,7,0.08139534883720931,6,0.06976744186046512,11
0.45,464123579,random,degree,86,7,0.08139534883720931,5,0.05813953488372093,10
0.45,1035048893,random,degree,86,10,0.11627906976744186,7,0.08139534883720931,13
0.45,1316996640,random,degree,86,6,0.06976744186046512,5,0.05813953488372093,9
0.45,716924321,random,degree,86,12,0.13953488372093023,6,0.06976744186046512,9
0.45,3498288548,random,degree,86,6,0.06976744186046512,5,0.05813953488372093,10
0.45,3824917101,random,degree,86,6,0.06976744186046512,5,0.05813953488372093,9
0.45,1833491644,random,degree,86,4,0.046511627906976744,4,0.046511627906976744,11
0.45,2638056507,random,degree,86,10,0.11627906976744186,6,0.06976744186046512,10
0.45,1273618679,random,degree,86,9,0.10465116279069768,4,0.046511627906976744,8
0.45,575138572,random,degree,86,7,0.08139534883720931,6,0.06976744186046512,7
0.45,684088820,random,degree,86,5,0.05813953488372093,4,0.046511627906976744,10
0.45,3095333586,random,degree,86,9,0.10465116279069768,5,0.05813953488372093,13
0.45,3643182696,random,degree,86,6,0.06976744186046512,6,0.06976744186046512,9
0.45,4060002959,random,degree,86,8,0.09302325581395349,8,0.09302325581395349,9
0.45,3722017932,random,degree,86,8,0.09302325581395349,4,0.046511627906976744,7
0.45,294701649,random,degree,86,6,0.06976744186046512,5,0.05813953488372093,9
0.45,1958028005,random,degree,86,11,0.12790697674418605,7,0.08139534883720931,11
0.45,2719580963,random,degree,86,6,0.06976744186046512,5,0.05813953488372093,5
0.45,3307533990,random,degree,86,5,0.05813953488372093,5,0.05813953488372093,5
0.45,4189367719,random,degree,86,6,0.06976744186046512,5,0.05813953488372093,11
0.45,2989968713,random,degree,86,6,0.06976744186046512,4,0.046511627906976744,8
0.45,238839860,random,degree,86,6,0.06976744186046512,5,0.05813953488372093,10
0.45,2735755127,random,degree,86,6,0.06976744186046512,4,0.046511627906976744,11
0.45,1259256417,random,degree,86,7,0.08139534883720931,4,0.046511627906976744,14
0.45,4190426028,random,degree,86,6,0.06976744186046512,5,0.05813953488372093,10
0.45,84563986,random,degree,86,4,0.046511627906976744,4,0.046511627906976744,10
0.45,3009450235,random,degree,86,6,0.06976744186046512,6,0.06976744186046512,14
0.45,2891812649,random,degree,86,5,0.05813953488372093,5,0.05813953488372093,9
0.45,2070941398,random,degree,86,7,0.08139534883720931,6,0.06976744186046512,11
0.45,694265163,random,degree,86,5,0.05813953488372093,4,0.046511627906976744,7
0.45,615752037,random,degree,86,8,0.09302325581395349,5,0.05813953488372093,10
0.45,829776587,random,degree,86,9,0.10465116279069768,4,0.046511627906976744,10
0.45,574477064,random,degree,86,6,0.06976744186046512,5,0.05813953488372093,15
0.45,3930912282,random,degree,86,5,0.05813953488372093,4,0.046511627906976744,8
0.45,127225165,random,degree,86,10,0.11627906976744186,7,0.08139534883720931,7
0.45,80433970,random,degree,86,13,0.1511627906976744,6,0.06976744186046512,6
0.45,3469468702,random,degree,86,9,0.10465116279069768,4,0.046511627906976744,6
0.45,2845894240,random,degree,86,9,0.10465116279069768,6,0.06976744186046512,9
0.45,3380893344,random,degree,86,6,0.06976744186046512,5,0.05813953488372093,6
0.45,1767331945,random,degree,86,7,0.08139534883720931,4,0.046511627906976744,7
0.45,4293369214,random,degree,86,11,0.12790697674418605,8,0.09302325581395349,6
0.45,2021504801,random,degree,86,8,0.09302325581395349,5,0.05813953488372093,12
0.46,3323995209,random,degree,86,6,0.06976744186046512,5,0.05813953488372093,6
0.46,2113293774,random,degree,86,7,0.08139534883720931,6,0.06976744186046512,7
0.46,1291596432,random,degree,86,6,0.06976744186046512,5,0.05813953488372093,11
0.46,3715197447,random,degree,86,8,0.09302325581395349,5,0.05813953488372093,11
0.46,3336353920,random,degree,86,4,0.046511627906976744,4,0.046511627906976744,8
0.46,3154536735,random,degree,86,4,0.046511627906976744,4,0.046511627906976744,11
0.46,2366194122,random,degree,86,8,0.09302325581395349,4,0.046511627906976744,11
0.46,3321459688,random,degree,86,11,0.12790697674418605,3,0.03488372093023256,14
0.46,2302581946,random,degree,86,5,0.05813953488372093,5,0.05813953488372093,13
0.46,2389233148,random,degree,86,5,0.05813953488372093,4,0.046511627906976744,6
0.46,3793735870,random,degree,86,5,0.05813953488372093,4,0.046511627906976744,9
0.46,1878259918,random,degree,86,9,0.10465116279069768,5,0.05813953488372093,14
0.46,2475931998,random,degree,86,3,0.03488372093023256,3,0.03488372093023256,10
0.46,1959120643,random,degree,86,5,0.05813953488372093,3,0.03488372093023256,16
0.46,2586984582,random,degree,86,4,0.046511627906976744,4,0.046511627906976744,12
0.46,3482291747,random,degree,86,5,0.05813953488372093,4,0.046511627906976744,12
0.46,2578210868,random,degree,86,6,0.06976744186046512,6,0.06976744186046512,13
0.46,607083412,random,degree,86,6,0.06976744186046512,5,0.05813953488372093,7
0.46,264589981,random,degree,86,9,0.10465116279069768,5,0.05813953488372093,9
0.46,2172628449,random,degree,86,6,0.06976744186046512,4,0.046511627906976744,12
0.46,3291935316,random,degree,86,5,0.05813953488372093,5,0.05813953488372093,10
0.46,877334123,random,degree,86,6,0.06976744186046512,4,0.046511627906976744,11
0.46,2643022660,random,degree,86,10,0.11627906976744186,4,0.046511627906976744,19
0.46,3076023237,random,degree,86,9,0.10465116279069768,5,0.05813953488372093,14
0.46,3680390969,random,degree,86,6,0.06976744186046512,5,0.05813953488372093,10
0.46,114698587,random,degree,86,6,0.06976744186046512,5,0.05813953488372093,10
0.46,584247933,random,degree,86,5,0.05813953488372093,3,0.03488372093023256,13
0.46,818560825,random,degree,86,6,0.06976744186046512,5,0.05813953488372093,13
0.46,851885170,random,degree,86,6,0.06976744186046512,5,0.05813953488372093,6
0.46,2050316172,random,degree,86,6,0.06976744186046512,5,0.05813953488372093,11
0.46,3326708729,random,degree,86,7,0.08139534883720931,6,0.06976744186046512,13
0.46,3896649076,random,degree,86,9,0.10465116279069768,7,0.08139534883720931,11
0.46,335174051,random,degree,86,6,0.06976744186046512,4,0.046511627906976744,11
0.46,3042363301,random,degree,86,5,0.05813953488372093,5,0.05813953488372093,8
0.46,403061990,random,degree,86,4,0.046511627906976744,4,0.046511627906976744,10
0.46,2245480973,random,degree,86,5,0.05813953488372093,4,0.046511627906976744,8
0.46,3820299387,random,degree,86,6,0.06976744186046512,5,0.05813953488372093,9
0.46,1659870965,random,degree,86,6,0.06976744186046512,3,0.03488372093023256,10
0.46,760517513,random,degree,86,9,0.10465116279069768,3,0.03488372093023256,20
0.46,10998438,random,degree,86,6,0.06976744186046512,5,0.05813953488372093,13
0.46,2306852008,random,degree,86,8,0.09302325581395349,4,0.046511627906976744,8
0.46,3778544528,random,degree,86,7,0.08139534883720931,4,0.046511627906976744,9
0.46,3009889081,random,degree,86,6,0.06976744186046512,4,0.046511627906976744,14
0.46,2398404334,random,degree,86,5,0.05813953488372093,4,0.046511627906976744,10
0.46,2682195071,random,degree,86,10,0.11627906976744186,5,0.05813953488372093,10
0.46,3830407576,random,degree,86,8,0.09302325581395349,5,0.05813953488372093,9
0.46,2228018961,random,degree,86,7,0.08139534883720931,4,0.046511627906976744,9
0.46,2876744705,random,degree,86,6,0.06976744186046512,5,0.05813953488372093,10
0.46,1905203582,random,degree,86,4,0.046511627906976744,3,0.03488372093023256,11
0.46,1902176385,random,degree,86,6,0.06976744186046512,5,0.05813953488372093,6
0.46,1344571570,random,degree,86,5,0.05813953488372093,5,0.05813953488372093,10
0.46,467826492,random,degree,86,9,0.10465116279069768,7,0.08139534883720931,9
0.46,1781398125,random,degree,86,14,0.16279069767441862,4,0.046511627906976744,11
0.46,3409072615,random,degree,86,6,0.06976744186046512,5,0.05813953488372093,5
0.46,124737048,random,degree,86,6,0.06976744186046512,6,0.06976744186046512,10
0.46,2410859065,random,degree,86,6,0.06976744186046512,4,0.046511627906976744,12
0.46,1512212564,random,degree,86,5,0.05813953488372093,4,0.046511627906976744,10
0.46,964205279,random,degree,86,5,0.05813953488372093,4,0.046511627906976744,11
0.46,2417975591,random,degree,86,16,0.18604651162790697,4,0.046511627906976744,6
0.46,2189050808,random,degree,86,5,0.05813953488372093,5,0.05813953488372093,15
0.46,2160846587,random,degree,86,5,0.05813953488372093,4,0.046511627906976744,12
0.46,637819200,random,degree,86,9,0.10465116279069768,5,0.05813953488372093,10
0.46,534470958,random,degree,86,9,0.10465116279069768,5,0.05813953488372093,12
0.46,1514064024,random,degree,86,6,0.06976744186046512,5,0.05813953488372093,12
0.46,1396369399,random,degree,86,7,0.08139534883720931,5,0.05813953488372093,8
0.46,788005731,random,degree,86,7,0.08139534883720931,6,0.06976744186046512,10
0.46,210271314,random,degree,86,6,0.06976744186046512,4,0.046511627906976744,8
0.46,3501570815,random,degree,86,8,0.09302325581395349,5,0.05813953488372093,6
0.46,176019687,random,degree,86,12,0.13953488372093023,3,0.03488372093023256,13
0.46,4182507674,random,degree,86,6,0.06976744186046512,5,0.05813953488372093,9
0.46,4294629891,random,degree,86,6,0.06976744186046512,5,0.05813953488372093,7
0.46,980905884,random,degree,86,7,0.08139534883720931,4,0.046511627906976744,7
0.46,956904489,random,degree,86,4,0.046511627906976744,3,0.03488372093023256,13
0.46,2599696977,random,degree,86,5,0.05813953488372093,5,0.05813953488372093,12
0.46,2784096723,random,degree,86,5,0.05813953488372093,4,0.046511627906976744,16
0.46,3572291211,random,degree,86,5,0.05813953488372093,4,0.046511627906976744,15
0.46,2831385072,random,degree,86,6,0.06976744186046512,5,0.05813953488372093,7
0.46,2650207230,random,degree,86,12,0.13953488372093023,4,0.046511627906976744,13
0.46,2687898932,random,degree,86,4,0.046511627906976744,4,0.046511627906976744,10
0.46,3319799379,random,degree,86,5,0.05813953488372093,4,0.046511627906976744,10
0.46,3924865668,random,degree,86,8,0.09302325581395349,6,0.06976744186046512,8
0.46,337987948,random,degree,86,8,0.09302325581395349,5,0.05813953488372093,7
0.46,3484704064,random,degree,86,6,0.06976744186046512,5,0.05813953488372093,8
0.46,3530522065,random,degree,86,5,0.05813953488372093,5,0.05813953488372093,13
0.46,1133569669,random,degree,86,9,0.10465116279069768,8,0.09302325581395349,4
0.46,3214693927,random,degree,86,6,0.06976744186046512,4,0.046511627906976744,14
0.46,257805343,random,degree,86,5,0.05813953488372093,4,0.046511627906976744,12
0.46,1159967547,random,degree,86,8,0.09302325581395349,6,0.06976744186046512,11
0.46,1718041847,random,degree,86,7,0.08139534883720931,5,0.05813953488372093,9
0.46,4202228412,random,degree,86,6,0.06976744186046512,3,0.03488372093023256,8
0.46,511260453,random,degree,86,8,0.09302325581395349,5,0.05813953488372093,14
0.46,942336900,random,degree,86,7,0.08139534883720931,4,0.046511627906976744,12
0.46,4164274978,random,degree,86,14,0.16279069767441862,4,0.046511627906976744,15
0.46,2125044760,random,degree,86,8,0.09302325581395349,4,0.046511627906976744,10
0.46,4287055778,random,degree,86,5,0.05813953488372093,4,0.046511627906976744,10
0.46,343269980,random,degree,86,7,0.08139534883720931,5,0.05813953488372093,14
0.46,2210494374,random,degree,86,6,0.06976744186046512,4,0.046511627906976744,8
0.46,3167037421,random,degree,86,7,0.08139534883720931,7,0.08139534883720931,6
0.46,3023331185,random,degree,86,6,0.06976744186046512,5,0.05813953488372093,14
0.46,1266988873,random,degree,86,8,0.09302325581395349,5,0.05813953488372093,10
0.47,1479265454,random,degree,86,7,0.08139534883720931,4,0.046511627906976744,16
0.47,774666143,random,degree,86,5,0.05813953488372093,4,0.046511627906976744,10
0.47,403988760,random,degree,86,10,0.11627906976744186,4,0.046511627906976744,8
0.47,162641541,random,degree,86,10,0.11627906976744186,4,0.046511627906976744,19
0.47,727492412,random,degree,86,5,0.05813953488372093,4,0.046511627906976744,15
0.47,625244868,random,degree,86,8,0.09302325581395349,5,0.05813953488372093,5
0.47,2614486206,random,degree,86,8,0.09302325581395349,4,0.046511627906976744,10
0.47,2860795638,random,degree,86,6,0.06976744186046512,4,0.046511627906976744,11
0.47,575353992,random,degree,86,6,0.06976744186046512,4,0.046511627906976744,8
0.47,1329289376,random,degree,86,7,0.08139534883720931,5,0.05813953488372093,8
0.47,1883909609,random,degree,86,6,0.06976744186046512,4,0.046511627906976744,11
0.47,1997694936,random,degree,86,8,0.09302325581395349,6,0.06976744186046512,13
0.47,3560761823,random,degree,86,4,0.046511627906976744,4,0.046511627906976744,7
0.47,1685454594,random,degree,86,6,0.06976744186046512,3,0.03488372093023256,11
0.47,1948724995,random,degree,86,6,0.06976744186046512,4,0.046511627906976744,10
0.47,2595339501,random,degree,86,5,0.05813953488372093,4,0.046511627906976744,13
0.47,3915471374,random,degree,86,9,0.10465116279069768,5,0.05813953488372093,12
0.47,286089655,random,degree,86,6,0.06976744186046512,5,0.05813953488372093,9
0.47,1872719069,random,degree,86,9,0.10465116279069768,6,0.06976744186046512,10
0.47,1268095617,random,degree,86,8,0.09302325581395349,7,0.08139534883720931,9
0.47,28856834,random,degree,86,5,0.05813953488372093,4,0.046511627906976744,16
0.47,3681646297,random,degree,86,4,0.046511627906976744,4,0.046511627906976744,16
0.47,869298864,random,degree,86,10,0.11627906976744186,4,0.046511627906976744,8
0.47,3216931797,random,degree,86,6,0.06976744186046512,6,0.06976744186046512,7
0.47,924852820,random,degree,86,7,0.08139534883720931,7,0.08139534883720931,8
0.47,686970850,random,degree,86,9,0.10465116279069768,6,0.06976744186046512,14
0.47,1627740175,random,degree,86,6,0.06976744186046512,6,0.06976744186046512,7
0.47,945030278,random,degree,86,6,0.06976744186046512,6,0.06976744186046512,12
0.47,767863454,random,degree,86,12,0.13953488372093023,4,0.046511627906976744,14
0.47,2778095475,random,degree,86,9,0.10465116279069768,4,0.046511627906976744,9
0.47,1092709319,random,degree,86,6,0.06976744186046512,5,0.05813953488372093,12
0.47,1525005663,random,degree,86,4,0.046511627906976744,3,0.03488372093023256,13
0.47,3045468621,random,degree,86,8,0.09302325581395349,3,0.03488372093023256,12
0.47,2801958675,random,degree,86,7,0.08139534883720931,5,0.05813953488372093,11
0.47,3367047273,random,degree,86,8,0.09302325581395349,5,0.05813953488372093,14
0.47,3740152291,random,degree,86,5,0.05813953488372093,5,0.05813953488372093,13
0.47,3572996689,random,degree,86,6,0.06976744186046512,3,0.03488372093023256,11
0.47,1708147156,random,degree,86,9,0.10465116279069768,5,0.05813953488372093,11
0.47,2805782281,random,degree,86,6,0.06976744186046512,4,0.046511627906976744,9
0.47,2491069158,random,degree,86,8,0.09302325581395349,6,0.06976744186046512,10
0.47,1749623559,random,degree,86,7,0.08139534883720931,5,0.05813953488372093,8
0.47,1135335827,random,degree,86,6,0.06976744186046512,5,0.05813953488372093,9
0.47,3714402597,random,degree,86,6,0.06976744186046512,5,0.05813953488372093,10
0.47,2278212514,random,degree,86,6,0.06976744186046512,5,0.05813953488372093,11
0.47,960977481,random,degree,86,6,0.06976744186046512,4,0.046511627906976744,11
0.47,3308169201,random,degree,86,6,0.06976744186046512,5,0.05813953488372093,11
0.47,3978061412,random,degree,86,6,0.06976744186046512,4,0.046511627906976744,11
0.47,366767764,random,degree,86,6,0.06976744186046512,6,0.06976744186046512,6
0.47,2113253962,random,degree,86,6,0.06976744186046512,3,0.03488372093023256,5
0.47,1106692516,random,degree,86,9,0.10465116279069768,4,0.046511627906976744,13
0.47,2713282757,random,degree,86,6,0.06976744186046512,4,0.046511627906976744,11
0.47,3977625303,random,degree,86,6,0.06976744186046512,5,0.05813953488372093,15
0.47,2937611531,random,degree,86,8,0.09302325581395349,6,0.06976744186046512,9
0.47,2988800670,random,degree,86,7,0.08139534883720931,6,0.06976744186046512,10
0.47,3690799235,random,degree,86,5,0.05813953488372093,4,0.046511627906976744,7
0.47,1185499848,random,degree,86,8,0.09302325581395349,4,0.046511627906976744,9
0.47,920865251,random,degree,86,6,0.06976744186046512,5,0.05813953488372093,9
0.47,1603782790,random,degree,86,6,0.06976744186046512,5,0.05813953488372093,7
0.47,2311609056,random,degree,86,4,0.046511627906976744,3,0.03488372093023256,15
0.47,2295737116,random,degree,86,9,0.10465116279069768,5,0.05813953488372093,9
0.47,1654138395,random,degree,86,8,0.09302325581395349,4,0.046511627906976744,6
0.47,2711924666,random,degree,86,6,0.06976744186046512,6,0.06976744186046512,14
0.47,3581776470,random,degree,86,7,0.08139534883720931,4,0.046511627906976744,14
0.47,4125500676,random,degree,86,4,0.046511627906976744,4,0.046511627906976744,13
0.47,1238897423,random,degree,86,6,0.06976744186046512,5,0.05813953488372093,9
0.47,4075922383,random,degree,86,5,0.05813953488372093,4,0.046511627906976744,7
0.47,1439732550,random,degree,86,6,0.06976744186046512,6,0.06976744186046512,14
0.47,2444422712,random,degree,86,5,0.05813953488372093,4,0.046511627906976744,15
0.47,590223072,random,degree,86,5,0.05813953488372093,3,0.03488372093023256,13
0.47,2898172112,random,degree,86,6,0.06976744186046512,4,0.046511627906976744,7
0.47,587054030,random,degree,86,9,0.10465116279069768,7,0.08139534883720931,13
0.47,1070586599,random,degree,86,8,0.09302325581395349,4,0.046511627906976744,16
0.47,147938492,random,degree,86,7,0.08139534883720931,5,0.05813953488372093,13
0.47,476665616,random,degree,86,5,0.05813953488372093,5,0.05813953488372093,10
0.47,1403889054,random,degree,86,6,0.06976744186046512,5,0.05813953488372093,14
0.47,3593752723,random,degree,86,4,0.046511627906976744,4,0.046511627906976744,11
0.47,4213482650,random,degree,86,8,0.09302325581395349,6,0.06976744186046512,14
0.47,4156102025,random,degree,86,6,0.06976744186046512,4,0.046511627906976744,10
0.47,4182003602,random,degree,86,6,0.06976744186046512,5,0.05813953488372093,9
0.47,3996103452,random,degree,86,5,0.05813953488372093,5,0.05813953488372093,10
0.47,2658284220,random,degree,86,11,0.12790697674418605,7,0.08139534883720931,6
0.47,3355189385,random,degree,86,9,0.10465116279069768,5,0.05813953488372093,14
0.47,689558504,random,degree,86,7,0.08139534883720931,7,0.08139534883720931,9
0.47,3015529045,random,degree,86,6,0.06976744186046512,4,0.046511627906976744,5
0.47,2629834706,random,degree,86,7,0.08139534883720931,5,0.05813953488372093,11
0.47,1578413994,random,degree,86,5,0.05813953488372093,4,0.046511627906976744,15
0.47,2009510744,random,degree,86,9,0.10465116279069768,5,0.05813953488372093,7
0.47,1823982599,random,degree,86,6,0.06976744186046512,5,0.05813953488372093,14
0.47,3205452895,random,degree,86,8,0.09302325581395349,5,0.05813953488372093,8
0.47,1082035187,random,degree,86,5,0.05813953488372093,4,0.046511627906976744,11
0.47,2854669172,random,degree,86,7,0.08139534883720931,6,0.06976744186046512,15
0.47,263876021,random,degree,86,6,0.06976744186046512,6,0.06976744186046512,17
0.47,2816950770,random,degree,86,5,0.05813953488372093,5,0.05813953488372093,11
0.47,1338394957,random,degree,86,6,0.06976744186046512,5,0.05813953488372093,9
0.47,3296920845,random,degree,86,8,0.09302325581395349,5,0.05813953488372093,13
0.47,460615022,random,degree,86,6,0.06976744186046512,6,0.06976744186046512,11
0.47,864951515,random,degree,86,8,0.09302325581395349,4,0.046511627906976744,8
0.47,3857796379,random,degree,86,6,0.06976744186046512,5,0.05813953488372093,12
0.47,2768304078,random,degree,86,7,0.08139534883720931,4,0.046511627906976744,13
0.47,2198322337,random,degree,86,6,0.06976744186046512,4,0.046511627906976744,9
0.48,263501404,random,degree,86,4,0.046511627906976744,4,0.046511627906976744,14
0.48,4069342113,random,degree,86,10,0.11627906976744186,6,0.06976744186046512,11
0.48,3518704891,random,degree,86,13,0.1511627906976744,4,0.046511627906976744,18
0.48,572792098,random,degree,86,6,0.06976744186046512,5,0.05813953488372093,10
0.48,1569495008,random,degree,86,6,0.06976744186046512,5,0.05813953488372093,10
0.48,4242796142,random,degree,86,7,0.08139534883720931,5,0.05813953488372093,14
0.48,3468128041,random,degree,86,6,0.06976744186046512,4,0.046511627906976744,12
0.48,7486454,random,degree,86,5,0.05813953488372093,4,0.046511627906976744,9
0.48,1481049333,random,degree,86,7,0.08139534883720931,6,0.06976744186046512,9
0.48,3395420706,random,degree,86,7,0.08139534883720931,4,0.046511627906976744,13
0.48,2320336249,random,degree,86,7,0.08139534883720931,5,0.05813953488372093,9
0.48,903728717,random,degree,86,4,0.046511627906976744,4,0.046511627906976744,10
0.48,2685677376,random,degree,86,9,0.10465116279069768,4,0.046511627906976744,9
0.48,1800761763,random,degree,86,6,0.06976744186046512,4,0.046511627906976744,11
0.48,3153538794,random,degree,86,6,0.06976744186046512,4,0.046511627906976744,9
0.48,2107398099,random,degree,86,13,0.1511627906976744,4,0.046511627906976744,13
0.48,2597700937,random,degree,86,4,0.046511627906976744,4,0.046511627906976744,9
0.48,4196011168,random,degree,86,6,0.06976744186046512,6,0.06976744186046512,14
0.48,234140084,random,degree,86,7,0.08139534883720931,6,0.06976744186046512,10
0.48,342047704,random,degree,86,4,0.046511627906976744,3,0.03488372093023256,11
0.48,4159221794,random,degree,86,4,0.046511627906976744,3,0.03488372093023256,15
0.48,3710285117,random,degree,86,8,0.09302325581395349,6,0.06976744186046512,5
0.48,3984253635,random,degree,86,5,0.05813953488372093,4,0.046511627906976744,8
0.48,4162577506,random,degree,86,5,0.05813953488372093,5,0.05813953488372093,7
0.48,3493231537,random,degree,86,7,0.08139534883720931,5,0.05813953488372093,9
0.48,3254648881,random,degree,86,4,0.046511627906976744,4,0.046511627906976744,13
0.48,750601379,random,degree,86,9,0.10465116279069768,5,0.05813953488372093,14
0.48,3470523042,random,degree,86,4,0.046511627906976744,3,0.03488372093023256,14
0.48,3497474393,random,degree,86,6,0.06976744186046512,5,0.05813953488372093,8
0.48,1227531316,random,degree,86,8,0.09302325581395349,4,0.046511627906976744,9
0.48,443705438,random,degree,86,5,0.05813953488372093,4,0.046511627906976744,7
0.48,3184737443,random,degree,86,6,0.06976744186046512,5,0.05813953488372093,14
0.48,4174260236,random,degree,86,6,0.06976744186046512,5,0.05813953488372093,12
0.48,1055698743,random,degree,86,6,0.06976744186046512,5,0.05813953488372093,9
0.48,700502477,random,degree,86,6,0.06976744186046512,4,0.046511627906976744,14
0.48,3992310705,random,degree,86,6,0.06976744186046512,5,0.05813953488372093,9
0.48,4035412687,random,degree,86,5,0.05813953488372093,5,0.05813953488372093,14
0.48,2299825482,random,degree,86,4,0.046511627906976744,4,0.046511627906976744,11
0.48,3330538033,random,degree,86,11,0.12790697674418605,5,0.05813953488372093,11
0.48,4063020763,random,degree,86,6,0.06976744186046512,5,0.05813953488372093,15
0.48,2377532179,random,degree,86,5,0.05813953488372093,5,0.05813953488372093,16
0.48,3069522459,random,degree,86,13,0.1511627906976744,5,0.05813953488372093,6
0.48,253297891,random,degree,86,5,0.05813953488372093,4,0.046511627906976744,9
0.48,3377572916,random,degree,86,9,0.10465116279069768,6,0.06976744186046512,6
0.48,1959810248,random,degree,86,6,0.06976744186046512,4,0.046511627906976744,13
0.48,289627520,random,degree,86,7,0.08139534883720931,5,0.05813953488372093,9
0.48,3034841726,random,degree,86,6,0.06976744186046512,4,0.046511627906976744,11
0.48,1935245001,random,degree,86,6,0.06976744186046512,5,0.05813953488372093,19
0.48,3491051650,random,degree,86,11,0.12790697674418605,4,0.046511627906976744,13
0.48,413362934,random,degree,86,6,0.06976744186046512,3,0.03488372093023256,12
0.48,1490635049,random,degree,86,5,0.05813953488372093,5,0.05813953488372093,11
0.48,1254044416,random,degree,86,8,0.09302325581395349,7,0.08139534883720931,13
0.48,4140590442,random,degree,86,4,0.046511627906976744,4,0.046511627906976744,9
0.48,462976069,random,degree,86,6,0.06976744186046512,3,0.03488372093023256,15
0.48,2804415117,random,degree,86,4,0.046511627906976744,4,0.046511627906976744,12
0.48,3604422790,random,degree,86,9,0.10465116279069768,4,0.046511627906976744,10
0.48,3371603929,random,degree,86,11,0.12790697674418605,4,0.046511627906976744,15
0.48,1186255028,random,degree,86,6,0.06976744186046512,3,0.03488372093023256,13
0.48,1240222445,random,degree,86,4,0.046511627906976744,3,0.03488372093023256,12
0.48,1283369205,random,degree,86,14,0.16279069767441862,4,0.046511627906976744,6
0.48,893094004,random,degree,86,7,0.08139534883720931,6,0.06976744186046512,5
0.48,427729020,random,degree,86,7,0.08139534883720931,4,0.046511627906976744,12
0.48,2635854746,random,degree,86,5,0.05813953488372093,5,0.05813953488372093,7
0.48,3168880943,random,degree,86,8,0.09302325581395349,5,0.05813953488372093,13
0.48,1920891918,random,degree,86,5,0.05813953488372093,4,0.046511627906976744,8
0.48,173136310,random,degree,86,6,0.06976744186046512,4,0.046511627906976744,11
0.48,2023852307,random,degree,86,4,0.046511627906976744,3,0.03488372093023256,17
0.48,3277036909,random,degree,86,7,0.08139534883720931,6,0.06976744186046512,9
0.48,3823888458,random,degree,86,10,0.11627906976744186,5,0.05813953488372093,11
0.48,3662114249,random,degree,86,8,0.09302325581395349,5,0.05813953488372093,12
0.48,1921666295,random,degree,86,8,0.09302325581395349,4,0.046511627906976744,7
0.48,1900650651,random,degree,86,5,0.05813953488372093,4,0.046511627906976744,8
0.48,3461339946,random,degree,86,7,0.08139534883720931,6,0.06976744186046512,8
0.48,3839645038,random,degree,86,8,0.09302325581395349,5,0.05813953488372093,6
0.48,584615968,random,degree,86,4,0.046511627906976744,3,0.03488372093023256,9
0.48,4003991820,random,degree,86,8,0.09302325581395349,3,0.03488372093023256,11
0.48,2223815313,random,degree,86,6,0.06976744186046512,6,0.06976744186046512,14
0.48,4212173822,random,degree,86,8,0.09302325581395349,4,0.046511627906976744,8
0.48,1842122174,random,degree,86,7,0.08139534883720931,3,0.03488372093023256,16
0.48,1513704482,random,degree,86,6,0.06976744186046512,5,0.05813953488372093,4
0.48,1667585986,random,degree,86,7,0.08139534883720931,4,0.046511627906976744,10
0.48,1735799607,random,degree,86,5,0.05813953488372093,5,0.05813953488372093,8
0.48,953060691,random,degree,86,7,0.08139534883720931,4,0.046511627906976744,13
0.48,3282310845,random,degree,86,8,0.09302325581395349,3,0.03488372093023256,9
0.48,3898972924,random,degree,86,5,0.05813953488372093,4,0.046511627906976744,10
0.48,3188294046,random,degree,86,6,0.06976744186046512,4,0.046511627906976744,13
0.48,3846488881,random,degree,86,7,0.08139534883720931,6,0.06976744186046512,12
0.48,3196027115,random,degree,86,7,0.08139534883720931,6,0.06976744186046512,13
0.48,1200161788,random,degree,86,8,0.09302325581395349,5,0.05813953488372093,12
0.48,1157735736,random,degree,86,5,0.05813953488372093,4,0.046511627906976744,9
0.48,1479717881,random,degree,86,9,0.10465116279069768,4,0.046511627906976744,11
0.48,865290910,random,degree,86,6,0.06976744186046512,4,0.046511627906976744,8
0.48,2244971065,random,degree,86,7,0.08139534883720931,4,0.046511627906976744,8
0.48,2647606679,random,degree,86,6,0.06976744186046512,5,0.05813953488372093,16
0.48,2546371252,random,degree,86,5,0.05813953488372093,3,0.03488372093023256,9
0.48,3540527351,random,degree,86,9,0.10465116279069768,8,0.09302325581395349,9
0.48,3574581693,random,degree,86,9,0.10465116279069768,6,0.06976744186046512,14
0.48,3308171683,random,degree,86,7,0.08139534883720931,6,0.06976744186046512,4
0.48,2945722271,random,degree,86,6,0.06976744186046512,5,0.05813953488372093,15
0.48,2379599582,random,degree,86,9,0.10465116279069768,7,0.08139534883720931,11
0.49,1214854204,random,degree,86,6,0.06976744186046512,4,0.046511627906976744,9
0.49,3017887073,random,degree,86,5,0.05813953488372093,5,0.05813953488372093,8
0.49,1557278809,random,degree,86,5,0.05813953488372093,3,0.03488372093023256,12
0.49,1196271683,random,degree,86,6,0.06976744186046512,4,0.046511627906976744,12
0.49,852312153,random,degree,86,6,0.06976744186046512,5,0.05813953488372093,9
0.49,2346514817,random,degree,86,5,0.05813953488372093,5,0.05813953488372093,15
0.49,1517391308,random,degree,86,6,0.06976744186046512,5,0.05813953488372093,8
0.49,999475683,random,degree,86,5,0.05813953488372093,5,0.05813953488372093,9
0.49,3330722044,random,degree,86,4,0.046511627906976744,3,0.03488372093023256,16
0.49,3853316489,random,degree,86,6,0.06976744186046512,4,0.046511627906976744,13
0.49,2106466633,random,degree,86,6,0.06976744186046512,5,0.05813953488372093,13
0.49,849827381,random,degree,86,5,0.05813953488372093,4,0.046511627906976744,13
0.49,162760917,random,degree,86,4,0.046511627906976744,4,0.046511627906976744,7
0.49,489512613,random,degree,86,7,0.08139534883720931,5,0.05813953488372093,11
0.49,207889979,random,degree,86,4,0.046511627906976744,4,0.046511627906976744,8
0.49,3873514824,random,degree,86,6,0.06976744186046512,5,0.05813953488372093,9
0.49,3670733877,random,degree,86,7,0.08139534883720931,4,0.046511627906976744,14
0.49,531231046,random,degree,86,10,0.11627906976744186,4,0.046511627906976744,14
0.49,1853003189,random,degree,86,5,0.05813953488372093,5,0.05813953488372093,10
0.49,817107476,random,degree,86,11,0.12790697674418605,5,0.05813953488372093,10
0.49,1541733308,random,degree,86,6,0.06976744186046512,4,0.046511627906976744,18
0.49,1378052449,random,degree,86,9,0.10465116279069768,4,0.046511627906976744,13
0.49,1258214696,random,degree,86,5,0.05813953488372093,3,0.03488372093023256,11
0.49,3042036062,random,degree,86,8,0.09302325581395349,5,0.05813953488372093,13
0.49,2406246324,random,degree,86,8,0.09302325581395349,6,0.06976744186046512,9
0.49,4006730762,random,degree,86,4,0.046511627906976744,3,0.03488372093023256,12
0.49,461721535,random,degree,86,4,0.046511627906976744,4,0.046511627906976744,9
0.49,2852470692,random,degree,86,10,0.11627906976744186,4,0.046511627906976744,13
0.49,1200347391,random,degree,86,6,0.06976744186046512,5,0.05813953488372093,9
0.49,1951582504,random,degree,86,8,0.09302325581395349,4,0.046511627906976744,9
0.49,1673180275,random,degree,86,7,0.08139534883720931,4,0.046511627906976744,12
0.49,1368347160,random,degree,86,10,0.11627906976744186,4,0.046511627906976744,12
0.49,4264614545,random,degree,86,5,0.05813953488372093,5,0.05813953488372093,14
0.49,140637557,random,degree,86,13,0.1511627906976744,3,0.03488372093023256,8
0.49,3685397276,random,degree,86,9,0.10465116279069768,4,0.046511627906976744,10
0.49,3963675901,random,degree,86,4,0.046511627906976744,3,0.03488372093023256,12
0.49,1610792317,random,degree,86,4,0.046511627906976744,4,0.046511627906976744,14
0.49,3489911253,random,degree,86,6,0.06976744186046512,4,0.046511627906976744,11
0.49,4273426786,random,degree,86,5,0.05813953488372093,5,0.05813953488372093,11
0.49,1529371486,random,degree,86,9,0.10465116279069768,8,0.09302325581395349,14
0.49,2854642727,random,degree,86,5,0.05813953488372093,4,0.046511627906976744,11
0.49,560992686,random,degree,86,5,0.05813953488372093,4,0.046511627906976744,9
0.49,1742688368,random,degree,86,6,0.06976744186046512,6,0.06976744186046512,5
0.49,3282870148,random,degree,86,5,0.05813953488372093,4,0.046511627906976744,10
0.49,3645675378,random,degree,86,6,0.06976744186046512,5,0.05813953488372093,13
0.49,2438998792,random,degree,86,7,0.08139534883720931,5,0.05813953488372093,7
0.49,1840437912,random,degree,86,5,0.05813953488372093,5,0.05813953488372093,17
0.49,795401310,random,degree,86,6,0.06976744186046512,6,0.06976744186046512,16
0.49,771257859,random,degree,86,5,0.05813953488372093,4,0.046511627906976744,13
0.49,734590944,random,degree,86,5,0.05813953488372093,4,0.046511627906976744,11
0.49,2805124006,random,degree,86,6,0.06976744186046512,5,0.05813953488372093,10
0.49,686014619,random,degree,86,5,0.05813953488372093,4,0.046511627906976744,17
0.49,4075659936,random,degree,86,4,0.046511627906976744,4,0.046511627906976744,15
0.49,2608919684,random,degree,86,5,0.05813953488372093,4,0.046511627906976744,7
0.49,4238848424,random,degree,86,7,0.08139534883720931,4,0.046511627906976744,10
0.49,1610721885,random,degree,86,10,0.11627906976744186,5,0.05813953488372093,11
0.49,838098030,random,degree,86,8,0.09302325581395349,4,0.046511627906976744,5
0.49,3383704230,random,degree,86,5,0.05813953488372093,4,0.046511627906976744,7
0.49,1196844166,random,degree,86,5,0.05813953488372093,4,0.046511627906976744,13
0.49,3805551613,random,degree,86,5,0.05813953488372093,5,0.05813953488372093,8
0.49,3171636403,random,degree,86,6,0.06976744186046512,5,0.05813953488372093,14
0.49,1485269305,random,degree,86,4,0.046511627906976744,4,0.046511627906976744,15
0.49,3003902472,random,degree,86,6,0.06976744186046512,4,0.046511627906976744,9
0.49,3999822535,random,degree,86,6,0.06976744186046512,3,0.03488372093023256,12
0.49,194640920,random,degree,86,6,0.06976744186046512,5,0.05813953488372093,11
0.49,2847242213,random,degree,86,7,0.08139534883720931,5,0.05813953488372093,11
0.49,1974847725,random,degree,86,6,0.06976744186046512,4,0.046511627906976744,9
0.49,1850555825,random,degree,86,5,0.05813953488372093,5,0.05813953488372093,13
0.49,2052364071,random,degree,86,5,0.05813953488372093,5,0.05813953488372093,19
0.49,2340371085,random,degree,86,7,0.08139534883720931,4,0.046511627906976744,11
0.49,3233126257,random,degree,86,4,0.046511627906976744,4,0.046511627906976744,11
0.49,1959765366,random,degree,86,5,0.05813953488372093,4,0.046511627906976744,11
0.49,841918015,random,degree,86,9,0.10465116279069768,7,0.08139534883720931,12
0.49,4133635157,random,degree,86,13,0.1511627906976744,4,0.046511627906976744,10
0.49,1824055392,random,degree,86,5,0.05813953488372093,4,0.046511627906976744,11
0.49,160838576,random,degree,86,10,0.11627906976744186,5,0.05813953488372093,12
0.49,4125797826,random,degree,86,6,0.06976744186046512,4,0.046511627906976744,6
0.49,811825827,random,degree,86,5,0.05813953488372093,3,0.03488372093023256,11
0.49,2853453856,random,degree,86,5,0.05813953488372093,4,0.046511627906976744,14
0.49,1643611991,random,degree,86,6,0.06976744186046512,4,0.046511627906976744,11
0.49,758517122,random,degree,86,5,0.05813953488372093,4,0.046511627906976744,12
0.49,1827804509,random,degree,86,6,0.06976744186046512,5,0.05813953488372093,9
0.49,1406401345,random,degree,86,4,0.046511627906976744,4,0.046511627906976744,11
0.49,1269798542,random,degree,86,4,0.046511627906976744,4,0.046511627906976744,17
0.49,3641391469,random,degree,86,5,0.05813953488372093,4,0.046511627906976744,6
0.49,242401250,random,degree,86,4,0.046511627906976744,3,0.03488372093023256,12
0.49,48622414,random,degree,86,6,0.06976744186046512,5,0.05813953488372093,15
0.49,803853864,random,degree,86,6,0.06976744186046512,5,0.05813953488372093,16
0.49,1608788143,random,degree,86,6,0.06976744186046512,5,0.05813953488372093,9
0.49,3384775653,random,degree,86,4,0.046511627906976744,4,0.046511627906976744,10
0.49,1038919418,random,degree,86,10,0.11627906976744186,3,0.03488372093023256,14
0.49,3501506619,random,degree,86,6,0.06976744186046512,4,0.046511627906976744,11
0.49,136736436,random,degree,86,3,0.03488372093023256,3,0.03488372093023256,17
0.49,808716655,random,degree,86,7,0.08139534883720931,4,0.046511627906976744,14
0.49,733434686,random,degree,86,4,0.046511627906976744,3,0.03488372093023256,14
0.49,3392252454,random,degree,86,10,0.11627906976744186,7,0.08139534883720931,12
0.49,2968204011,random,degree,86,6,0.06976744186046512,4,0.046511627906976744,10
0.49,3644629557,random,degree,86,5,0.05813953488372093,4,0.046511627906976744,14
0.49,2312418488,random,degree,86,4,0.046511627906976744,4,0.046511627906976744,13
0.49,3420514046,random,degree,86,4,0.046511627906976744,4,0.046511627906976744,12
0.5,4269347463,random,degree,86,11,0.12790697674418605,4,0.046511627906976744,12
0.5,2899892214,random,degree,86,9,0.10465116279069768,5,0.05813953488372093,7
0.5,3845271827,random,degree,86,5,0.05813953488372093,4,0.046511627906976744,13
0.5,3943566412,random,degree,86,5,0.05813953488372093,4,0.046511627906976744,14
0.5,1174862789,random,degree,86,6,0.06976744186046512,6,0.06976744186046512,13
0.5,1012055375,random,degree,86,7,0.08139534883720931,4,0.046511627906976744,15
0.5,2340855673,random,degree,86,8,0.09302325581395349,8,0.09302325581395349,15
0.5,2836477879,random,degree,86,7,0.08139534883720931,3,0.03488372093023256,16
0.5,437695734,random,degree,86,6,0.06976744186046512,4,0.046511627906976744,6
0.5,2553889470,random,degree,86,10,0.11627906976744186,4,0.046511627906976744,8
0.5,2890979076,random,degree,86,5,0.05813953488372093,5,0.05813953488372093,8
0.5,350477204,random,degree,86,6,0.06976744186046512,5,0.05813953488372093,18
0.5,4288034499,random,degree,86,7,0.08139534883720931,5,0.05813953488372093,12
0.5,4268443437,random,degree,86,5,0.05813953488372093,4,0.046511627906976744,11
0.5,888014770,random,degree,86,5,0.05813953488372093,4,0.046511627906976744,13
0.5,247489287,random,degree,86,5,0.05813953488372093,4,0.046511627906976744,10
0.5,517544392,random,degree,86,5,0.05813953488372093,4,0.046511627906976744,11
0.5,1690598871,random,degree,86,5,0.05813953488372093,4,0.046511627906976744,16
0.5,3680323225,random,degree,86,5,0.05813953488372093,4,0.046511627906976744,15
0.5,3820563772,random,degree,86,6,0.06976744186046512,5,0.05813953488372093,12
0.5,1839416832,random,degree,86,6,0.06976744186046512,5,0.05813953488372093,9
0.5,2469118493,random,degree,86,9,0.10465116279069768,4,0.046511627906976744,10
0.5,3157758394,random,degree,86,6,0.06976744186046512,5,0.05813953488372093,11
0.5,676437114,random,degree,86,7,0.08139534883720931,4,0.046511627906976744,12
0.5,634641855,random,degree,86,9,0.10465116279069768,7,0.08139534883720931,10
0.5,1554169706,random,degree,86,4,0.046511627906976744,4,0.046511627906976744,10
0.5,1359418737,random,degree,86,5,0.05813953488372093,4,0.046511627906976744,11
0.5,2320672526,random,degree,86,6,0.06976744186046512,5,0.05813953488372093,9
0.5,1801893122,random,degree,86,5,0.05813953488372093,5,0.05813953488372093,18
0.5,3428509086,random,degree,86,4,0.046511627906976744,4,0.046511627906976744,13
0.5,1903809861,random,degree,86,5,0.05813953488372093,3,0.03488372093023256,8
0.5,616215353,random,degree,86,5,0.05813953488372093,4,0.046511627906976744,14
0.5,2296054898,random,degree,86,4,0.046511627906976744,4,0.046511627906976744,10
0.5,367069723,random,degree,86,8,0.09302325581395349,4,0.046511627906976744,14
0.5,2948405246,random,degree,86,6,0.06976744186046512,5,0.05813953488372093,13
0.5,3197287403,random,degree,86,9,0.10465116279069768,6,0.06976744186046512,10
0.5,2974552591,random,degree,86,4,0.046511627906976744,4,0.046511627906976744,11
0.5,3316258628,random,degree,86,10,0.11627906976744186,4,0.046511627906976744,7
0.5,2461828708,random,degree,86,6,0.06976744186046512,5,0.05813953488372093,14
0.5,703147742,random,degree,86,7,0.08139534883720931,4,0.046511627906976744,14
0.5,4053908052,random,degree,86,5,0.05813953488372093,5,0.05813953488372093,13
0.5,4228923748,random,degree,86,6,0.06976744186046512,4,0.046511627906976744,11
0.5,894821241,random,degree,86,5,0.05813953488372093,3,0.03488372093023256,12
0.5,129320307,random,degree,86,5,0.05813953488372093,3,0.03488372093023256,12
0.5,796383626,random,degree,86,6,0.06976744186046512,6,0.06976744186046512,12
0.5,2428082224,random,degree,86,5,0.05813953488372093,4,0.046511627906976744,14
0.5,1485301599,random,degree,86,5,0.05813953488372093,4,0.046511627906976744,13
0.5,907888457,random,degree,86,5,0.05813953488372093,4,0.046511627906976744,11
0.5,529512928,random,degree,86,3,0.03488372093023256,3,0.03488372093023256,11
0.5,3815590056,random,degree,86,8,0.09302325581395349,4,0.046511627906976744,9
0.5,2763303737,random,degree,86,5,0.05813953488372093,4,0.046511627906976744,5
0.5,2294084551,random,degree,86,7,0.08139534883720931,5,0.05813953488372093,10
0.5,846207796,random,degree,86,6,0.06976744186046512,4,0.046511627906976744,9
0.5,338213939,random,degree,86,6,0.06976744186046512,4,0.046511627906976744,7
0.5,3516934138,random,degree,86,5,0.05813953488372093,3,0.03488372093023256,11
0.5,2266043598,random,degree,86,10,0.11627906976744186,7,0.08139534883720931,6
0.5,486744634,random,degree,86,5,0.05813953488372093,4,0.046511627906976744,10
0.5,302494536,random,degree,86,6,0.06976744186046512,5,0.05813953488372093,14
0.5,2068609602,random,degree,86,3,0.03488372093023256,3,0.03488372093023256,8
0.5,39140127,random,degree,86,6,0.06976744186046512,6,0.06976744186046512,5
0.5,3952835598,random,degree,86,6,0.06976744186046512,5,0.05813953488372093,11
0.5,1739613831,random,degree,86,4,0.046511627906976744,4,0.046511627906976744,9
0.5,3815754342,random,degree,86,8,0.09302325581395349,5,0.05813953488372093,5
0.5,4023280848,random,degree,86,5,0.05813953488372093,4,0.046511627906976744,16
0.5,1299702723,random,degree,86,9,0.10465116279069768,3,0.03488372093023256,11
0.5,1632836019,random,degree,86,6,0.06976744186046512,5,0.05813953488372093,12
0.5,3243306165,random,degree,86,8,0.09302325581395349,5,0.05813953488372093,9
0.5,293263646,random,degree,86,3,0.03488372093023256,3,0.03488372093023256,15
0.5,2316483945,random,degree,86,5,0.05813953488372093,3,0.03488372093023256,10
0.5,1681854436,random,degree,86,6,0.06976744186046512,6,0.06976744186046512,7
0.5,3437742889,random,degree,86,6,0.06976744186046512,5,0.05813953488372093,8
0.5,1142100881,random,degree,86,4,0.046511627906976744,4,0.046511627906976744,11
0.5,1326654738,random,degree,86,5,0.05813953488372093,5,0.05813953488372093,12
0.5,3560306384,random,degree,86,6,0.06976744186046512,5,0.05813953488372093,15
0.5,3531010483,random,degree,86,10,0.11627906976744186,4,0.046511627906976744,11
0.5,1446258629,random,degree,86,7,0.08139534883720931,4,0.046511627906976744,15
0.5,1800119542,random,degree,86,5,0.05813953488372093,4,0.046511627906976744,16
0.5,1087173052,random,degree,86,3,0.03488372093023256,3,0.03488372093023256,15
0.5,2911553030,random,degree,86,4,0.046511627906976744,4,0.046511627906976744,15
0.5,1779864695,random,degree,86,10,0.11627906976744186,3,0.03488372093023256,14
0.5,290950340,random,degree,86,6,0.06976744186046512,4,0.046511627906976744,10
0.5,554060029,random,degree,86,5,0.05813953488372093,5,0.05813953488372093,10
0.5,3192153445,random,degree,86,7,0.08139534883720931,6,0.06976744186046512,7
0.5,697583005,random,degree,86,5,0.05813953488372093,4,0.046511627906976744,9
0.5,2336616577,random,degree,86,6,0.06976744186046512,5,0.05813953488372093,9
0.5,57368978,random,degree,86,5,0.05813953488372093,4,0.046511627906976744,8
0.5,101694493,random,degree,86,7,0.08139534883720931,6,0.06976744186046512,13
0.5,3638765770,random,degree,86,4,0.046511627906976744,3,0.03488372093023256,15
0.5,1751733215,random,degree,86,4,0.046511627906976744,4,0.046511627906976744,12
0.5,3955710809,random,degree,86,6,0.06976744186046512,4,0.046511627906976744,10
0.5,1276055505,random,degree,86,8,0.09302325581395349,4,0.046511627906976744,17
0.5,3479338654,random,degree,86,8,0.09302325581395349,4,0.046511627906976744,16
0.5,3225739427,random,degree,86,9,0.10465116279069768,5,0.05813953488372093,10
0.5,3014657480,random,degree,86,6,0.06976744186046512,5,0.05813953488372093,13
0.5,2080188579,random,degree,86,5,0.05813953488372093,4,0.046511627906976744,16
0.5,2881159200,random,degree,86,5,0.05813953488372093,4,0.046511627906976744,8
0.5,2778640634,random,degree,86,6,0.06976744186046512,4,0.046511627906976744,14
0.5,3789731282,random,degree,86,4,0.046511627906976744,3,0.03488372093023256,10
0.5,1883315673,random,degree,86,6,0.06976744186046512,4,0.046511627906976744,15
0.5,3011611349,random,degree,86,7,0.08139534883720931,5,0.05813953488372093,12
0.51,2466335232,random,degree,86,4,0.046511627906976744,3,0.03488372093023256,17
0.51,2742363967,random,degree,86,4,0.046511627906976744,3,0.03488372093023256,11
0.51,645732813,random,degree,86,4,0.046511627906976744,4,0.046511627906976744,13
0.51,2657118185,random,degree,86,5,0.05813953488372093,4,0.046511627906976744,14
0.51,4234496232,random,degree,86,5,0.05813953488372093,4,0.046511627906976744,7
0.51,3660292156,random,degree,86,4,0.046511627906976744,3,0.03488372093023256,12
0.51,3756630798,random,degree,86,4,0.046511627906976744,3,0.03488372093023256,12
0.51,540509300,random,degree,86,5,0.05813953488372093,5,0.05813953488372093,12
0.51,196740700,random,degree,86,9,0.10465116279069768,5,0.05813953488372093,10
0.51,1567495928,random,degree,86,5,0.05813953488372093,5,0.05813953488372093,10
0.51,3825219498,random,degree,86,5,0.05813953488372093,3,0.03488372093023256,15
0.51,2366301041,random,degree,86,4,0.046511627906976744,3,0.03488372093023256,12
0.51,1198255528,random,degree,86,6,0.06976744186046512,4,0.046511627906976744,10
0.51,1770872630,random,degree,86,5,0.05813953488372093,5,0.05813953488372093,7
0.51,3498221662,random,degree,86,5,0.05813953488372093,5,0.05813953488372093,10
0.51,3494125868,random,degree,86,4,0.046511627906976744,4,0.046511627906976744,8
0.51,2529113403,random,degree,86,4,0.046511627906976744,4,0.046511627906976744,10
0.51,1849877372,random,degree,86,6,0.06976744186046512,3,0.03488372093023256,8
0.51,2402659235,random,degree,86,6,0.06976744186046512,4,0.046511627906976744,6
0.51,2086611577,random,degree,86,4,0.046511627906976744,2,0.023255813953488372,18
0.51,1263874147,random,degree,86,3,0.03488372093023256,3,0.03488372093023256,15
0.51,1604633635,random,degree,86,6,0.06976744186046512,6,0.06976744186046512,10
0.51,2497896611,random,degree,86,5,0.05813953488372093,5,0.05813953488372093,7
0.51,4172658844,random,degree,86,5,0.05813953488372093,3,0.03488372093023256,14
0.51,1776097416,random,degree,86,5,0.05813953488372093,4,0.046511627906976744,8
0.51,3313012162,random,degree,86,5,0.05813953488372093,4,0.046511627906976744,13
0.51,2360428257,random,degree,86,7,0.08139534883720931,5,0.05813953488372093,9
0.51,666610950,random,degree,86,5,0.05813953488372093,3,0.03488372093023256,11
0.51,3040966931,random,degree,86,5,0.05813953488372093,3,0.03488372093023256,15
0.51,3779445786,random,degree,86,5,0.05813953488372093,4,0.046511627906976744,13
0.51,1917012912,random,degree,86,4,0.046511627906976744,3,0.03488372093023256,13
0.51,1111475414,random,degree,86,5,0.05813953488372093,4,0.046511627906976744,11
0.51,2043352664,random,degree,86,8,0.09302325581395349,4,0.046511627906976744,11
0.51,1398231757,random,degree,86,3,0.03488372093023256,3,0.03488372093023256,8
0.51,2465237605,random,degree,86,5,0.05813953488372093,5,0.05813953488372093,11
0.51,3033941157,random,degree,86,3,0.03488372093023256,3,0.03488372093023256,12
0.51,2690578245,random,degree,86,4,0.046511627906976744,4,0.046511627906976744,9
0.51,130925252,random,degree,86,8,0.09302325581395349,4,0.046511627906976744,15
0.51,430656751,random,degree,86,5,0.05813953488372093,4,0.046511627906976744,9
0.51,696595691,random,degree,86,4,0.046511627906976744,3,0.03488372093023256,11
0.51,907459894,random,degree,86,5,0.05813953488372093,4,0.046511627906976744,15
0.51,2917385746,random,degree,86,5,0.05813953488372093,4,0.046511627906976744,17
0.51,1068638360,random,degree,86,4,0.046511627906976744,4,0.046511627906976744,11
0.51,2564200350,random,degree,86,4,0.046511627906976744,3,0.03488372093023256,13
0.51,1493755678,random,degree,86,8,0.09302325581395349,4,0.046511627906976744,11
0.51,2521135218,random,degree,86,10,0.11627906976744186,6,0.06976744186046512,10
0.51,2999397838,random,degree,86,6,0.06976744186046512,3,0.03488372093023256,13
0.51,1753080382,random,degree,86,5,0.05813953488372093,4,0.046511627906976744,10
0.51,3401058947,random,degree,86,4,0.046511627906976744,4,0.046511627906976744,9
0.51,2283110271,random,degree,86,4,0.046511627906976744,3,0.03488372093023256,10
0.51,1592128445,random,degree,86,4,0.046511627906976744,4,0.046511627906976744,9
0.51,3233094797,random,degree,86,5,0.05813953488372093,5,0.05813953488372093,10
0.51,3441093918,random,degree,86,5,0.05813953488372093,4,0.046511627906976744,9
0.51,2317614339,random,degree,86,6,0.06976744186046512,5,0.05813953488372093,10
0.51,2604707385,random,degree,86,7,0.08139534883720931,5,0.05813953488372093,12
0.51,1322761619,random,degree,86,6,0.06976744186046512,5,0.05813953488372093,9
0.51,3895080491,random,degree,86,6,0.06976744186046512,3,0.03488372093023256,16
0.51,3662573283,random,degree,86,6,0.06976744186046512,5,0.05813953488372093,10
0.51,2878173129,random,degree,86,6,0.06976744186046512,4,0.046511627906976744,11
0.51,765004528,random,degree,86,5,0.05813953488372093,5,0.05813953488372093,12
0.51,2504859527,random,degree,86,5,0.05813953488372093,4,0.046511627906976744,10
0.51,973285368,random,degree,86,5,0.05813953488372093,4,0.046511627906976744,11
0.51,4233559921,random,degree,86,4,0.046511627906976744,4,0.046511627906976744,11
0.51,3679710778,random,degree,86,5,0.05813953488372093,4,0.046511627906976744,14
0.51,1448635923,random,degree,86,8,0.09302325581395349,6,0.06976744186046512,10
0.51,1987627805,random,degree,86,5,0.05813953488372093,4,0.046511627906976744,13
0.51,971077184,random,degree,86,7,0.08139534883720931,6,0.06976744186046512,8
0.51,1605958940,random,degree,86,5,0.05813953488372093,4,0.046511627906976744,9
0.51,2393588762,random,degree,86,7,0.08139534883720931,4,0.046511627906976744,11
0.51,592933484,random,degree,86,6,0.06976744186046512,3,0.03488372093023256,11
0.51,1823598879,random,degree,86,6,0.06976744186046512,5,0.05813953488372093,15
0.51,1880598301,random,degree,86,7,0.08139534883720931,5,0.05813953488372093,13
0.51,1587128159,random,degree,86,6,0.06976744186046512,4,0.046511627906976744,7
0.51,219168609,random,degree,86,7,0.08139534883720931,5,0.05813953488372093,8
0.51,3109891528,random,degree,86,10,0.11627906976744186,4,0.046511627906976744,8
0.51,2388022663,random,degree,86,6,0.06976744186046512,4,0.046511627906976744,9
0.51,2307113470,random,degree,86,5,0.05813953488372093,4,0.046511627906976744,9
0.51,515020542,random,degree,86,5,0.05813953488372093,3,0.03488372093023256,13
0.51,1242558761,random,degree,86,9,0.10465116279069768,6,0.06976744186046512,10
0.51,2792925876,random,degree,86,4,0.046511627906976744,3,0.03488372093023256,14
0.51,3387317185,random,degree,86,6,0.06976744186046512,3,0.03488372093023256,15
0.51,2832083880,random,degree,86,3,0.03488372093023256,3,0.03488372093023256,13
0.51,2784647678,random,degree,86,4,0.046511627906976744,3,0.03488372093023256,15
0.51,2654589006,random,degree,86,6,0.06976744186046512,4,0.046511627906976744,14
0.51,1613457598,random,degree,86,5,0.05813953488372093,3,0.03488372093023256,13
0.51,3335296302,random,degree,86,7,0.08139534883720931,5,0.05813953488372093,11
0.51,3659923101,random,degree,86,9,0.10465116279069768,6,0.06976744186046512,11
0.51,910813427,random,degree,86,5,0.05813953488372093,4,0.046511627906976744,12
0.51,1674270453,random,degree,86,8,0.09302325581395349,3,0.03488372093023256,17
0.51,1778149436,random,degree,86,8,0.09302325581395349,5,0.05813953488372093,7
0.51,683440135,random,degree,86,6,0.06976744186046512,4,0.046511627906976744,13
0.51,3468703358,random,degree,86,5,0.05813953488372093,4,0.046511627906976744,9
0.51,1408923967,random,degree,86,6,0.06976744186046512,6,0.06976744186046512,13
0.51,3229511918,random,degree,86,4,0.046511627906976744,3,0.03488372093023256,6
0.51,2264297031,random,degree,86,5,0.05813953488372093,4,0.046511627906976744,10
0.51,1392895756,random,degree,86,8,0.09302325581395349,5,0.05813953488372093,14
0.51,2971061495,random,degree,86,7,0.08139534883720931,6,0.06976744186046512,5
0.51,3407210291,random,degree,86,6,0.06976744186046512,3,0.03488372093023256,20
0.51,3439163326,random,degree,86,5,0.05813953488372093,4,0.046511627906976744,16
0.51,3410417110,random,degree,86,3,0.03488372093023256,3,0.03488372093023256,20
0.52,3064972875,random,degree,86,4,0.046511627906976744,4,0.046511627906976744,10
0.52,418085088,random,degree,86,6,0.06976744186046512,5,0.05813953488372093,10
0.52,3309091666,random,degree,86,5,0.05813953488372093,5,0.05813953488372093,12
0.52,2181506206,random,degree,86,6,0.06976744186046512,4,0.046511627906976744,8
0.52,1142700369,random,degree,86,5,0.05813953488372093,4,0.046511627906976744,10
0.52,3191717429,random,degree,86,7,0.08139534883720931,5,0.05813953488372093,10
0.52,2086667808,random,degree,86,8,0.09302325581395349,7,0.08139534883720931,11
0.52,4075610374,random,degree,86,5,0.05813953488372093,5,0.05813953488372093,13
0.52,2075899633,random,degree,86,6,0.06976744186046512,5,0.05813953488372093,12
0.52,3080899016,random,degree,86,6,0.06976744186046512,4,0.046511627906976744,13
0.52,3165677740,random,degree,86,6,0.06976744186046512,5,0.05813953488372093,10
0.52,1960340433,random,degree,86,5,0.05813953488372093,4,0.046511627906976744,17
0.52,3788488359,random,degree,86,5,0.05813953488372093,3,0.03488372093023256,11
0.52,1960729792,random,degree,86,6,0.06976744186046512,6,0.06976744186046512,12
0.52,1610059960,random,degree,86,7,0.08139534883720931,3,0.03488372093023256,8
0.52,3644424069,random,degree,86,7,0.08139534883720931,5,0.05813953488372093,6
0.52,995235424,random,degree,86,6,0.06976744186046512,4,0.046511627906976744,6
0.52,2873780443,random,degree,86,4,0.046511627906976744,3,0.03488372093023256,18
0.52,482761417,random,degree,86,7,0.08139534883720931,5,0.05813953488372093,9
0.52,4220079589,random,degree,86,10,0.11627906976744186,6,0.06976744186046512,9
0.52,707916060,random,degree,86,6,0.06976744186046512,3,0.03488372093023256,7
0.52,1556140753,random,degree,86,8,0.09302325581395349,5,0.05813953488372093,8
0.52,1399994038,random,degree,86,6,0.06976744186046512,5,0.05813953488372093,10
0.52,3852994656,random,degree,86,7,0.08139534883720931,3,0.03488372093023256,18
0.52,3055840072,random,degree,86,8,0.09302325581395349,5,0.05813953488372093,12
0.52,2605616623,random,degree,86,7,0.08139534883720931,5,0.05813953488372093,10
0.52,3236135519,random,degree,86,5,0.05813953488372093,3,0.03488372093023256,16
0.52,231413649,random,degree,86,6,0.06976744186046512,5,0.05813953488372093,9
0.52,2289971929,random,degree,86,5,0.05813953488372093,5,0.05813953488372093,6
0.52,2166990292,random,degree,86,4,0.046511627906976744,4,0.046511627906976744,10
0.52,359306325,random,degree,86,7,0.08139534883720931,4,0.046511627906976744,18
0.52,273510887,random,degree,86,6,0.06976744186046512,5,0.05813953488372093,15
0.52,208537975,random,degree,86,3,0.03488372093023256,3,0.03488372093023256,22
0.52,2261144340,random,degree,86,6,0.06976744186046512,3,0.03488372093023256,7
0.52,1776179049,random,degree,86,4,0.046511627906976744,4,0.046511627906976744,9
0.52,3873754829,random,degree,86,7,0.08139534883720931,4,0.046511627906976744,14
0.52,3750237279,random,degree,86,6,0.06976744186046512,4,0.046511627906976744,8
0.52,2583094115,random,degree,86,6,0.06976744186046512,5,0.05813953488372093,7
0.52,1400077810,random,degree,86,4,0.046511627906976744,3,0.03488372093023256,13
0.52,2672075681,random,degree,86,6,0.06976744186046512,6,0.06976744186046512,13
0.52,1483791966,random,degree,86,7,0.08139534883720931,3,0.03488372093023256,8
0.52,3536970505,random,degree,86,7,0.08139534883720931,5,0.05813953488372093,12
0.52,4166062965,random,degree,86,4,0.046511627906976744,3,0.03488372093023256,14
0.52,1054836130,random,degree,86,5,0.05813953488372093,4,0.046511627906976744,17
0.52,143405639,random,degree,86,5,0.05813953488372093,4,0.046511627906976744,14
0.52,1775601806,random,degree,86,4,0.046511627906976744,3,0.03488372093023256,12
0.52,2597633345,random,degree,86,5,0.05813953488372093,5,0.05813953488372093,11
0.52,3395935261,random,degree,86,6,0.06976744186046512,5,0.05813953488372093,8
0.52,3839760075,random,degree,86,5,0.05813953488372093,4,0.046511627906976744,17
0.52,3950034392,random,degree,86,4,0.046511627906976744,3,0.03488372093023256,5
0.52,3491673669,random,degree,86,7,0.08139534883720931,3,0.03488372093023256,15
0.52,4277067122,random,degree,86,5,0.05813953488372093,4,0.046511627906976744,12
0.52,3382576091,random,degree,86,5,0.05813953488372093,4,0.046511627906976744,9
0.52,3165398447,random,degree,86,7,0.08139534883720931,6,0.06976744186046512,11
0.52,400156659,random,degree,86,3,0.03488372093023256,3,0.03488372093023256,10
0.52,4073976860,random,degree,86,6,0.06976744186046512,4,0.046511627906976744,10
0.52,321481142,random,degree,86,4,0.046511627906976744,3,0.03488372093023256,15
0.52,1466127285,random,degree,86,6,0.06976744186046512,4,0.046511627906976744,6
0.52,3324804177,random,degree,86,8,0.09302325581395349,3,0.03488372093023256,12
0.52,417129418,random,degree,86,7,0.08139534883720931,4,0.046511627906976744,9
0.52,3879080491,random,degree,86,5,0.05813953488372093,4,0.046511627906976744,9
0.52,1334520380,random,degree,86,4,0.046511627906976744,4,0.046511627906976744,14
0.52,2857757055,random,degree,86,5,0.05813953488372093,5,0.05813953488372093,11
0.52,1396055010,random,degree,86,12,0.13953488372093023,3,0.03488372093023256,15
0.52,3839337158,random,degree,86,8,0.09302325581395349,4,0.046511627906976744,10
0.52,4112542470,random,degree,86,8,0.09302325581395349,4,0.046511627906976744,12
0.52,2195429959,random,degree,86,7,0.08139534883720931,6,0.06976744186046512,14
0.52,609815643,random,degree,86,10,0.11627906976744186,8,0.09302325581395349,5
0.52,3445224937,random,degree,86,6,0.06976744186046512,3,0.03488372093023256,16
0.52,2422980120,random,degree,86,6,0.06976744186046512,4,0.046511627906976744,9
0.52,514881983,random,degree,86,6,0.06976744186046512,5,0.05813953488372093,14
0.52,1378649953,random,degree,86,6,0.06976744186046512,3,0.03488372093023256,14
0.52,2790654239,random,degree,86,5,0.05813953488372093,3,0.03488372093023256,15
0.52,422878776,random,degree,86,4,0.046511627906976744,4,0.046511627906976744,14
0.52,1735966926,random,degree,86,6,0.06976744186046512,5,0.05813953488372093,12
0.52,2505362686,random,degree,86,6,0.06976744186046512,5,0.05813953488372093,12
0.52,1629713554,random,degree,86,6,0.06976744186046512,4,0.046511627906976744,12
0.52,1697529584,random,degree,86,8,0.09302325581395349,3,0.03488372093023256,16
0.52,4139464315,random,degree,86,7,0.08139534883720931,6,0.06976744186046512,11
0.52,2628349044,random,degree,86,7,0.08139534883720931,4,0.046511627906976744,13
0.52,1630775073,random,degree,86,12,0.13953488372093023,4,0.046511627906976744,7
0.52,109908806,random,degree,86,6,0.06976744186046512,4,0.046511627906976744,7
0.52,3282380986,random,degree,86,4,0.046511627906976744,4,0.046511627906976744,13
0.52,181352918,random,degree,86,7,0.08139534883720931,3,0.03488372093023256,18
0.52,1375591790,random,degree,86,6,0.06976744186046512,6,0.06976744186046512,11
0.52,3251246955,random,degree,86,7,0.08139534883720931,4,0.046511627906976744,13
0.52,4254399693,random,degree,86,6,0.06976744186046512,3,0.03488372093023256,12
0.52,2708500888,random,degree,86,5,0.05813953488372093,4,0.046511627906976744,12
0.52,1056489069,random,degree,86,11,0.12790697674418605,5,0.05813953488372093,11
0.52,3726751472,random,degree,86,9,0.10465116279069768,4,0.046511627906976744,15
0.52,4260704704,random,degree,86,4,0.046511627906976744,4,0.046511627906976744,7
0.52,2253885882,random,degree,86,4,0.046511627906976744,4,0.046511627906976744,9
0.52,3094848678,random,degree,86,6,0.06976744186046512,4,0.046511627906976744,11
0.52,444441088,random,degree,86,5,0.05813953488372093,4,0.046511627906976744,7
0.52,1223951427,random,degree,86,7,0.08139534883720931,3,0.03488372093023256,15
0.52,2302335875,random,degree,86,6,0.06976744186046512,5,0.05813953488372093,11
0.52,3815808682,random,degree,86,6,0.06976744186046512,4,0.046511627906976744,11
0.52,2727610147,random,degree,86,7,0.08139534883720931,6,0.06976744186046512,8
0.52,2348869187,random,degree,86,7,0.08139534883720931,3,0.03488372093023256,7
0.52,2701676931,random,degree,86,5,0.05813953488372093,4,0.046511627906976744,12
0.53,3996091297,random,degree,86,4,0.046511627906976744,3,0.03488372093023256,7
0.53,1657943039,random,degree,86,8,0.09302325581395349,3,0.03488372093023256,13
0.53,1925626127,random,degree,86,6,0.06976744186046512,4,0.046511627906976744,7
0.53,2456771463,random,degree,86,8,0.09302325581395349,4,0.046511627906976744,13
0.53,1027511124,random,degree,86,6,0.06976744186046512,3,0.03488372093023256,13
0.53,1709214112,random,degree,86,7,0.08139534883720931,5,0.05813953488372093,17
0.53,978509304,random,degree,86,5,0.05813953488372093,4,0.046511627906976744,13
0.53,4177020395,random,degree,86,4,0.046511627906976744,3,0.03488372093023256,10
0.53,2303272554,random,degree,86,6,0.06976744186046512,5,0.05813953488372093,13
0.53,1521539601,random,degree,86,4,0.046511627906976744,3,0.03488372093023256,14
0.53,584047370,random,degree,86,6,0.06976744186046512,4,0.046511627906976744,10
0.53,1240849772,random,degree,86,4,0.046511627906976744,3,0.03488372093023256,5
0.53,2577992963,random,degree,86,4,0.046511627906976744,4,0.046511627906976744,14
0.53,980705413,random,degree,86,4,0.046511627906976744,3,0.03488372093023256,17
0.53,1597690754,random,degree,86,7,0.08139534883720931,6,0.06976744186046512,11
0.53,2705739899,random,degree,86,6,0.06976744186046512,6,0.06976744186046512,8
0.53,2361066353,random,degree,86,4,0.046511627906976744,3,0.03488372093023256,16
0.53,1968357681,random,degree,86,6,0.06976744186046512,5,0.05813953488372093,9
0.53,2655342045,random,degree,86,5,0.05813953488372093,4,0.046511627906976744,10
0.53,3642982593,random,degree,86,8,0.09302325581395349,6,0.06976744186046512,9
0.53,2199365885,random,degree,86,4,0.046511627906976744,3,0.03488372093023256,17
0.53,3194087661,random,degree,86,4,0.046511627906976744,3,0.03488372093023256,9
0.53,3438950855,random,degree,86,7,0.08139534883720931,6,0.06976744186046512,10
0.53,2906032216,random,degree,86,5,0.05813953488372093,4,0.046511627906976744,9
0.53,3984484268,random,degree,86,4,0.046511627906976744,4,0.046511627906976744,11
0.53,2134060065,random,degree,86,4,0.046511627906976744,4,0.046511627906976744,8
0.53,1359219488,random,degree,86,5,0.05813953488372093,4,0.046511627906976744,14
0.53,1553574536,random,degree,86,4,0.046511627906976744,3,0.03488372093023256,9
0.53,3671700154,random,degree,86,6,0.06976744186046512,4,0.046511627906976744,19
0.53,1667479476,random,degree,86,5,0.05813953488372093,4,0.046511627906976744,9
0.53,1063740186,random,degree,86,6,0.06976744186046512,4,0.046511627906976744,15
0.53,1805841195,random,degree,86,6,0.06976744186046512,4,0.046511627906976744,12
0.53,64956672,random,degree,86,4,0.046511627906976744,3,0.03488372093023256,13
0.53,2725240762,random,degree,86,5,0.05813953488372093,4,0.046511627906976744,15
0.53,1551478290,random,degree,86,6,0.06976744186046512,4,0.046511627906976744,12
0.53,3507090160,random,degree,86,5,0.05813953488372093,5,0.05813953488372093,12
0.53,1616100774,random,degree,86,6,0.06976744186046512,4,0.046511627906976744,15
0.53,3170761366,random,degree,86,5,0.05813953488372093,4,0.046511627906976744,15
0.53,3614599431,random,degree,86,4,0.046511627906976744,4,0.046511627906976744,16
0.53,1081455845,random,degree,86,4,0.046511627906976744,3,0.03488372093023256,17
0.53,2214340783,random,degree,86,6,0.06976744186046512,6,0.06976744186046512,9
0.53,2441346553,random,degree,86,5,0.05813953488372093,4,0.046511627906976744,7
0.53,1682609148,random,degree,86,6,0.06976744186046512,3,0.03488372093023256,18
0.53,3862137670,random,degree,86,4,0.046511627906976744,4,0.046511627906976744,15
0.53,1075983244,random,degree,86,6,0.06976744186046512,5,0.05813953488372093,8
0.53,3637784668,random,degree,86,6,0.06976744186046512,5,0.05813953488372093,14
0.53,3562919681,random,degree,86,7,0.08139534883720931,7,0.08139534883720931,12
0.53,1088880958,random,degree,86,4,0.046511627906976744,4,0.046511627906976744,17
0.53,3056561894,random,degree,86,7,0.08139534883720931,5,0.05813953488372093,13
0.53,919646947,random,degree,86,4,0.046511627906976744,4,0.046511627906976744,16
0.53,2089516075,random,degree,86,6,0.06976744186046512,3,0.03488372093023256,15
0.53,3214482984,random,degree,86,5,0.05813953488372093,4,0.046511627906976744,8
0.53,1840392063,random,degree,86,6,0.06976744186046512,5,0.05813953488372093,12
0.53,1689938614,random,degree,86,6,0.06976744186046512,4,0.046511627906976744,15
0.53,894170267,random,degree,86,7,0.08139534883720931,6,0.06976744186046512,5
0.53,3271477060,random,degree,86,6,0.06976744186046512,4,0.046511627906976744,13
0.53,1846412495,random,degree,86,6,0.06976744186046512,6,0.06976744186046512,13
0.53,2403870855,random,degree,86,5,0.05813953488372093,3,0.03488372093023256,14
0.53,3043661808,random,degree,86,6,0.06976744186046512,3,0.03488372093023256,15
0.53,106496401,random,degree,86,6,0.06976744186046512,5,0.05813953488372093,12
0.53,2463471299,random,degree,86,4,0.046511627906976744,3,0.03488372093023256,15
0.53,2297915563,random,degree,86,7,0.08139534883720931,4,0.046511627906976744,12
0.53,692057053,random,degree,86,4,0.046511627906976744,3,0.03488372093023256,12
0.53,1352930998,random,degree,86,5,0.05813953488372093,5,0.05813953488372093,16
0.53,533109151,random,degree,86,5,0.05813953488372093,4,0.046511627906976744,12
0.53,2971353166,random,degree,86,5,0.05813953488372093,5,0.05813953488372093,11
0.53,942045852,random,degree,86,9,0.10465116279069768,4,0.046511627906976744,8
0.53,3360552399,random,degree,86,6,0.06976744186046512,4,0.046511627906976744,9
0.53,425015820,random,degree,86,3,0.03488372093023256,3,0.03488372093023256,8
0.53,2409852638,random,degree,86,4,0.046511627906976744,4,0.046511627906976744,7
0.53,1616704548,random,degree,86,5,0.05813953488372093,4,0.046511627906976744,12
0.53,1292742757,random,degree,86,5,0.05813953488372093,4,0.046511627906976744,12
0.53,4193982282,random,degree,86,5,0.05813953488372093,4,0.046511627906976744,17
0.53,3028333285,random,degree,86,9,0.10465116279069768,4,0.046511627906976744,15
0.53,2901288161,random,degree,86,4,0.046511627906976744,4,0.046511627906976744,7
0.53,671064886,random,degree,86,4,0.046511627906976744,4,0.046511627906976744,8
0.53,3082302976,random,degree,86,5,0.05813953488372093,4,0.046511627906976744,16
0.53,3555087526,random,degree,86,6,0.06976744186046512,5,0.05813953488372093,15
0.53,4078344334,random,degree,86,5,0.05813953488372093,3,0.03488372093023256,14
0.53,661262938,random,degree,86,4,0.046511627906976744,4,0.046511627906976744,11
0.53,675378648,random,degree,86,4,0.046511627906976744,4,0.046511627906976744,11
0.53,4001954081,random,degree,86,6,0.06976744186046512,4,0.046511627906976744,12
0.53,1426321337,random,degree,86,5,0.05813953488372093,5,0.05813953488372093,13
0.53,3889825368,random,degree,86,4,0.046511627906976744,3,0.03488372093023256,16
0.53,1646512078,random,degree,86,4,0.046511627906976744,3,0.03488372093023256,8
0.53,3474114939,random,degree,86,5,0.05813953488372093,3,0.03488372093023256,12
0.53,2848271914,random,degree,86,10,0.11627906976744186,4,0.046511627906976744,10
0.53,2757016522,random,degree,86,4,0.046511627906976744,4,0.046511627906976744,14
0.53,1323710832,random,degree,86,5,0.05813953488372093,3,0.03488372093023256,11
0.53,2748133750,random,degree,86,4,0.046511627906976744,4,0.046511627906976744,13
0.53,3428414577,random,degree,86,5,0.05813953488372093,4,0.046511627906976744,10
0.53,239934481,random,degree,86,3,0.03488372093023256,3,0.03488372093023256,18
0.53,3824034040,random,degree,86,9,0.10465116279069768,5,0.05813953488372093,11
0.53,1008887515,random,degree,86,6,0.06976744186046512,4,0.046511627906976744,10
0.53,68333225,random,degree,86,5,0.05813953488372093,3,0.03488372093023256,16
0.53,3809961535,random,degree,86,8,0.09302325581395349,6,0.06976744186046512,10
0.53,2503276648,random,degree,86,6,0.06976744186046512,5,0.05813953488372093,9
0.53,2732277421,random,degree,86,4,0.046511627906976744,3,0.03488372093023256,19
0.53,1216726949,random,degree,86,7,0.08139534883720931,5,0.05813953488372093,8
0.53,515951981,random,degree,86,5,0.05813953488372093,5,0.05813953488372093,13
0.54,2308870606,random,degree,86,6,0.06976744186046512,5,0.05813953488372093,16
0.54,2688525115,random,degree,86,5,0.05813953488372093,3,0.03488372093023256,12
0.54,3924085482,random,degree,86,6,0.06976744186046512,4,0.046511627906976744,13
0.54,3390805899,random,degree,86,5,0.05813953488372093,4,0.046511627906976744,10
0.54,3553699648,random,degree,86,5,0.05813953488372093,4,0.046511627906976744,14
0.54,4205432810,random,degree,86,12,0.13953488372093023,4,0.046511627906976744,10
0.54,4238709160,random,degree,86,4,0.046511627906976744,4,0.046511627906976744,16
0.54,3295367883,random,degree,86,11,0.12790697674418605,3,0.03488372093023256,10
0.54,2337466940,random,degree,86,5,0.05813953488372093,4,0.046511627906976744,5
0.54,1909143684,random,degree,86,7,0.08139534883720931,4,0.046511627906976744,11
0.54,409693705,random,degree,86,5,0.05813953488372093,3,0.03488372093023256,8
0.54,3789893622,random,degree,86,4,0.046511627906976744,4,0.046511627906976744,11
0.54,1850858773,random,degree,86,4,0.046511627906976744,3,0.03488372093023256,14
0.54,3809418212,random,degree,86,5,0.05813953488372093,4,0.046511627906976744,13
0.54,1834912500,random,degree,86,9,0.10465116279069768,4,0.046511627906976744,11
0.54,2724575359,random,degree,86,5,0.05813953488372093,5,0.05813953488372093,15
0.54,1735357551,random,degree,86,6,0.06976744186046512,4,0.046511627906976744,11
0.54,1236483612,random,degree,86,6,0.06976744186046512,4,0.046511627906976744,6
0.54,131858291,random,degree,86,10,0.11627906976744186,4,0.046511627906976744,13
0.54,2212811418,random,degree,86,3,0.03488372093023256,3,0.03488372093023256,16
0.54,3471858052,random,degree,86,6,0.06976744186046512,4,0.046511627906976744,14
0.54,562690711,random,degree,86,5,0.05813953488372093,4,0.046511627906976744,8
0.54,68259668,random,degree,86,5,0.05813953488372093,3,0.03488372093023256,13
0.54,565333908,random,degree,86,4,0.046511627906976744,2,0.023255813953488372,12
0.54,1662723278,random,degree,86,5,0.05813953488372093,3,0.03488372093023256,12
0.54,1912631515,random,degree,86,5,0.05813953488372093,5,0.05813953488372093,12
0.54,2731938116,random,degree,86,4,0.046511627906976744,3,0.03488372093023256,17
0.54,2252637003,random,degree,86,4,0.046511627906976744,4,0.046511627906976744,4
0.54,802652973,random,degree,86,7,0.08139534883720931,4,0.046511627906976744,12
0.54,2103251063,random,degree,86,4,0.046511627906976744,4,0.046511627906976744,17
0.54,4105322279,random,degree,86,3,0.03488372093023256,3,0.03488372093023256,11
0.54,3650246496,random,degree,86,5,0.05813953488372093,4,0.046511627906976744,17
0.54,3010265803,random,degree,86,7,0.08139534883720931,5,0.05813953488372093,14
0.54,1498422545,random,degree,86,5,0.05813953488372093,4,0.046511627906976744,10
0.54,967077139,random,degree,86,4,0.046511627906976744,4,0.046511627906976744,8
0.54,853561950,random,degree,86,4,0.046511627906976744,4,0.046511627906976744,12
0.54,2403446885,random,degree,86,4,0.046511627906976744,3,0.03488372093023256,15
0.54,2567609887,random,degree,86,6,0.06976744186046512,4,0.046511627906976744,10
0.54,3627265294,random,degree,86,5,0.05813953488372093,5,0.05813953488372093,12
0.54,438335099,random,degree,86,9,0.10465116279069768,5,0.05813953488372093,10
0.54,1703254302,random,degree,86,6,0.06976744186046512,3,0.03488372093023256,15
0.54,175784511,random,degree,86,5,0.05813953488372093,3,0.03488372093023256,15
0.54,2284118247,random,degree,86,4,0.046511627906976744,4,0.046511627906976744,10
0.54,3132004304,random,degree,86,6,0.06976744186046512,5,0.05813953488372093,14
0.54,1113957190,random,degree,86,4,0.046511627906976744,4,0.046511627906976744,12
0.54,2574681561,random,degree,86,8,0.09302325581395349,8,0.09302325581395349,5
0.54,1824147893,random,degree,86,4,0.046511627906976744,4,0.046511627906976744,9
0.54,4124596046,random,degree,86,6,0.06976744186046512,3,0.03488372093023256,10
0.54,3344030983,random,degree,86,5,0.05813953488372093,4,0.046511627906976744,15
0.54,1130605733,random,degree,86,4,0.046511627906976744,4,0.046511627906976744,22
0.54,1041938139,random,degree,86,10,0.11627906976744186,3,0.03488372093023256,10
0.54,3557671674,random,degree,86,4,0.046511627906976744,4,0.046511627906976744,10
0.54,62999744,random,degree,86,4,0.046511627906976744,3,0.03488372093023256,10
0.54,1763922827,random,degree,86,7,0.08139534883720931,4,0.046511627906976744,14
0.54,3186363763,random,degree,86,5,0.05813953488372093,4,0.046511627906976744,13
0.54,2442558749,random,degree,86,4,0.046511627906976744,4,0.046511627906976744,13
0.54,777003055,random,degree,86,4,0.046511627906976744,4,0.046511627906976744,14
0.54,477457499,random,degree,86,6,0.06976744186046512,4,0.046511627906976744,18
0.54,187174,random,degree,86,6,0.06976744186046512,5,0.05813953488372093,12
0.54,2295444954,random,degree,86,7,0.08139534883720931,4,0.046511627906976744,15
0.54,3595371421,random,degree,86,5,0.05813953488372093,4,0.046511627906976744,14
0.54,2078407309,random,degree,86,8,0.09302325581395349,4,0.046511627906976744,13
0.54,2830116869,random,degree,86,7,0.08139534883720931,6,0.06976744186046512,11
0.54,1320571245,random,degree,86,4,0.046511627906976744,4,0.046511627906976744,9
0.54,629412177,random,degree,86,4,0.046511627906976744,3,0.03488372093023256,10
0.54,2239309098,random,degree,86,3,0.03488372093023256,2,0.023255813953488372,19
0.54,4033426669,random,degree,86,4,0.046511627906976744,4,0.046511627906976744,11
0.54,1091678871,random,degree,86,6,0.06976744186046512,4,0.046511627906976744,11
0.54,1143032182,random,degree,86,6,0.06976744186046512,4,0.046511627906976744,12
0.54,2239019031,random,degree,86,5,0.05813953488372093,4,0.046511627906976744,9
0.54,785094797,random,degree,86,4,0.046511627906976744,4,0.046511627906976744,12
0.54,867937890,random,degree,86,13,0.1511627906976744,3,0.03488372093023256,11
0.54,1227928732,random,degree,86,3,0.03488372093023256,3,0.03488372093023256,7
0.54,509758091,random,degree,86,5,0.05813953488372093,3,0.03488372093023256,14
0.54,4102020316,random,degree,86,5,0.05813953488372093,3,0.03488372093023256,14
0.54,3018373657,random,degree,86,5,0.05813953488372093,4,0.046511627906976744,9
0.54,3181920345,random,degree,86,6,0.06976744186046512,6,0.06976744186046512,7
0.54,1161206011,random,degree,86,9,0.10465116279069768,5,0.05813953488372093,10
0.54,1093093813,random,degree,86,7,0.08139534883720931,4,0.046511627906976744,12
0.54,3660324234,random,degree,86,5,0.05813953488372093,3,0.03488372093023256,13
0.54,1698672360,random,degree,86,7,0.08139534883720931,5,0.05813953488372093,13
0.54,1395564878,random,degree,86,4,0.046511627906976744,4,0.046511627906976744,11
0.54,57457455,random,degree,86,9,0.10465116279069768,3,0.03488372093023256,9
0.54,4002689831,random,degree,86,11,0.12790697674418605,4,0.046511627906976744,14
0.54,2639137408,random,degree,86,4,0.046511627906976744,3,0.03488372093023256,18
0.54,3561091355,random,degree,86,5,0.05813953488372093,3,0.03488372093023256,10
0.54,3794896638,random,degree,86,5,0.05813953488372093,4,0.046511627906976744,14
0.54,584746658,random,degree,86,5,0.05813953488372093,4,0.046511627906976744,14
0.54,842883695,random,degree,86,5,0.05813953488372093,4,0.046511627906976744,10
0.54,3150352292,random,degree,86,5,0.05813953488372093,5,0.05813953488372093,15
0.54,2876864827,random,degree,86,5,0.05813953488372093,4,0.046511627906976744,16
0.54,559767875,random,degree,86,3,0.03488372093023256,3,0.03488372093023256,17
0.54,3742975760,random,degree,86,4,0.046511627906976744,3,0.03488372093023256,16
0.54,1001887240,random,degree,86,3,0.03488372093023256,3,0.03488372093023256,11
0.54,1862266089,random,degree,86,6,0.06976744186046512,4,0.046511627906976744,13
0.54,1869936315,random,degree,86,5,0.05813953488372093,3,0.03488372093023256,13
0.54,2119767398,random,degree,86,8,0.09302325581395349,3,0.03488372093023256,9
0.54,3999199991,random,degree,86,7,0.08139534883720931,6,0.06976744186046512,14
0.54,2972901071,random,degree,86,4,0.046511627906976744,4,0.046511627906976744,8
0.54,3127947823,random,degree,86,8,0.09302325581395349,4,0.046511627906976744,13
0.55,661298497,random,degree,86,5,0.05813953488372093,5,0.05813953488372093,10
0.55,3942937306,random,degree,86,7,0.08139534883720931,3,0.03488372093023256,15
0.55,390051414,random,degree,86,4,0.046511627906976744,4,0.046511627906976744,12
0.55,3363920319,random,degree,86,5,0.05813953488372093,4,0.046511627906976744,13
0.55,1220734014,random,degree,86,4,0.046511627906976744,3,0.03488372093023256,7
0.55,479435211,random,degree,86,5,0.05813953488372093,4,0.046511627906976744,12
0.55,2204779215,random,degree,86,4,0.046511627906976744,4,0.046511627906976744,16
0.55,585129532,random,degree,86,4,0.046511627906976744,4,0.046511627906976744,18
0.55,2207275548,random,degree,86,4,0.046511627906976744,4,0.046511627906976744,11
0.55,3200332587,random,degree,86,8,0.09302325581395349,5,0.05813953488372093,15
0.55,3694856478,random,degree,86,5,0.05813953488372093,4,0.046511627906976744,15
0.55,2081126619,random,degree,86,5,0.05813953488372093,4,0.046511627906976744,10
0.55,2872311180,random,degree,86,3,0.03488372093023256,3,0.03488372093023256,14
0.55,1329005210,random,degree,86,6,0.06976744186046512,4,0.046511627906976744,10
0.55,2841176666,random,degree,86,4,0.046511627906976744,3,0.03488372093023256,9
0.55,2922716292,random,degree,86,5,0.05813953488372093,3,0.03488372093023256,10
0.55,125452507,random,degree,86,6,0.06976744186046512,5,0.05813953488372093,16
0.55,1411572053,random,degree,86,9,0.10465116279069768,3,0.03488372093023256,11
0.55,1267186971,random,degree,86,7,0.08139534883720931,5,0.05813953488372093,10
0.55,770216741,random,degree,86,4,0.046511627906976744,3,0.03488372093023256,15
0.55,3356906632,random,degree,86,6,0.06976744186046512,6,0.06976744186046512,10
0.55,2515291891,random,degree,86,4,0.046511627906976744,4,0.046511627906976744,11
0.55,3621172981,random,degree,86,7,0.08139534883720931,6,0.06976744186046512,13
0.55,439448076,random,degree,86,7,0.08139534883720931,3,0.03488372093023256,15
0.55,1561741610,random,degree,86,5,0.05813953488372093,5,0.05813953488372093,16
0.55,3871188460,random,degree,86,7,0.08139534883720931,4,0.046511627906976744,9
0.55,3308268666,random,degree,86,5,0.05813953488372093,4,0.046511627906976744,7
0.55,1111024328,random,degree,86,4,0.046511627906976744,3,0.03488372093023256,13
0.55,2664432983,random,degree,86,5,0.05813953488372093,3,0.03488372093023256,13
0.55,1275979259,random,degree,86,5,0.05813953488372093,4,0.046511627906976744,21
0.55,247098168,random,degree,86,5,0.05813953488372093,3,0.03488372093023256,7
0.55,3542241136,random,degree,86,5,0.05813953488372093,4,0.046511627906976744,10
0.55,162783695,random,degree,86,10,0.11627906976744186,7,0.08139534883720931,14
0.55,3264114295,random,degree,86,4,0.046511627906976744,3,0.03488372093023256,10
0.55,839216947,random,degree,86,7,0.08139534883720931,3,0.03488372093023256,17
0.55,4167229145,random,degree,86,5,0.05813953488372093,4,0.046511627906976744,11
0.55,592933378,random,degree,86,4,0.046511627906976744,3,0.03488372093023256,15
0.55,3583572348,random,degree,86,4,0.046511627906976744,4,0.046511627906976744,14
0.55,2322187983,random,degree,86,10,0.11627906976744186,5,0.05813953488372093,12
0.55,1580048580,random,degree,86,5,0.05813953488372093,4,0.046511627906976744,18
0.55,3788222526,random,degree,86,4,0.046511627906976744,3,0.03488372093023256,19
0.55,774053307,random,degree,86,4,0.046511627906976744,3,0.03488372093023256,15
0.55,3255451372,random,degree,86,4,0.046511627906976744,4,0.046511627906976744,19
0.55,1809208707,random,degree,86,4,0.046511627906976744,4,0.046511627906976744,7
0.55,634210837,random,degree,86,6,0.06976744186046512,6,0.06976744186046512,11
0.55,755430745,random,degree,86,6,0.06976744186046512,3,0.03488372093023256,12
0.55,1153463260,random,degree,86,4,0.046511627906976744,3,0.03488372093023256,14
0.55,2535354603,random,degree,86,6,0.06976744186046512,5,0.05813953488372093,12
0.55,885250026,random,degree,86,3,0.03488372093023256,3,0.03488372093023256,13
0.55,1998187960,random,degree,86,4,0.046511627906976744,4,0.046511627906976744,9
0.55,3364614818,random,degree,86,5,0.05813953488372093,4,0.046511627906976744,15
0.55,895500359,random,degree,86,4,0.046511627906976744,3,0.03488372093023256,7
0.55,2842559197,random,degree,86,4,0.046511627906976744,4,0.046511627906976744,14
0.55,827122731,random,degree,86,4,0.046511627906976744,4,0.046511627906976744,15
0.55,2204848631,random,degree,86,6,0.06976744186046512,5,0.05813953488372093,7
0.55,36372579,random,degree,86,5,0.05813953488372093,4,0.046511627906976744,13
0.55,1896935222,random,degree,86,4,0.046511627906976744,4,0.046511627906976744,11
0.55,1726647903,random,degree,86,4,0.046511627906976744,4,0.046511627906976744,13
0.55,2322487952,random,degree,86,13,0.1511627906976744,3,0.03488372093023256,8
0.55,2077342871,random,degree,86,10,0.11627906976744186,3,0.03488372093023256,14
0.55,3719326354,random,degree,86,4,0.046511627906976744,3,0.03488372093023256,14
0.55,4189887030,random,degree,86,5,0.05813953488372093,4,0.046511627906976744,16
0.55,1427306318,random,degree,86,8,0.09302325581395349,8,0.09302325581395349,10
0.55,1316858433,random,degree,86,4,0.046511627906976744,3,0.03488372093023256,13
0.55,2062850220,random,degree,86,4,0.046511627906976744,4,0.046511627906976744,8
0.55,4084533347,random,degree,86,6,0.06976744186046512,4,0.046511627906976744,9
0.55,3821119834,random,degree,86,6,0.06976744186046512,4,0.046511627906976744,16
0.55,3227208118,random,degree,86,4,0.046511627906976744,3,0.03488372093023256,15
0.55,1697113563,random,degree,86,5,0.05813953488372093,4,0.046511627906976744,13
0.55,955168294,random,degree,86,8,0.09302325581395349,6,0.06976744186046512,10
0.55,4113364486,random,degree,86,4,0.046511627906976744,4,0.046511627906976744,11
0.55,3143980133,random,degree,86,5,0.05813953488372093,5,0.05813953488372093,10
0.55,2732679515,random,degree,86,5,0.05813953488372093,3,0.03488372093023256,11
0.55,2274711659,random,degree,86,5,0.05813953488372093,4,0.046511627906976744,14
0.55,3744660228,random,degree,86,6,0.06976744186046512,5,0.05813953488372093,12
0.55,2816190435,random,degree,86,6,0.06976744186046512,4,0.046511627906976744,12
0.55,2756947702,random,degree,86,5,0.05813953488372093,4,0.046511627906976744,8
0.55,1275879745,random,degree,86,4,0.046511627906976744,4,0.046511627906976744,11
0.55,1203763519,random,degree,86,5,0.05813953488372093,3,0.03488372093023256,10
0.55,1518233511,random,degree,86,5,0.05813953488372093,4,0.046511627906976744,10
0.55,4031286762,random,degree,86,4,0.046511627906976744,4,0.046511627906976744,9
0.55,93459251,random,degree,86,5,0.05813953488372093,4,0.046511627906976744,11
0.55,3064488833,random,degree,86,5,0.05813953488372093,5,0.05813953488372093,6
0.55,3233233107,random,degree,86,6,0.06976744186046512,3,0.03488372093023256,17
0.55,2261363585,random,degree,86,6,0.06976744186046512,4,0.046511627906976744,18
0.55,2448541490,random,degree,86,4,0.046511627906976744,3,0.03488372093023256,15
0.55,496246509,random,degree,86,5,0.05813953488372093,3,0.03488372093023256,11
0.55,516164303,random,degree,86,5,0.05813953488372093,4,0.046511627906976744,12
0.55,2858501550,random,degree,86,5,0.05813953488372093,4,0.046511627906976744,12
0.55,2857285943,random,degree,86,4,0.046511627906976744,4,0.046511627906976744,15
0.55,1839982735,random,degree,86,5,0.05813953488372093,5,0.05813953488372093,14
0.55,2735962326,random,degree,86,4,0.046511627906976744,4,0.046511627906976744,6
0.55,177105959,random,degree,86,4,0.046511627906976744,3,0.03488372093023256,13
0.55,132027639,random,degree,86,6,0.06976744186046512,4,0.046511627906976744,13
0.55,91736229,random,degree,86,8,0.09302325581395349,4,0.046511627906976744,11
0.55,1634909247,random,degree,86,7,0.08139534883720931,4,0.046511627906976744,4
0.55,3972098974,random,degree,86,5,0.05813953488372093,5,0.05813953488372093,9
0.55,3286218335,random,degree,86,5,0.05813953488372093,3,0.03488372093023256,10
0.55,1779625962,random,degree,86,5,0.05813953488372093,3,0.03488372093023256,12
0.55,2872933985,random,degree,86,7,0.08139534883720931,5,0.05813953488372093,14
0.56,2141830014,random,degree,86,5,0.05813953488372093,4,0.046511627906976744,10
0.56,310275186,random,degree,86,3,0.03488372093023256,3,0.03488372093023256,17
0.56,3631875328,random,degree,86,4,0.046511627906976744,3,0.03488372093023256,16
0.56,274108788,random,degree,86,5,0.05813953488372093,3,0.03488372093023256,17
0.56,2939559042,random,degree,86,7,0.08139534883720931,5,0.05813953488372093,13
0.56,2738115611,random,degree,86,6,0.06976744186046512,4,0.046511627906976744,17
0.56,2004530412,random,degree,86,3,0.03488372093023256,3,0.03488372093023256,11
0.56,725415256,random,degree,86,4,0.046511627906976744,4,0.046511627906976744,8
0.56,827496013,random,degree,86,4,0.046511627906976744,4,0.046511627906976744,12
0.56,1576793012,random,degree,86,3,0.03488372093023256,3,0.03488372093023256,18
0.56,2446587226,random,degree,86,5,0.05813953488372093,5,0.05813953488372093,12
0.56,2265854263,random,degree,86,3,0.03488372093023256,3,0.03488372093023256,12
0.56,30367588,random,degree,86,7,0.08139534883720931,3,0.03488372093023256,14
0.56,918463237,random,degree,86,4,0.046511627906976744,4,0.046511627906976744,13
0.56,437164252,random,degree,86,4,0.046511627906976744,3,0.03488372093023256,14
0.56,3086761833,random,degree,86,5,0.05813953488372093,3,0.03488372093023256,8
0.56,2397789227,random,degree,86,8,0.09302325581395349,3,0.03488372093023256,13
0.56,3986196474,random,degree,86,4,0.046511627906976744,3,0.03488372093023256,10
0.56,131828722,random,degree,86,4,0.046511627906976744,3,0.03488372093023256,22
0.56,759910094,random,degree,86,4,0.046511627906976744,3,0.03488372093023256,13
0.56,1384448913,random,degree,86,5,0.05813953488372093,5,0.05813953488372093,10
0.56,3026685083,random,degree,86,6,0.06976744186046512,4,0.046511627906976744,10
0.56,1401659937,random,degree,86,5,0.05813953488372093,4,0.046511627906976744,10
0.56,2069743334,random,degree,86,4,0.046511627906976744,3,0.03488372093023256,13
0.56,2768979510,random,degree,86,3,0.03488372093023256,3,0.03488372093023256,17
0.56,2153329650,random,degree,86,6,0.06976744186046512,5,0.05813953488372093,15
0.56,2092567443,random,degree,86,6,0.06976744186046512,3,0.03488372093023256,13
0.56,4033478840,random,degree,86,4,0.046511627906976744,3,0.03488372093023256,22
0.56,3139307224,random,degree,86,9,0.10465116279069768,3,0.03488372093023256,15
0.56,2434747515,random,degree,86,5,0.05813953488372093,3,0.03488372093023256,12
0.56,2601452610,random,degree,86,4,0.046511627906976744,3,0.03488372093023256,15
0.56,399190174,random,degree,86,4,0.046511627906976744,4,0.046511627906976744,12
0.56,1347649660,random,degree,86,6,0.06976744186046512,5,0.05813953488372093,13
0.56,869687614,random,degree,86,8,0.09302325581395349,5,0.05813953488372093,14
0.56,1268000208,random,degree,86,3,0.03488372093023256,3,0.03488372093023256,11
0.56,3785732141,random,degree,86,3,0.03488372093023256,3,0.03488372093023256,15
0.56,1373565731,random,degree,86,7,0.08139534883720931,4,0.046511627906976744,11
0.56,2351419742,random,degree,86,5,0.05813953488372093,3,0.03488372093023256,16
0.56,2886725689,random,degree,86,4,0.046511627906976744,3,0.03488372093023256,19
0.56,263585120,random,degree,86,4,0.046511627906976744,3,0.03488372093023256,15
0.56,2628251409,random,degree,86,3,0.03488372093023256,3,0.03488372093023256,15
0.56,1548894697,random,degree,86,4,0.046511627906976744,4,0.046511627906976744,12
0.56,998042902,random,degree,86,4,0.046511627906976744,4,0.046511627906976744,13
0.56,595631269,random,degree,86,5,0.05813953488372093,4,0.046511627906976744,10
0.56,2430720474,random,degree,86,7,0.08139534883720931,3,0.03488372093023256,14
0.56,2799174856,random,degree,86,4,0.046511627906976744,3,0.03488372093023256,10
0.56,2537722593,random,degree,86,6,0.06976744186046512,3,0.03488372093023256,7
0.56,450735783,random,degree,86,4,0.046511627906976744,4,0.046511627906976744,15
0.56,1983520420,random,degree,86,5,0.05813953488372093,4,0.046511627906976744,10
0.56,4288723679,random,degree,86,7,0.08139534883720931,3,0.03488372093023256,14
0.56,3583305133,random,degree,86,4,0.046511627906976744,4,0.046511627906976744,11
0.56,1955286550,random,degree,86,7,0.08139534883720931,4,0.046511627906976744,11
0.56,1571879533,random,degree,86,4,0.046511627906976744,3,0.03488372093023256,11
0.56,3799817539,random,degree,86,5,0.05813953488372093,4,0.046511627906976744,11
0.56,208554208,random,degree,86,5,0.05813953488372093,4,0.046511627906976744,15
0.56,3451700958,random,degree,86,5,0.05813953488372093,3,0.03488372093023256,12
0.56,2902867798,random,degree,86,5,0.05813953488372093,4,0.046511627906976744,8
0.56,1678405992,random,degree,86,8,0.09302325581395349,3,0.03488372093023256,13
0.56,597369268,random,degree,86,4,0.046511627906976744,3,0.03488372093023256,16
0.56,3392538643,random,degree,86,6,0.06976744186046512,4,0.046511627906976744,15
0.56,3076479122,random,degree,86,7,0.08139534883720931,5,0.05813953488372093,11
0.56,2501006883,random,degree,86,6,0.06976744186046512,3,0.03488372093023256,13
0.56,33166775,random,degree,86,3,0.03488372093023256,3,0.03488372093023256,16
0.56,4099811400,random,degree,86,6,0.06976744186046512,3,0.03488372093023256,12
0.56,3618268944,random,degree,86,5,0.05813953488372093,4,0.046511627906976744,13
0.56,2593376438,random,degree,86,8,0.09302325581395349,4,0.046511627906976744,14
0.56,2532931293,random,degree,86,5,0.05813953488372093,5,0.05813953488372093,15
0.56,3343192020,random,degree,86,5,0.05813953488372093,4,0.046511627906976744,13
0.56,2218333112,random,degree,86,7,0.08139534883720931,4,0.046511627906976744,9
0.56,2449500792,random,degree,86,6,0.06976744186046512,5,0.05813953488372093,12
0.56,309436080,random,degree,86,3,0.03488372093023256,3,0.03488372093023256,16
0.56,1098528694,random,degree,86,5,0.05813953488372093,4,0.046511627906976744,16
0.56,2669272678,random,degree,86,4,0.046511627906976744,4,0.046511627906976744,16
0.56,882023057,random,degree,86,4,0.046511627906976744,3,0.03488372093023256,10
0.56,3730455,random,degree,86,4,0.046511627906976744,3,0.03488372093023256,14
0.56,2920853557,random,degree,86,6,0.06976744186046512,4,0.046511627906976744,11
0.56,3579290553,random,degree,86,5,0.05813953488372093,5,0.05813953488372093,15
0.56,938477518,random,degree,86,4,0.046511627906976744,3,0.03488372093023256,15
0.56,3856427393,random,degree,86,4,0.046511627906976744,3,0.03488372093023256,21
0.56,4236968129,random,degree,86,4,0.046511627906976744,4,0.046511627906976744,11
0.56,2021055903,random,degree,86,5,0.05813953488372093,4,0.046511627906976744,13
0.56,3307107945,random,degree,86,5,0.05813953488372093,4,0.046511627906976744,13
0.56,836264055,random,degree,86,6,0.06976744186046512,5,0.05813953488372093,8
0.56,4030907373,random,degree,86,5,0.05813953488372093,4,0.046511627906976744,15
0.56,327871161,random,degree,86,4,0.046511627906976744,4,0.046511627906976744,8
0.56,577714209,random,degree,86,5,0.05813953488372093,3,0.03488372093023256,13
0.56,3043552965,random,degree,86,5,0.05813953488372093,3,0.03488372093023256,12
0.56,1608248579,random,degree,86,4,0.046511627906976744,3,0.03488372093023256,8
0.56,3724000533,random,degree,86,6,0.06976744186046512,4,0.046511627906976744,14
0.56,2850534829,random,degree,86,10,0.11627906976744186,6,0.06976744186046512,10
0.56,847735324,random,degree,86,5,0.05813953488372093,4,0.046511627906976744,11
0.56,3484447921,random,degree,86,5,0.05813953488372093,3,0.03488372093023256,13
0.56,304216737,random,degree,86,4,0.046511627906976744,3,0.03488372093023256,18
0.56,3813294566,random,degree,86,4,0.046511627906976744,3,0.03488372093023256,13
0.56,174239270,random,degree,86,5,0.05813953488372093,4,0.046511627906976744,16
0.56,804670158,random,degree,86,4,0.046511627906976744,4,0.046511627906976744,18
0.56,3398238799,random,degree,86,4,0.046511627906976744,4,0.046511627906976744,15
0.56,1135300750,random,degree,86,6,0.06976744186046512,5,0.05813953488372093,13
0.56,559884699,random,degree,86,6,0.06976744186046512,4,0.046511627906976744,9
0.56,3972978935,random,degree,86,4,0.046511627906976744,4,0.046511627906976744,10
0.57,2848575681,random,degree,86,5,0.05813953488372093,4,0.046511627906976744,8
0.57,200444425,random,degree,86,5,0.05813953488372093,3,0.03488372093023256,15
0.57,1166300131,random,degree,86,5,0.05813953488372093,3,0.03488372093023256,11
0.57,1123778632,random,degree,86,7,0.08139534883720931,6,0.06976744186046512,10
0.57,2574119810,random,degree,86,6,0.06976744186046512,4,0.046511627906976744,13
0.57,3318813210,random,degree,86,3,0.03488372093023256,3,0.03488372093023256,12
0.57,4254908409,random,degree,86,5,0.05813953488372093,4,0.046511627906976744,10
0.57,170694173,random,degree,86,4,0.046511627906976744,4,0.046511627906976744,14
0.57,110127939,random,degree,86,5,0.05813953488372093,3,0.03488372093023256,12
0.57,1939945951,random,degree,86,4,0.046511627906976744,4,0.046511627906976744,12
0.57,4276800142,random,degree,86,4,0.046511627906976744,3,0.03488372093023256,16
0.57,2237888318,random,degree,86,5,0.05813953488372093,4,0.046511627906976744,11
0.57,980830378,random,degree,86,5,0.05813953488372093,4,0.046511627906976744,15
0.57,4223272131,random,degree,86,4,0.046511627906976744,3,0.03488372093023256,12
0.57,1394122376,random,degree,86,6,0.06976744186046512,4,0.046511627906976744,13
0.57,4123437009,random,degree,86,7,0.08139534883720931,5,0.05813953488372093,7
0.57,4192316351,random,degree,86,4,0.046511627906976744,3,0.03488372093023256,18
0.57,1696832781,random,degree,86,6,0.06976744186046512,5,0.05813953488372093,8
0.57,2798047044,random,degree,86,4,0.046511627906976744,3,0.03488372093023256,14
0.57,1424646984,random,degree,86,5,0.05813953488372093,5,0.05813953488372093,12
0.57,3227154883,random,degree,86,7,0.08139534883720931,4,0.046511627906976744,8
0.57,1140037854,random,degree,86,6,0.06976744186046512,5,0.05813953488372093,13
0.57,3992781069,random,degree,86,4,0.046511627906976744,3,0.03488372093023256,15
0.57,1317516800,random,degree,86,3,0.03488372093023256,3,0.03488372093023256,19
0.57,1952281927,random,degree,86,5,0.05813953488372093,5,0.05813953488372093,13
0.57,763132740,random,degree,86,3,0.03488372093023256,3,0.03488372093023256,12
0.57,1635356863,random,degree,86,7,0.08139534883720931,3,0.03488372093023256,19
0.57,602161231,random,degree,86,4,0.046511627906976744,4,0.046511627906976744,14
0.57,2657126401,random,degree,86,3,0.03488372093023256,3,0.03488372093023256,18
0.57,779744032,random,degree,86,5,0.05813953488372093,4,0.046511627906976744,15
0.57,177677635,random,degree,86,3,0.03488372093023256,3,0.03488372093023256,16
0.57,558324856,random,degree,86,3,0.03488372093023256,3,0.03488372093023256,18
0.57,1915768379,random,degree,86,6,0.06976744186046512,4,0.046511627906976744,15
0.57,1437634451,random,degree,86,4,0.046511627906976744,4,0.046511627906976744,15
0.57,562016289,random,degree,86,7,0.08139534883720931,4,0.046511627906976744,9
0.57,1924896058,random,degree,86,6,0.06976744186046512,3,0.03488372093023256,15
0.57,3781226239,random,degree,86,4,0.046511627906976744,3,0.03488372093023256,14
0.57,1447558560,random,degree,86,6,0.06976744186046512,4,0.046511627906976744,15
0.57,2850418862,random,degree,86,4,0.046511627906976744,4,0.046511627906976744,16
0.57,2130187948,random,degree,86,5,0.05813953488372093,3,0.03488372093023256,11
0.57,3120909899,random,degree,86,9,0.10465116279069768,4,0.046511627906976744,5
0.57,2513952908,random,degree,86,4,0.046511627906976744,4,0.046511627906976744,12
0.57,4021907937,random,degree,86,6,0.06976744186046512,4,0.046511627906976744,12
0.57,2399022345,random,degree,86,3,0.03488372093023256,3,0.03488372093023256,16
0.57,1171960232,random,degree,86,7,0.08139534883720931,3,0.03488372093023256,14
0.57,4022790245,random,degree,86,5,0.05813953488372093,5,0.05813953488372093,9
0.57,407079731,random,degree,86,5,0.05813953488372093,4,0.046511627906976744,16
0.57,3451683489,random,degree,86,5,0.05813953488372093,3,0.03488372093023256,13
0.57,3201801489,random,degree,86,4,0.046511627906976744,4,0.046511627906976744,13
0.57,2562299618,random,degree,86,5,0.05813953488372093,4,0.046511627906976744,13
0.57,3526094173,random,degree,86,6,0.06976744186046512,4,0.046511627906976744,15
0.57,1302731686,random,degree,86,6,0.06976744186046512,4,0.046511627906976744,10
0.57,2131976710,random,degree,86,6,0.06976744186046512,3,0.03488372093023256,14
0.57,53487921,random,degree,86,5,0.05813953488372093,3,0.03488372093023256,18
0.57,335994248,random,degree,86,4,0.046511627906976744,3,0.03488372093023256,9
0.57,1152843836,random,degree,86,6,0.06976744186046512,5,0.05813953488372093,13
0.57,1661459700,random,degree,86,6,0.06976744186046512,3,0.03488372093023256,12
0.57,197982538,random,degree,86,4,0.046511627906976744,4,0.046511627906976744,11
0.57,2385443507,random,degree,86,5,0.05813953488372093,4,0.046511627906976744,9
0.57,2997899833,random,degree,86,6,0.06976744186046512,4,0.046511627906976744,9
0.57,1136082482,random,degree,86,7,0.08139534883720931,4,0.046511627906976744,14
0.57,3513686940,random,degree,86,7,0.08139534883720931,4,0.046511627906976744,9
0.57,1787486168,random,degree,86,3,0.03488372093023256,3,0.03488372093023256,20
0.57,2395643380,random,degree,86,6,0.06976744186046512,5,0.05813953488372093,13
0.57,1551445225,random,degree,86,4,0.046511627906976744,4,0.046511627906976744,11
0.57,288020701,random,degree,86,6,0.06976744186046512,4,0.046511627906976744,11
0.57,3482740345,random,degree,86,5,0.05813953488372093,4,0.046511627906976744,7
0.57,3622810609,random,degree,86,4,0.046511627906976744,4,0.046511627906976744,10
0.57,322623155,random,degree,86,4,0.046511627906976744,4,0.046511627906976744,10
0.57,932244642,random,degree,86,7,0.08139534883720931,2,0.023255813953488372,14
0.57,1791395132,random,degree,86,4,0.046511627906976744,4,0.046511627906976744,15
0.57,3105946706,random,degree,86,6,0.06976744186046512,3,0.03488372093023256,9
0.57,507609262,random,degree,86,5,0.05813953488372093,4,0.046511627906976744,9
0.57,2032455648,random,degree,86,5,0.05813953488372093,5,0.05813953488372093,18
0.57,448618184,random,degree,86,4,0.046511627906976744,3,0.03488372093023256,14
0.57,683506083,random,degree,86,4,0.046511627906976744,3,0.03488372093023256,13
0.57,817122854,random,degree,86,4,0.046511627906976744,3,0.03488372093023256,11
0.57,2523424772,random,degree,86,4,0.046511627906976744,3,0.03488372093023256,10
0.57,2643787576,random,degree,86,3,0.03488372093023256,3,0.03488372093023256,8
0.57,2663635298,random,degree,86,5,0.05813953488372093,4,0.046511627906976744,12
0.57,88086553,random,degree,86,7,0.08139534883720931,4,0.046511627906976744,10
0.57,519227998,random,degree,86,5,0.05813953488372093,4,0.046511627906976744,13
0.57,1315740363,random,degree,86,5,0.05813953488372093,4,0.046511627906976744,6
0.57,2339310783,random,degree,86,5,0.05813953488372093,5,0.05813953488372093,15
0.57,1020624703,random,degree,86,8,0.09302325581395349,4,0.046511627906976744,11
0.57,2826884918,random,degree,86,6,0.06976744186046512,5,0.05813953488372093,16
0.57,3454374097,random,degree,86,7,0.08139534883720931,4,0.046511627906976744,11
0.57,2036532951,random,degree,86,5,0.05813953488372093,4,0.046511627906976744,10
0.57,2794193779,random,degree,86,5,0.05813953488372093,3,0.03488372093023256,7
0.57,4034523452,random,degree,86,7,0.08139534883720931,4,0.046511627906976744,13
0.57,280301295,random,degree,86,6,0.06976744186046512,5,0.05813953488372093,13
0.57,611117986,random,degree,86,7,0.08139534883720931,5,0.05813953488372093,13
0.57,2932136051,random,degree,86,3,0.03488372093023256,3,0.03488372093023256,12
0.57,3399677413,random,degree,86,4,0.046511627906976744,4,0.046511627906976744,14
0.57,968634095,random,degree,86,4,0.046511627906976744,4,0.046511627906976744,9
0.57,835658775,random,degree,86,4,0.046511627906976744,3,0.03488372093023256,15
0.57,579357842,random,degree,86,6,0.06976744186046512,4,0.046511627906976744,13
0.57,537603088,random,degree,86,9,0.10465116279069768,4,0.046511627906976744,9
0.57,3644045904,random,degree,86,3,0.03488372093023256,3,0.03488372093023256,11
0.57,149929166,random,degree,86,5,0.05813953488372093,4,0.046511627906976744,17
0.58,21630972,random,degree,86,5,0.05813953488372093,4,0.046511627906976744,9
0.58,3920554969,random,degree,86,3,0.03488372093023256,3,0.03488372093023256,19
0.58,1491969200,random,degree,86,3,0.03488372093023256,3,0.03488372093023256,16
0.58,1431981488,random,degree,86,4,0.046511627906976744,4,0.046511627906976744,13
0.58,1234185939,random,degree,86,3,0.03488372093023256,3,0.03488372093023256,12
0.58,3241526928,random,degree,86,5,0.05813953488372093,4,0.046511627906976744,12
0.58,3631929863,random,degree,86,8,0.09302325581395349,4,0.046511627906976744,14
0.58,4261543006,random,degree,86,5,0.05813953488372093,3,0.03488372093023256,9
0.58,2361757005,random,degree,86,6,0.06976744186046512,3,0.03488372093023256,13
0.58,688810207,random,degree,86,3,0.03488372093023256,3,0.03488372093023256,20
0.58,544125040,random,degree,86,3,0.03488372093023256,3,0.03488372093023256,15
0.58,3984047754,random,degree,86,6,0.06976744186046512,4,0.046511627906976744,11
0.58,1895546501,random,degree,86,3,0.03488372093023256,3,0.03488372093023256,15
0.58,1989213626,random,degree,86,4,0.046511627906976744,3,0.03488372093023256,14
0.58,2599749778,random,degree,86,6,0.06976744186046512,3,0.03488372093023256,13
0.58,2834321213,random,degree,86,7,0.08139534883720931,4,0.046511627906976744,11
0.58,3460345102,random,degree,86,9,0.10465116279069768,3,0.03488372093023256,15
0.58,3413137875,random,degree,86,5,0.05813953488372093,3,0.03488372093023256,13
0.58,473221390,random,degree,86,6,0.06976744186046512,4,0.046511627906976744,12
0.58,3569149922,random,degree,86,4,0.046511627906976744,4,0.046511627906976744,15
0.58,2350340454,random,degree,86,7,0.08139534883720931,2,0.023255813953488372,15
0.58,1059541861,random,degree,86,4,0.046511627906976744,4,0.046511627906976744,13
0.58,1359638562,random,degree,86,4,0.046511627906976744,4,0.046511627906976744,20
0.58,2585960168,random,degree,86,4,0.046511627906976744,3,0.03488372093023256,11
0.58,3468281811,random,degree,86,5,0.05813953488372093,4,0.046511627906976744,11
0.58,2038405588,random,degree,86,3,0.03488372093023256,3,0.03488372093023256,9
0.58,3765557784,random,degree,86,4,0.046511627906976744,4,0.046511627906976744,10
0.58,4016751818,random,degree,86,5,0.05813953488372093,5,0.05813953488372093,5
0.58,535982636,random,degree,86,3,0.03488372093023256,3,0.03488372093023256,12
0.58,3933867991,random,degree,86,4,0.046511627906976744,3,0.03488372093023256,12
0.58,3387340828,random,degree,86,4,0.046511627906976744,3,0.03488372093023256,17
0.58,2683600233,random,degree,86,3,0.03488372093023256,3,0.03488372093023256,14
0.58,1846829915,random,degree,86,6,0.06976744186046512,3,0.03488372093023256,17
0.58,2196988083,random,degree,86,7,0.08139534883720931,5,0.05813953488372093,18
0.58,120524639,random,degree,86,5,0.05813953488372093,2,0.023255813953488372,15
0.58,3028883907,random,degree,86,4,0.046511627906976744,3,0.03488372093023256,17
0.58,1869952999,random,degree,86,4,0.046511627906976744,4,0.046511627906976744,11
0.58,459844320,random,degree,86,4,0.046511627906976744,3,0.03488372093023256,13
0.58,1137744932,random,degree,86,4,0.046511627906976744,3,0.03488372093023256,14
0.58,2777638948,random,degree,86,5,0.05813953488372093,4,0.046511627906976744,11
0.58,1953896043,random,degree,86,4,0.046511627906976744,3,0.03488372093023256,17
0.58,400877395,random,degree,86,3,0.03488372093023256,3,0.03488372093023256,14
0.58,3680010279,random,degree,86,3,0.03488372093023256,3,0.03488372093023256,13
0.58,2842531146,random,degree,86,5,0.05813953488372093,4,0.046511627906976744,13
0.58,357414334,random,degree,86,5,0.05813953488372093,4,0.046511627906976744,10
0.58,1081336112,random,degree,86,4,0.046511627906976744,3,0.03488372093023256,10
0.58,1970804506,random,degree,86,4,0.046511627906976744,3,0.03488372093023256,20
0.58,3972404436,random,degree,86,5,0.05813953488372093,4,0.046511627906976744,15
0.58,508777000,random,degree,86,4,0.046511627906976744,4,0.046511627906976744,10
0.58,3598163667,random,degree,86,4,0.046511627906976744,3,0.03488372093023256,13
0.58,868345438,random,degree,86,3,0.03488372093023256,3,0.03488372093023256,13
0.58,2347423608,random,degree,86,7,0.08139534883720931,3,0.03488372093023256,12
0.58,4125354984,random,degree,86,5,0.05813953488372093,4,0.046511627906976744,15
0.58,3958815891,random,degree,86,4,0.046511627906976744,3,0.03488372093023256,13
0.58,1019366945,random,degree,86,7,0.08139534883720931,3,0.03488372093023256,12
0.58,2841749646,random,degree,86,9,0.10465116279069768,3,0.03488372093023256,7
0.58,4139235891,random,degree,86,5,0.05813953488372093,3,0.03488372093023256,13
0.58,1848425786,random,degree,86,5,0.05813953488372093,4,0.046511627906976744,10
0.58,877181384,random,degree,86,4,0.046511627906976744,4,0.046511627906976744,18
0.58,11270281,random,degree,86,3,0.03488372093023256,3,0.03488372093023256,13
0.58,751496613,random,degree,86,4,0.046511627906976744,4,0.046511627906976744,13
0.58,314405254,random,degree,86,4,0.046511627906976744,3,0.03488372093023256,15
0.58,3124825381,random,degree,86,4,0.046511627906976744,2,0.023255813953488372,18
0.58,124020340,random,degree,86,4,0.046511627906976744,3,0.03488372093023256,15
0.58,1518034237,random,degree,86,8,0.09302325581395349,5,0.05813953488372093,6
0.58,357234136,random,degree,86,3,0.03488372093023256,3,0.03488372093023256,11
0.58,3784075798,random,degree,86,4,0.046511627906976744,4,0.046511627906976744,13
0.58,2594307852,random,degree,86,5,0.05813953488372093,3,0.03488372093023256,9
0.58,2837772332,random,degree,86,4,0.046511627906976744,3,0.03488372093023256,16
0.58,227455665,random,degree,86,5,0.05813953488372093,5,0.05813953488372093,10
0.58,3295243784,random,degree,86,5,0.05813953488372093,3,0.03488372093023256,12
0.58,900330863,random,degree,86,4,0.046511627906976744,3,0.03488372093023256,21
0.58,3768830554,random,degree,86,5,0.05813953488372093,2,0.023255813953488372,15
0.58,2232189588,random,degree,86,3,0.03488372093023256,3,0.03488372093023256,15
0.58,3950746684,random,degree,86,3,0.03488372093023256,3,0.03488372093023256,8
0.58,2214386735,random,degree,86,5,0.05813953488372093,4,0.046511627906976744,12
0.58,860944855,random,degree,86,7,0.08139534883720931,4,0.046511627906976744,12
0.58,2725908319,random,degree,86,3,0.03488372093023256,3,0.03488372093023256,16
0.58,1294056040,random,degree,86,7,0.08139534883720931,4,0.046511627906976744,18
0.58,157383517,random,degree,86,5,0.05813953488372093,5,0.05813953488372093,11
0.58,1548050649,random,degree,86,5,0.05813953488372093,4,0.046511627906976744,16
0.58,1070489793,random,degree,86,7,0.08139534883720931,5,0.05813953488372093,10
0.58,4105056930,random,degree,86,10,0.11627906976744186,3,0.03488372093023256,14
0.58,3949448,random,degree,86,4,0.046511627906976744,3,0.03488372093023256,15
0.58,99614827,random,degree,86,4,0.046511627906976744,3,0.03488372093023256,16
0.58,2096395420,random,degree,86,5,0.05813953488372093,4,0.046511627906976744,13
0.58,3226925058,random,degree,86,5,0.05813953488372093,4,0.046511627906976744,17
0.58,2765295574,random,degree,86,3,0.03488372093023256,3,0.03488372093023256,11
0.58,570400899,random,degree,86,4,0.046511627906976744,4,0.046511627906976744,11
0.58,3020604277,random,degree,86,10,0.11627906976744186,6,0.06976744186046512,3
0.58,3611554049,random,degree,86,4,0.046511627906976744,4,0.046511627906976744,14
0.58,1144111957,random,degree,86,5,0.05813953488372093,2,0.023255813953488372,15
0.58,161591097,random,degree,86,4,0.046511627906976744,3,0.03488372093023256,12
0.58,2787285437,random,degree,86,5,0.05813953488372093,3,0.03488372093023256,16
0.58,971980430,random,degree,86,6,0.06976744186046512,3,0.03488372093023256,13
0.58,2930434220,random,degree,86,11,0.12790697674418605,3,0.03488372093023256,13
0.58,2068848256,random,degree,86,6,0.06976744186046512,4,0.046511627906976744,14
0.58,2398755729,random,degree,86,6,0.06976744186046512,2,0.023255813953488372,14
0.58,1243233185,random,degree,86,4,0.046511627906976744,4,0.046511627906976744,15
0.58,2901203432,random,degree,86,6,0.06976744186046512,4,0.046511627906976744,13
0.59,3294934761,random,degree,86,5,0.05813953488372093,3,0.03488372093023256,12
0.59,2390679897,random,degree,86,5,0.05813953488372093,4,0.046511627906976744,10
0.59,2951778909,random,degree,86,5,0.05813953488372093,4,0.046511627906976744,12
0.59,2840776414,random,degree,86,4,0.046511627906976744,3,0.03488372093023256,9
0.59,2842824074,random,degree,86,7,0.08139534883720931,5,0.05813953488372093,12
0.59,1972054794,random,degree,86,5,0.05813953488372093,5,0.05813953488372093,12
0.59,747146539,random,degree,86,7,0.08139534883720931,4,0.046511627906976744,11
0.59,2265289220,random,degree,86,3,0.03488372093023256,3,0.03488372093023256,19
0.59,1961212143,random,degree,86,5,0.05813953488372093,3,0.03488372093023256,17
0.59,2134313178,random,degree,86,5,0.05813953488372093,3,0.03488372093023256,13
0.59,2603755805,random,degree,86,4,0.046511627906976744,3,0.03488372093023256,9
0.59,368035771,random,degree,86,4,0.046511627906976744,3,0.03488372093023256,14
0.59,405867052,random,degree,86,5,0.05813953488372093,3,0.03488372093023256,11
0.59,3715373646,random,degree,86,4,0.046511627906976744,3,0.03488372093023256,14
0.59,3832364376,random,degree,86,8,0.09302325581395349,3,0.03488372093023256,14
0.59,609712436,random,degree,86,5,0.05813953488372093,4,0.046511627906976744,12
0.59,851303103,random,degree,86,3,0.03488372093023256,3,0.03488372093023256,15
0.59,3040304057,random,degree,86,8,0.09302325581395349,3,0.03488372093023256,14
0.59,1607171188,random,degree,86,4,0.046511627906976744,4,0.046511627906976744,15
0.59,3928869671,random,degree,86,3,0.03488372093023256,3,0.03488372093023256,7
0.59,859614715,random,degree,86,3,0.03488372093023256,3,0.03488372093023256,12
0.59,2484224335,random,degree,86,5,0.05813953488372093,3,0.03488372093023256,13
0.59,1249833567,random,degree,86,5,0.05813953488372093,4,0.046511627906976744,14
0.59,3442510930,random,degree,86,6,0.06976744186046512,3,0.03488372093023256,8
0.59,2073065300,random,degree,86,5,0.05813953488372093,3,0.03488372093023256,12
0.59,3530556937,random,degree,86,6,0.06976744186046512,4,0.046511627906976744,10
0.59,748188249,random,degree,86,4,0.046511627906976744,3,0.03488372093023256,17
0.59,1183506672,random,degree,86,5,0.05813953488372093,4,0.046511627906976744,17
0.59,2434425393,random,degree,86,6,0.06976744186046512,5,0.05813953488372093,9
0.59,2091029878,random,degree,86,3,0.03488372093023256,3,0.03488372093023256,13
0.59,1561327651,random,degree,86,9,0.10465116279069768,3,0.03488372093023256,7
0.59,3239973562,random,degree,86,4,0.046511627906976744,3,0.03488372093023256,10
0.59,1781383820,random,degree,86,5,0.05813953488372093,4,0.046511627906976744,11
0.59,2630814550,random,degree,86,4,0.046511627906976744,3,0.03488372093023256,11
0.59,1876788248,random,degree,86,3,0.03488372093023256,3,0.03488372093023256,15
0.59,994010084,random,degree,86,6,0.06976744186046512,5,0.05813953488372093,10
0.59,723933339,random,degree,86,4,0.046511627906976744,3,0.03488372093023256,10
0.59,3069269972,random,degree,86,4,0.046511627906976744,4,0.046511627906976744,14
0.59,2430180661,random,degree,86,5,0.05813953488372093,5,0.05813953488372093,15
0.59,1063513191,random,degree,86,4,0.046511627906976744,4,0.046511627906976744,14
0.59,2945065488,random,degree,86,5,0.05813953488372093,4,0.046511627906976744,10
0.59,2815966336,random,degree,86,3,0.03488372093023256,3,0.03488372093023256,15
0.59,2426734743,random,degree,86,6,0.06976744186046512,4,0.046511627906976744,9
0.59,3175196771,random,degree,86,5,0.05813953488372093,4,0.046511627906976744,12
0.59,567697437,random,degree,86,4,0.046511627906976744,3,0.03488372093023256,16
0.59,2205602111,random,degree,86,6,0.06976744186046512,4,0.046511627906976744,11
0.59,2605601366,random,degree,86,4,0.046511627906976744,4,0.046511627906976744,11
0.59,2216366360,random,degree,86,5,0.05813953488372093,4,0.046511627906976744,12
0.59,1954282667,random,degree,86,3,0.03488372093023256,2,0.023255813953488372,18
0.59,2892917490,random,degree,86,6,0.06976744186046512,4,0.046511627906976744,14
0.59,292933588,random,degree,86,3,0.03488372093023256,3,0.03488372093023256,18
0.59,701430719,random,degree,86,5,0.05813953488372093,5,0.05813953488372093,13
0.59,3319253196,random,degree,86,7,0.08139534883720931,5,0.05813953488372093,15
0.59,2044713207,random,degree,86,4,0.046511627906976744,4,0.046511627906976744,15
0.59,2451240267,random,degree,86,3,0.03488372093023256,3,0.03488372093023256,15
0.59,4756112,random,degree,86,3,0.03488372093023256,3,0.03488372093023256,15
0.59,553520477,random,degree,86,8,0.09302325581395349,4,0.046511627906976744,13
0.59,993353023,random,degree,86,6,0.06976744186046512,4,0.046511627906976744,12
0.59,2378011589,random,degree,86,3,0.03488372093023256,3,0.03488372093023256,10
0.59,1820402667,random,degree,86,6,0.06976744186046512,3,0.03488372093023256,17
0.59,1361014925,random,degree,86,5,0.05813953488372093,4,0.046511627906976744,10
0.59,3287746014,random,degree,86,9,0.10465116279069768,3,0.03488372093023256,12
0.59,213598152,random,degree,86,6,0.06976744186046512,4,0.046511627906976744,17
0.59,3499365591,random,degree,86,6,0.06976744186046512,6,0.06976744186046512,10
0.59,3313633848,random,degree,86,6,0.06976744186046512,4,0.046511627906976744,12
0.59,2070519442,random,degree,86,7,0.08139534883720931,4,0.046511627906976744,10
0.59,3507064157,random,degree,86,5,0.05813953488372093,3,0.03488372093023256,11
0.59,2446837595,random,degree,86,3,0.03488372093023256,3,0.03488372093023256,13
0.59,2757702061,random,degree,86,4,0.046511627906976744,3,0.03488372093023256,10
0.59,673957502,random,degree,86,4,0.046511627906976744,3,0.03488372093023256,10
0.59,2241575317,random,degree,86,3,0.03488372093023256,3,0.03488372093023256,15
0.59,1463205019,random,degree,86,3,0.03488372093023256,3,0.03488372093023256,14
0.59,1667887388,random,degree,86,4,0.046511627906976744,3,0.03488372093023256,13
0.59,137305908,random,degree,86,6,0.06976744186046512,3,0.03488372093023256,12
0.59,2074880397,random,degree,86,4,0.046511627906976744,2,0.023255813953488372,11
0.59,4122289571,random,degree,86,4,0.046511627906976744,3,0.03488372093023256,13
0.59,3797696704,random,degree,86,5,0.05813953488372093,3,0.03488372093023256,13
0.59,1043605981,random,degree,86,4,0.046511627906976744,4,0.046511627906976744,14
0.59,1912748366,random,degree,86,3,0.03488372093023256,3,0.03488372093023256,14
0.59,897608908,random,degree,86,6,0.06976744186046512,4,0.046511627906976744,10
0.59,3361967156,random,degree,86,4,0.046511627906976744,3,0.03488372093023256,14
0.59,525659751,random,degree,86,5,0.05813953488372093,4,0.046511627906976744,13
0.59,496629171,random,degree,86,6,0.06976744186046512,3,0.03488372093023256,10
0.59,2399969318,random,degree,86,4,0.046511627906976744,4,0.046511627906976744,13
0.59,259943551,random,degree,86,7,0.08139534883720931,4,0.046511627906976744,13
0.59,2894981442,random,degree,86,5,0.05813953488372093,5,0.05813953488372093,13
0.59,3327099513,random,degree,86,4,0.046511627906976744,3,0.03488372093023256,17
0.59,1847308991,random,degree,86,4,0.046511627906976744,3,0.03488372093023256,9
0.59,3756018254,random,degree,86,5,0.05813953488372093,3,0.03488372093023256,15
0.59,3302295304,random,degree,86,4,0.046511627906976744,4,0.046511627906976744,15
0.59,2812450048,random,degree,86,8,0.09302325581395349,6,0.06976744186046512,9
0.59,106953310,random,degree,86,4,0.046511627906976744,3,0.03488372093023256,13
0.59,1104482220,random,degree,86,4,0.046511627906976744,3,0.03488372093023256,11
0.59,3826709554,random,degree,86,5,0.05813953488372093,4,0.046511627906976744,11
0.59,480599456,random,degree,86,4,0.046511627906976744,3,0.03488372093023256,14
0.59,55693868,random,degree,86,6,0.06976744186046512,4,0.046511627906976744,14
0.59,3418003661,random,degree,86,4,0.046511627906976744,3,0.03488372093023256,15
0.59,1062688623,random,degree,86,4,0.046511627906976744,3,0.03488372093023256,11
0.59,3050691030,random,degree,86,6,0.06976744186046512,3,0.03488372093023256,18
0.59,4238861729,random,degree,86,3,0.03488372093023256,3,0.03488372093023256,15
0.6,532367487,random,degree,86,4,0.046511627906976744,4,0.046511627906976744,17
0.6,842528948,random,degree,86,3,0.03488372093023256,3,0.03488372093023256,15
0.6,2697558949,random,degree,86,5,0.05813953488372093,4,0.046511627906976744,12
0.6,647429348,random,degree,86,4,0.046511627906976744,3,0.03488372093023256,13
0.6,1318537542,random,degree,86,5,0.05813953488372093,4,0.046511627906976744,11
0.6,2419674980,random,degree,86,3,0.03488372093023256,3,0.03488372093023256,11
0.6,3863289368,random,degree,86,3,0.03488372093023256,3,0.03488372093023256,17
0.6,291423143,random,degree,86,3,0.03488372093023256,3,0.03488372093023256,11
0.6,1419533943,random,degree,86,8,0.09302325581395349,4,0.046511627906976744,16
0.6,950421754,random,degree,86,3,0.03488372093023256,3,0.03488372093023256,14
0.6,3508408316,random,degree,86,3,0.03488372093023256,3,0.03488372093023256,14
0.6,255350235,random,degree,86,5,0.05813953488372093,3,0.03488372093023256,12
0.6,3517209671,random,degree,86,4,0.046511627906976744,3,0.03488372093023256,15
0.6,2203932456,random,degree,86,5,0.05813953488372093,4,0.046511627906976744,13
0.6,55920733,random,degree,86,4,0.046511627906976744,4,0.046511627906976744,11
0.6,4227332958,random,degree,86,6,0.06976744186046512,5,0.05813953488372093,6
0.6,1721324398,random,degree,86,4,0.046511627906976744,2,0.023255813953488372,12
0.6,1285427733,random,degree,86,3,0.03488372093023256,3,0.03488372093023256,20
0.6,2311464932,random,degree,86,10,0.11627906976744186,4,0.046511627906976744,16
0.6,2455821111,random,degree,86,5,0.05813953488372093,4,0.046511627906976744,8
0.6,1773498643,random,degree,86,8,0.09302325581395349,4,0.046511627906976744,6
0.6,3021392296,random,degree,86,7,0.08139534883720931,3,0.03488372093023256,7
0.6,2766346969,random,degree,86,5,0.05813953488372093,4,0.046511627906976744,10
0.6,2317234533,random,degree,86,3,0.03488372093023256,3,0.03488372093023256,11
0.6,717209618,random,degree,86,4,0.046511627906976744,3,0.03488372093023256,19
0.6,3279129196,random,degree,86,7,0.08139534883720931,3,0.03488372093023256,11
0.6,3506542098,random,degree,86,5,0.05813953488372093,2,0.023255813953488372,19
0.6,869538551,random,degree,86,4,0.046511627906976744,3,0.03488372093023256,14
0.6,1405986954,random,degree,86,4,0.046511627906976744,4,0.046511627906976744,7
0.6,1829061728,random,degree,86,3,0.03488372093023256,3,0.03488372093023256,12
0.6,2047324233,random,degree,86,5,0.05813953488372093,4,0.046511627906976744,8
0.6,2842996624,random,degree,86,6,0.06976744186046512,4,0.046511627906976744,12
0.6,2157401113,random,degree,86,5,0.05813953488372093,3,0.03488372093023256,18
0.6,3025187828,random,degree,86,5,0.05813953488372093,3,0.03488372093023256,12
0.6,77094543,random,degree,86,3,0.03488372093023256,3,0.03488372093023256,15
0.6,687356250,random,degree,86,4,0.046511627906976744,4,0.046511627906976744,13
0.6,545274694,random,degree,86,4,0.046511627906976744,3,0.03488372093023256,14
0.6,2924591702,random,degree,86,7,0.08139534883720931,5,0.05813953488372093,16
0.6,746449919,random,degree,86,4,0.046511627906976744,4,0.046511627906976744,16
0.6,3034582085,random,degree,86,4,0.046511627906976744,3,0.03488372093023256,16
0.6,2867809751,random,degree,86,5,0.05813953488372093,3,0.03488372093023256,7
0.6,3131636511,random,degree,86,9,0.10465116279069768,3,0.03488372093023256,13
0.6,556760182,random,degree,86,2,0.023255813953488372,2,0.023255813953488372,14
0.6,4223538308,random,degree,86,6,0.06976744186046512,3,0.03488372093023256,14
0.6,449390281,random,degree,86,3,0.03488372093023256,3,0.03488372093023256,14
0.6,636889944,random,degree,86,3,0.03488372093023256,3,0.03488372093023256,12
0.6,3647183051,random,degree,86,4,0.046511627906976744,3,0.03488372093023256,14
0.6,3287480706,random,degree,86,9,0.10465116279069768,4,0.046511627906976744,9
0.6,1131349350,random,degree,86,5,0.05813953488372093,4,0.046511627906976744,14
0.6,963577929,random,degree,86,3,0.03488372093023256,3,0.03488372093023256,11
0.6,15117081,random,degree,86,5,0.05813953488372093,3,0.03488372093023256,13
0.6,1133301584,random,degree,86,3,0.03488372093023256,3,0.03488372093023256,9
0.6,2086586111,random,degree,86,3,0.03488372093023256,3,0.03488372093023256,15
0.6,2543196838,random,degree,86,7,0.08139534883720931,3,0.03488372093023256,14
0.6,2399127263,random,degree,86,7,0.08139534883720931,3,0.03488372093023256,10
0.6,948210324,random,degree,86,3,0.03488372093023256,3,0.03488372093023256,13
0.6,2581472347,random,degree,86,3,0.03488372093023256,2,0.023255813953488372,15
0.6,2704378294,random,degree,86,5,0.05813953488372093,3,0.03488372093023256,11
0.6,2199139067,random,degree,86,3,0.03488372093023256,3,0.03488372093023256,21
0.6,2332720329,random,degree,86,5,0.05813953488372093,3,0.03488372093023256,13
0.6,3863922939,random,degree,86,3,0.03488372093023256,2,0.023255813953488372,15
0.6,2805728727,random,degree,86,5,0.05813953488372093,4,0.046511627906976744,11
0.6,273361950,random,degree,86,4,0.046511627906976744,3,0.03488372093023256,16
0.6,2559255739,random,degree,86,5,0.05813953488372093,4,0.046511627906976744,13
0.6,2047741254,random,degree,86,4,0.046511627906976744,3,0.03488372093023256,13
0.6,1897429790,random,degree,86,9,0.10465116279069768,4,0.046511627906976744,11
0.6,2694270874,random,degree,86,4,0.046511627906976744,3,0.03488372093023256,13
0.6,688021012,random,degree,86,5,0.05813953488372093,3,0.03488372093023256,18
0.6,360331210,random,degree,86,5,0.05813953488372093,4,0.046511627906976744,13
0.6,759760417,random,degree,86,4,0.046511627906976744,4,0.046511627906976744,14
0.6,580274063,random,degree,86,3,0.03488372093023256,3,0.03488372093023256,12
0.6,275709095,random,degree,86,4,0.046511627906976744,4,0.046511627906976744,12
0.6,3283908342,random,degree,86,6,0.06976744186046512,3,0.03488372093023256,14
0.6,4089259597,random,degree,86,8,0.09302325581395349,3,0.03488372093023256,15
0.6,3966946670,random,degree,86,4,0.046511627906976744,3,0.03488372093023256,12
0.6,2576047348,random,degree,86,6,0.06976744186046512,5,0.05813953488372093,13
0.6,1836169639,random,degree,86,4,0.046511627906976744,3,0.03488372093023256,10
0.6,3879910695,random,degree,86,4,0.046511627906976744,3,0.03488372093023256,12
0.6,2204491754,random,degree,86,3,0.03488372093023256,3,0.03488372093023256,14
0.6,2188955492,random,degree,86,6,0.06976744186046512,6,0.06976744186046512,12
0.6,3218119791,random,degree,86,7,0.08139534883720931,4,0.046511627906976744,12
0.6,2040285527,random,degree,86,5,0.05813953488372093,3,0.03488372093023256,10
0.6,3885328872,random,degree,86,3,0.03488372093023256,3,0.03488372093023256,16
0.6,2501577399,random,degree,86,5,0.05813953488372093,4,0.046511627906976744,9
0.6,3204154941,random,degree,86,5,0.05813953488372093,4,0.046511627906976744,14
0.6,1294965045,random,degree,86,3,0.03488372093023256,3,0.03488372093023256,14
0.6,3871388189,random,degree,86,5,0.05813953488372093,3,0.03488372093023256,18
0.6,1680953089,random,degree,86,3,0.03488372093023256,3,0.03488372093023256,12
0.6,3557574145,random,degree,86,4,0.046511627906976744,3,0.03488372093023256,9
0.6,1572524730,random,degree,86,4,0.046511627906976744,3,0.03488372093023256,9
0.6,3574527152,random,degree,86,5,0.05813953488372093,3,0.03488372093023256,11
0.6,1729745824,random,degree,86,5,0.05813953488372093,3,0.03488372093023256,13
0.6,1508294461,random,degree,86,3,0.03488372093023256,3,0.03488372093023256,12
0.6,2302441352,random,degree,86,3,0.03488372093023256,3,0.03488372093023256,11
0.6,1105660685,random,degree,86,4,0.046511627906976744,4,0.046511627906976744,10
0.6,2301989609,random,degree,86,6,0.06976744186046512,5,0.05813953488372093,10
0.6,3827976723,random,degree,86,5,0.05813953488372093,5,0.05813953488372093,9
0.6,3279445672,random,degree,86,4,0.046511627906976744,3,0.03488372093023256,13
0.6,1329875917,random,degree,86,5,0.05813953488372093,3,0.03488372093023256,13
0.6,100682438,random,degree,86,5,0.05813953488372093,3,0.03488372093023256,13
0.61,3947588070,random,degree,86,4,0.046511627906976744,3,0.03488372093023256,9
0.61,1637357763,random,degree,86,4,0.046511627906976744,4,0.046511627906976744,13
0.61,3727272133,random,degree,86,5,0.05813953488372093,5,0.05813953488372093,16
0.61,1931215426,random,degree,86,5,0.05813953488372093,5,0.05813953488372093,15
0.61,4067731933,random,degree,86,4,0.046511627906976744,3,0.03488372093023256,14
0.61,1106651623,random,degree,86,3,0.03488372093023256,2,0.023255813953488372,17
0.61,3981959570,random,degree,86,4,0.046511627906976744,3,0.03488372093023256,12
0.61,1396462565,random,degree,86,5,0.05813953488372093,3,0.03488372093023256,12
0.61,487757081,random,degree,86,6,0.06976744186046512,3,0.03488372093023256,19
0.61,3247749415,random,degree,86,4,0.046511627906976744,3,0.03488372093023256,10
0.61,1573277826,random,degree,86,4,0.046511627906976744,3,0.03488372093023256,11
0.61,1426161918,random,degree,86,5,0.05813953488372093,4,0.046511627906976744,19
0.61,731436439,random,degree,86,3,0.03488372093023256,3,0.03488372093023256,22
0.61,3584983020,random,degree,86,5,0.05813953488372093,5,0.05813953488372093,11
0.61,3162598746,random,degree,86,3,0.03488372093023256,3,0.03488372093023256,8
0.61,60807039,random,degree,86,4,0.046511627906976744,3,0.03488372093023256,8
0.61,1584621252,random,degree,86,5,0.05813953488372093,3,0.03488372093023256,9
0.61,975182912,random,degree,86,8,0.09302325581395349,3,0.03488372093023256,14
0.61,841225504,random,degree,86,3,0.03488372093023256,3,0.03488372093023256,12
0.61,2447548512,random,degree,86,5,0.05813953488372093,5,0.05813953488372093,11
0.61,2980150193,random,degree,86,4,0.046511627906976744,4,0.046511627906976744,15
0.61,680363736,random,degree,86,5,0.05813953488372093,3,0.03488372093023256,10
0.61,1180819375,random,degree,86,4,0.046511627906976744,4,0.046511627906976744,11
0.61,1518213537,random,degree,86,3,0.03488372093023256,3,0.03488372093023256,14
0.61,3917493192,random,degree,86,4,0.046511627906976744,3,0.03488372093023256,15
0.61,1426444917,random,degree,86,3,0.03488372093023256,3,0.03488372093023256,17
0.61,3226398917,random,degree,86,6,0.06976744186046512,2,0.023255813953488372,18
0.61,113783265,random,degree,86,4,0.046511627906976744,3,0.03488372093023256,9
0.61,1140257169,random,degree,86,5,0.05813953488372093,5,0.05813953488372093,12
0.61,4188844503,random,degree,86,4,0.046511627906976744,2,0.023255813953488372,18
0.61,904078507,random,degree,86,4,0.046511627906976744,3,0.03488372093023256,11
0.61,2851328519,random,degree,86,5,0.05813953488372093,3,0.03488372093023256,18
0.61,2792314381,random,degree,86,4,0.046511627906976744,3,0.03488372093023256,9
0.61,4014038899,random,degree,86,4,0.046511627906976744,2,0.023255813953488372,16
0.61,3475801787,random,degree,86,3,0.03488372093023256,3,0.03488372093023256,12
0.61,2319754131,random,degree,86,3,0.03488372093023256,3,0.03488372093023256,22
0.61,2382372112,random,degree,86,4,0.046511627906976744,3,0.03488372093023256,12
0.61,4134029165,random,degree,86,4,0.046511627906976744,3,0.03488372093023256,13
0.61,888984869,random,degree,86,3,0.03488372093023256,3,0.03488372093023256,16
0.61,1279887385,random,degree,86,4,0.046511627906976744,3,0.03488372093023256,11
0.61,1158301855,random,degree,86,5,0.05813953488372093,3,0.03488372093023256,18
0.61,357708635,random,degree,86,4,0.046511627906976744,3,0.03488372093023256,8
0.61,3877925031,random,degree,86,4,0.046511627906976744,3,0.03488372093023256,9
0.61,299949919,random,degree,86,4,0.046511627906976744,3,0.03488372093023256,15
0.61,2771940018,random,degree,86,7,0.08139534883720931,4,0.046511627906976744,11
0.61,978897911,random,degree,86,5,0.05813953488372093,3,0.03488372093023256,9
0.61,847747688,random,degree,86,3,0.03488372093023256,3,0.03488372093023256,13
0.61,537655888,random,degree,86,4,0.046511627906976744,3,0.03488372093023256,13
0.61,430611250,random,degree,86,5,0.05813953488372093,3,0.03488372093023256,14
0.61,739787661,random,degree,86,4,0.046511627906976744,3,0.03488372093023256,14
0.61,20626366,random,degree,86,3,0.03488372093023256,3,0.03488372093023256,14
0.61,3024603263,random,degree,86,3,0.03488372093023256,3,0.03488372093023256,13
0.61,56750455,random,degree,86,4,0.046511627906976744,4,0.046511627906976744,14
0.61,485404042,random,degree,86,4,0.046511627906976744,3,0.03488372093023256,9
0.61,1127542229,random,degree,86,5,0.05813953488372093,3,0.03488372093023256,15
0.61,2785275805,random,degree,86,3,0.03488372093023256,3,0.03488372093023256,20
0.61,1818231795,random,degree,86,3,0.03488372093023256,3,0.03488372093023256,18
0.61,3284640683,random,degree,86,4,0.046511627906976744,3,0.03488372093023256,10
0.61,3429728758,random,degree,86,5,0.05813953488372093,5,0.05813953488372093,15
0.61,3290486062,random,degree,86,3,0.03488372093023256,3,0.03488372093023256,11
0.61,1628949814,random,degree,86,4,0.046511627906976744,3,0.03488372093023256,12
0.61,3562642390,random,degree,86,4,0.046511627906976744,4,0.046511627906976744,10
0.61,109023725,random,degree,86,3,0.03488372093023256,3,0.03488372093023256,10
0.61,957523353,random,degree,86,5,0.05813953488372093,4,0.046511627906976744,15
0.61,3984004306,random,degree,86,5,0.05813953488372093,4,0.046511627906976744,16
0.61,3491770486,random,degree,86,4,0.046511627906976744,3,0.03488372093023256,12
0.61,618709407,random,degree,86,4,0.046511627906976744,3,0.03488372093023256,17
0.61,2272338717,random,degree,86,5,0.05813953488372093,4,0.046511627906976744,13
0.61,2888871236,random,degree,86,4,0.046511627906976744,3,0.03488372093023256,11
0.61,1709995206,random,degree,86,4,0.046511627906976744,3,0.03488372093023256,11
0.61,768656673,random,degree,86,3,0.03488372093023256,3,0.03488372093023256,11
0.61,902727185,random,degree,86,4,0.046511627906976744,2,0.023255813953488372,14
0.61,3392587474,random,degree,86,4,0.046511627906976744,4,0.046511627906976744,9
0.61,1640589069,random,degree,86,5,0.05813953488372093,3,0.03488372093023256,17
0.61,4218610057,random,degree,86,3,0.03488372093023256,3,0.03488372093023256,12
0.61,169214840,random,degree,86,7,0.08139534883720931,3,0.03488372093023256,13
0.61,946569128,random,degree,86,6,0.06976744186046512,5,0.05813953488372093,15
0.61,661057366,random,degree,86,4,0.046511627906976744,4,0.046511627906976744,14
0.61,3706343912,random,degree,86,5,0.05813953488372093,4,0.046511627906976744,12
0.61,3214747318,random,degree,86,5,0.05813953488372093,2,0.023255813953488372,15
0.61,1670341152,random,degree,86,6,0.06976744186046512,3,0.03488372093023256,17
0.61,2091329834,random,degree,86,5,0.05813953488372093,3,0.03488372093023256,18
0.61,4092903326,random,degree,86,3,0.03488372093023256,3,0.03488372093023256,14
0.61,457008855,random,degree,86,3,0.03488372093023256,2,0.023255813953488372,17
0.61,1789512184,random,degree,86,4,0.046511627906976744,3,0.03488372093023256,15
0.61,4257772781,random,degree,86,4,0.046511627906976744,4,0.046511627906976744,11
0.61,3902837225,random,degree,86,3,0.03488372093023256,3,0.03488372093023256,9
0.61,994920541,random,degree,86,3,0.03488372093023256,3,0.03488372093023256,11
0.61,997221395,random,degree,86,5,0.05813953488372093,2,0.023255813953488372,15
0.61,3774097161,random,degree,86,4,0.046511627906976744,2,0.023255813953488372,14
0.61,579229546,random,degree,86,5,0.05813953488372093,4,0.046511627906976744,11
0.61,2954371289,random,degree,86,3,0.03488372093023256,3,0.03488372093023256,16
0.61,796564120,random,degree,86,4,0.046511627906976744,2,0.023255813953488372,18
0.61,1763847206,random,degree,86,6,0.06976744186046512,3,0.03488372093023256,14
0.61,2389008362,random,degree,86,4,0.046511627906976744,3,0.03488372093023256,16
0.61,2387608081,random,degree,86,3,0.03488372093023256,3,0.03488372093023256,12
0.61,1176704024,random,degree,86,6,0.06976744186046512,2,0.023255813953488372,16
0.61,2417801182,random,degree,86,4,0.046511627906976744,3,0.03488372093023256,10
0.61,1290482506,random,degree,86,8,0.09302325581395349,3,0.03488372093023256,15
0.61,2465954041,random,degree,86,9,0.10465116279069768,2,0.023255813953488372,15
0.62,3219515986,random,degree,86,5,0.05813953488372093,3,0.03488372093023256,10
0.62,3576265690,random,degree,86,4,0.046511627906976744,4,0.046511627906976744,12
0.62,3986738853,random,degree,86,4,0.046511627906976744,3,0.03488372093023256,18
0.62,1711729853,random,degree,86,4,0.046511627906976744,3,0.03488372093023256,22
0.62,2772698960,random,degree,86,3,0.03488372093023256,3,0.03488372093023256,13
0.62,3119614730,random,degree,86,4,0.046511627906976744,3,0.03488372093023256,20
0.62,2414413490,random,degree,86,4,0.046511627906976744,2,0.023255813953488372,17
0.62,1111118623,random,degree,86,4,0.046511627906976744,3,0.03488372093023256,14
0.62,2812477630,random,degree,86,4,0.046511627906976744,3,0.03488372093023256,11
0.62,1577152099,random,degree,86,4,0.046511627906976744,4,0.046511627906976744,10
0.62,605051582,random,degree,86,4,0.046511627906976744,4,0.046511627906976744,16
0.62,4109328817,random,degree,86,4,0.046511627906976744,2,0.023255813953488372,19
0.62,1559104483,random,degree,86,3,0.03488372093023256,3,0.03488372093023256,11
0.62,3399675398,random,degree,86,5,0.05813953488372093,3,0.03488372093023256,7
0.62,2376351405,random,degree,86,3,0.03488372093023256,2,0.023255813953488372,10
0.62,389347182,random,degree,86,5,0.05813953488372093,2,0.023255813953488372,12
0.62,3008810349,random,degree,86,5,0.05813953488372093,4,0.046511627906976744,13
0.62,2790745882,random,degree,86,7,0.08139534883720931,5,0.05813953488372093,17
0.62,3409981851,random,degree,86,5,0.05813953488372093,3,0.03488372093023256,13
0.62,3391925251,random,degree,86,5,0.05813953488372093,4,0.046511627906976744,10
0.62,378576606,random,degree,86,5,0.05813953488372093,4,0.046511627906976744,14
0.62,273425162,random,degree,86,4,0.046511627906976744,3,0.03488372093023256,15
0.62,1162220244,random,degree,86,5,0.05813953488372093,3,0.03488372093023256,15
0.62,3017110366,random,degree,86,4,0.046511627906976744,3,0.03488372093023256,12
0.62,359336049,random,degree,86,7,0.08139534883720931,3,0.03488372093023256,11
0.62,2769606964,random,degree,86,4,0.046511627906976744,3,0.03488372093023256,13
0.62,522382503,random,degree,86,4,0.046511627906976744,4,0.046511627906976744,12
0.62,2488566283,random,degree,86,3,0.03488372093023256,2,0.023255813953488372,12
0.62,1879982470,random,degree,86,3,0.03488372093023256,3,0.03488372093023256,15
0.62,10654432,random,degree,86,5,0.05813953488372093,3,0.03488372093023256,14
0.62,221170861,random,degree,86,5,0.05813953488372093,3,0.03488372093023256,7
0.62,2940202591,random,degree,86,4,0.046511627906976744,3,0.03488372093023256,7
0.62,948850478,random,degree,86,4,0.046511627906976744,3,0.03488372093023256,15
0.62,611561369,random,degree,86,4,0.046511627906976744,3,0.03488372093023256,12
0.62,479753669,random,degree,86,5,0.05813953488372093,5,0.05813953488372093,15
0.62,3215381572,random,degree,86,3,0.03488372093023256,3,0.03488372093023256,9
0.62,2703488599,random,degree,86,5,0.05813953488372093,4,0.046511627906976744,11
0.62,4277112837,random,degree,86,4,0.046511627906976744,4,0.046511627906976744,12
0.62,1034706588,random,degree,86,5,0.05813953488372093,5,0.05813953488372093,13
0.62,2187626172,random,degree,86,5,0.05813953488372093,5,0.05813953488372093,15
0.62,1683215924,random,degree,86,6,0.06976744186046512,4,0.046511627906976744,9
0.62,1910391508,random,degree,86,4,0.046511627906976744,2,0.023255813953488372,9
0.62,1320261386,random,degree,86,3,0.03488372093023256,3,0.03488372093023256,8
0.62,1653047344,random,degree,86,4,0.046511627906976744,3,0.03488372093023256,11
0.62,1050449416,random,degree,86,3,0.03488372093023256,3,0.03488372093023256,15
0.62,2371715691,random,degree,86,4,0.046511627906976744,4,0.046511627906976744,16
0.62,3489268996,random,degree,86,3,0.03488372093023256,2,0.023255813953488372,16
0.62,1560652289,random,degree,86,6,0.06976744186046512,4,0.046511627906976744,9
0.62,284596542,random,degree,86,3,0.03488372093023256,3,0.03488372093023256,11
0.62,567227258,random,degree,86,3,0.03488372093023256,2,0.023255813953488372,18
0.62,1725529153,random,degree,86,5,0.05813953488372093,4,0.046511627906976744,13
0.62,3703816221,random,degree,86,6,0.06976744186046512,3,0.03488372093023256,9
0.62,3855551665,random,degree,86,5,0.05813953488372093,4,0.046511627906976744,14
0.62,4191798029,random,degree,86,5,0.05813953488372093,5,0.05813953488372093,15
0.62,2044290352,random,degree,86,4,0.046511627906976744,2,0.023255813953488372,17
0.62,3877583886,random,degree,86,5,0.05813953488372093,3,0.03488372093023256,16
0.62,2427042395,random,degree,86,6,0.06976744186046512,3,0.03488372093023256,16
0.62,1050689132,random,degree,86,3,0.03488372093023256,3,0.03488372093023256,17
0.62,3275209839,random,degree,86,3,0.03488372093023256,3,0.03488372093023256,12
0.62,3876213761,random,degree,86,3,0.03488372093023256,3,0.03488372093023256,14
0.62,2394873784,random,degree,86,5,0.05813953488372093,3,0.03488372093023256,8
0.62,2992824859,random,degree,86,5,0.05813953488372093,3,0.03488372093023256,15
0.62,782506425,random,degree,86,7,0.08139534883720931,3,0.03488372093023256,11
0.62,3992763994,random,degree,86,3,0.03488372093023256,3,0.03488372093023256,8
0.62,3333690432,random,degree,86,6,0.06976744186046512,3,0.03488372093023256,14
0.62,2449680762,random,degree,86,6,0.06976744186046512,4,0.046511627906976744,16
0.62,2282361720,random,degree,86,4,0.046511627906976744,3,0.03488372093023256,12
0.62,1468300840,random,degree,86,4,0.046511627906976744,4,0.046511627906976744,10
0.62,3457651919,random,degree,86,3,0.03488372093023256,2,0.023255813953488372,22
0.62,717542003,random,degree,86,4,0.046511627906976744,4,0.046511627906976744,13
0.62,2202974102,random,degree,86,5,0.05813953488372093,3,0.03488372093023256,11
0.62,4257079010,random,degree,86,3,0.03488372093023256,3,0.03488372093023256,11
0.62,3195933020,random,degree,86,5,0.05813953488372093,4,0.046511627906976744,7
0.62,4032398663,random,degree,86,4,0.046511627906976744,4,0.046511627906976744,15
0.62,575470586,random,degree,86,4,0.046511627906976744,3,0.03488372093023256,14
0.62,4078561185,random,degree,86,5,0.05813953488372093,3,0.03488372093023256,17
0.62,597426235,random,degree,86,4,0.046511627906976744,4,0.046511627906976744,12
0.62,2187193499,random,degree,86,4,0.046511627906976744,3,0.03488372093023256,13
0.62,1236070078,random,degree,86,5,0.05813953488372093,4,0.046511627906976744,12
0.62,1136731389,random,degree,86,5,0.05813953488372093,3,0.03488372093023256,9
0.62,762956811,random,degree,86,6,0.06976744186046512,2,0.023255813953488372,15
0.62,1985932531,random,degree,86,4,0.046511627906976744,3,0.03488372093023256,9
0.62,4277302326,random,degree,86,4,0.046511627906976744,3,0.03488372093023256,11
0.62,1558216878,random,degree,86,5,0.05813953488372093,3,0.03488372093023256,13
0.62,330522390,random,degree,86,5,0.05813953488372093,4,0.046511627906976744,18
0.62,3595111932,random,degree,86,5,0.05813953488372093,4,0.046511627906976744,9
0.62,3762372294,random,degree,86,7,0.08139534883720931,3,0.03488372093023256,11
0.62,575562527,random,degree,86,4,0.046511627906976744,3,0.03488372093023256,15
0.62,2783095548,random,degree,86,5,0.05813953488372093,4,0.046511627906976744,10
0.62,176048986,random,degree,86,3,0.03488372093023256,2,0.023255813953488372,16
0.62,2536335919,random,degree,86,4,0.046511627906976744,2,0.023255813953488372,7
0.62,1657758531,random,degree,86,8,0.09302325581395349,3,0.03488372093023256,11
0.62,921421138,random,degree,86,6,0.06976744186046512,4,0.046511627906976744,11
0.62,968175241,random,degree,86,4,0.046511627906976744,4,0.046511627906976744,8
0.62,200015161,random,degree,86,4,0.046511627906976744,3,0.03488372093023256,10
0.62,845626164,random,degree,86,3,0.03488372093023256,3,0.03488372093023256,14
0.62,1636131504,random,degree,86,3,0.03488372093023256,3,0.03488372093023256,13
0.62,126470834,random,degree,86,4,0.046511627906976744,3,0.03488372093023256,18
0.62,3799728245,random,degree,86,5,0.05813953488372093,4,0.046511627906976744,9
0.62,3123987084,random,degree,86,3,0.03488372093023256,3,0.03488372093023256,18
0.63,1797740454,random,degree,86,4,0.046511627906976744,3,0.03488372093023256,19
0.63,972257271,random,degree,86,3,0.03488372093023256,3,0.03488372093023256,14
0.63,3190228317,random,degree,86,4,0.046511627906976744,4,0.046511627906976744,13
0.63,2946464017,random,degree,86,5,0.05813953488372093,4,0.046511627906976744,9
0.63,2155124676,random,degree,86,5,0.05813953488372093,4,0.046511627906976744,12
0.63,1489784400,random,degree,86,3,0.03488372093023256,3,0.03488372093023256,18
0.63,3891305654,random,degree,86,4,0.046511627906976744,3,0.03488372093023256,19
0.63,732572824,random,degree,86,3,0.03488372093023256,2,0.023255813953488372,19
0.63,2797140604,random,degree,86,5,0.05813953488372093,3,0.03488372093023256,14
0.63,3549907508,random,degree,86,4,0.046511627906976744,3,0.03488372093023256,10
0.63,223138952,random,degree,86,3,0.03488372093023256,3,0.03488372093023256,18
0.63,2085104660,random,degree,86,4,0.046511627906976744,3,0.03488372093023256,17
0.63,3755850665,random,degree,86,4,0.046511627906976744,3,0.03488372093023256,16
0.63,678252675,random,degree,86,3,0.03488372093023256,3,0.03488372093023256,16
0.63,251431189,random,degree,86,4,0.046511627906976744,4,0.046511627906976744,20
0.63,1664398300,random,degree,86,5,0.05813953488372093,3,0.03488372093023256,15
0.63,37453520,random,degree,86,4,0.046511627906976744,3,0.03488372093023256,15
0.63,1623849108,random,degree,86,5,0.05813953488372093,4,0.046511627906976744,13
0.63,1995112733,random,degree,86,5,0.05813953488372093,4,0.046511627906976744,14
0.63,872964635,random,degree,86,2,0.023255813953488372,2,0.023255813953488372,16
0.63,1755100858,random,degree,86,4,0.046511627906976744,4,0.046511627906976744,11
0.63,4141549570,random,degree,86,4,0.046511627906976744,3,0.03488372093023256,14
0.63,827703293,random,degree,86,4,0.046511627906976744,3,0.03488372093023256,9
0.63,670945562,random,degree,86,5,0.05813953488372093,4,0.046511627906976744,9
0.63,3214916976,random,degree,86,3,0.03488372093023256,3,0.03488372093023256,12
0.63,678436761,random,degree,86,6,0.06976744186046512,4,0.046511627906976744,9
0.63,1126726462,random,degree,86,7,0.08139534883720931,3,0.03488372093023256,9
0.63,2435015257,random,degree,86,4,0.046511627906976744,2,0.023255813953488372,10
0.63,287489605,random,degree,86,4,0.046511627906976744,3,0.03488372093023256,16
0.63,828119412,random,degree,86,6,0.06976744186046512,3,0.03488372093023256,8
0.63,381864731,random,degree,86,4,0.046511627906976744,4,0.046511627906976744,12
0.63,3244397711,random,degree,86,6,0.06976744186046512,4,0.046511627906976744,10
0.63,411457698,random,degree,86,3,0.03488372093023256,2,0.023255813953488372,17
0.63,3018495444,random,degree,86,3,0.03488372093023256,3,0.03488372093023256,12
0.63,3411665623,random,degree,86,5,0.05813953488372093,3,0.03488372093023256,9
0.63,3365804658,random,degree,86,4,0.046511627906976744,4,0.046511627906976744,10
0.63,3334652491,random,degree,86,3,0.03488372093023256,2,0.023255813953488372,17
0.63,2502537645,random,degree,86,6,0.06976744186046512,3,0.03488372093023256,10
0.63,1604013197,random,degree,86,3,0.03488372093023256,2,0.023255813953488372,17
0.63,2681405593,random,degree,86,3,0.03488372093023256,2,0.023255813953488372,17
0.63,1849397891,random,degree,86,3,0.03488372093023256,3,0.03488372093023256,12
0.63,3085213433,random,degree,86,3,0.03488372093023256,2,0.023255813953488372,13
0.63,205502941,random,degree,86,4,0.046511627906976744,4,0.046511627906976744,8
0.63,272933733,random,degree,86,5,0.05813953488372093,3,0.03488372093023256,13
0.63,4284810226,random,degree,86,3,0.03488372093023256,2,0.023255813953488372,21
0.63,1896309928,random,degree,86,4,0.046511627906976744,3,0.03488372093023256,11
0.63,841393951,random,degree,86,7,0.08139534883720931,4,0.046511627906976744,11
0.63,390005086,random,degree,86,3,0.03488372093023256,3,0.03488372093023256,14
0.63,388925132,random,degree,86,4,0.046511627906976744,2,0.023255813953488372,12
0.63,3305642855,random,degree,86,3,0.03488372093023256,3,0.03488372093023256,15
0.63,2783774328,random,degree,86,4,0.046511627906976744,4,0.046511627906976744,11
0.63,2606632284,random,degree,86,4,0.046511627906976744,3,0.03488372093023256,19
0.63,2543722607,random,degree,86,5,0.05813953488372093,2,0.023255813953488372,13
0.63,1971190,random,degree,86,3,0.03488372093023256,3,0.03488372093023256,14
0.63,1495601851,random,degree,86,6,0.06976744186046512,3,0.03488372093023256,8
0.63,2772409848,random,degree,86,4,0.046511627906976744,2,0.023255813953488372,20
0.63,2088953850,random,degree,86,3,0.03488372093023256,2,0.023255813953488372,13
0.63,3956264863,random,degree,86,5,0.05813953488372093,3,0.03488372093023256,18
0.63,44769652,random,degree,86,5,0.05813953488372093,3,0.03488372093023256,16
0.63,1674259527,random,degree,86,5,0.05813953488372093,3,0.03488372093023256,12
0.63,4121949150,random,degree,86,4,0.046511627906976744,3,0.03488372093023256,16
0.63,1020915579,random,degree,86,3,0.03488372093023256,3,0.03488372093023256,14
0.63,542712284,random,degree,86,3,0.03488372093023256,3,0.03488372093023256,11
0.63,2015252281,random,degree,86,3,0.03488372093023256,3,0.03488372093023256,11
0.63,1397296130,random,degree,86,4,0.046511627906976744,3,0.03488372093023256,11
0.63,171710304,random,degree,86,4,0.046511627906976744,3,0.03488372093023256,16
0.63,75870630,random,degree,86,6,0.06976744186046512,3,0.03488372093023256,13
0.63,3005177821,random,degree,86,5,0.05813953488372093,3,0.03488372093023256,13
0.63,1252172226,random,degree,86,5,0.05813953488372093,3,0.03488372093023256,14
0.63,883020037,random,degree,86,3,0.03488372093023256,2,0.023255813953488372,11
0.63,2981021175,random,degree,86,5,0.05813953488372093,3,0.03488372093023256,9
0.63,1285528568,random,degree,86,3,0.03488372093023256,3,0.03488372093023256,14
0.63,461374391,random,degree,86,5,0.05813953488372093,2,0.023255813953488372,15
0.63,2341439772,random,degree,86,4,0.046511627906976744,3,0.03488372093023256,15
0.63,3472965964,random,degree,86,4,0.046511627906976744,2,0.023255813953488372,18
0.63,2507486770,random,degree,86,4,0.046511627906976744,3,0.03488372093023256,10
0.63,2043630020,random,degree,86,4,0.046511627906976744,3,0.03488372093023256,11
0.63,1253386340,random,degree,86,5,0.05813953488372093,4,0.046511627906976744,15
0.63,2353751047,random,degree,86,3,0.03488372093023256,2,0.023255813953488372,15
0.63,3532650630,random,degree,86,3,0.03488372093023256,3,0.03488372093023256,10
0.63,3162937521,random,degree,86,5,0.05813953488372093,3,0.03488372093023256,14
0.63,3004318972,random,degree,86,4,0.046511627906976744,3,0.03488372093023256,15
0.63,298893145,random,degree,86,3,0.03488372093023256,3,0.03488372093023256,17
0.63,2894639565,random,degree,86,5,0.05813953488372093,3,0.03488372093023256,15
0.63,1033886717,random,degree,86,3,0.03488372093023256,3,0.03488372093023256,9
0.63,2864096497,random,degree,86,4,0.046511627906976744,3,0.03488372093023256,12
0.63,3424299167,random,degree,86,5,0.05813953488372093,4,0.046511627906976744,13
0.63,4286715614,random,degree,86,5,0.05813953488372093,4,0.046511627906976744,13
0.63,347182557,random,degree,86,5,0.05813953488372093,3,0.03488372093023256,13
0.63,2652717800,random,degree,86,4,0.046511627906976744,4,0.046511627906976744,17
0.63,336811648,random,degree,86,5,0.05813953488372093,2,0.023255813953488372,15
0.63,1818800004,random,degree,86,5,0.05813953488372093,4,0.046511627906976744,8
0.63,3616964261,random,degree,86,6,0.06976744186046512,5,0.05813953488372093,12
0.63,2640971064,random,degree,86,3,0.03488372093023256,3,0.03488372093023256,13
0.63,2484171772,random,degree,86,6,0.06976744186046512,5,0.05813953488372093,14
0.63,3556845594,random,degree,86,4,0.046511627906976744,3,0.03488372093023256,16
0.63,1172367582,random,degree,86,5,0.05813953488372093,4,0.046511627906976744,9
0.63,2684506782,random,degree,86,4,0.046511627906976744,2,0.023255813953488372,14
0.63,2951391067,random,degree,86,4,0.046511627906976744,3,0.03488372093023256,11
0.63,855534503,random,degree,86,9,0.10465116279069768,2,0.023255813953488372,13
0.64,1658027256,random,degree,86,3,0.03488372093023256,2,0.023255813953488372,16
0.64,3371365192,random,degree,86,3,0.03488372093023256,3,0.03488372093023256,16
0.64,3259917717,random,degree,86,2,0.023255813953488372,2,0.023255813953488372,13
0.64,4061247978,random,degree,86,3,0.03488372093023256,2,0.023255813953488372,16
0.64,1238925540,random,degree,86,5,0.05813953488372093,2,0.023255813953488372,12
0.64,2449760621,random,degree,86,4,0.046511627906976744,3,0.03488372093023256,9
0.64,2943594787,random,degree,86,4,0.046511627906976744,3,0.03488372093023256,18
0.64,1448512934,random,degree,86,5,0.05813953488372093,3,0.03488372093023256,13
0.64,1384697978,random,degree,86,3,0.03488372093023256,3,0.03488372093023256,9
0.64,393257225,random,degree,86,4,0.046511627906976744,3,0.03488372093023256,11
0.64,3061640803,random,degree,86,3,0.03488372093023256,3,0.03488372093023256,14
0.64,3381115420,random,degree,86,8,0.09302325581395349,3,0.03488372093023256,12
0.64,1012096571,random,degree,86,5,0.05813953488372093,2,0.023255813953488372,14
0.64,1453333502,random,degree,86,3,0.03488372093023256,2,0.023255813953488372,8
0.64,426510560,random,degree,86,3,0.03488372093023256,3,0.03488372093023256,14
0.64,2663939782,random,degree,86,3,0.03488372093023256,3,0.03488372093023256,13
0.64,501318680,random,degree,86,4,0.046511627906976744,3,0.03488372093023256,12
0.64,783262292,random,degree,86,7,0.08139534883720931,4,0.046511627906976744,12
0.64,2265616038,random,degree,86,4,0.046511627906976744,3,0.03488372093023256,13
0.64,2401389538,random,degree,86,5,0.05813953488372093,2,0.023255813953488372,10
0.64,3109407549,random,degree,86,4,0.046511627906976744,3,0.03488372093023256,13
0.64,1060755661,random,degree,86,5,0.05813953488372093,4,0.046511627906976744,17
0.64,2206757575,random,degree,86,3,0.03488372093023256,3,0.03488372093023256,9
0.64,2985012480,random,degree,86,4,0.046511627906976744,3,0.03488372093023256,14
0.64,2197523532,random,degree,86,4,0.046511627906976744,3,0.03488372093023256,8
0.64,3504283825,random,degree,86,3,0.03488372093023256,3,0.03488372093023256,17
0.64,1464233391,random,degree,86,5,0.05813953488372093,4,0.046511627906976744,12
0.64,1493576076,random,degree,86,4,0.046511627906976744,3,0.03488372093023256,7
0.64,1389380572,random,degree,86,4,0.046511627906976744,3,0.03488372093023256,13
0.64,2326813036,random,degree,86,7,0.08139534883720931,3,0.03488372093023256,13
0.64,1922334422,random,degree,86,3,0.03488372093023256,3,0.03488372093023256,18
0.64,2520260606,random,degree,86,3,0.03488372093023256,3,0.03488372093023256,17
0.64,2625720178,random,degree,86,6,0.06976744186046512,2,0.023255813953488372,17
0.64,2245218366,random,degree,86,7,0.08139534883720931,4,0.046511627906976744,15
0.64,327360289,random,degree,86,5,0.05813953488372093,3,0.03488372093023256,8
0.64,2099078795,random,degree,86,3,0.03488372093023256,3,0.03488372093023256,15
0.64,1063412716,random,degree,86,5,0.05813953488372093,3,0.03488372093023256,10
0.64,3763174095,random,degree,86,3,0.03488372093023256,2,0.023255813953488372,16
0.64,3887959697,random,degree,86,5,0.05813953488372093,3,0.03488372093023256,13
0.64,3795068955,random,degree,86,3,0.03488372093023256,3,0.03488372093023256,13
0.64,4087120814,random,degree,86,3,0.03488372093023256,3,0.03488372093023256,17
0.64,2035758748,random,degree,86,6,0.06976744186046512,4,0.046511627906976744,8
0.64,3313470889,random,degree,86,4,0.046511627906976744,3,0.03488372093023256,14
0.64,1026497212,random,degree,86,6,0.06976744186046512,4,0.046511627906976744,10
0.64,1616484534,random,degree,86,4,0.046511627906976744,4,0.046511627906976744,10
0.64,1526528087,random,degree,86,3,0.03488372093023256,3,0.03488372093023256,15
0.64,3403292498,random,degree,86,3,0.03488372093023256,3,0.03488372093023256,13
0.64,1100038980,random,degree,86,3,0.03488372093023256,2,0.023255813953488372,22
0.64,2978118573,random,degree,86,4,0.046511627906976744,3,0.03488372093023256,15
0.64,1111139650,random,degree,86,3,0.03488372093023256,3,0.03488372093023256,12
0.64,1591591408,random,degree,86,5,0.05813953488372093,3,0.03488372093023256,11
0.64,317497419,random,degree,86,3,0.03488372093023256,2,0.023255813953488372,12
0.64,574000000,random,degree,86,4,0.046511627906976744,3,0.03488372093023256,10
0.64,950419085,random,degree,86,3,0.03488372093023256,2,0.023255813953488372,16
0.64,3289038041,random,degree,86,4,0.046511627906976744,3,0.03488372093023256,13
0.64,136366471,random,degree,86,3,0.03488372093023256,3,0.03488372093023256,13
0.64,917260457,random,degree,86,5,0.05813953488372093,4,0.046511627906976744,8
0.64,1029506779,random,degree,86,4,0.046511627906976744,2,0.023255813953488372,15
0.64,1611216756,random,degree,86,2,0.023255813953488372,2,0.023255813953488372,17
0.64,3957595830,random,degree,86,3,0.03488372093023256,3,0.03488372093023256,10
0.64,2589481288,random,degree,86,4,0.046511627906976744,3,0.03488372093023256,14
0.64,1956391593,random,degree,86,3,0.03488372093023256,3,0.03488372093023256,13
0.64,2002799686,random,degree,86,3,0.03488372093023256,3,0.03488372093023256,17
0.64,3268848390,random,degree,86,3,0.03488372093023256,3,0.03488372093023256,13
0.64,1596784046,random,degree,86,7,0.08139534883720931,4,0.046511627906976744,10
0.64,3472421648,random,degree,86,5,0.05813953488372093,3,0.03488372093023256,13
0.64,999503929,random,degree,86,4,0.046511627906976744,4,0.046511627906976744,10
0.64,2010407907,random,degree,86,3,0.03488372093023256,3,0.03488372093023256,16
0.64,2291960552,random,degree,86,6,0.06976744186046512,5,0.05813953488372093,15
0.64,470568451,random,degree,86,6,0.06976744186046512,4,0.046511627906976744,5
0.64,1881945436,random,degree,86,3,0.03488372093023256,3,0.03488372093023256,13
0.64,2009612993,random,degree,86,8,0.09302325581395349,4,0.046511627906976744,11
0.64,3856732063,random,degree,86,5,0.05813953488372093,5,0.05813953488372093,11
0.64,1608616580,random,degree,86,5,0.05813953488372093,3,0.03488372093023256,12
0.64,3440195902,random,degree,86,5,0.05813953488372093,4,0.046511627906976744,13
0.64,1602672111,random,degree,86,4,0.046511627906976744,4,0.046511627906976744,14
0.64,3735094928,random,degree,86,3,0.03488372093023256,3,0.03488372093023256,15
0.64,155876251,random,degree,86,4,0.046511627906976744,4,0.046511627906976744,19
0.64,1125021750,random,degree,86,6,0.06976744186046512,3,0.03488372093023256,15
0.64,2025746524,random,degree,86,5,0.05813953488372093,4,0.046511627906976744,11
0.64,2852801726,random,degree,86,5,0.05813953488372093,3,0.03488372093023256,10
0.64,2695029077,random,degree,86,3,0.03488372093023256,2,0.023255813953488372,16
0.64,1369247653,random,degree,86,3,0.03488372093023256,3,0.03488372093023256,12
0.64,3618004438,random,degree,86,4,0.046511627906976744,4,0.046511627906976744,9
0.64,3406412003,random,degree,86,4,0.046511627906976744,2,0.023255813953488372,17
0.64,1018611714,random,degree,86,3,0.03488372093023256,3,0.03488372093023256,17
0.64,3622213876,random,degree,86,4,0.046511627906976744,3,0.03488372093023256,10
0.64,2897057014,random,degree,86,9,0.10465116279069768,2,0.023255813953488372,10
0.64,1143631628,random,degree,86,3,0.03488372093023256,2,0.023255813953488372,20
0.64,3363465824,random,degree,86,4,0.046511627906976744,3,0.03488372093023256,11
0.64,3748493969,random,degree,86,3,0.03488372093023256,3,0.03488372093023256,14
0.64,1523679587,random,degree,86,3,0.03488372093023256,3,0.03488372093023256,13
0.64,4252025438,random,degree,86,8,0.09302325581395349,4,0.046511627906976744,10
0.64,2438595576,random,degree,86,5,0.05813953488372093,4,0.046511627906976744,15
0.64,503156686,random,degree,86,4,0.046511627906976744,3,0.03488372093023256,8
0.64,2976010462,random,degree,86,3,0.03488372093023256,3,0.03488372093023256,13
0.64,1919024384,random,degree,86,3,0.03488372093023256,3,0.03488372093023256,15
0.64,2228335123,random,degree,86,4,0.046511627906976744,4,0.046511627906976744,13
0.64,2567384496,random,degree,86,3,0.03488372093023256,3,0.03488372093023256,9
0.64,1002969867,random,degree,86,3,0.03488372093023256,2,0.023255813953488372,16
0.65,1051047128,random,degree,86,3,0.03488372093023256,3,0.03488372093023256,12
0.65,1908660565,random,degree,86,5,0.05813953488372093,4,0.046511627906976744,8
0.65,2040091757,random,degree,86,5,0.05813953488372093,3,0.03488372093023256,13
0.65,1960776459,random,degree,86,3,0.03488372093023256,3,0.03488372093023256,14
0.65,3807335290,random,degree,86,4,0.046511627906976744,4,0.046511627906976744,11
0.65,1161333541,random,degree,86,4,0.046511627906976744,3,0.03488372093023256,15
0.65,2356302039,random,degree,86,7,0.08139534883720931,6,0.06976744186046512,10
0.65,1350132880,random,degree,86,4,0.046511627906976744,4,0.046511627906976744,6
0.65,1769082117,random,degree,86,5,0.05813953488372093,3,0.03488372093023256,9
0.65,2845721187,random,degree,86,3,0.03488372093023256,3,0.03488372093023256,13
0.65,2864778490,random,degree,86,6,0.06976744186046512,3,0.03488372093023256,13
0.65,2123565133,random,degree,86,3,0.03488372093023256,3,0.03488372093023256,12
0.65,245424966,random,degree,86,5,0.05813953488372093,3,0.03488372093023256,12
0.65,3948485256,random,degree,86,3,0.03488372093023256,3,0.03488372093023256,13
0.65,432785816,random,degree,86,4,0.046511627906976744,3,0.03488372093023256,17
0.65,2514795104,random,degree,86,4,0.046511627906976744,2,0.023255813953488372,14
0.65,1342308459,random,degree,86,3,0.03488372093023256,2,0.023255813953488372,13
0.65,2104736204,random,degree,86,4,0.046511627906976744,3,0.03488372093023256,10
0.65,3029249989,random,degree,86,3,0.03488372093023256,2,0.023255813953488372,13
0.65,1540727141,random,degree,86,3,0.03488372093023256,2,0.023255813953488372,11
0.65,1696222744,random,degree,86,4,0.046511627906976744,3,0.03488372093023256,13
0.65,1602051713,random,degree,86,3,0.03488372093023256,3,0.03488372093023256,10
0.65,2645149625,random,degree,86,3,0.03488372093023256,3,0.03488372093023256,18
0.65,2964681983,random,degree,86,4,0.046511627906976744,3,0.03488372093023256,14
0.65,3452645174,random,degree,86,4,0.046511627906976744,3,0.03488372093023256,6
0.65,1978835781,random,degree,86,4,0.046511627906976744,4,0.046511627906976744,13
0.65,254225641,random,degree,86,3,0.03488372093023256,3,0.03488372093023256,16
0.65,76416272,random,degree,86,3,0.03488372093023256,3,0.03488372093023256,14
0.65,2830537698,random,degree,86,5,0.05813953488372093,4,0.046511627906976744,12
0.65,2938135747,random,degree,86,3,0.03488372093023256,3,0.03488372093023256,16
0.65,1801511706,random,degree,86,3,0.03488372093023256,3,0.03488372093023256,17
0.65,953281870,random,degree,86,5,0.05813953488372093,3,0.03488372093023256,12
0.65,3891584361,random,degree,86,3,0.03488372093023256,3,0.03488372093023256,15
0.65,2448407578,random,degree,86,4,0.046511627906976744,3,0.03488372093023256,15
0.65,566732441,random,degree,86,4,0.046511627906976744,3,0.03488372093023256,13
0.65,307191630,random,degree,86,9,0.10465116279069768,3,0.03488372093023256,14
0.65,322200833,random,degree,86,2,0.023255813953488372,2,0.023255813953488372,22
0.65,661577375,random,degree,86,2,0.023255813953488372,2,0.023255813953488372,20
0.65,1013282630,random,degree,86,5,0.05813953488372093,2,0.023255813953488372,13
0.65,2745198275,random,degree,86,3,0.03488372093023256,2,0.023255813953488372,13
0.65,2011673941,random,degree,86,4,0.046511627906976744,3,0.03488372093023256,12
0.65,2143204736,random,degree,86,4,0.046511627906976744,3,0.03488372093023256,14
0.65,2504149150,random,degree,86,5,0.05813953488372093,3,0.03488372093023256,8
0.65,477941331,random,degree,86,4,0.046511627906976744,3,0.03488372093023256,7
0.65,1627542093,random,degree,86,3,0.03488372093023256,3,0.03488372093023256,16
0.65,175991876,random,degree,86,3,0.03488372093023256,3,0.03488372093023256,14
0.65,2604060770,random,degree,86,3,0.03488372093023256,3,0.03488372093023256,13
0.65,2964210317,random,degree,86,3,0.03488372093023256,3,0.03488372093023256,18
0.65,49740080,random,degree,86,5,0.05813953488372093,4,0.046511627906976744,11
0.65,2053708033,random,degree,86,5,0.05813953488372093,5,0.05813953488372093,11
0.65,2908905752,random,degree,86,6,0.06976744186046512,3,0.03488372093023256,7
0.65,1853942744,random,degree,86,3,0.03488372093023256,3,0.03488372093023256,18
0.65,759162755,random,degree,86,4,0.046511627906976744,3,0.03488372093023256,18
0.65,3989497292,random,degree,86,4,0.046511627906976744,3,0.03488372093023256,12
0.65,3196538297,random,degree,86,4,0.046511627906976744,4,0.046511627906976744,11
0.65,4066314365,random,degree,86,5,0.05813953488372093,3,0.03488372093023256,11
0.65,2138506512,random,degree,86,4,0.046511627906976744,3,0.03488372093023256,12
0.65,4282876557,random,degree,86,4,0.046511627906976744,3,0.03488372093023256,15
0.65,3987895029,random,degree,86,3,0.03488372093023256,3,0.03488372093023256,12
0.65,1072445471,random,degree,86,4,0.046511627906976744,3,0.03488372093023256,7
0.65,535516568,random,degree,86,3,0.03488372093023256,3,0.03488372093023256,16
0.65,141285292,random,degree,86,4,0.046511627906976744,3,0.03488372093023256,13
0.65,3363317644,random,degree,86,3,0.03488372093023256,2,0.023255813953488372,15
0.65,1930472267,random,degree,86,4,0.046511627906976744,2,0.023255813953488372,16
0.65,1661825688,random,degree,86,4,0.046511627906976744,3,0.03488372093023256,13
0.65,1820249519,random,degree,86,4,0.046511627906976744,3,0.03488372093023256,15
0.65,2537103564,random,degree,86,4,0.046511627906976744,3,0.03488372093023256,10
0.65,447143267,random,degree,86,5,0.05813953488372093,3,0.03488372093023256,15
0.65,3919307225,random,degree,86,3,0.03488372093023256,2,0.023255813953488372,17
0.65,2950590010,random,degree,86,3,0.03488372093023256,3,0.03488372093023256,15
0.65,2218071582,random,degree,86,4,0.046511627906976744,2,0.023255813953488372,14
0.65,382274461,random,degree,86,3,0.03488372093023256,2,0.023255813953488372,17
0.65,2451758249,random,degree,86,3,0.03488372093023256,2,0.023255813953488372,15
0.65,161581560,random,degree,86,3,0.03488372093023256,3,0.03488372093023256,20
0.65,2660280575,random,degree,86,4,0.046511627906976744,4,0.046511627906976744,7
0.65,263368536,random,degree,86,5,0.05813953488372093,3,0.03488372093023256,10
0.65,974243698,random,degree,86,4,0.046511627906976744,3,0.03488372093023256,16
0.65,2762513903,random,degree,86,4,0.046511627906976744,3,0.03488372093023256,16
0.65,1346483813,random,degree,86,4,0.046511627906976744,3,0.03488372093023256,16
0.65,813599062,random,degree,86,3,0.03488372093023256,3,0.03488372093023256,12
0.65,2956994850,random,degree,86,3,0.03488372093023256,2,0.023255813953488372,17
0.65,2640336294,random,degree,86,3,0.03488372093023256,3,0.03488372093023256,13
0.65,3396857475,random,degree,86,3,0.03488372093023256,3,0.03488372093023256,16
0.65,935606008,random,degree,86,3,0.03488372093023256,2,0.023255813953488372,15
0.65,293886046,random,degree,86,3,0.03488372093023256,3,0.03488372093023256,12
0.65,301055371,random,degree,86,3,0.03488372093023256,3,0.03488372093023256,16
0.65,2428587633,random,degree,86,3,0.03488372093023256,3,0.03488372093023256,14
0.65,3590155079,random,degree,86,3,0.03488372093023256,2,0.023255813953488372,17
0.65,593316715,random,degree,86,3,0.03488372093023256,3,0.03488372093023256,11
0.65,3006771498,random,degree,86,6,0.06976744186046512,3,0.03488372093023256,15
0.65,1435844442,random,degree,86,3,0.03488372093023256,3,0.03488372093023256,14
0.65,1255259711,random,degree,86,3,0.03488372093023256,2,0.023255813953488372,17
0.65,2893429457,random,degree,86,4,0.046511627906976744,2,0.023255813953488372,12
0.65,300694382,random,degree,86,4,0.046511627906976744,3,0.03488372093023256,12
0.65,130622516,random,degree,86,3,0.03488372093023256,3,0.03488372093023256,14
0.65,3130399058,random,degree,86,4,0.046511627906976744,3,0.03488372093023256,15
0.65,1372295676,random,degree,86,7,0.08139534883720931,2,0.023255813953488372,19
0.65,2661329463,random,degree,86,5,0.05813953488372093,3,0.03488372093023256,13
0.65,3998786326,random,degree,86,4,0.046511627906976744,3,0.03488372093023256,7
0.65,1670397028,random,degree,86,4,0.046511627906976744,3,0.03488372093023256,10
0.66,153848729,random,degree,86,2,0.023255813953488372,2,0.023255813953488372,15
0.66,3908248161,random,degree,86,4,0.046511627906976744,4,0.046511627906976744,11
0.66,539920069,random,degree,86,4,0.046511627906976744,3,0.03488372093023256,13
0.66,3970849206,random,degree,86,5,0.05813953488372093,4,0.046511627906976744,10
0.66,3267369982,random,degree,86,3,0.03488372093023256,3,0.03488372093023256,12
0.66,398240599,random,degree,86,5,0.05813953488372093,4,0.046511627906976744,12
0.66,1377353738,random,degree,86,4,0.046511627906976744,2,0.023255813953488372,19
0.66,1290720659,random,degree,86,4,0.046511627906976744,3,0.03488372093023256,9
0.66,706033824,random,degree,86,4,0.046511627906976744,3,0.03488372093023256,16
0.66,162284072,random,degree,86,3,0.03488372093023256,2,0.023255813953488372,14
0.66,2447243444,random,degree,86,2,0.023255813953488372,2,0.023255813953488372,15
0.66,1936780884,random,degree,86,4,0.046511627906976744,3,0.03488372093023256,16
0.66,1801021754,random,degree,86,3,0.03488372093023256,3,0.03488372093023256,12
0.66,244562842,random,degree,86,10,0.11627906976744186,6,0.06976744186046512,11
0.66,3444433826,random,degree,86,4,0.046511627906976744,4,0.046511627906976744,13
0.66,4291532652,random,degree,86,4,0.046511627906976744,3,0.03488372093023256,15
0.66,1054776827,random,degree,86,8,0.09302325581395349,3,0.03488372093023256,11
0.66,954691568,random,degree,86,5,0.05813953488372093,4,0.046511627906976744,9
0.66,1248188858,random,degree,86,5,0.05813953488372093,4,0.046511627906976744,11
0.66,2847498248,random,degree,86,5,0.05813953488372093,3,0.03488372093023256,15
0.66,601516580,random,degree,86,4,0.046511627906976744,3,0.03488372093023256,12
0.66,2544268221,random,degree,86,5,0.05813953488372093,2,0.023255813953488372,16
0.66,3277038949,random,degree,86,3,0.03488372093023256,2,0.023255813953488372,16
0.66,3742262735,random,degree,86,4,0.046511627906976744,3,0.03488372093023256,12
0.66,601272635,random,degree,86,4,0.046511627906976744,3,0.03488372093023256,13
0.66,2006901015,random,degree,86,6,0.06976744186046512,2,0.023255813953488372,17
0.66,3566229254,random,degree,86,6,0.06976744186046512,3,0.03488372093023256,7
0.66,341542112,random,degree,86,4,0.046511627906976744,3,0.03488372093023256,10
0.66,2918242870,random,degree,86,3,0.03488372093023256,2,0.023255813953488372,10
0.66,4214444380,random,degree,86,5,0.05813953488372093,2,0.023255813953488372,16
0.66,2216981352,random,degree,86,5,0.05813953488372093,4,0.046511627906976744,16
0.66,2842002096,random,degree,86,3,0.03488372093023256,3,0.03488372093023256,13
0.66,1888570893,random,degree,86,2,0.023255813953488372,2,0.023255813953488372,21
0.66,2210374809,random,degree,86,3,0.03488372093023256,3,0.03488372093023256,12
0.66,1531503911,random,degree,86,3,0.03488372093023256,3,0.03488372093023256,15
0.66,3450236624,random,degree,86,3,0.03488372093023256,2,0.023255813953488372,12
0.66,730902341,random,degree,86,3,0.03488372093023256,2,0.023255813953488372,18
0.66,1452425337,random,degree,86,5,0.05813953488372093,3,0.03488372093023256,12
0.66,882300996,random,degree,86,3,0.03488372093023256,3,0.03488372093023256,9
0.66,4090831597,random,degree,86,4,0.046511627906976744,3,0.03488372093023256,13
0.66,3521069503,random,degree,86,5,0.05813953488372093,3,0.03488372093023256,7
0.66,2051545176,random,degree,86,4,0.046511627906976744,3,0.03488372093023256,12
0.66,839877672,random,degree,86,4,0.046511627906976744,4,0.046511627906976744,14
0.66,3011086548,random,degree,86,5,0.05813953488372093,3,0.03488372093023256,11
0.66,2820496430,random,degree,86,4,0.046511627906976744,3,0.03488372093023256,11
0.66,2299823573,random,degree,86,2,0.023255813953488372,2,0.023255813953488372,17
0.66,2511575099,random,degree,86,3,0.03488372093023256,3,0.03488372093023256,12
0.66,1585432367,random,degree,86,4,0.046511627906976744,2,0.023255813953488372,17
0.66,1242511101,random,degree,86,3,0.03488372093023256,2,0.023255813953488372,16
0.66,427615882,random,degree,86,3,0.03488372093023256,3,0.03488372093023256,19
0.66,3001649614,random,degree,86,4,0.046511627906976744,4,0.046511627906976744,15
0.66,3684078492,random,degree,86,3,0.03488372093023256,3,0.03488372093023256,17
0.66,3272533885,random,degree,86,4,0.046511627906976744,4,0.046511627906976744,12
0.66,2527558063,random,degree,86,3,0.03488372093023256,2,0.023255813953488372,14
0.66,3276899669,random,degree,86,4,0.046511627906976744,3,0.03488372093023256,11
0.66,1176004288,random,degree,86,3,0.03488372093023256,2,0.023255813953488372,18
0.66,2451301744,random,degree,86,5,0.05813953488372093,3,0.03488372093023256,10
0.66,3041059657,random,degree,86,3,0.03488372093023256,3,0.03488372093023256,15
0.66,3860550061,random,degree,86,3,0.03488372093023256,3,0.03488372093023256,17
0.66,233116329,random,degree,86,5,0.05813953488372093,3,0.03488372093023256,15
0.66,961879477,random,degree,86,3,0.03488372093023256,3,0.03488372093023256,16
0.66,802070596,random,degree,86,4,0.046511627906976744,4,0.046511627906976744,15
0.66,1401310887,random,degree,86,4,0.046511627906976744,4,0.046511627906976744,13
0.66,2339442411,random,degree,86,4,0.046511627906976744,3,0.03488372093023256,11
0.66,894734020,random,degree,86,5,0.05813953488372093,2,0.023255813953488372,16
0.66,1330321742,random,degree,86,6,0.06976744186046512,3,0.03488372093023256,13
0.66,2108413407,random,degree,86,4,0.046511627906976744,3,0.03488372093023256,9
0.66,2076539882,random,degree,86,4,0.046511627906976744,3,0.03488372093023256,11
0.66,2701794610,random,degree,86,5,0.05813953488372093,4,0.046511627906976744,11
0.66,1454169111,random,degree,86,3,0.03488372093023256,3,0.03488372093023256,15
0.66,3797418532,random,degree,86,3,0.03488372093023256,3,0.03488372093023256,15
0.66,1379595322,random,degree,86,4,0.046511627906976744,3,0.03488372093023256,20
0.66,3968079501,random,degree,86,3,0.03488372093023256,2,0.023255813953488372,12
0.66,3687752659,random,degree,86,4,0.046511627906976744,3,0.03488372093023256,10
0.66,3487433310,random,degree,86,4,0.046511627906976744,3,0.03488372093023256,13
0.66,1122487788,random,degree,86,3,0.03488372093023256,2,0.023255813953488372,10
0.66,1731072668,random,degree,86,4,0.046511627906976744,3,0.03488372093023256,11
0.66,1323881947,random,degree,86,4,0.046511627906976744,3,0.03488372093023256,10
0.66,2501710687,random,degree,86,4,0.046511627906976744,3,0.03488372093023256,11
0.66,2994404003,random,degree,86,2,0.023255813953488372,2,0.023255813953488372,15
0.66,3117543771,random,degree,86,5,0.05813953488372093,3,0.03488372093023256,9
0.66,1448205816,random,degree,86,4,0.046511627906976744,2,0.023255813953488372,19
0.66,2231233858,random,degree,86,3,0.03488372093023256,2,0.023255813953488372,14
0.66,3171770506,random,degree,86,5,0.05813953488372093,4,0.046511627906976744,11
0.66,3956420150,random,degree,86,3,0.03488372093023256,3,0.03488372093023256,12
0.66,2330196778,random,degree,86,5,0.05813953488372093,3,0.03488372093023256,10
0.66,2971246097,random,degree,86,3,0.03488372093023256,3,0.03488372093023256,11
0.66,1276385329,random,degree,86,3,0.03488372093023256,3,0.03488372093023256,15
0.66,823670487,random,degree,86,3,0.03488372093023256,3,0.03488372093023256,11
0.66,3165275420,random,degree,86,3,0.03488372093023256,2,0.023255813953488372,14
0.66,781042840,random,degree,86,3,0.03488372093023256,2,0.023255813953488372,18
0.66,1591712303,random,degree,86,4,0.046511627906976744,3,0.03488372093023256,14
0.66,2490985047,random,degree,86,4,0.046511627906976744,3,0.03488372093023256,12
0.66,3241296424,random,degree,86,4,0.046511627906976744,2,0.023255813953488372,15
0.66,2244255850,random,degree,86,5,0.05813953488372093,3,0.03488372093023256,17
0.66,1810901714,random,degree,86,4,0.046511627906976744,3,0.03488372093023256,17
0.66,569095966,random,degree,86,2,0.023255813953488372,2,0.023255813953488372,13
0.66,2980863596,random,degree,86,6,0.06976744186046512,3,0.03488372093023256,14
0.66,3687833373,random,degree,86,4,0.046511627906976744,3,0.03488372093023256,10
0.66,2609820436,random,degree,86,3,0.03488372093023256,2,0.023255813953488372,12
0.67,1925984856,random,degree,86,5,0.05813953488372093,3,0.03488372093023256,18
0.67,835061937,random,degree,86,4,0.046511627906976744,2,0.023255813953488372,18
0.67,3585344469,random,degree,86,3,0.03488372093023256,2,0.023255813953488372,13
0.67,1980701500,random,degree,86,5,0.05813953488372093,3,0.03488372093023256,14
0.67,3204622736,random,degree,86,2,0.023255813953488372,2,0.023255813953488372,10
0.67,668368783,random,degree,86,6,0.06976744186046512,3,0.03488372093023256,17
0.67,800666305,random,degree,86,4,0.046511627906976744,3,0.03488372093023256,10
0.67,3956645225,random,degree,86,2,0.023255813953488372,2,0.023255813953488372,18
0.67,3223328360,random,degree,86,3,0.03488372093023256,3,0.03488372093023256,10
0.67,715744311,random,degree,86,3,0.03488372093023256,3,0.03488372093023256,12
0.67,934394469,random,degree,86,4,0.046511627906976744,3,0.03488372093023256,13
0.67,3997270817,random,degree,86,6,0.06976744186046512,4,0.046511627906976744,11
0.67,3751314084,random,degree,86,4,0.046511627906976744,2,0.023255813953488372,18
0.67,431745846,random,degree,86,3,0.03488372093023256,2,0.023255813953488372,15
0.67,2668780327,random,degree,86,3,0.03488372093023256,2,0.023255813953488372,15
0.67,4178374618,random,degree,86,4,0.046511627906976744,3,0.03488372093023256,15
0.67,463280250,random,degree,86,3,0.03488372093023256,2,0.023255813953488372,13
0.67,1345220549,random,degree,86,3,0.03488372093023256,3,0.03488372093023256,12
0.67,3570634397,random,degree,86,3,0.03488372093023256,3,0.03488372093023256,11
0.67,436108042,random,degree,86,2,0.023255813953488372,2,0.023255813953488372,16
0.67,1318609989,random,degree,86,2,0.023255813953488372,2,0.023255813953488372,16
0.67,3467897484,random,degree,86,3,0.03488372093023256,3,0.03488372093023256,16
0.67,3066454429,random,degree,86,5,0.05813953488372093,4,0.046511627906976744,16
0.67,3857571930,random,degree,86,4,0.046511627906976744,4,0.046511627906976744,10
0.67,368040498,random,degree,86,4,0.046511627906976744,4,0.046511627906976744,11
0.67,1759091931,random,degree,86,4,0.046511627906976744,3,0.03488372093023256,9
0.67,2557231482,random,degree,86,3,0.03488372093023256,3,0.03488372093023256,16
0.67,2815318223,random,degree,86,2,0.023255813953488372,2,0.023255813953488372,14
0.67,1035715916,random,degree,86,3,0.03488372093023256,3,0.03488372093023256,14
0.67,147193330,random,degree,86,3,0.03488372093023256,2,0.023255813953488372,17
0.67,3749488324,random,degree,86,3,0.03488372093023256,2,0.023255813953488372,13
0.67,2213101019,random,degree,86,3,0.03488372093023256,3,0.03488372093023256,15
0.67,733708434,random,degree,86,3,0.03488372093023256,3,0.03488372093023256,11
0.67,756368384,random,degree,86,4,0.046511627906976744,3,0.03488372093023256,10
0.67,2420956234,random,degree,86,4,0.046511627906976744,2,0.023255813953488372,16
0.67,2207540145,random,degree,86,4,0.046511627906976744,3,0.03488372093023256,11
0.67,3859202711,random,degree,86,4,0.046511627906976744,3,0.03488372093023256,9
0.67,43468505,random,degree,86,3,0.03488372093023256,3,0.03488372093023256,10
0.67,787376784,random,degree,86,4,0.046511627906976744,2,0.023255813953488372,16
0.67,3477395481,random,degree,86,3,0.03488372093023256,2,0.023255813953488372,13
0.67,615673637,random,degree,86,3,0.03488372093023256,3,0.03488372093023256,6
0.67,3444666735,random,degree,86,4,0.046511627906976744,3,0.03488372093023256,9
0.67,3904857710,random,degree,86,3,0.03488372093023256,3,0.03488372093023256,12
0.67,2722868716,random,degree,86,2,0.023255813953488372,2,0.023255813953488372,18
0.67,17562251,random,degree,86,7,0.08139534883720931,3,0.03488372093023256,7
0.67,1271813646,random,degree,86,5,0.05813953488372093,3,0.03488372093023256,12
0.67,146979249,random,degree,86,6,0.06976744186046512,3,0.03488372093023256,10
0.67,1957058607,random,degree,86,4,0.046511627906976744,2,0.023255813953488372,18
0.67,4096181142,random,degree,86,3,0.03488372093023256,2,0.023255813953488372,17
0.67,3918549533,random,degree,86,4,0.046511627906976744,2,0.023255813953488372,8
0.67,3914767835,random,degree,86,4,0.046511627906976744,3,0.03488372093023256,9
0.67,1724585999,random,degree,86,3,0.03488372093023256,3,0.03488372093023256,14
0.67,2961273422,random,degree,86,4,0.046511627906976744,3,0.03488372093023256,16
0.67,283296975,random,degree,86,4,0.046511627906976744,3,0.03488372093023256,11
0.67,2381260091,random,degree,86,5,0.05813953488372093,2,0.023255813953488372,17
0.67,3981104373,random,degree,86,4,0.046511627906976744,2,0.023255813953488372,10
0.67,319170737,random,degree,86,3,0.03488372093023256,2,0.023255813953488372,19
0.67,1168968654,random,degree,86,4,0.046511627906976744,3,0.03488372093023256,14
0.67,3077673045,random,degree,86,5,0.05813953488372093,3,0.03488372093023256,9
0.67,2402936393,random,degree,86,4,0.046511627906976744,2,0.023255813953488372,16
0.67,1362513055,random,degree,86,3,0.03488372093023256,2,0.023255813953488372,13
0.67,2861845832,random,degree,86,4,0.046511627906976744,4,0.046511627906976744,16
0.67,1996823271,random,degree,86,4,0.046511627906976744,3,0.03488372093023256,11
0.67,3671729202,random,degree,86,3,0.03488372093023256,3,0.03488372093023256,15
0.67,1022515259,random,degree,86,4,0.046511627906976744,4,0.046511627906976744,15
0.67,2547269557,random,degree,86,5,0.05813953488372093,2,0.023255813953488372,19
0.67,3186580111,random,degree,86,5,0.05813953488372093,3,0.03488372093023256,12
0.67,4033179804,random,degree,86,3,0.03488372093023256,3,0.03488372093023256,13
0.67,3926558022,random,degree,86,6,0.06976744186046512,2,0.023255813953488372,12
0.67,278640828,random,degree,86,3,0.03488372093023256,2,0.023255813953488372,11
0.67,3684966300,random,degree,86,4,0.046511627906976744,3,0.03488372093023256,11
0.67,1056287860,random,degree,86,3,0.03488372093023256,2,0.023255813953488372,13
0.67,1340192994,random,degree,86,4,0.046511627906976744,3,0.03488372093023256,9
0.67,1198688261,random,degree,86,3,0.03488372093023256,3,0.03488372093023256,18
0.67,132602657,random,degree,86,3,0.03488372093023256,3,0.03488372093023256,16
0.67,3429787596,random,degree,86,4,0.046511627906976744,4,0.046511627906976744,9
0.67,1410799159,random,degree,86,4,0.046511627906976744,3,0.03488372093023256,12
0.67,4055518152,random,degree,86,6,0.06976744186046512,3,0.03488372093023256,13
0.67,3521333875,random,degree,86,2,0.023255813953488372,2,0.023255813953488372,14
0.67,1774847427,random,degree,86,3,0.03488372093023256,2,0.023255813953488372,13
0.67,2898931285,random,degree,86,3,0.03488372093023256,3,0.03488372093023256,8
0.67,379916570,random,degree,86,4,0.046511627906976744,4,0.046511627906976744,11
0.67,2283477718,random,degree,86,3,0.03488372093023256,2,0.023255813953488372,15
0.67,764565129,random,degree,86,3,0.03488372093023256,2,0.023255813953488372,15
0.67,4286049485,random,degree,86,4,0.046511627906976744,3,0.03488372093023256,7
0.67,1112696693,random,degree,86,5,0.05813953488372093,3,0.03488372093023256,12
0.67,2934747915,random,degree,86,6,0.06976744186046512,3,0.03488372093023256,15
0.67,4115605307,random,degree,86,3,0.03488372093023256,2,0.023255813953488372,13
0.67,2138321575,random,degree,86,3,0.03488372093023256,2,0.023255813953488372,13
0.67,3308980166,random,degree,86,4,0.046511627906976744,2,0.023255813953488372,14
0.67,4215383958,random,degree,86,3,0.03488372093023256,2,0.023255813953488372,13
0.67,20945026,random,degree,86,3,0.03488372093023256,2,0.023255813953488372,11
0.67,1979166333,random,degree,86,3,0.03488372093023256,2,0.023255813953488372,11
0.67,2342617463,random,degree,86,4,0.046511627906976744,3,0.03488372093023256,15
0.67,4153472328,random,degree,86,3,0.03488372093023256,3,0.03488372093023256,12
0.67,902322812,random,degree,86,6,0.06976744186046512,4,0.046511627906976744,16
0.67,1440555402,random,degree,86,6,0.06976744186046512,3,0.03488372093023256,12
0.67,2881534094,random,degree,86,3,0.03488372093023256,3,0.03488372093023256,19
0.67,2411739135,random,degree,86,3,0.03488372093023256,2,0.023255813953488372,17
0.67,3780481750,random,degree,86,6,0.06976744186046512,4,0.046511627906976744,9
0.68,662953893,random,degree,86,3,0.03488372093023256,3,0.03488372093023256,14
0.68,335791,random,degree,86,4,0.046511627906976744,3,0.03488372093023256,17
0.68,2639574603,random,degree,86,3,0.03488372093023256,2,0.023255813953488372,13
0.68,1165458181,random,degree,86,5,0.05813953488372093,2,0.023255813953488372,11
0.68,2218843608,random,degree,86,3,0.03488372093023256,3,0.03488372093023256,11
0.68,2331119130,random,degree,86,2,0.023255813953488372,2,0.023255813953488372,14
0.68,1304611296,random,degree,86,3,0.03488372093023256,3,0.03488372093023256,14
0.68,3975538586,random,degree,86,5,0.05813953488372093,4,0.046511627906976744,7
0.68,3810316749,random,degree,86,4,0.046511627906976744,2,0.023255813953488372,14
0.68,456427349,random,degree,86,5,0.05813953488372093,3,0.03488372093023256,14
0.68,1347969661,random,degree,86,5,0.05813953488372093,3,0.03488372093023256,10
0.68,1433591825,random,degree,86,5,0.05813953488372093,4,0.046511627906976744,7
0.68,3777757304,random,degree,86,4,0.046511627906976744,2,0.023255813953488372,14
0.68,4192982171,random,degree,86,3,0.03488372093023256,3,0.03488372093023256,12
0.68,2473492770,random,degree,86,4,0.046511627906976744,2,0.023255813953488372,14
0.68,10706281,random,degree,86,4,0.046511627906976744,4,0.046511627906976744,13
0.68,520197004,random,degree,86,3,0.03488372093023256,2,0.023255813953488372,13
0.68,2049284504,random,degree,86,3,0.03488372093023256,2,0.023255813953488372,17
0.68,1972280324,random,degree,86,5,0.05813953488372093,5,0.05813953488372093,14
0.68,818856824,random,degree,86,3,0.03488372093023256,3,0.03488372093023256,12
0.68,2402387663,random,degree,86,4,0.046511627906976744,4,0.046511627906976744,9
0.68,4208472473,random,degree,86,3,0.03488372093023256,3,0.03488372093023256,12
0.68,747704973,random,degree,86,3,0.03488372093023256,3,0.03488372093023256,12
0.68,2173778424,random,degree,86,4,0.046511627906976744,3,0.03488372093023256,9
0.68,654749498,random,degree,86,3,0.03488372093023256,3,0.03488372093023256,13
0.68,945910085,random,degree,86,4,0.046511627906976744,4,0.046511627906976744,13
0.68,3486322621,random,degree,86,3,0.03488372093023256,2,0.023255813953488372,15
0.68,3497607239,random,degree,86,4,0.046511627906976744,3,0.03488372093023256,15
0.68,155641800,random,degree,86,4,0.046511627906976744,3,0.03488372093023256,13
0.68,749442943,random,degree,86,3,0.03488372093023256,2,0.023255813953488372,19
0.68,3347962598,random,degree,86,3,0.03488372093023256,3,0.03488372093023256,17
0.68,4059069590,random,degree,86,3,0.03488372093023256,2,0.023255813953488372,11
0.68,3593687695,random,degree,86,4,0.046511627906976744,3,0.03488372093023256,14
0.68,3166785969,random,degree,86,3,0.03488372093023256,3,0.03488372093023256,11
0.68,4054436396,random,degree,86,7,0.08139534883720931,4,0.046511627906976744,9
0.68,3393210929,random,degree,86,3,0.03488372093023256,2,0.023255813953488372,17
0.68,2133161336,random,degree,86,2,0.023255813953488372,2,0.023255813953488372,14
0.68,40010100,random,degree,86,3,0.03488372093023256,2,0.023255813953488372,15
0.68,167030744,random,degree,86,2,0.023255813953488372,2,0.023255813953488372,20
0.68,2145589175,random,degree,86,3,0.03488372093023256,2,0.023255813953488372,15
0.68,3045881067,random,degree,86,4,0.046511627906976744,3,0.03488372093023256,13
0.68,2389885780,random,degree,86,9,0.10465116279069768,2,0.023255813953488372,13
0.68,2547899725,random,degree,86,2,0.023255813953488372,2,0.023255813953488372,18
0.68,4189511036,random,degree,86,4,0.046511627906976744,3,0.03488372093023256,13
0.68,806243697,random,degree,86,4,0.046511627906976744,4,0.046511627906976744,13
0.68,2912413299,random,degree,86,4,0.046511627906976744,3,0.03488372093023256,11
0.68,3467552210,random,degree,86,4,0.046511627906976744,3,0.03488372093023256,11
0.68,4185551419,random,degree,86,3,0.03488372093023256,2,0.023255813953488372,13
0.68,530572712,random,degree,86,5,0.05813953488372093,3,0.03488372093023256,13
0.68,3870165621,random,degree,86,3,0.03488372093023256,3,0.03488372093023256,10
0.68,438850116,random,degree,86,3,0.03488372093023256,3,0.03488372093023256,14
0.68,1024562477,random,degree,86,4,0.046511627906976744,3,0.03488372093023256,12
0.68,2710631950,random,degree,86,4,0.046511627906976744,3,0.03488372093023256,13
0.68,3884413834,random,degree,86,3,0.03488372093023256,3,0.03488372093023256,14
0.68,635244089,random,degree,86,3,0.03488372093023256,3,0.03488372093023256,14
0.68,3938466526,random,degree,86,3,0.03488372093023256,2,0.023255813953488372,13
0.68,392450172,random,degree,86,5,0.05813953488372093,3,0.03488372093023256,11
0.68,399396009,random,degree,86,4,0.046511627906976744,2,0.023255813953488372,14
0.68,318165038,random,degree,86,4,0.046511627906976744,3,0.03488372093023256,11
0.68,1459167695,random,degree,86,5,0.05813953488372093,3,0.03488372093023256,12
0.68,3394518620,random,degree,86,3,0.03488372093023256,2,0.023255813953488372,15
0.68,3201959490,random,degree,86,4,0.046511627906976744,3,0.03488372093023256,13
0.68,1231632203,random,degree,86,4,0.046511627906976744,3,0.03488372093023256,13
0.68,542267210,random,degree,86,3,0.03488372093023256,2,0.023255813953488372,11
0.68,806210333,random,degree,86,4,0.046511627906976744,3,0.03488372093023256,11
0.68,3386431074,random,degree,86,4,0.046511627906976744,2,0.023255813953488372,10
0.68,2955130351,random,degree,86,5,0.05813953488372093,4,0.046511627906976744,13
0.68,1610241614,random,degree,86,4,0.046511627906976744,4,0.046511627906976744,12
0.68,1201687302,random,degree,86,3,0.03488372093023256,2,0.023255813953488372,17
0.68,3036896783,random,degree,86,3,0.03488372093023256,3,0.03488372093023256,16
0.68,725547888,random,degree,86,4,0.046511627906976744,2,0.023255813953488372,12
0.68,2568519314,random,degree,86,3,0.03488372093023256,3,0.03488372093023256,14
0.68,1341295118,random,degree,86,3,0.03488372093023256,3,0.03488372093023256,15
0.68,295067193,random,degree,86,2,0.023255813953488372,2,0.023255813953488372,12
0.68,1769255804,random,degree,86,4,0.046511627906976744,2,0.023255813953488372,12
0.68,3350799157,random,degree,86,3,0.03488372093023256,3,0.03488372093023256,14
0.68,2874473186,random,degree,86,4,0.046511627906976744,3,0.03488372093023256,11
0.68,202861282,random,degree,86,5,0.05813953488372093,4,0.046511627906976744,9
0.68,1729354479,random,degree,86,4,0.046511627906976744,2,0.023255813953488372,12
0.68,2828854228,random,degree,86,3,0.03488372093023256,3,0.03488372093023256,14
0.68,906493139,random,degree,86,4,0.046511627906976744,3,0.03488372093023256,13
0.68,434828639,random,degree,86,3,0.03488372093023256,3,0.03488372093023256,14
0.68,1798938853,random,degree,86,6,0.06976744186046512,2,0.023255813953488372,10
0.68,3387392539,random,degree,86,4,0.046511627906976744,3,0.03488372093023256,15
0.68,3512634975,random,degree,86,4,0.046511627906976744,2,0.023255813953488372,12
0.68,237102783,random,degree,86,4,0.046511627906976744,4,0.046511627906976744,8
0.68,3994567536,random,degree,86,3,0.03488372093023256,3,0.03488372093023256,14
0.68,245716690,random,degree,86,5,0.05813953488372093,3,0.03488372093023256,9
0.68,4253513087,random,degree,86,3,0.03488372093023256,3,0.03488372093023256,16
0.68,4215850637,random,degree,86,5,0.05813953488372093,4,0.046511627906976744,13
0.68,2452092059,random,degree,86,4,0.046511627906976744,3,0.03488372093023256,9
0.68,960089788,random,degree,86,3,0.03488372093023256,3,0.03488372093023256,11
0.68,826069946,random,degree,86,3,0.03488372093023256,3,0.03488372093023256,12
0.68,603250569,random,degree,86,4,0.046511627906976744,2,0.023255813953488372,18
0.68,2338413062,random,degree,86,3,0.03488372093023256,2,0.023255813953488372,15
0.68,2448100943,random,degree,86,4,0.046511627906976744,2,0.023255813953488372,12
0.68,2947280905,random,degree,86,4,0.046511627906976744,3,0.03488372093023256,15
0.68,3062658070,random,degree,86,3,0.03488372093023256,3,0.03488372093023256,12
0.68,880981151,random,degree,86,6,0.06976744186046512,3,0.03488372093023256,15
0.68,1027362939,random,degree,86,4,0.046511627906976744,3,0.03488372093023256,10
0.69,1063831799,random,degree,86,3,0.03488372093023256,2,0.023255813953488372,16
0.69,2127947139,random,degree,86,2,0.023255813953488372,2,0.023255813953488372,19
0.69,808504975,random,degree,86,3,0.03488372093023256,2,0.023255813953488372,12
0.69,3678414695,random,degree,86,3,0.03488372093023256,3,0.03488372093023256,17
0.69,3508853546,random,degree,86,4,0.046511627906976744,3,0.03488372093023256,16
0.69,1030528330,random,degree,86,3,0.03488372093023256,2,0.023255813953488372,14
0.69,3815779236,random,degree,86,3,0.03488372093023256,3,0.03488372093023256,12
0.69,1523392554,random,degree,86,3,0.03488372093023256,2,0.023255813953488372,12
0.69,132419665,random,degree,86,4,0.046511627906976744,3,0.03488372093023256,13
0.69,1682688445,random,degree,86,3,0.03488372093023256,2,0.023255813953488372,12
0.69,2127911842,random,degree,86,4,0.046511627906976744,4,0.046511627906976744,17
0.69,1393497300,random,degree,86,4,0.046511627906976744,3,0.03488372093023256,16
0.69,2974992931,random,degree,86,5,0.05813953488372093,2,0.023255813953488372,10
0.69,3064630309,random,degree,86,2,0.023255813953488372,2,0.023255813953488372,15
0.69,2333557526,random,degree,86,4,0.046511627906976744,2,0.023255813953488372,7
0.69,2259938524,random,degree,86,3,0.03488372093023256,2,0.023255813953488372,18
0.69,4103264382,random,degree,86,3,0.03488372093023256,2,0.023255813953488372,20
0.69,2886986213,random,degree,86,5,0.05813953488372093,3,0.03488372093023256,13
0.69,2540036941,random,degree,86,4,0.046511627906976744,3,0.03488372093023256,9
0.69,1519489460,random,degree,86,5,0.05813953488372093,2,0.023255813953488372,12
0.69,1862645633,random,degree,86,4,0.046511627906976744,3,0.03488372093023256,14
0.69,3113411552,random,degree,86,4,0.046511627906976744,3,0.03488372093023256,7
0.69,742499237,random,degree,86,3,0.03488372093023256,2,0.023255813953488372,18
0.69,2550025960,random,degree,86,3,0.03488372093023256,3,0.03488372093023256,8
0.69,1920072494,random,degree,86,2,0.023255813953488372,2,0.023255813953488372,17
0.69,474133600,random,degree,86,3,0.03488372093023256,2,0.023255813953488372,18
0.69,1802625136,random,degree,86,5,0.05813953488372093,2,0.023255813953488372,16
0.69,2658756054,random,degree,86,3,0.03488372093023256,3,0.03488372093023256,15
0.69,2410199315,random,degree,86,4,0.046511627906976744,3,0.03488372093023256,12
0.69,3304421566,random,degree,86,3,0.03488372093023256,2,0.023255813953488372,18
0.69,780664772,random,degree,86,3,0.03488372093023256,3,0.03488372093023256,11
0.69,1784008712,random,degree,86,5,0.05813953488372093,3,0.03488372093023256,17
0.69,3270739212,random,degree,86,3,0.03488372093023256,3,0.03488372093023256,9
0.69,4113863312,random,degree,86,4,0.046511627906976744,2,0.023255813953488372,13
0.69,339440816,random,degree,86,2,0.023255813953488372,2,0.023255813953488372,15
0.69,2534330983,random,degree,86,3,0.03488372093023256,3,0.03488372093023256,8
0.69,2765060598,random,degree,86,4,0.046511627906976744,3,0.03488372093023256,12
0.69,388174077,random,degree,86,4,0.046511627906976744,2,0.023255813953488372,15
0.69,110239772,random,degree,86,6,0.06976744186046512,3,0.03488372093023256,16
0.69,210499972,random,degree,86,5,0.05813953488372093,5,0.05813953488372093,9
0.69,3740217125,random,degree,86,4,0.046511627906976744,2,0.023255813953488372,13
0.69,1212516726,random,degree,86,3,0.03488372093023256,2,0.023255813953488372,16
0.69,210300463,random,degree,86,4,0.046511627906976744,4,0.046511627906976744,15
0.69,2628384717,random,degree,86,2,0.023255813953488372,2,0.023255813953488372,15
0.69,3011479084,random,degree,86,3,0.03488372093023256,2,0.023255813953488372,14
0.69,1838475297,random,degree,86,4,0.046511627906976744,4,0.046511627906976744,7
0.69,2953595699,random,degree,86,3,0.03488372093023256,3,0.03488372093023256,12
0.69,3673011224,random,degree,86,3,0.03488372093023256,2,0.023255813953488372,16
0.69,765080464,random,degree,86,4,0.046511627906976744,3,0.03488372093023256,14
0.69,545771198,random,degree,86,3,0.03488372093023256,2,0.023255813953488372,16
0.69,710906896,random,degree,86,3,0.03488372093023256,2,0.023255813953488372,16
0.69,401518763,random,degree,86,5,0.05813953488372093,4,0.046511627906976744,12
0.69,450630569,random,degree,86,4,0.046511627906976744,3,0.03488372093023256,15
0.69,1637067021,random,degree,86,3,0.03488372093023256,2,0.023255813953488372,10
0.69,2996278080,random,degree,86,3,0.03488372093023256,2,0.023255813953488372,18
0.69,2594659485,random,degree,86,4,0.046511627906976744,3,0.03488372093023256,14
0.69,364042035,random,degree,86,3,0.03488372093023256,3,0.03488372093023256,7
0.69,376241680,random,degree,86,3,0.03488372093023256,3,0.03488372093023256,15
0.69,107050209,random,degree,86,5,0.05813953488372093,2,0.023255813953488372,16
0.69,3047079955,random,degree,86,3,0.03488372093023256,2,0.023255813953488372,14
0.69,251842858,random,degree,86,3,0.03488372093023256,3,0.03488372093023256,8
0.69,2947942680,random,degree,86,4,0.046511627906976744,3,0.03488372093023256,12
0.69,1204834080,random,degree,86,4,0.046511627906976744,4,0.046511627906976744,10
0.69,67081549,random,degree,86,3,0.03488372093023256,2,0.023255813953488372,12
0.69,3401325369,random,degree,86,4,0.046511627906976744,3,0.03488372093023256,12
0.69,4178651503,random,degree,86,4,0.046511627906976744,3,0.03488372093023256,14
0.69,1468011290,random,degree,86,3,0.03488372093023256,3,0.03488372093023256,17
0.69,2666724575,random,degree,86,3,0.03488372093023256,3,0.03488372093023256,10
0.69,2253484426,random,degree,86,3,0.03488372093023256,2,0.023255813953488372,16
0.69,3017867338,random,degree,86,3,0.03488372093023256,3,0.03488372093023256,13
0.69,1095189006,random,degree,86,4,0.046511627906976744,3,0.03488372093023256,11
0.69,2081607563,random,degree,86,4,0.046511627906976744,3,0.03488372093023256,13
0.69,3098203164,random,degree,86,3,0.03488372093023256,2,0.023255813953488372,18
0.69,3934685946,random,degree,86,5,0.05813953488372093,3,0.03488372093023256,9
0.69,1717501700,random,degree,86,3,0.03488372093023256,3,0.03488372093023256,12
0.69,3815240753,random,degree,86,4,0.046511627906976744,3,0.03488372093023256,14
0.69,3134553466,random,degree,86,4,0.046511627906976744,3,0.03488372093023256,16
0.69,2639588717,random,degree,86,4,0.046511627906976744,2,0.023255813953488372,15
0.69,504124406,random,degree,86,5,0.05813953488372093,3,0.03488372093023256,8
0.69,834422930,random,degree,86,3,0.03488372093023256,2,0.023255813953488372,16
0.69,4164758173,random,degree,86,7,0.08139534883720931,2,0.023255813953488372,16
0.69,2476462503,random,degree,86,4,0.046511627906976744,3,0.03488372093023256,16
0.69,1312569219,random,degree,86,5,0.05813953488372093,3,0.03488372093023256,17
0.69,2172024777,random,degree,86,3,0.03488372093023256,2,0.023255813953488372,16
0.69,308128262,random,degree,86,5,0.05813953488372093,3,0.03488372093023256,13
0.69,328070230,random,degree,86,3,0.03488372093023256,3,0.03488372093023256,13
0.69,37289718,random,degree,86,2,0.023255813953488372,2,0.023255813953488372,23
0.69,3463549870,random,degree,86,4,0.046511627906976744,3,0.03488372093023256,11
0.69,744412982,random,degree,86,5,0.05813953488372093,4,0.046511627906976744,12
0.69,101233408,random,degree,86,4,0.046511627906976744,3,0.03488372093023256,14
0.69,3809713821,random,degree,86,3,0.03488372093023256,2,0.023255813953488372,16
0.69,2835635755,random,degree,86,4,0.046511627906976744,4,0.046511627906976744,12
0.69,649079093,random,degree,86,3,0.03488372093023256,3,0.03488372093023256,11
0.69,1993495028,random,degree,86,4,0.046511627906976744,2,0.023255813953488372,19
0.69,4077448755,random,degree,86,3,0.03488372093023256,2,0.023255813953488372,12
0.69,751489476,random,degree,86,6,0.06976744186046512,2,0.023255813953488372,7
0.69,1834235514,random,degree,86,3,0.03488372093023256,3,0.03488372093023256,13
0.69,1866838786,random,degree,86,3,0.03488372093023256,2,0.023255813953488372,18
0.69,1529048029,random,degree,86,3,0.03488372093023256,3,0.03488372093023256,13
0.69,3671785877,random,degree,86,3,0.03488372093023256,3,0.03488372093023256,17
0.7,3734357488,random,degree,86,4,0.046511627906976744,4,0.046511627906976744,12
0.7,2985656540,random,degree,86,2,0.023255813953488372,2,0.023255813953488372,16
0.7,238102135,random,degree,86,3,0.03488372093023256,3,0.03488372093023256,13
0.7,3461526657,random,degree,86,2,0.023255813953488372,2,0.023255813953488372,10
0.7,3201642289,random,degree,86,7,0.08139534883720931,4,0.046511627906976744,9
0.7,2576147555,random,degree,86,4,0.046511627906976744,2,0.023255813953488372,10
0.7,2747314220,random,degree,86,4,0.046511627906976744,3,0.03488372093023256,7
0.7,2681750452,random,degree,86,3,0.03488372093023256,2,0.023255813953488372,13
0.7,850368444,random,degree,86,5,0.05813953488372093,2,0.023255813953488372,15
0.7,2362307727,random,degree,86,4,0.046511627906976744,3,0.03488372093023256,9
0.7,3787209719,random,degree,86,3,0.03488372093023256,2,0.023255813953488372,13
0.7,4239840330,random,degree,86,2,0.023255813953488372,2,0.023255813953488372,18
0.7,497429191,random,degree,86,3,0.03488372093023256,2,0.023255813953488372,17
0.7,804663289,random,degree,86,3,0.03488372093023256,3,0.03488372093023256,7
0.7,979000326,random,degree,86,3,0.03488372093023256,3,0.03488372093023256,16
0.7,4013747075,random,degree,86,3,0.03488372093023256,2,0.023255813953488372,13
0.7,1503526614,random,degree,86,2,0.023255813953488372,2,0.023255813953488372,14
0.7,4043969603,random,degree,86,3,0.03488372093023256,2,0.023255813953488372,13
0.7,1715280846,random,degree,86,3,0.03488372093023256,2,0.023255813953488372,17
0.7,3264932714,random,degree,86,2,0.023255813953488372,2,0.023255813953488372,16
0.7,1913093729,random,degree,86,2,0.023255813953488372,2,0.023255813953488372,16
0.7,3060663163,random,degree,86,4,0.046511627906976744,3,0.03488372093023256,11
0.7,2771767100,random,degree,86,3,0.03488372093023256,3,0.03488372093023256,12
0.7,751307127,random,degree,86,4,0.046511627906976744,3,0.03488372093023256,13
0.7,3633399871,random,degree,86,2,0.023255813953488372,2,0.023255813953488372,14
0.7,4066616479,random,degree,86,4,0.046511627906976744,4,0.046511627906976744,14
0.7,1895106967,random,degree,86,5,0.05813953488372093,2,0.023255813953488372,13
0.7,2936470788,random,degree,86,3,0.03488372093023256,2,0.023255813953488372,15
0.7,1374393790,random,degree,86,3,0.03488372093023256,3,0.03488372093023256,14
0.7,2491526866,random,degree,86,3,0.03488372093023256,3,0.03488372093023256,7
0.7,675225971,random,degree,86,5,0.05813953488372093,3,0.03488372093023256,12
0.7,1709872365,random,degree,86,6,0.06976744186046512,4,0.046511627906976744,10
0.7,455743886,random,degree,86,4,0.046511627906976744,4,0.046511627906976744,12
0.7,3018290922,random,degree,86,4,0.046511627906976744,2,0.023255813953488372,12
0.7,3459687893,random,degree,86,2,0.023255813953488372,2,0.023255813953488372,10
0.7,2822139399,random,degree,86,3,0.03488372093023256,3,0.03488372093023256,10
0.7,2965235911,random,degree,86,4,0.046511627906976744,2,0.023255813953488372,14
0.7,3296045871,random,degree,86,4,0.046511627906976744,4,0.046511627906976744,12
0.7,1151629475,random,degree,86,4,0.046511627906976744,2,0.023255813953488372,16
0.7,2074686737,random,degree,86,3,0.03488372093023256,3,0.03488372093023256,13
0.7,846555278,random,degree,86,3,0.03488372093023256,3,0.03488372093023256,12
0.7,2654360331,random,degree,86,3,0.03488372093023256,2,0.023255813953488372,13
0.7,1768506147,random,degree,86,3,0.03488372093023256,2,0.023255813953488372,13
0.7,3059164436,random,degree,86,4,0.046511627906976744,2,0.023255813953488372,16
0.7,3598994605,random,degree,86,4,0.046511627906976744,3,0.03488372093023256,9
0.7,3251811991,random,degree,86,4,0.046511627906976744,3,0.03488372093023256,9
0.7,3643292011,random,degree,86,4,0.046511627906976744,2,0.023255813953488372,14
0.7,2368313766,random,degree,86,3,0.03488372093023256,3,0.03488372093023256,14
0.7,3331813148,random,degree,86,3,0.03488372093023256,2,0.023255813953488372,13
0.7,956432254,random,degree,86,3,0.03488372093023256,2,0.023255813953488372,15
0.7,434733795,random,degree,86,2,0.023255813953488372,2,0.023255813953488372,18
0.7,1894393446,random,degree,86,4,0.046511627906976744,3,0.03488372093023256,15
0.7,2187598902,random,degree,86,3,0.03488372093023256,3,0.03488372093023256,10
0.7,1686205848,random,degree,86,4,0.046511627906976744,2,0.023255813953488372,14
0.7,2689597723,random,degree,86,3,0.03488372093023256,2,0.023255813953488372,15
0.7,1024611567,random,degree,86,4,0.046511627906976744,4,0.046511627906976744,13
0.7,367980201,random,degree,86,2,0.023255813953488372,2,0.023255813953488372,20
0.7,2596974375,random,degree,86,4,0.046511627906976744,3,0.03488372093023256,15
0.7,795884105,random,degree,86,4,0.046511627906976744,3,0.03488372093023256,11
0.7,748472553,random,degree,86,3,0.03488372093023256,3,0.03488372093023256,15
0.7,4266780971,random,degree,86,2,0.023255813953488372,2,0.023255813953488372,18
0.7,3582452252,random,degree,86,3,0.03488372093023256,2,0.023255813953488372,13
0.7,2616759332,random,degree,86,5,0.05813953488372093,2,0.023255813953488372,13
0.7,3816649335,random,degree,86,3,0.03488372093023256,3,0.03488372093023256,9
0.7,2918899980,random,degree,86,3,0.03488372093023256,2,0.023255813953488372,11
0.7,199453358,random,degree,86,5,0.05813953488372093,3,0.03488372093023256,10
0.7,2869848704,random,degree,86,2,0.023255813953488372,2,0.023255813953488372,14
0.7,1594971500,random,degree,86,4,0.046511627906976744,3,0.03488372093023256,12
0.7,2334136393,random,degree,86,5,0.05813953488372093,2,0.023255813953488372,11
0.7,3017577925,random,degree,86,4,0.046511627906976744,2,0.023255813953488372,16
0.7,2192096570,random,degree,86,3,0.03488372093023256,3,0.03488372093023256,16
0.7,3458565309,random,degree,86,3,0.03488372093023256,3,0.03488372093023256,12
0.7,2190284990,random,degree,86,4,0.046511627906976744,3,0.03488372093023256,7
0.7,3881711435,random,degree,86,5,0.05813953488372093,2,0.023255813953488372,9
0.7,2801724803,random,degree,86,5,0.05813953488372093,3,0.03488372093023256,10
0.7,3979580312,random,degree,86,3,0.03488372093023256,3,0.03488372093023256,14
0.7,2970286283,random,degree,86,3,0.03488372093023256,2,0.023255813953488372,13
0.7,1894123730,random,degree,86,4,0.046511627906976744,3,0.03488372093023256,14
0.7,3063189425,random,degree,86,6,0.06976744186046512,2,0.023255813953488372,12
0.7,2774625483,random,degree,86,3,0.03488372093023256,2,0.023255813953488372,9
0.7,3112905909,random,degree,86,3,0.03488372093023256,2,0.023255813953488372,15
0.7,112336791,random,degree,86,3,0.03488372093023256,3,0.03488372093023256,14
0.7,2031777666,random,degree,86,4,0.046511627906976744,2,0.023255813953488372,12
0.7,2673118359,random,degree,86,3,0.03488372093023256,3,0.03488372093023256,14
0.7,2488473351,random,degree,86,3,0.03488372093023256,3,0.03488372093023256,10
0.7,2457356013,random,degree,86,3,0.03488372093023256,3,0.03488372093023256,17
0.7,3823625488,random,degree,86,4,0.046511627906976744,3,0.03488372093023256,14
0.7,4164563015,random,degree,86,4,0.046511627906976744,3,0.03488372093023256,11
0.7,4088428960,random,degree,86,3,0.03488372093023256,2,0.023255813953488372,15
0.7,248921156,random,degree,86,7,0.08139534883720931,2,0.023255813953488372,15
0.7,1423961400,random,degree,86,6,0.06976744186046512,2,0.023255813953488372,12
0.7,3990144780,random,degree,86,5,0.05813953488372093,2,0.023255813953488372,11
0.7,3427616150,random,degree,86,4,0.046511627906976744,3,0.03488372093023256,9
0.7,1908602882,random,degree,86,4,0.046511627906976744,2,0.023255813953488372,14
0.7,1675857993,random,degree,86,4,0.046511627906976744,3,0.03488372093023256,17
0.7,2616244481,random,degree,86,4,0.046511627906976744,3,0.03488372093023256,11
0.7,2904044564,random,degree,86,3,0.03488372093023256,3,0.03488372093023256,14
0.7,2292654031,random,degree,86,2,0.023255813953488372,2,0.023255813953488372,12
0.7,1986152799,random,degree,86,3,0.03488372093023256,3,0.03488372093023256,14
0.7,229246536,random,degree,86,4,0.046511627906976744,3,0.03488372093023256,13
0.71,2186675547,random,degree,86,2,0.023255813953488372,2,0.023255813953488372,15
0.71,1890816255,random,degree,86,3,0.03488372093023256,3,0.03488372093023256,15
0.71,95810501,random,degree,86,3,0.03488372093023256,3,0.03488372093023256,19
0.71,2815686227,random,degree,86,3,0.03488372093023256,3,0.03488372093023256,10
0.71,3033493188,random,degree,86,4,0.046511627906976744,4,0.046511627906976744,10
0.71,2627448646,random,degree,86,3,0.03488372093023256,2,0.023255813953488372,12
0.71,99978736,random,degree,86,2,0.023255813953488372,2,0.023255813953488372,19
0.71,4008009558,random,degree,86,3,0.03488372093023256,2,0.023255813953488372,12
0.71,164407733,random,degree,86,4,0.046511627906976744,2,0.023255813953488372,11
0.71,4226654719,random,degree,86,4,0.046511627906976744,2,0.023255813953488372,15
0.71,1201392088,random,degree,86,2,0.023255813953488372,2,0.023255813953488372,17
0.71,904217029,random,degree,86,3,0.03488372093023256,2,0.023255813953488372,16
0.71,2483837442,random,degree,86,2,0.023255813953488372,2,0.023255813953488372,15
0.71,2749297431,random,degree,86,3,0.03488372093023256,2,0.023255813953488372,14
0.71,339875282,random,degree,86,3,0.03488372093023256,2,0.023255813953488372,16
0.71,782879351,random,degree,86,3,0.03488372093023256,2,0.023255813953488372,14
0.71,4283371371,random,degree,86,3,0.03488372093023256,2,0.023255813953488372,16
0.71,619042740,random,degree,86,3,0.03488372093023256,2,0.023255813953488372,12
0.71,2310365290,random,degree,86,4,0.046511627906976744,2,0.023255813953488372,17
0.71,43019480,random,degree,86,2,0.023255813953488372,2,0.023255813953488372,21
0.71,3864076751,random,degree,86,3,0.03488372093023256,2,0.023255813953488372,20
0.71,2145832253,random,degree,86,4,0.046511627906976744,3,0.03488372093023256,10
0.71,3822537161,random,degree,86,2,0.023255813953488372,2,0.023255813953488372,15
0.71,3142808798,random,degree,86,4,0.046511627906976744,3,0.03488372093023256,13
0.71,2523639751,random,degree,86,3,0.03488372093023256,3,0.03488372093023256,12
0.71,3756553513,random,degree,86,4,0.046511627906976744,3,0.03488372093023256,10
0.71,3681395605,random,degree,86,3,0.03488372093023256,2,0.023255813953488372,16
0.71,2585582582,random,degree,86,3,0.03488372093023256,2,0.023255813953488372,14
0.71,2849347543,random,degree,86,6,0.06976744186046512,2,0.023255813953488372,15
0.71,2296889330,random,degree,86,2,0.023255813953488372,2,0.023255813953488372,15
0.71,502195834,random,degree,86,3,0.03488372093023256,3,0.03488372093023256,17
0.71,11493304,random,degree,86,2,0.023255813953488372,2,0.023255813953488372,11
0.71,3687566100,random,degree,86,2,0.023255813953488372,2,0.023255813953488372,17
0.71,1310557054,random,degree,86,3,0.03488372093023256,2,0.023255813953488372,16
0.71,3079901342,random,degree,86,4,0.046511627906976744,4,0.046511627906976744,15
0.71,3881879313,random,degree,86,6,0.06976744186046512,2,0.023255813953488372,13
0.71,3115349085,random,degree,86,2,0.023255813953488372,2,0.023255813953488372,19
0.71,1576334664,random,degree,86,3,0.03488372093023256,2,0.023255813953488372,16
0.71,2967198467,random,degree,86,3,0.03488372093023256,2,0.023255813953488372,10
0.71,4133302918,random,degree,86,3,0.03488372093023256,2,0.023255813953488372,12
0.71,1634030211,random,degree,86,6,0.06976744186046512,3,0.03488372093023256,12
0.71,3246576359,random,degree,86,3,0.03488372093023256,3,0.03488372093023256,17
0.71,1992432516,random,degree,86,4,0.046511627906976744,3,0.03488372093023256,12
0.71,927065223,random,degree,86,3,0.03488372093023256,3,0.03488372093023256,8
0.71,3968324328,random,degree,86,4,0.046511627906976744,3,0.03488372093023256,11
0.71,4195423852,random,degree,86,5,0.05813953488372093,2,0.023255813953488372,14
0.71,2419341003,random,degree,86,4,0.046511627906976744,3,0.03488372093023256,14
0.71,1535159587,random,degree,86,4,0.046511627906976744,3,0.03488372093023256,16
0.71,3664274576,random,degree,86,4,0.046511627906976744,2,0.023255813953488372,15
0.71,2936552125,random,degree,86,3,0.03488372093023256,2,0.023255813953488372,14
0.71,4193241667,random,degree,86,5,0.05813953488372093,3,0.03488372093023256,9
0.71,2503681824,random,degree,86,4,0.046511627906976744,3,0.03488372093023256,11
0.71,3461948168,random,degree,86,4,0.046511627906976744,3,0.03488372093023256,12
0.71,2995075513,random,degree,86,6,0.06976744186046512,2,0.023255813953488372,9
0.71,695506735,random,degree,86,3,0.03488372093023256,3,0.03488372093023256,13
0.71,138529335,random,degree,86,2,0.023255813953488372,2,0.023255813953488372,17
0.71,4141306718,random,degree,86,4,0.046511627906976744,3,0.03488372093023256,15
0.71,762733848,random,degree,86,3,0.03488372093023256,2,0.023255813953488372,14
0.71,3873276241,random,degree,86,3,0.03488372093023256,2,0.023255813953488372,14
0.71,960858358,random,degree,86,5,0.05813953488372093,2,0.023255813953488372,6
0.71,1200719025,random,degree,86,4,0.046511627906976744,3,0.03488372093023256,12
0.71,3828437810,random,degree,86,3,0.03488372093023256,2,0.023255813953488372,14
0.71,3151009559,random,degree,86,3,0.03488372093023256,3,0.03488372093023256,13
0.71,2485664232,random,degree,86,6,0.06976744186046512,3,0.03488372093023256,12
0.71,4178770270,random,degree,86,3,0.03488372093023256,2,0.023255813953488372,14
0.71,3929173538,random,degree,86,4,0.046511627906976744,3,0.03488372093023256,8
0.71,2761623329,random,degree,86,4,0.046511627906976744,2,0.023255813953488372,17
0.71,1479644353,random,degree,86,2,0.023255813953488372,2,0.023255813953488372,15
0.71,2653077658,random,degree,86,3,0.03488372093023256,3,0.03488372093023256,9
0.71,2282448806,random,degree,86,3,0.03488372093023256,2,0.023255813953488372,12
0.71,3269413277,random,degree,86,4,0.046511627906976744,3,0.03488372093023256,14
0.71,554820977,random,degree,86,5,0.05813953488372093,3,0.03488372093023256,9
0.71,971246024,random,degree,86,2,0.023255813953488372,2,0.023255813953488372,21
0.71,3223889720,random,degree,86,2,0.023255813953488372,2,0.023255813953488372,15
0.71,3446967551,random,degree,86,3,0.03488372093023256,2,0.023255813953488372,16
0.71,2483829820,random,degree,86,4,0.046511627906976744,3,0.03488372093023256,14
0.71,788729105,random,degree,86,3,0.03488372093023256,3,0.03488372093023256,15
0.71,3112344990,random,degree,86,6,0.06976744186046512,4,0.046511627906976744,11
0.71,1548590236,random,degree,86,3,0.03488372093023256,2,0.023255813953488372,14
0.71,433032274,random,degree,86,3,0.03488372093023256,3,0.03488372093023256,11
0.71,1255175602,random,degree,86,3,0.03488372093023256,2,0.023255813953488372,14
0.71,470337094,random,degree,86,5,0.05813953488372093,2,0.023255813953488372,16
0.71,3772813966,random,degree,86,2,0.023255813953488372,2,0.023255813953488372,17
0.71,3781731853,random,degree,86,2,0.023255813953488372,2,0.023255813953488372,13
0.71,654166446,random,degree,86,4,0.046511627906976744,2,0.023255813953488372,11
0.71,2067470045,random,degree,86,4,0.046511627906976744,2,0.023255813953488372,13
0.71,945773586,random,degree,86,4,0.046511627906976744,3,0.03488372093023256,14
0.71,297059915,random,degree,86,3,0.03488372093023256,3,0.03488372093023256,14
0.71,2851914702,random,degree,86,2,0.023255813953488372,2,0.023255813953488372,13
0.71,399864684,random,degree,86,2,0.023255813953488372,2,0.023255813953488372,21
0.71,2780293351,random,degree,86,2,0.023255813953488372,2,0.023255813953488372,11
0.71,3336539002,random,degree,86,5,0.05813953488372093,2,0.023255813953488372,12
0.71,3864694767,random,degree,86,3,0.03488372093023256,2,0.023255813953488372,16
0.71,1828882699,random,degree,86,3,0.03488372093023256,2,0.023255813953488372,16
0.71,285685662,random,degree,86,4,0.046511627906976744,2,0.023255813953488372,13
0.71,157711018,random,degree,86,3,0.03488372093023256,2,0.023255813953488372,10
0.71,2668785563,random,degree,86,6,0.06976744186046512,2,0.023255813953488372,11
0.71,3599284606,random,degree,86,4,0.046511627906976744,3,0.03488372093023256,8
0.71,1112739162,random,degree,86,3,0.03488372093023256,2,0.023255813953488372,14
0.71,882763894,random,degree,86,2,0.023255813953488372,2,0.023255813953488372,11
0.72,1352143501,random,degree,86,3,0.03488372093023256,2,0.023255813953488372,15
0.72,4132659052,random,degree,86,3,0.03488372093023256,3,0.03488372093023256,13
0.72,933418707,random,degree,86,3,0.03488372093023256,2,0.023255813953488372,19
0.72,2681745636,random,degree,86,5,0.05813953488372093,3,0.03488372093023256,12
0.72,3587632924,random,degree,86,3,0.03488372093023256,2,0.023255813953488372,17
0.72,3552427508,random,degree,86,5,0.05813953488372093,4,0.046511627906976744,11
0.72,1082635573,random,degree,86,3,0.03488372093023256,3,0.03488372093023256,14
0.72,3041738339,random,degree,86,3,0.03488372093023256,3,0.03488372093023256,14
0.72,3985198344,random,degree,86,2,0.023255813953488372,2,0.023255813953488372,16
0.72,3951758873,random,degree,86,3,0.03488372093023256,3,0.03488372093023256,15
0.72,2494886051,random,degree,86,3,0.03488372093023256,3,0.03488372093023256,16
0.72,1919103910,random,degree,86,2,0.023255813953488372,1,0.011627906976744186,22
0.72,3817550347,random,degree,86,2,0.023255813953488372,2,0.023255813953488372,14
0.72,3961488885,random,degree,86,3,0.03488372093023256,2,0.023255813953488372,11
0.72,4121177784,random,degree,86,3,0.03488372093023256,2,0.023255813953488372,17
0.72,1082182564,random,degree,86,4,0.046511627906976744,2,0.023255813953488372,16
0.72,3711485921,random,degree,86,3,0.03488372093023256,2,0.023255813953488372,15
0.72,1665699575,random,degree,86,2,0.023255813953488372,2,0.023255813953488372,18
0.72,3343277342,random,degree,86,4,0.046511627906976744,3,0.03488372093023256,8
0.72,209577642,random,degree,86,3,0.03488372093023256,2,0.023255813953488372,11
0.72,3307206623,random,degree,86,4,0.046511627906976744,2,0.023255813953488372,16
0.72,1732207638,random,degree,86,3,0.03488372093023256,2,0.023255813953488372,13
0.72,754724064,random,degree,86,5,0.05813953488372093,2,0.023255813953488372,13
0.72,4099355600,random,degree,86,4,0.046511627906976744,3,0.03488372093023256,8
0.72,2831578487,random,degree,86,3,0.03488372093023256,3,0.03488372093023256,14
0.72,3354213729,random,degree,86,5,0.05813953488372093,1,0.011627906976744186,19
0.72,274650698,random,degree,86,3,0.03488372093023256,2,0.023255813953488372,15
0.72,4142918088,random,degree,86,3,0.03488372093023256,2,0.023255813953488372,15
0.72,214002475,random,degree,86,3,0.03488372093023256,2,0.023255813953488372,13
0.72,2495079769,random,degree,86,3,0.03488372093023256,3,0.03488372093023256,10
0.72,1214533998,random,degree,86,4,0.046511627906976744,2,0.023255813953488372,12
0.72,3517415319,random,degree,86,2,0.023255813953488372,2,0.023255813953488372,18
0.72,835739698,random,degree,86,4,0.046511627906976744,3,0.03488372093023256,11
0.72,4128458723,random,degree,86,3,0.03488372093023256,2,0.023255813953488372,17
0.72,3097493200,random,degree,86,5,0.05813953488372093,3,0.03488372093023256,13
0.72,1715808025,random,degree,86,3,0.03488372093023256,2,0.023255813953488372,15
0.72,3538390589,random,degree,86,3,0.03488372093023256,3,0.03488372093023256,12
0.72,4142666150,random,degree,86,2,0.023255813953488372,2,0.023255813953488372,18
0.72,1419338994,random,degree,86,3,0.03488372093023256,2,0.023255813953488372,13
0.72,1487965009,random,degree,86,3,0.03488372093023256,2,0.023255813953488372,9
0.72,182896244,random,degree,86,5,0.05813953488372093,2,0.023255813953488372,13
0.72,3061848333,random,degree,86,4,0.046511627906976744,3,0.03488372093023256,13
0.72,2202618790,random,degree,86,2,0.023255813953488372,2,0.023255813953488372,16
0.72,2254720784,random,degree,86,3,0.03488372093023256,3,0.03488372093023256,12
0.72,1126536958,random,degree,86,5,0.05813953488372093,3,0.03488372093023256,16
0.72,2478950425,random,degree,86,2,0.023255813953488372,1,0.011627906976744186,22
0.72,4232337212,random,degree,86,3,0.03488372093023256,2,0.023255813953488372,9
0.72,1499753675,random,degree,86,3,0.03488372093023256,3,0.03488372093023256,12
0.72,687792318,random,degree,86,5,0.05813953488372093,3,0.03488372093023256,9
0.72,2637864339,random,degree,86,3,0.03488372093023256,2,0.023255813953488372,13
0.72,1092759690,random,degree,86,3,0.03488372093023256,3,0.03488372093023256,12
0.72,203407489,random,degree,86,3,0.03488372093023256,2,0.023255813953488372,13
0.72,323593230,random,degree,86,3,0.03488372093023256,2,0.023255813953488372,11
0.72,124139186,random,degree,86,3,0.03488372093023256,2,0.023255813953488372,15
0.72,1208396095,random,degree,86,3,0.03488372093023256,2,0.023255813953488372,11
0.72,70470102,random,degree,86,5,0.05813953488372093,2,0.023255813953488372,13
0.72,1592379309,random,degree,86,3,0.03488372093023256,3,0.03488372093023256,12
0.72,2585450060,random,degree,86,5,0.05813953488372093,3,0.03488372093023256,10
0.72,2274319122,random,degree,86,3,0.03488372093023256,2,0.023255813953488372,7
0.72,3028282739,random,degree,86,3,0.03488372093023256,3,0.03488372093023256,13
0.72,2053558140,random,degree,86,2,0.023255813953488372,2,0.023255813953488372,12
0.72,4219442340,random,degree,86,4,0.046511627906976744,2,0.023255813953488372,8
0.72,366888534,random,degree,86,4,0.046511627906976744,2,0.023255813953488372,14
0.72,3665637419,random,degree,86,3,0.03488372093023256,2,0.023255813953488372,13
0.72,2106777943,random,degree,86,5,0.05813953488372093,3,0.03488372093023256,10
0.72,3900130459,random,degree,86,5,0.05813953488372093,3,0.03488372093023256,8
0.72,1476912687,random,degree,86,3,0.03488372093023256,3,0.03488372093023256,14
0.72,2889867647,random,degree,86,2,0.023255813953488372,2,0.023255813953488372,18
0.72,1997925271,random,degree,86,4,0.046511627906976744,4,0.046511627906976744,9
0.72,726412,random,degree,86,4,0.046511627906976744,3,0.03488372093023256,9
0.72,3529975677,random,degree,86,3,0.03488372093023256,2,0.023255813953488372,17
0.72,995547407,random,degree,86,4,0.046511627906976744,4,0.046511627906976744,11
0.72,3307742011,random,degree,86,2,0.023255813953488372,2,0.023255813953488372,14
0.72,2719905660,random,degree,86,4,0.046511627906976744,2,0.023255813953488372,14
0.72,3256108980,random,degree,86,3,0.03488372093023256,2,0.023255813953488372,13
0.72,2547700062,random,degree,86,2,0.023255813953488372,2,0.023255813953488372,14
0.72,4125791331,random,degree,86,3,0.03488372093023256,2,0.023255813953488372,15
0.72,2452988972,random,degree,86,4,0.046511627906976744,2,0.023255813953488372,12
0.72,58543549,random,degree,86,4,0.046511627906976744,3,0.03488372093023256,13
0.72,894814247,random,degree,86,3,0.03488372093023256,2,0.023255813953488372,13
0.72,2504232379,random,degree,86,4,0.046511627906976744,2,0.023255813953488372,12
0.72,3654530477,random,degree,86,4,0.046511627906976744,2,0.023255813953488372,16
0.72,588761588,random,degree,86,3,0.03488372093023256,2,0.023255813953488372,15
0.72,4182789469,random,degree,86,4,0.046511627906976744,3,0.03488372093023256,11
0.72,2420906368,random,degree,86,2,0.023255813953488372,2,0.023255813953488372,10
0.72,1344613165,random,degree,86,2,0.023255813953488372,1,0.011627906976744186,22
0.72,2642916369,random,degree,86,2,0.023255813953488372,2,0.023255813953488372,14
0.72,3021893410,random,degree,86,2,0.023255813953488372,2,0.023255813953488372,12
0.72,1587273732,random,degree,86,3,0.03488372093023256,2,0.023255813953488372,13
0.72,1849207687,random,degree,86,3,0.03488372093023256,3,0.03488372093023256,12
0.72,1593588040,random,degree,86,4,0.046511627906976744,3,0.03488372093023256,9
0.72,2204711078,random,degree,86,5,0.05813953488372093,3,0.03488372093023256,12
0.72,3919082229,random,degree,86,3,0.03488372093023256,2,0.023255813953488372,13
0.72,3910078338,random,degree,86,3,0.03488372093023256,2,0.023255813953488372,15
0.72,3428733146,random,degree,86,2,0.023255813953488372,2,0.023255813953488372,14
0.72,1479244735,random,degree,86,2,0.023255813953488372,2,0.023255813953488372,12
0.72,1295307759,random,degree,86,2,0.023255813953488372,2,0.023255813953488372,12
0.72,1810220434,random,degree,86,2,0.023255813953488372,2,0.023255813953488372,16
0.72,1800280770,random,degree,86,2,0.023255813953488372,2,0.023255813953488372,16
0.72,3488954906,random,degree,86,3,0.03488372093023256,3,0.03488372093023256,12
0.73,954163146,random,degree,86,4,0.046511627906976744,3,0.03488372093023256,9
0.73,1183764421,random,degree,86,3,0.03488372093023256,3,0.03488372093023256,13
0.73,3865032647,random,degree,86,2,0.023255813953488372,2,0.023255813953488372,17
0.73,1494484627,random,degree,86,6,0.06976744186046512,3,0.03488372093023256,10
0.73,259572352,random,degree,86,4,0.046511627906976744,2,0.023255813953488372,11
0.73,379619638,random,degree,86,4,0.046511627906976744,3,0.03488372093023256,4
0.73,1269049721,random,degree,86,3,0.03488372093023256,2,0.023255813953488372,12
0.73,1973978884,random,degree,86,3,0.03488372093023256,2,0.023255813953488372,16
0.73,267778609,random,degree,86,2,0.023255813953488372,2,0.023255813953488372,19
0.73,2482358185,random,degree,86,2,0.023255813953488372,2,0.023255813953488372,17
0.73,2956975608,random,degree,86,3,0.03488372093023256,2,0.023255813953488372,16
0.73,430420180,random,degree,86,4,0.046511627906976744,3,0.03488372093023256,10
0.73,3765110575,random,degree,86,3,0.03488372093023256,3,0.03488372093023256,14
0.73,2681901791,random,degree,86,3,0.03488372093023256,2,0.023255813953488372,12
0.73,949059178,random,degree,86,4,0.046511627906976744,2,0.023255813953488372,11
0.73,2909928698,random,degree,86,4,0.046511627906976744,2,0.023255813953488372,17
0.73,3829864365,random,degree,86,2,0.023255813953488372,2,0.023255813953488372,13
0.73,1846916383,random,degree,86,3,0.03488372093023256,3,0.03488372093023256,11
0.73,3102651018,random,degree,86,6,0.06976744186046512,3,0.03488372093023256,12
0.73,2017898792,random,degree,86,2,0.023255813953488372,2,0.023255813953488372,17
0.73,789704518,random,degree,86,6,0.06976744186046512,3,0.03488372093023256,8
0.73,2080932138,random,degree,86,3,0.03488372093023256,2,0.023255813953488372,16
0.73,1460599731,random,degree,86,3,0.03488372093023256,2,0.023255813953488372,14
0.73,2695969883,random,degree,86,2,0.023255813953488372,2,0.023255813953488372,9
0.73,2336239150,random,degree,86,4,0.046511627906976744,3,0.03488372093023256,13
0.73,3936634032,random,degree,86,2,0.023255813953488372,2,0.023255813953488372,9
0.73,2657983377,random,degree,86,3,0.03488372093023256,2,0.023255813953488372,10
0.73,2607732936,random,degree,86,4,0.046511627906976744,3,0.03488372093023256,11
0.73,246794502,random,degree,86,4,0.046511627906976744,2,0.023255813953488372,13
0.73,2701550591,random,degree,86,2,0.023255813953488372,2,0.023255813953488372,19
0.73,2186954094,random,degree,86,2,0.023255813953488372,2,0.023255813953488372,13
0.73,501523193,random,degree,86,4,0.046511627906976744,3,0.03488372093023256,5
0.73,690590756,random,degree,86,5,0.05813953488372093,3,0.03488372093023256,9
0.73,375549664,random,degree,86,6,0.06976744186046512,2,0.023255813953488372,13
0.73,139730794,random,degree,86,2,0.023255813953488372,2,0.023255813953488372,19
0.73,202606700,random,degree,86,2,0.023255813953488372,2,0.023255813953488372,19
0.73,82665406,random,degree,86,4,0.046511627906976744,3,0.03488372093023256,12
0.73,1570014683,random,degree,86,2,0.023255813953488372,2,0.023255813953488372,13
0.73,1521226698,random,degree,86,4,0.046511627906976744,3,0.03488372093023256,7
0.73,401667433,random,degree,86,3,0.03488372093023256,3,0.03488372093023256,13
0.73,1495066453,random,degree,86,5,0.05813953488372093,3,0.03488372093023256,11
0.73,15885198,random,degree,86,3,0.03488372093023256,2,0.023255813953488372,14
0.73,671684867,random,degree,86,3,0.03488372093023256,3,0.03488372093023256,9
0.73,3277298417,random,degree,86,3,0.03488372093023256,2,0.023255813953488372,12
0.73,3785157160,random,degree,86,2,0.023255813953488372,2,0.023255813953488372,15
0.73,3763751995,random,degree,86,3,0.03488372093023256,2,0.023255813953488372,14
0.73,3393383493,random,degree,86,3,0.03488372093023256,3,0.03488372093023256,15
0.73,690498733,random,degree,86,4,0.046511627906976744,3,0.03488372093023256,10
0.73,3108072000,random,degree,86,5,0.05813953488372093,2,0.023255813953488372,10
0.73,3215848645,random,degree,86,4,0.046511627906976744,3,0.03488372093023256,9
0.73,4082779472,random,degree,86,4,0.046511627906976744,2,0.023255813953488372,15
0.73,3130976058,random,degree,86,4,0.046511627906976744,2,0.023255813953488372,15
0.73,1135262201,random,degree,86,3,0.03488372093023256,2,0.023255813953488372,14
0.73,285551610,random,degree,86,2,0.023255813953488372,2,0.023255813953488372,13
0.73,3204871363,random,degree,86,3,0.03488372093023256,3,0.03488372093023256,10
0.73,4094099807,random,degree,86,2,0.023255813953488372,2,0.023255813953488372,15
0.73,3909983019,random,degree,86,2,0.023255813953488372,2,0.023255813953488372,11
0.73,3150571398,random,degree,86,4,0.046511627906976744,2,0.023255813953488372,15
0.73,2803798046,random,degree,86,3,0.03488372093023256,3,0.03488372093023256,11
0.73,254531656,random,degree,86,3,0.03488372093023256,2,0.023255813953488372,16
0.73,1881741966,random,degree,86,6,0.06976744186046512,2,0.023255813953488372,9
0.73,90683125,random,degree,86,3,0.03488372093023256,2,0.023255813953488372,10
0.73,1500344344,random,degree,86,2,0.023255813953488372,2,0.023255813953488372,17
0.73,528687238,random,degree,86,6,0.06976744186046512,3,0.03488372093023256,8
0.73,3044371382,random,degree,86,2,0.023255813953488372,2,0.023255813953488372,19
0.73,3891839895,random,degree,86,3,0.03488372093023256,3,0.03488372093023256,11
0.73,2504815862,random,degree,86,2,0.023255813953488372,2,0.023255813953488372,17
0.73,538901270,random,degree,86,3,0.03488372093023256,2,0.023255813953488372,10
0.73,502604995,random,degree,86,3,0.03488372093023256,2,0.023255813953488372,14
0.73,4096611010,random,degree,86,3,0.03488372093023256,3,0.03488372093023256,9
0.73,3244274373,random,degree,86,4,0.046511627906976744,2,0.023255813953488372,9
0.73,3944246667,random,degree,86,5,0.05813953488372093,4,0.046511627906976744,8
0.73,1555508997,random,degree,86,3,0.03488372093023256,2,0.023255813953488372,12
0.73,744604034,random,degree,86,3,0.03488372093023256,2,0.023255813953488372,10
0.73,1009638116,random,degree,86,4,0.046511627906976744,2,0.023255813953488372,13
0.73,3049162198,random,degree,86,3,0.03488372093023256,2,0.023255813953488372,16
0.73,781781136,random,degree,86,4,0.046511627906976744,3,0.03488372093023256,12
0.73,3875054191,random,degree,86,2,0.023255813953488372,2,0.023255813953488372,13
0.73,2192394694,random,degree,86,3,0.03488372093023256,2,0.023255813953488372,12
0.73,2704795143,random,degree,86,2,0.023255813953488372,2,0.023255813953488372,9
0.73,1663433603,random,degree,86,4,0.046511627906976744,2,0.023255813953488372,15
0.73,427586604,random,degree,86,2,0.023255813953488372,2,0.023255813953488372,15
0.73,718732177,random,degree,86,2,0.023255813953488372,2,0.023255813953488372,13
0.73,1851265487,random,degree,86,3,0.03488372093023256,2,0.023255813953488372,10
0.73,1582583123,random,degree,86,3,0.03488372093023256,3,0.03488372093023256,11
0.73,2004963847,random,degree,86,3,0.03488372093023256,3,0.03488372093023256,9
0.73,2733546941,random,degree,86,3,0.03488372093023256,3,0.03488372093023256,11
0.73,1910896003,random,degree,86,3,0.03488372093023256,3,0.03488372093023256,15
0.73,3797450469,random,degree,86,3,0.03488372093023256,2,0.023255813953488372,16
0.73,401152464,random,degree,86,3,0.03488372093023256,2,0.023255813953488372,14
0.73,3234695818,random,degree,86,2,0.023255813953488372,2,0.023255813953488372,11
0.73,1732899151,random,degree,86,2,0.023255813953488372,2,0.023255813953488372,9
0.73,4027295723,random,degree,86,3,0.03488372093023256,2,0.023255813953488372,16
0.73,4112038818,random,degree,86,3,0.03488372093023256,3,0.03488372093023256,13
0.73,1788078801,random,degree,86,2,0.023255813953488372,2,0.023255813953488372,17
0.73,340623150,random,degree,86,5,0.05813953488372093,2,0.023255813953488372,14
0.73,1582653166,random,degree,86,3,0.03488372093023256,2,0.023255813953488372,12
0.73,1855253974,random,degree,86,3,0.03488372093023256,2,0.023255813953488372,16
0.73,2979850823,random,degree,86,3,0.03488372093023256,2,0.023255813953488372,16
0.73,729254340,random,degree,86,3,0.03488372093023256,2,0.023255813953488372,12
0.74,1563233374,random,degree,86,3,0.03488372093023256,2,0.023255813953488372,11
0.74,1786554950,random,degree,86,4,0.046511627906976744,3,0.03488372093023256,9
0.74,2409332343,random,degree,86,4,0.046511627906976744,2,0.023255813953488372,12
0.74,3644209954,random,degree,86,5,0.05813953488372093,1,0.011627906976744186,17
0.74,1985879066,random,degree,86,3,0.03488372093023256,2,0.023255813953488372,9
0.74,304291052,random,degree,86,4,0.046511627906976744,3,0.03488372093023256,11
0.74,556228900,random,degree,86,3,0.03488372093023256,3,0.03488372093023256,9
0.74,2364035001,random,degree,86,3,0.03488372093023256,3,0.03488372093023256,11
0.74,1733181853,random,degree,86,3,0.03488372093023256,2,0.023255813953488372,15
0.74,1668685926,random,degree,86,5,0.05813953488372093,2,0.023255813953488372,11
0.74,2282620487,random,degree,86,5,0.05813953488372093,2,0.023255813953488372,11
0.74,2437889520,random,degree,86,4,0.046511627906976744,3,0.03488372093023256,6
0.74,3150406315,random,degree,86,3,0.03488372093023256,2,0.023255813953488372,15
0.74,1033005447,random,degree,86,3,0.03488372093023256,3,0.03488372093023256,14
0.74,1538975687,random,degree,86,3,0.03488372093023256,3,0.03488372093023256,12
0.74,3019928801,random,degree,86,3,0.03488372093023256,3,0.03488372093023256,14
0.74,1123583291,random,degree,86,4,0.046511627906976744,2,0.023255813953488372,10
0.74,768083074,random,degree,86,2,0.023255813953488372,2,0.023255813953488372,12
0.74,205058257,random,degree,86,2,0.023255813953488372,2,0.023255813953488372,12
0.74,326455656,random,degree,86,3,0.03488372093023256,2,0.023255813953488372,11
0.74,2816007807,random,degree,86,4,0.046511627906976744,3,0.03488372093023256,11
0.74,436344717,random,degree,86,4,0.046511627906976744,3,0.03488372093023256,9
0.74,740329947,random,degree,86,3,0.03488372093023256,2,0.023255813953488372,17
0.74,4183916483,random,degree,86,3,0.03488372093023256,2,0.023255813953488372,13
0.74,1384014190,random,degree,86,2,0.023255813953488372,2,0.023255813953488372,16
0.74,2083998310,random,degree,86,4,0.046511627906976744,3,0.03488372093023256,7
0.74,859719622,random,degree,86,3,0.03488372093023256,2,0.023255813953488372,15
0.74,2558695403,random,degree,86,3,0.03488372093023256,3,0.03488372093023256,10
0.74,1790363532,random,degree,86,4,0.046511627906976744,2,0.023255813953488372,12
0.74,1714060473,random,degree,86,3,0.03488372093023256,2,0.023255813953488372,9
0.74,54581904,random,degree,86,3,0.03488372093023256,3,0.03488372093023256,12
0.74,30977316,random,degree,86,2,0.023255813953488372,2,0.023255813953488372,14
0.74,912655677,random,degree,86,3,0.03488372093023256,2,0.023255813953488372,13
0.74,2031924303,random,degree,86,3,0.03488372093023256,3,0.03488372093023256,10
0.74,2525819099,random,degree,86,2,0.023255813953488372,2,0.023255813953488372,14
0.74,3906066888,random,degree,86,3,0.03488372093023256,2,0.023255813953488372,9
0.74,572148009,random,degree,86,3,0.03488372093023256,2,0.023255813953488372,9
0.74,3414640981,random,degree,86,3,0.03488372093023256,3,0.03488372093023256,12
0.74,1089693321,random,degree,86,3,0.03488372093023256,2,0.023255813953488372,11
0.74,189565944,random,degree,86,2,0.023255813953488372,2,0.023255813953488372,12
0.74,1168593038,random,degree,86,2,0.023255813953488372,2,0.023255813953488372,16
0.74,3274596887,random,degree,86,2,0.023255813953488372,2,0.023255813953488372,12
0.74,440368733,random,degree,86,3,0.03488372093023256,2,0.023255813953488372,13
0.74,3903566324,random,degree,86,2,0.023255813953488372,2,0.023255813953488372,14
0.74,1532162433,random,degree,86,3,0.03488372093023256,2,0.023255813953488372,11
0.74,4243819911,random,degree,86,2,0.023255813953488372,2,0.023255813953488372,14
0.74,1195036233,random,degree,86,3,0.03488372093023256,3,0.03488372093023256,7
0.74,1949946039,random,degree,86,3,0.03488372093023256,2,0.023255813953488372,11
0.74,504939723,random,degree,86,3,0.03488372093023256,2,0.023255813953488372,13
0.74,792944337,random,degree,86,2,0.023255813953488372,2,0.023255813953488372,12
0.74,1554086941,random,degree,86,2,0.023255813953488372,2,0.023255813953488372,10
0.74,1573584193,random,degree,86,3,0.03488372093023256,3,0.03488372093023256,12
0.74,3207499214,random,degree,86,3,0.03488372093023256,2,0.023255813953488372,15
0.74,672887157,random,degree,86,2,0.023255813953488372,2,0.023255813953488372,18
0.74,2681254115,random,degree,86,4,0.046511627906976744,3,0.03488372093023256,13
0.74,489961754,random,degree,86,3,0.03488372093023256,2,0.023255813953488372,9
0.74,4089328977,random,degree,86,4,0.046511627906976744,3,0.03488372093023256,9
0.74,554720755,random,degree,86,3,0.03488372093023256,2,0.023255813953488372,7
0.74,74745898,random,degree,86,4,0.046511627906976744,2,0.023255813953488372,12
0.74,712818844,random,degree,86,4,0.046511627906976744,2,0.023255813953488372,14
0.74,1824708766,random,degree,86,2,0.023255813953488372,2,0.023255813953488372,12
0.74,3419821551,random,degree,86,4,0.046511627906976744,2,0.023255813953488372,12
0.74,108162845,random,degree,86,3,0.03488372093023256,3,0.03488372093023256,14
0.74,1573005593,random,degree,86,2,0.023255813953488372,2,0.023255813953488372,14
0.74,230425726,random,degree,86,4,0.046511627906976744,3,0.03488372093023256,11
0.74,1914309948,random,degree,86,3,0.03488372093023256,2,0.023255813953488372,11
0.74,2423327543,random,degree,86,3,0.03488372093023256,2,0.023255813953488372,17
0.74,513320319,random,degree,86,3,0.03488372093023256,2,0.023255813953488372,13
0.74,1529911256,random,degree,86,3,0.03488372093023256,3,0.03488372093023256,12
0.74,1379546130,random,degree,86,3,0.03488372093023256,2,0.023255813953488372,9
0.74,2231403294,random,degree,86,4,0.046511627906976744,3,0.03488372093023256,11
0.74,3297042082,random,degree,86,3,0.03488372093023256,3,0.03488372093023256,11
0.74,3520496762,random,degree,86,4,0.046511627906976744,2,0.023255813953488372,8
0.74,883303376,random,degree,86,2,0.023255813953488372,2,0.023255813953488372,12
0.74,3797214044,random,degree,86,3,0.03488372093023256,2,0.023255813953488372,13
0.74,1201520199,random,degree,86,2,0.023255813953488372,2,0.023255813953488372,12
0.74,2100110658,random,degree,86,4,0.046511627906976744,2,0.023255813953488372,12
0.74,3971329477,random,degree,86,2,0.023255813953488372,2,0.023255813953488372,18
0.74,428592460,random,degree,86,5,0.05813953488372093,2,0.023255813953488372,11
0.74,493042650,random,degree,86,2,0.023255813953488372,2,0.023255813953488372,18
0.74,1438871067,random,degree,86,4,0.046511627906976744,3,0.03488372093023256,13
0.74,2654482378,random,degree,86,2,0.023255813953488372,2,0.023255813953488372,16
0.74,3619150138,random,degree,86,2,0.023255813953488372,2,0.023255813953488372,14
0.74,1166728176,random,degree,86,2,0.023255813953488372,2,0.023255813953488372,12
0.74,3587199084,random,degree,86,3,0.03488372093023256,2,0.023255813953488372,13
0.74,280124297,random,degree,86,3,0.03488372093023256,2,0.023255813953488372,17
0.74,1816173299,random,degree,86,3,0.03488372093023256,2,0.023255813953488372,11
0.74,623881226,random,degree,86,3,0.03488372093023256,2,0.023255813953488372,15
0.74,1842428575,random,degree,86,2,0.023255813953488372,2,0.023255813953488372,14
0.74,996377151,random,degree,86,2,0.023255813953488372,2,0.023255813953488372,12
0.74,445771830,random,degree,86,2,0.023255813953488372,2,0.023255813953488372,12
0.74,3273107934,random,degree,86,3,0.03488372093023256,2,0.023255813953488372,13
0.74,894382054,random,degree,86,4,0.046511627906976744,3,0.03488372093023256,7
0.74,470584458,random,degree,86,3,0.03488372093023256,2,0.023255813953488372,13
0.74,3766405486,random,degree,86,3,0.03488372093023256,3,0.03488372093023256,12
0.74,3341599186,random,degree,86,2,0.023255813953488372,2,0.023255813953488372,14
0.74,3968529420,random,degree,86,3,0.03488372093023256,2,0.023255813953488372,15
0.74,1651141360,random,degree,86,3,0.03488372093023256,3,0.03488372093023256,10
0.74,2405076685,random,degree,86,4,0.046511627906976744,2,0.023255813953488372,12
0.74,3405727036,random,degree,86,3,0.03488372093023256,2,0.023255813953488372,9
0.75,2131092312,random,degree,86,2,0.023255813953488372,2,0.023255813953488372,12
0.75,309500762,random,degree,86,2,0.023255813953488372,1,0.011627906976744186,20
0.75,4057476853,random,degree,86,3,0.03488372093023256,2,0.023255813953488372,11
0.75,1404407906,random,degree,86,2,0.023255813953488372,2,0.023255813953488372,14
0.75,4008465007,random,degree,86,4,0.046511627906976744,3,0.03488372093023256,13
0.75,2303351269,random,degree,86,5,0.05813953488372093,2,0.023255813953488372,13
0.75,898842852,random,degree,86,4,0.046511627906976744,2,0.023255813953488372,12
0.75,147004874,random,degree,86,2,0.023255813953488372,2,0.023255813953488372,14
0.75,2772722515,random,degree,86,2,0.023255813953488372,2,0.023255813953488372,18
0.75,4066139181,random,degree,86,3,0.03488372093023256,2,0.023255813953488372,11
0.75,739622371,random,degree,86,2,0.023255813953488372,2,0.023255813953488372,14
0.75,4108202310,random,degree,86,4,0.046511627906976744,3,0.03488372093023256,15
0.75,4257532469,random,degree,86,2,0.023255813953488372,2,0.023255813953488372,12
0.75,3275072954,random,degree,86,4,0.046511627906976744,3,0.03488372093023256,11
0.75,1061035337,random,degree,86,3,0.03488372093023256,2,0.023255813953488372,17
0.75,2417172255,random,degree,86,2,0.023255813953488372,2,0.023255813953488372,14
0.75,2052087819,random,degree,86,5,0.05813953488372093,3,0.03488372093023256,12
0.75,1902281305,random,degree,86,5,0.05813953488372093,2,0.023255813953488372,15
0.75,2267398782,random,degree,86,3,0.03488372093023256,2,0.023255813953488372,13
0.75,1055896279,random,degree,86,2,0.023255813953488372,2,0.023255813953488372,16
0.75,4271108927,random,degree,86,2,0.023255813953488372,2,0.023255813953488372,14
0.75,454918164,random,degree,86,3,0.03488372093023256,3,0.03488372093023256,12
0.75,688940946,random,degree,86,3,0.03488372093023256,2,0.023255813953488372,13
0.75,939008641,random,degree,86,5,0.05813953488372093,3,0.03488372093023256,8
0.75,2594962861,random,degree,86,2,0.023255813953488372,2,0.023255813953488372,12
0.75,3033173325,random,degree,86,4,0.046511627906976744,2,0.023255813953488372,14
0.75,1281453979,random,degree,86,2,0.023255813953488372,2,0.023255813953488372,12
0.75,1211127376,random,degree,86,6,0.06976744186046512,4,0.046511627906976744,8
0.75,2096481560,random,degree,86,3,0.03488372093023256,2,0.023255813953488372,11
0.75,3796578575,random,degree,86,3,0.03488372093023256,2,0.023255813953488372,11
0.75,826987788,random,degree,86,3,0.03488372093023256,2,0.023255813953488372,17
0.75,2593347996,random,degree,86,3,0.03488372093023256,2,0.023255813953488372,11
0.75,3446600565,random,degree,86,3,0.03488372093023256,3,0.03488372093023256,14
0.75,773696577,random,degree,86,5,0.05813953488372093,2,0.023255813953488372,13
0.75,2864011893,random,degree,86,4,0.046511627906976744,3,0.03488372093023256,9
0.75,305011767,random,degree,86,3,0.03488372093023256,2,0.023255813953488372,11
0.75,2689170446,random,degree,86,3,0.03488372093023256,3,0.03488372093023256,12
0.75,2772551952,random,degree,86,2,0.023255813953488372,2,0.023255813953488372,12
0.75,1066617692,random,degree,86,3,0.03488372093023256,2,0.023255813953488372,15
0.75,2857302523,random,degree,86,3,0.03488372093023256,3,0.03488372093023256,12
0.75,2830422225,random,degree,86,3,0.03488372093023256,2,0.023255813953488372,9
0.75,881923227,random,degree,86,2,0.023255813953488372,2,0.023255813953488372,14
0.75,2675558645,random,degree,86,2,0.023255813953488372,2,0.023255813953488372,12
0.75,1621218387,random,degree,86,3,0.03488372093023256,2,0.023255813953488372,13
0.75,1261759006,random,degree,86,4,0.046511627906976744,3,0.03488372093023256,9
0.75,564977118,random,degree,86,2,0.023255813953488372,2,0.023255813953488372,14
0.75,1364591426,random,degree,86,3,0.03488372093023256,3,0.03488372093023256,12
0.75,765513428,random,degree,86,3,0.03488372093023256,2,0.023255813953488372,9
0.75,3874210252,random,degree,86,3,0.03488372093023256,3,0.03488372093023256,14
0.75,1682703539,random,degree,86,3,0.03488372093023256,2,0.023255813953488372,13
0.75,3817817260,random,degree,86,3,0.03488372093023256,3,0.03488372093023256,10
0.75,2448528459,random,degree,86,3,0.03488372093023256,3,0.03488372093023256,9
0.75,4024533792,random,degree,86,3,0.03488372093023256,3,0.03488372093023256,12
0.75,3956026615,random,degree,86,2,0.023255813953488372,2,0.023255813953488372,12
0.75,3866701240,random,degree,86,2,0.023255813953488372,2,0.023255813953488372,10
0.75,493876426,random,degree,86,4,0.046511627906976744,2,0.023255813953488372,16
0.75,1609201445,random,degree,86,2,0.023255813953488372,2,0.023255813953488372,10
0.75,2852131547,random,degree,86,3,0.03488372093023256,2,0.023255813953488372,13
0.75,428035615,random,degree,86,3,0.03488372093023256,2,0.023255813953488372,13
0.75,476332078,random,degree,86,4,0.046511627906976744,2,0.023255813953488372,12
0.75,282087824,random,degree,86,4,0.046511627906976744,3,0.03488372093023256,11
0.75,2231026953,random,degree,86,3,0.03488372093023256,2,0.023255813953488372,11
0.75,612286831,random,degree,86,4,0.046511627906976744,3,0.03488372093023256,11
0.75,4233718214,random,degree,86,2,0.023255813953488372,2,0.023255813953488372,14
0.75,2640984398,random,degree,86,3,0.03488372093023256,2,0.023255813953488372,17
0.75,405596082,random,degree,86,5,0.05813953488372093,4,0.046511627906976744,9
0.75,4103380379,random,degree,86,2,0.023255813953488372,2,0.023255813953488372,10
0.75,3147455977,random,degree,86,3,0.03488372093023256,2,0.023255813953488372,13
0.75,2149994998,random,degree,86,2,0.023255813953488372,2,0.023255813953488372,14
0.75,1402795043,random,degree,86,3,0.03488372093023256,2,0.023255813953488372,15
0.75,4227888000,random,degree,86,4,0.046511627906976744,3,0.03488372093023256,9
0.75,2475570376,random,degree,86,3,0.03488372093023256,2,0.023255813953488372,15
0.75,190371583,random,degree,86,2,0.023255813953488372,2,0.023255813953488372,14
0.75,3085090477,random,degree,86,4,0.046511627906976744,2,0.023255813953488372,8
0.75,2892703141,random,degree,86,2,0.023255813953488372,2,0.023255813953488372,12
0.75,3321217585,random,degree,86,4,0.046511627906976744,2,0.023255813953488372,14
0.75,850910414,random,degree,86,7,0.08139534883720931,3,0.03488372093023256,8
0.75,4045792479,random,degree,86,3,0.03488372093023256,2,0.023255813953488372,13
0.75,2419955588,random,degree,86,3,0.03488372093023256,2,0.023255813953488372,11
0.75,2641511632,random,degree,86,2,0.023255813953488372,2,0.023255813953488372,12
0.75,2131217089,random,degree,86,3,0.03488372093023256,2,0.023255813953488372,13
0.75,1887394535,random,degree,86,3,0.03488372093023256,2,0.023255813953488372,9
0.75,3936478752,random,degree,86,4,0.046511627906976744,3,0.03488372093023256,13
0.75,4198559799,random,degree,86,3,0.03488372093023256,2,0.023255813953488372,15
0.75,2767558755,random,degree,86,2,0.023255813953488372,2,0.023255813953488372,16
0.75,712900764,random,degree,86,3,0.03488372093023256,2,0.023255813953488372,11
0.75,3014992271,random,degree,86,3,0.03488372093023256,2,0.023255813953488372,13
0.75,170325969,random,degree,86,4,0.046511627906976744,2,0.023255813953488372,16
0.75,2431797890,random,degree,86,4,0.046511627906976744,2,0.023255813953488372,12
0.75,3144728687,random,degree,86,2,0.023255813953488372,2,0.023255813953488372,16
0.75,1763759104,random,degree,86,2,0.023255813953488372,2,0.023255813953488372,10
0.75,1687678934,random,degree,86,4,0.046511627906976744,2,0.023255813953488372,10
0.75,429581007,random,degree,86,3,0.03488372093023256,3,0.03488372093023256,12
0.75,3681196877,random,degree,86,2,0.023255813953488372,2,0.023255813953488372,12
0.75,1029196046,random,degree,86,3,0.03488372093023256,3,0.03488372093023256,12
0.75,20432173,random,degree,86,3,0.03488372093023256,2,0.023255813953488372,13
0.75,776625114,random,degree,86,3,0.03488372093023256,3,0.03488372093023256,6
0.75,220753414,random,degree,86,4,0.046511627906976744,2,0.023255813953488372,16
0.75,935215702,random,degree,86,3,0.03488372093023256,2,0.023255813953488372,9
0.75,1118323487,random,degree,86,2,0.023255813953488372,2,0.023255813953488372,16
0.76,4262354916,random,degree,86,2,0.023255813953488372,2,0.023255813953488372,15
0.76,2727188336,random,degree,86,2,0.023255813953488372,2,0.023255813953488372,13
0.76,711139523,random,degree,86,4,0.046511627906976744,3,0.03488372093023256,12
0.76,233541719,random,degree,86,4,0.046511627906976744,3,0.03488372093023256,10
0.76,1419991853,random,degree,86,4,0.046511627906976744,2,0.023255813953488372,11
0.76,4228115605,random,degree,86,3,0.03488372093023256,3,0.03488372093023256,9
0.76,556417378,random,degree,86,3,0.03488372093023256,2,0.023255813953488372,14
0.76,4091381440,random,degree,86,2,0.023255813953488372,2,0.023255813953488372,11
0.76,3939481382,random,degree,86,2,0.023255813953488372,2,0.023255813953488372,15
0.76,154757932,random,degree,86,3,0.03488372093023256,3,0.03488372093023256,9
0.76,980677270,random,degree,86,4,0.046511627906976744,2,0.023255813953488372,11
0.76,1890547897,random,degree,86,3,0.03488372093023256,3,0.03488372093023256,11
0.76,4130434398,random,degree,86,2,0.023255813953488372,2,0.023255813953488372,15
0.76,852056252,random,degree,86,3,0.03488372093023256,3,0.03488372093023256,13
0.76,2582342341,random,degree,86,2,0.023255813953488372,2,0.023255813953488372,11
0.76,4043301151,random,degree,86,3,0.03488372093023256,3,0.03488372093023256,7
0.76,3336309068,random,degree,86,2,0.023255813953488372,2,0.023255813953488372,11
0.76,694771257,random,degree,86,3,0.03488372093023256,2,0.023255813953488372,12
0.76,3371497653,random,degree,86,4,0.046511627906976744,3,0.03488372093023256,8
0.76,1791216702,random,degree,86,2,0.023255813953488372,2,0.023255813953488372,13
0.76,3286833301,random,degree,86,3,0.03488372093023256,2,0.023255813953488372,10
0.76,3249762008,random,degree,86,3,0.03488372093023256,2,0.023255813953488372,12
0.76,4124420702,random,degree,86,2,0.023255813953488372,2,0.023255813953488372,11
0.76,4310028,random,degree,86,2,0.023255813953488372,2,0.023255813953488372,13
0.76,2966757006,random,degree,86,2,0.023255813953488372,2,0.023255813953488372,13
0.76,1561847591,random,degree,86,2,0.023255813953488372,2,0.023255813953488372,15
0.76,3847382236,random,degree,86,3,0.03488372093023256,2,0.023255813953488372,14
0.76,1854446529,random,degree,86,3,0.03488372093023256,2,0.023255813953488372,10
0.76,720056498,random,degree,86,2,0.023255813953488372,2,0.023255813953488372,17
0.76,1673390932,random,degree,86,3,0.03488372093023256,2,0.023255813953488372,10
0.76,2761722230,random,degree,86,2,0.023255813953488372,2,0.023255813953488372,15
0.76,3306417779,random,degree,86,3,0.03488372093023256,2,0.023255813953488372,12
0.76,816985,random,degree,86,3,0.03488372093023256,2,0.023255813953488372,12
0.76,2608018334,random,degree,86,2,0.023255813953488372,2,0.023255813953488372,15
0.76,2111332652,random,degree,86,2,0.023255813953488372,2,0.023255813953488372,17
0.76,2940827248,random,degree,86,2,0.023255813953488372,2,0.023255813953488372,15
0.76,2484065472,random,degree,86,3,0.03488372093023256,2,0.023255813953488372,10
0.76,1374593038,random,degree,86,3,0.03488372093023256,2,0.023255813953488372,10
0.76,1436644001,random,degree,86,2,0.023255813953488372,1,0.011627906976744186,19
0.76,3641893444,random,degree,86,3,0.03488372093023256,2,0.023255813953488372,10
0.76,263373326,random,degree,86,2,0.023255813953488372,2,0.023255813953488372,13
0.76,795295757,random,degree,86,4,0.046511627906976744,2,0.023255813953488372,11
0.76,1371964314,random,degree,86,2,0.023255813953488372,2,0.023255813953488372,17
0.76,1489735876,random,degree,86,2,0.023255813953488372,2,0.023255813953488372,17
0.76,2298792333,random,degree,86,3,0.03488372093023256,2,0.023255813953488372,14
0.76,2265855429,random,degree,86,3,0.03488372093023256,3,0.03488372093023256,11
0.76,1604226059,random,degree,86,3,0.03488372093023256,2,0.023255813953488372,14
0.76,1347745573,random,degree,86,4,0.046511627906976744,2,0.023255813953488372,11
0.76,2715087868,random,degree,86,2,0.023255813953488372,2,0.023255813953488372,13
0.76,2760549102,random,degree,86,3,0.03488372093023256,2,0.023255813953488372,10
0.76,3192120418,random,degree,86,2,0.023255813953488372,2,0.023255813953488372,13
0.76,1973210227,random,degree,86,3,0.03488372093023256,3,0.03488372093023256,10
0.76,697031158,random,degree,86,3,0.03488372093023256,2,0.023255813953488372,8
0.76,3901582324,random,degree,86,5,0.05813953488372093,2,0.023255813953488372,10
0.76,786163269,random,degree,86,2,0.023255813953488372,2,0.023255813953488372,11
0.76,1177053180,random,degree,86,3,0.03488372093023256,2,0.023255813953488372,8
0.76,1451355618,random,degree,86,3,0.03488372093023256,2,0.023255813953488372,16
0.76,1195224303,random,degree,86,2,0.023255813953488372,2,0.023255813953488372,15
0.76,198366993,random,degree,86,3,0.03488372093023256,3,0.03488372093023256,9
0.76,2381658461,random,degree,86,3,0.03488372093023256,3,0.03488372093023256,15
0.76,3526731105,random,degree,86,3,0.03488372093023256,2,0.023255813953488372,12
0.76,3601374748,random,degree,86,2,0.023255813953488372,2,0.023255813953488372,17
0.76,2478530827,random,degree,86,4,0.046511627906976744,3,0.03488372093023256,12
0.76,1580271123,random,degree,86,3,0.03488372093023256,2,0.023255813953488372,8
0.76,992365431,random,degree,86,2,0.023255813953488372,2,0.023255813953488372,15
0.76,535681562,random,degree,86,3,0.03488372093023256,2,0.023255813953488372,10
0.76,2917374997,random,degree,86,7,0.08139534883720931,2,0.023255813953488372,8
0.76,1410431466,random,degree,86,2,0.023255813953488372,2,0.023255813953488372,15
0.76,4113626287,random,degree,86,4,0.046511627906976744,2,0.023255813953488372,13
0.76,3336133824,random,degree,86,2,0.023255813953488372,1,0.011627906976744186,19
0.76,313713374,random,degree,86,2,0.023255813953488372,2,0.023255813953488372,17
0.76,3073455568,random,degree,86,3,0.03488372093023256,2,0.023255813953488372,12
0.76,2558696828,random,degree,86,2,0.023255813953488372,2,0.023255813953488372,17
0.76,2303859780,random,degree,86,3,0.03488372093023256,2,0.023255813953488372,8
0.76,3841731448,random,degree,86,4,0.046511627906976744,2,0.023255813953488372,11
0.76,4083828812,random,degree,86,4,0.046511627906976744,2,0.023255813953488372,11
0.76,885094234,random,degree,86,5,0.05813953488372093,2,0.023255813953488372,10
0.76,1166836524,random,degree,86,4,0.046511627906976744,4,0.046511627906976744,9
0.76,444748209,random,degree,86,2,0.023255813953488372,2,0.023255813953488372,13
0.76,3870054118,random,degree,86,2,0.023255813953488372,2,0.023255813953488372,13
0.76,3393200096,random,degree,86,2,0.023255813953488372,2,0.023255813953488372,9
0.76,3050812557,random,degree,86,2,0.023255813953488372,2,0.023255813953488372,13
0.76,1298416477,random,degree,86,4,0.046511627906976744,3,0.03488372093023256,10
0.76,4207243062,random,degree,86,2,0.023255813953488372,2,0.023255813953488372,15
0.76,2257291249,random,degree,86,2,0.023255813953488372,1,0.011627906976744186,19
0.76,90819897,random,degree,86,2,0.023255813953488372,2,0.023255813953488372,15
0.76,874509199,random,degree,86,3,0.03488372093023256,2,0.023255813953488372,14
0.76,3621784404,random,degree,86,3,0.03488372093023256,2,0.023255813953488372,14
0.76,2444634838,random,degree,86,2,0.023255813953488372,1,0.011627906976744186,19
0.76,3358102297,random,degree,86,4,0.046511627906976744,3,0.03488372093023256,12
0.76,3422120792,random,degree,86,5,0.05813953488372093,2,0.023255813953488372,12
0.76,1792606695,random,degree,86,3,0.03488372093023256,2,0.023255813953488372,10
0.76,2387864408,random,degree,86,3,0.03488372093023256,2,0.023255813953488372,12
0.76,1049464766,random,degree,86,3,0.03488372093023256,2,0.023255813953488372,16
0.76,881126144,random,degree,86,3,0.03488372093023256,3,0.03488372093023256,12
0.76,1040342764,random,degree,86,3,0.03488372093023256,2,0.023255813953488372,10
0.76,2371912121,random,degree,86,4,0.046511627906976744,2,0.023255813953488372,13
0.76,3508545377,random,degree,86,3,0.03488372093023256,2,0.023255813953488372,12
0.76,3576743748,random,degree,86,2,0.023255813953488372,2,0.023255813953488372,15
0.76,1434466601,random,degree,86,3,0.03488372093023256,2,0.023255813953488372,12
0.77,3004197185,random,degree,86,3,0.03488372093023256,2,0.023255813953488372,13
0.77,258042654,random,degree,86,2,0.023255813953488372,2,0.023255813953488372,16
0.77,2176892347,random,degree,86,2,0.023255813953488372,2,0.023255813953488372,14
0.77,1593092358,random,degree,86,4,0.046511627906976744,3,0.03488372093023256,7
0.77,1071700143,random,degree,86,4,0.046511627906976744,2,0.023255813953488372,8
0.77,3548289219,random,degree,86,3,0.03488372093023256,2,0.023255813953488372,13
0.77,1552537934,random,degree,86,2,0.023255813953488372,2,0.023255813953488372,12
0.77,2412819918,random,degree,86,2,0.023255813953488372,2,0.023255813953488372,6
0.77,1031996631,random,degree,86,2,0.023255813953488372,2,0.023255813953488372,12
0.77,2674229946,random,degree,86,2,0.023255813953488372,2,0.023255813953488372,12
0.77,2990977269,random,degree,86,3,0.03488372093023256,2,0.023255813953488372,11
0.77,8523034,random,degree,86,2,0.023255813953488372,2,0.023255813953488372,16
0.77,1990974456,random,degree,86,3,0.03488372093023256,2,0.023255813953488372,11
0.77,4167197811,random,degree,86,4,0.046511627906976744,2,0.023255813953488372,6
0.77,1033852558,random,degree,86,3,0.03488372093023256,3,0.03488372093023256,10
0.77,1104237161,random,degree,86,2,0.023255813953488372,2,0.023255813953488372,12
0.77,2566829345,random,degree,86,3,0.03488372093023256,2,0.023255813953488372,11
0.77,2731675782,random,degree,86,3,0.03488372093023256,2,0.023255813953488372,11
0.77,2916959386,random,degree,86,2,0.023255813953488372,2,0.023255813953488372,16
0.77,1821200869,random,degree,86,2,0.023255813953488372,2,0.023255813953488372,16
0.77,2689194986,random,degree,86,2,0.023255813953488372,2,0.023255813953488372,14
0.77,1538221991,random,degree,86,3,0.03488372093023256,2,0.023255813953488372,13
0.77,3628578015,random,degree,86,2,0.023255813953488372,2,0.023255813953488372,12
0.77,3363297250,random,degree,86,2,0.023255813953488372,2,0.023255813953488372,10
0.77,2448449989,random,degree,86,2,0.023255813953488372,2,0.023255813953488372,14
0.77,3236063006,random,degree,86,3,0.03488372093023256,3,0.03488372093023256,8
0.77,755658254,random,degree,86,2,0.023255813953488372,2,0.023255813953488372,12
0.77,2463645482,random,degree,86,4,0.046511627906976744,2,0.023255813953488372,10
0.77,2183585402,random,degree,86,4,0.046511627906976744,2,0.023255813953488372,12
0.77,891965365,random,degree,86,3,0.03488372093023256,3,0.03488372093023256,8
0.77,150328037,random,degree,86,2,0.023255813953488372,2,0.023255813953488372,14
0.77,878331549,random,degree,86,2,0.023255813953488372,2,0.023255813953488372,14
0.77,3461301341,random,degree,86,2,0.023255813953488372,2,0.023255813953488372,14
0.77,2782536865,random,degree,86,2,0.023255813953488372,2,0.023255813953488372,12
0.77,3071599266,random,degree,86,3,0.03488372093023256,1,0.011627906976744186,17
0.77,1827513816,random,degree,86,4,0.046511627906976744,4,0.046511627906976744,12
0.77,870854641,random,degree,86,2,0.023255813953488372,2,0.023255813953488372,16
0.77,2316901057,random,degree,86,3,0.03488372093023256,3,0.03488372093023256,11
0.77,3532910158,random,degree,86,2,0.023255813953488372,2,0.023255813953488372,12
0.77,1877500515,random,degree,86,2,0.023255813953488372,2,0.023255813953488372,12
0.77,2519008785,random,degree,86,3,0.03488372093023256,2,0.023255813953488372,15
0.77,3226244691,random,degree,86,5,0.05813953488372093,2,0.023255813953488372,11
0.77,1252574172,random,degree,86,2,0.023255813953488372,2,0.023255813953488372,12
0.77,1943189752,random,degree,86,2,0.023255813953488372,2,0.023255813953488372,16
0.77,3241395739,random,degree,86,2,0.023255813953488372,2,0.023255813953488372,14
0.77,598699334,random,degree,86,3,0.03488372093023256,2,0.023255813953488372,13
0.77,1749668480,random,degree,86,3,0.03488372093023256,3,0.03488372093023256,12
0.77,1343303910,random,degree,86,3,0.03488372093023256,2,0.023255813953488372,9
0.77,4017847063,random,degree,86,2,0.023255813953488372,2,0.023255813953488372,12
0.77,934434578,random,degree,86,3,0.03488372093023256,2,0.023255813953488372,11
0.77,1275985396,random,degree,86,3,0.03488372093023256,3,0.03488372093023256,10
0.77,1289991233,random,degree,86,3,0.03488372093023256,2,0.023255813953488372,15
0.77,2157343579,random,degree,86,4,0.046511627906976744,2,0.023255813953488372,10
0.77,3269851212,random,degree,86,3,0.03488372093023256,2,0.023255813953488372,11
0.77,3532206483,random,degree,86,4,0.046511627906976744,2,0.023255813953488372,12
0.77,2152827618,random,degree,86,2,0.023255813953488372,2,0.023255813953488372,12
0.77,234266049,random,degree,86,2,0.023255813953488372,2,0.023255813953488372,16
0.77,606889063,random,degree,86,3,0.03488372093023256,2,0.023255813953488372,13
0.77,1098296371,random,degree,86,2,0.023255813953488372,2,0.023255813953488372,12
0.77,1303253370,random,degree,86,2,0.023255813953488372,2,0.023255813953488372,10
0.77,3383887520,random,degree,86,3,0.03488372093023256,2,0.023255813953488372,15
0.77,1070580077,random,degree,86,6,0.06976744186046512,2,0.023255813953488372,12
0.77,1181130375,random,degree,86,3,0.03488372093023256,2,0.023255813953488372,11
0.77,3843814549,random,degree,86,2,0.023255813953488372,2,0.023255813953488372,16
0.77,990446090,random,degree,86,2,0.023255813953488372,2,0.023255813953488372,16
0.77,3225355192,random,degree,86,2,0.023255813953488372,2,0.023255813953488372,16
0.77,2765821314,random,degree,86,3,0.03488372093023256,2,0.023255813953488372,11
0.77,3459025883,random,degree,86,3,0.03488372093023256,3,0.03488372093023256,10
0.77,2007503285,random,degree,86,3,0.03488372093023256,2,0.023255813953488372,7
0.77,698998654,random,degree,86,2,0.023255813953488372,2,0.023255813953488372,14
0.77,1979923027,random,degree,86,3,0.03488372093023256,2,0.023255813953488372,15
0.77,3121644273,random,degree,86,3,0.03488372093023256,2,0.023255813953488372,13
0.77,2948611964,random,degree,86,4,0.046511627906976744,2,0.023255813953488372,6
0.77,2228692554,random,degree,86,3,0.03488372093023256,2,0.023255813953488372,13
0.77,2577498120,random,degree,86,2,0.023255813953488372,2,0.023255813953488372,16
0.77,2438123137,random,degree,86,2,0.023255813953488372,2,0.023255813953488372,14
0.77,2173261758,random,degree,86,6,0.06976744186046512,4,0.046511627906976744,5
0.77,2536774618,random,degree,86,3,0.03488372093023256,2,0.023255813953488372,13
0.77,2535134285,random,degree,86,3,0.03488372093023256,2,0.023255813953488372,9
0.77,2230825351,random,degree,86,2,0.023255813953488372,2,0.023255813953488372,12
0.77,1320646752,random,degree,86,3,0.03488372093023256,2,0.023255813953488372,11
0.77,233839563,random,degree,86,3,0.03488372093023256,3,0.03488372093023256,10
0.77,2060406664,random,degree,86,4,0.046511627906976744,3,0.03488372093023256,9
0.77,814094976,random,degree,86,3,0.03488372093023256,3,0.03488372093023256,10
0.77,1129701148,random,degree,86,4,0.046511627906976744,3,0.03488372093023256,7
0.77,29580394,random,degree,86,2,0.023255813953488372,2,0.023255813953488372,12
0.77,3270575456,random,degree,86,2,0.023255813953488372,2,0.023255813953488372,14
0.77,4027992774,random,degree,86,3,0.03488372093023256,2,0.023255813953488372,15
0.77,2473312281,random,degree,86,2,0.023255813953488372,2,0.023255813953488372,16
0.77,166062452,random,degree,86,4,0.046511627906976744,3,0.03488372093023256,9
0.77,2188125082,random,degree,86,3,0.03488372093023256,2,0.023255813953488372,15
0.77,12603163,random,degree,86,2,0.023255813953488372,2,0.023255813953488372,14
0.77,1020447284,random,degree,86,6,0.06976744186046512,2,0.023255813953488372,12
0.77,2353376360,random,degree,86,2,0.023255813953488372,2,0.023255813953488372,12
0.77,1723003063,random,degree,86,3,0.03488372093023256,2,0.023255813953488372,13
0.77,655870704,random,degree,86,2,0.023255813953488372,2,0.023255813953488372,16
0.77,4133313158,random,degree,86,4,0.046511627906976744,2,0.023255813953488372,12
0.77,1921244183,random,degree,86,3,0.03488372093023256,2,0.023255813953488372,13
0.77,3140350393,random,degree,86,2,0.023255813953488372,2,0.023255813953488372,14
0.77,1025192564,random,degree,86,3,0.03488372093023256,2,0.023255813953488372,15
0.78,2297338434,random,degree,86,2,0.023255813953488372,2,0.023255813953488372,13
0.78,3218087523,random,degree,86,3,0.03488372093023256,2,0.023255813953488372,14
0.78,92732976,random,degree,86,3,0.03488372093023256,3,0.03488372093023256,11
0.78,955564152,random,degree,86,2,0.023255813953488372,2,0.023255813953488372,11
0.78,618860439,random,degree,86,2,0.023255813953488372,2,0.023255813953488372,13
0.78,4280779114,random,degree,86,2,0.023255813953488372,2,0.023255813953488372,13
0.78,379276598,random,degree,86,3,0.03488372093023256,3,0.03488372093023256,9
0.78,3031886330,random,degree,86,3,0.03488372093023256,2,0.023255813953488372,12
0.78,433119723,random,degree,86,3,0.03488372093023256,1,0.011627906976744186,16
0.78,1133323351,random,degree,86,2,0.023255813953488372,2,0.023255813953488372,13
0.78,3130739480,random,degree,86,8,0.09302325581395349,2,0.023255813953488372,7
0.78,1320918015,random,degree,86,3,0.03488372093023256,2,0.023255813953488372,10
0.78,1121107982,random,degree,86,3,0.03488372093023256,1,0.011627906976744186,16
0.78,2878821398,random,degree,86,4,0.046511627906976744,2,0.023255813953488372,13
0.78,634759724,random,degree,86,3,0.03488372093023256,3,0.03488372093023256,9
0.78,1293154134,random,degree,86,2,0.023255813953488372,2,0.023255813953488372,11
0.78,240368874,random,degree,86,2,0.023255813953488372,2,0.023255813953488372,13
0.78,1477813027,random,degree,86,3,0.03488372093023256,2,0.023255813953488372,8
0.78,3530882961,random,degree,86,3,0.03488372093023256,3,0.03488372093023256,11
0.78,320765574,random,degree,86,2,0.023255813953488372,2,0.023255813953488372,13
0.78,2951857261,random,degree,86,3,0.03488372093023256,2,0.023255813953488372,12
0.78,355087845,random,degree,86,2,0.023255813953488372,1,0.011627906976744186,17
0.78,3715042202,random,degree,86,3,0.03488372093023256,2,0.023255813953488372,12
0.78,3673614522,random,degree,86,2,0.023255813953488372,2,0.023255813953488372,13
0.78,607016455,random,degree,86,2,0.023255813953488372,2,0.023255813953488372,15
0.78,385710213,random,degree,86,2,0.023255813953488372,1,0.011627906976744186,17
0.78,774173673,random,degree,86,2,0.023255813953488372,1,0.011627906976744186,17
0.78,3077402184,random,degree,86,2,0.023255813953488372,2,0.023255813953488372,15
0.78,2158914657,random,degree,86,2,0.023255813953488372,2,0.023255813953488372,15
0.78,1877658558,random,degree,86,2,0.023255813953488372,2,0.023255813953488372,15
0.78,850365011,random,degree,86,3,0.03488372093023256,2,0.023255813953488372,14
0.78,4174554575,random,degree,86,3,0.03488372093023256,2,0.023255813953488372,10
0.78,373866784,random,degree,86,4,0.046511627906976744,2,0.023255813953488372,11
0.78,2815802752,random,degree,86,2,0.023255813953488372,2,0.023255813953488372,13
0.78,2307927239,random,degree,86,2,0.023255813953488372,2,0.023255813953488372,11
0.78,61610288,random,degree,86,3,0.03488372093023256,2,0.023255813953488372,8
0.78,3014278118,random,degree,86,3,0.03488372093023256,2,0.023255813953488372,12
0.78,4276927301,random,degree,86,3,0.03488372093023256,2,0.023255813953488372,12
0.78,1206447328,random,degree,86,2,0.023255813953488372,2,0.023255813953488372,9
0.78,1609115741,random,degree,86,2,0.023255813953488372,2,0.023255813953488372,15
0.78,612464951,random,degree,86,4,0.046511627906976744,3,0.03488372093023256,10
0.78,1974354291,random,degree,86,3,0.03488372093023256,2,0.023255813953488372,8
0.78,2504249808,random,degree,86,3,0.03488372093023256,2,0.023255813953488372,12
0.78,2877600023,random,degree,86,2,0.023255813953488372,2,0.023255813953488372,15
0.78,1272076399,random,degree,86,2,0.023255813953488372,2,0.023255813953488372,13
0.78,1147917055,random,degree,86,3,0.03488372093023256,2,0.023255813953488372,10
0.78,2353310433,random,degree,86,2,0.023255813953488372,2,0.023255813953488372,11
0.78,1809629985,random,degree,86,2,0.023255813953488372,2,0.023255813953488372,13
0.78,2574617588,random,degree,86,3,0.03488372093023256,2,0.023255813953488372,8
0.78,1866369666,random,degree,86,2,0.023255813953488372,1,0.011627906976744186,17
0.78,3844847554,random,degree,86,2,0.023255813953488372,2,0.023255813953488372,13
0.78,1741919032,random,degree,86,2,0.023255813953488372,2,0.023255813953488372,9
0.78,1029508925,random,degree,86,3,0.03488372093023256,2,0.023255813953488372,14
0.78,679211798,random,degree,86,3,0.03488372093023256,3,0.03488372093023256,11
0.78,1429550842,random,degree,86,1,0.011627906976744186,1,0.011627906976744186,19
0.78,2560474767,random,degree,86,3,0.03488372093023256,2,0.023255813953488372,10
0.78,1853716654,random,degree,86,2,0.023255813953488372,2,0.023255813953488372,15
0.78,3159954224,random,degree,86,2,0.023255813953488372,2,0.023255813953488372,13
0.78,2607152640,random,degree,86,3,0.03488372093023256,2,0.023255813953488372,8
0.78,2861231560,random,degree,86,3,0.03488372093023256,2,0.023255813953488372,12
0.78,1772912695,random,degree,86,3,0.03488372093023256,3,0.03488372093023256,9
0.78,1777720204,random,degree,86,3,0.03488372093023256,3,0.03488372093023256,7
0.78,1724000160,random,degree,86,4,0.046511627906976744,3,0.03488372093023256,12
0.78,3823590508,random,degree,86,5,0.05813953488372093,3,0.03488372093023256,9
0.78,369929515,random,degree,86,3,0.03488372093023256,2,0.023255813953488372,8
0.78,1901029048,random,degree,86,2,0.023255813953488372,2,0.023255813953488372,13
0.78,3024007327,random,degree,86,2,0.023255813953488372,2,0.023255813953488372,13
0.78,2289848346,random,degree,86,3,0.03488372093023256,2,0.023255813953488372,14
0.78,4048843808,random,degree,86,2,0.023255813953488372,2,0.023255813953488372,13
0.78,1421235554,random,degree,86,2,0.023255813953488372,2,0.023255813953488372,13
0.78,1944742717,random,degree,86,4,0.046511627906976744,2,0.023255813953488372,11
0.78,2759521315,random,degree,86,3,0.03488372093023256,2,0.023255813953488372,12
0.78,498692458,random,degree,86,2,0.023255813953488372,1,0.011627906976744186,17
0.78,1643328794,random,degree,86,2,0.023255813953488372,2,0.023255813953488372,9
0.78,923256974,random,degree,86,4,0.046511627906976744,2,0.023255813953488372,11
0.78,1006395906,random,degree,86,2,0.023255813953488372,1,0.011627906976744186,17
0.78,1148618426,random,degree,86,3,0.03488372093023256,3,0.03488372093023256,13
0.78,3073480951,random,degree,86,4,0.046511627906976744,2,0.023255813953488372,11
0.78,4146346977,random,degree,86,3,0.03488372093023256,1,0.011627906976744186,16
0.78,220147349,random,degree,86,2,0.023255813953488372,2,0.023255813953488372,15
0.78,2746961009,random,degree,86,2,0.023255813953488372,2,0.023255813953488372,11
0.78,3253929808,random,degree,86,2,0.023255813953488372,2,0.023255813953488372,15
0.78,2095949991,random,degree,86,2,0.023255813953488372,2,0.023255813953488372,9
0.78,971711681,random,degree,86,5,0.05813953488372093,3,0.03488372093023256,5
0.78,1443060571,random,degree,86,2,0.023255813953488372,2,0.023255813953488372,13
0.78,3379095319,random,degree,86,5,0.05813953488372093,2,0.023255813953488372,10
0.78,3052226792,random,degree,86,5,0.05813953488372093,1,0.011627906976744186,14
0.78,2524138986,random,degree,86,2,0.023255813953488372,1,0.011627906976744186,17
0.78,1238776659,random,degree,86,3,0.03488372093023256,3,0.03488372093023256,5
0.78,3786398141,random,degree,86,3,0.03488372093023256,2,0.023255813953488372,12
0.78,4038709965,random,degree,86,1,0.011627906976744186,1,0.011627906976744186,19
0.78,2501391254,random,degree,86,3,0.03488372093023256,2,0.023255813953488372,14
0.78,4156017111,random,degree,86,3,0.03488372093023256,2,0.023255813953488372,14
0.78,3439400276,random,degree,86,6,0.06976744186046512,2,0.023255813953488372,9
0.78,2646440708,random,degree,86,2,0.023255813953488372,2,0.023255813953488372,9
0.78,2539249588,random,degree,86,2,0.023255813953488372,2,0.023255813953488372,9
0.78,872268809,random,degree,86,4,0.046511627906976744,2,0.023255813953488372,11
0.78,2390471212,random,degree,86,3,0.03488372093023256,2,0.023255813953488372,10
0.78,1913246802,random,degree,86,2,0.023255813953488372,2,0.023255813953488372,15
0.78,4249620398,random,degree,86,3,0.03488372093023256,2,0.023255813953488372,12
0.79,2822899807,random,degree,86,2,0.023255813953488372,2,0.023255813953488372,12
0.79,3933261083,random,degree,86,2,0.023255813953488372,2,0.023255813953488372,14
0.79,1171943587,random,degree,86,3,0.03488372093023256,2,0.023255813953488372,11
0.79,731801739,random,degree,86,2,0.023255813953488372,2,0.023255813953488372,6
0.79,1455297922,random,degree,86,3,0.03488372093023256,1,0.011627906976744186,15
0.79,1586979311,random,degree,86,2,0.023255813953488372,2,0.023255813953488372,8
0.79,2151095458,random,degree,86,2,0.023255813953488372,2,0.023255813953488372,14
0.79,631123789,random,degree,86,2,0.023255813953488372,2,0.023255813953488372,8
0.79,1262599942,random,degree,86,2,0.023255813953488372,2,0.023255813953488372,14
0.79,2009314660,random,degree,86,2,0.023255813953488372,2,0.023255813953488372,12
0.79,751635714,random,degree,86,2,0.023255813953488372,2,0.023255813953488372,10
0.79,2091706149,random,degree,86,3,0.03488372093023256,2,0.023255813953488372,11
0.79,143010787,random,degree,86,3,0.03488372093023256,3,0.03488372093023256,8
0.79,4036936706,random,degree,86,3,0.03488372093023256,2,0.023255813953488372,11
0.79,3790050293,random,degree,86,2,0.023255813953488372,2,0.023255813953488372,14
0.79,1111080172,random,degree,86,2,0.023255813953488372,2,0.023255813953488372,8
0.79,2374429713,random,degree,86,2,0.023255813953488372,1,0.011627906976744186,16
0.79,373303269,random,degree,86,4,0.046511627906976744,2,0.023255813953488372,12
0.79,2540139892,random,degree,86,2,0.023255813953488372,2,0.023255813953488372,10
0.79,467825380,random,degree,86,2,0.023255813953488372,2,0.023255813953488372,14
0.79,4291499869,random,degree,86,2,0.023255813953488372,2,0.023255813953488372,8
0.79,4211292889,random,degree,86,2,0.023255813953488372,2,0.023255813953488372,14
0.79,453406709,random,degree,86,3,0.03488372093023256,3,0.03488372093023256,12
0.79,3119172881,random,degree,86,2,0.023255813953488372,2,0.023255813953488372,12
0.79,540680766,random,degree,86,3,0.03488372093023256,2,0.023255813953488372,13
0.79,3815114992,random,degree,86,2,0.023255813953488372,2,0.023255813953488372,12
0.79,612189816,random,degree,86,3,0.03488372093023256,2,0.023255813953488372,13
0.79,2098073479,random,degree,86,3,0.03488372093023256,2,0.023255813953488372,11
0.79,690867285,random,degree,86,4,0.046511627906976744,2,0.023255813953488372,10
0.79,549140112,random,degree,86,3,0.03488372093023256,2,0.023255813953488372,13
0.79,17560493,random,degree,86,2,0.023255813953488372,2,0.023255813953488372,14
0.79,3513082138,random,degree,86,2,0.023255813953488372,1,0.011627906976744186,16
0.79,2085598736,random,degree,86,2,0.023255813953488372,2,0.023255813953488372,12
0.79,4061484756,random,degree,86,3,0.03488372093023256,2,0.023255813953488372,7
0.79,3191626329,random,degree,86,3,0.03488372093023256,2,0.023255813953488372,9
0.79,2130761214,random,degree,86,3,0.03488372093023256,2,0.023255813953488372,11
0.79,2581158862,random,degree,86,2,0.023255813953488372,2,0.023255813953488372,12
0.79,86850978,random,degree,86,5,0.05813953488372093,2,0.023255813953488372,11
0.79,681724596,random,degree,86,3,0.03488372093023256,3,0.03488372093023256,10
0.79,675525304,random,degree,86,2,0.023255813953488372,2,0.023255813953488372,12
0.79,924463932,random,degree,86,2,0.023255813953488372,2,0.023255813953488372,14
0.79,976859309,random,degree,86,3,0.03488372093023256,3,0.03488372093023256,6
0.79,76470732,random,degree,86,2,0.023255813953488372,2,0.023255813953488372,10
0.79,3771504275,random,degree,86,3,0.03488372093023256,2,0.023255813953488372,13
0.79,3908486909,random,degree,86,2,0.023255813953488372,2,0.023255813953488372,12
0.79,2202048927,random,degree,86,3,0.03488372093023256,2,0.023255813953488372,13
0.79,3055191121,random,degree,86,3,0.03488372093023256,2,0.023255813953488372,13
0.79,222500308,random,degree,86,2,0.023255813953488372,1,0.011627906976744186,16
0.79,3158293225,random,degree,86,4,0.046511627906976744,1,0.011627906976744186,14
0.79,2193823850,random,degree,86,2,0.023255813953488372,1,0.011627906976744186,16
0.79,2292872934,random,degree,86,3,0.03488372093023256,2,0.023255813953488372,9
0.79,1048948795,random,degree,86,5,0.05813953488372093,2,0.023255813953488372,11
0.79,860896470,random,degree,86,2,0.023255813953488372,2,0.023255813953488372,12
0.79,869890931,random,degree,86,2,0.023255813953488372,2,0.023255813953488372,14
0.79,352304797,random,degree,86,2,0.023255813953488372,2,0.023255813953488372,14
0.79,253084988,random,degree,86,3,0.03488372093023256,3,0.03488372093023256,8
0.79,1561808276,random,degree,86,3,0.03488372093023256,2,0.023255813953488372,13
0.79,1194848611,random,degree,86,3,0.03488372093023256,2,0.023255813953488372,13
0.79,1293442118,random,degree,86,3,0.03488372093023256,2,0.023255813953488372,13
0.79,3508648170,random,degree,86,2,0.023255813953488372,2,0.023255813953488372,10
0.79,1293852348,random,degree,86,3,0.03488372093023256,2,0.023255813953488372,11
0.79,2045903929,random,degree,86,2,0.023255813953488372,2,0.023255813953488372,14
0.79,2438226806,random,degree,86,2,0.023255813953488372,2,0.023255813953488372,10
0.79,1352506712,random,degree,86,2,0.023255813953488372,2,0.023255813953488372,12
0.79,3959438966,random,degree,86,2,0.023255813953488372,2,0.023255813953488372,10
0.79,458502254,random,degree,86,2,0.023255813953488372,1,0.011627906976744186,16
0.79,2054831712,random,degree,86,3,0.03488372093023256,2,0.023255813953488372,7
0.79,1381497080,random,degree,86,2,0.023255813953488372,2,0.023255813953488372,12
0.79,270956295,random,degree,86,4,0.046511627906976744,2,0.023255813953488372,12
0.79,3380947433,random,degree,86,3,0.03488372093023256,1,0.011627906976744186,15
0.79,2918139034,random,degree,86,3,0.03488372093023256,2,0.023255813953488372,9
0.79,3859380645,random,degree,86,2,0.023255813953488372,2,0.023255813953488372,14
0.79,1209884467,random,degree,86,3,0.03488372093023256,2,0.023255813953488372,9
0.79,4118162935,random,degree,86,2,0.023255813953488372,2,0.023255813953488372,14
0.79,3932860153,random,degree,86,3,0.03488372093023256,2,0.023255813953488372,7
0.79,1604936104,random,degree,86,2,0.023255813953488372,2,0.023255813953488372,14
0.79,889564326,random,degree,86,3,0.03488372093023256,2,0.023255813953488372,11
0.79,741920559,random,degree,86,2,0.023255813953488372,2,0.023255813953488372,10
0.79,1243285954,random,degree,86,1,0.011627906976744186,1,0.011627906976744186,18
0.79,2273229934,random,degree,86,2,0.023255813953488372,1,0.011627906976744186,16
0.79,2986101963,random,degree,86,2,0.023255813953488372,2,0.023255813953488372,12
0.79,2781818361,random,degree,86,3,0.03488372093023256,2,0.023255813953488372,11
0.79,131703187,random,degree,86,3,0.03488372093023256,2,0.023255813953488372,11
0.79,1017481133,random,degree,86,2,0.023255813953488372,2,0.023255813953488372,8
0.79,559063038,random,degree,86,3,0.03488372093023256,2,0.023255813953488372,9
0.79,1428190193,random,degree,86,2,0.023255813953488372,2,0.023255813953488372,10
0.79,2076095286,random,degree,86,4,0.046511627906976744,2,0.023255813953488372,6
0.79,1944071558,random,degree,86,2,0.023255813953488372,1,0.011627906976744186,16
0.79,3713692480,random,degree,86,2,0.023255813953488372,2,0.023255813953488372,14
0.79,1571414577,random,degree,86,2,0.023255813953488372,2,0.023255813953488372,12
0.79,1769728686,random,degree,86,2,0.023255813953488372,2,0.023255813953488372,10
0.79,2861165445,random,degree,86,2,0.023255813953488372,2,0.023255813953488372,12
0.79,1412228192,random,degree,86,3,0.03488372093023256,2,0.023255813953488372,11
0.79,2266925517,random,degree,86,3,0.03488372093023256,2,0.023255813953488372,13
0.79,3254976580,random,degree,86,2,0.023255813953488372,2,0.023255813953488372,12
0.79,3460836131,random,degree,86,3,0.03488372093023256,2,0.023255813953488372,13
0.79,3020592999,random,degree,86,3,0.03488372093023256,2,0.023255813953488372,13
0.79,1006259029,random,degree,86,4,0.046511627906976744,2,0.023255813953488372,10
0.79,2832712373,random,degree,86,3,0.03488372093023256,2,0.023255813953488372,11
0.79,1122357562,random,degree,86,3,0.03488372093023256,2,0.023255813953488372,7
0.8,3099914355,random,degree,86,3,0.03488372093023256,2,0.023255813953488372,10
0.8,10011387,random,degree,86,4,0.046511627906976744,1,0.011627906976744186,13
0.8,934757297,random,degree,86,3,0.03488372093023256,2,0.023255813953488372,10
0.8,1831922899,random,degree,86,3,0.03488372093023256,2,0.023255813953488372,10
0.8,1558236978,random,degree,86,3,0.03488372093023256,3,0.03488372093023256,9
0.8,1184996932,random,degree,86,2,0.023255813953488372,2,0.023255813953488372,11
0.8,3625228676,random,degree,86,5,0.05813953488372093,1,0.011627906976744186,12
0.8,291629117,random,degree,86,2,0.023255813953488372,2,0.023255813953488372,9
0.8,3230572876,random,degree,86,4,0.046511627906976744,1,0.011627906976744186,13
0.8,637035076,random,degree,86,2,0.023255813953488372,2,0.023255813953488372,13
0.8,2551414598,random,degree,86,2,0.023255813953488372,2,0.023255813953488372,13
0.8,3133562465,random,degree,86,2,0.023255813953488372,2,0.023255813953488372,11
0.8,3673163732,random,degree,86,2,0.023255813953488372,2,0.023255813953488372,13
0.8,1736654119,random,degree,86,2,0.023255813953488372,2,0.023255813953488372,9
0.8,1741595684,random,degree,86,2,0.023255813953488372,2,0.023255813953488372,11
0.8,3547718863,random,degree,86,2,0.023255813953488372,2,0.023255813953488372,11
0.8,3022567857,random,degree,86,2,0.023255813953488372,1,0.011627906976744186,15
0.8,3042877989,random,degree,86,4,0.046511627906976744,2,0.023255813953488372,9
0.8,4215116618,random,degree,86,2,0.023255813953488372,2,0.023255813953488372,13
0.8,133602159,random,degree,86,4,0.046511627906976744,2,0.023255813953488372,9
0.8,3245110503,random,degree,86,3,0.03488372093023256,2,0.023255813953488372,10
0.8,3224211983,random,degree,86,2,0.023255813953488372,2,0.023255813953488372,9
0.8,3196190730,random,degree,86,3,0.03488372093023256,2,0.023255813953488372,12
0.8,264576815,random,degree,86,3,0.03488372093023256,2,0.023255813953488372,12
0.8,1740247303,random,degree,86,2,0.023255813953488372,2,0.023255813953488372,11
0.8,1094772073,random,degree,86,1,0.011627906976744186,1,0.011627906976744186,17
0.8,4245662070,random,degree,86,3,0.03488372093023256,2,0.023255813953488372,10
0.8,1118076534,random,degree,86,2,0.023255813953488372,2,0.023255813953488372,7
0.8,1169056655,random,degree,86,3,0.03488372093023256,2,0.023255813953488372,10
0.8,1961489449,random,degree,86,2,0.023255813953488372,2,0.023255813953488372,13
0.8,10726267,random,degree,86,2,0.023255813953488372,2,0.023255813953488372,9
0.8,2729249916,random,degree,86,3,0.03488372093023256,2,0.023255813953488372,10
0.8,816306760,random,degree,86,2,0.023255813953488372,2,0.023255813953488372,11
0.8,3655541971,random,degree,86,2,0.023255813953488372,2,0.023255813953488372,13
0.8,1446971265,random,degree,86,3,0.03488372093023256,3,0.03488372093023256,9
0.8,1905686988,random,degree,86,2,0.023255813953488372,1,0.011627906976744186,15
0.8,234514376,random,degree,86,4,0.046511627906976744,2,0.023255813953488372,9
0.8,426126989,random,degree,86,2,0.023255813953488372,2,0.023255813953488372,13
0.8,879214307,random,degree,86,3,0.03488372093023256,3,0.03488372093023256,11
0.8,997127425,random,degree,86,2,0.023255813953488372,2,0.023255813953488372,11
0.8,3740787138,random,degree,86,2,0.023255813953488372,2,0.023255813953488372,13
0.8,3938187091,random,degree,86,2,0.023255813953488372,2,0.023255813953488372,11
0.8,3938769894,random,degree,86,3,0.03488372093023256,2,0.023255813953488372,12
0.8,1545188173,random,degree,86,4,0.046511627906976744,1,0.011627906976744186,13
0.8,2937577666,random,degree,86,2,0.023255813953488372,2,0.023255813953488372,13
0.8,1802786078,random,degree,86,1,0.011627906976744186,1,0.011627906976744186,17
0.8,1809500036,random,degree,86,3,0.03488372093023256,2,0.023255813953488372,10
0.8,2408105048,random,degree,86,2,0.023255813953488372,2,0.023255813953488372,13
0.8,1053148145,random,degree,86,2,0.023255813953488372,2,0.023255813953488372,9
0.8,1008584059,random,degree,86,3,0.03488372093023256,2,0.023255813953488372,12
0.8,2187387009,random,degree,86,2,0.023255813953488372,2,0.023255813953488372,13
0.8,2017827320,random,degree,86,2,0.023255813953488372,2,0.023255813953488372,11
0.8,3524903278,random,degree,86,2,0.023255813953488372,1,0.011627906976744186,15
0.8,2321092424,random,degree,86,2,0.023255813953488372,2,0.023255813953488372,7
0.8,3182731568,random,degree,86,3,0.03488372093023256,2,0.023255813953488372,6
0.8,1300928588,random,degree,86,3,0.03488372093023256,1,0.011627906976744186,14
0.8,3187772620,random,degree,86,2,0.023255813953488372,2,0.023255813953488372,13
0.8,3814260726,random,degree,86,2,0.023255813953488372,2,0.023255813953488372,13
0.8,3388325779,random,degree,86,4,0.046511627906976744,2,0.023255813953488372,9
0.8,2214280773,random,degree,86,2,0.023255813953488372,2,0.023255813953488372,11
0.8,468632121,random,degree,86,3,0.03488372093023256,2,0.023255813953488372,12
0.8,3395783783,random,degree,86,2,0.023255813953488372,1,0.011627906976744186,15
0.8,2551482925,random,degree,86,2,0.023255813953488372,2,0.023255813953488372,13
0.8,2182993093,random,degree,86,6,0.06976744186046512,2,0.023255813953488372,9
0.8,1728767375,random,degree,86,3,0.03488372093023256,2,0.023255813953488372,10
0.8,3655383550,random,degree,86,2,0.023255813953488372,2,0.023255813953488372,13
0.8,1180742118,random,degree,86,4,0.046511627906976744,2,0.023255813953488372,11
0.8,3102310236,random,degree,86,2,0.023255813953488372,1,0.011627906976744186,15
0.8,1563130053,random,degree,86,3,0.03488372093023256,1,0.011627906976744186,14
0.8,2017934582,random,degree,86,2,0.023255813953488372,2,0.023255813953488372,11
0.8,3927626211,random,degree,86,4,0.046511627906976744,2,0.023255813953488372,11
0.8,2201804231,random,degree,86,3,0.03488372093023256,2,0.023255813953488372,12
0.8,1441444871,random,degree,86,2,0.023255813953488372,2,0.023255813953488372,11
0.8,662441618,random,degree,86,2,0.023255813953488372,2,0.023255813953488372,13
0.8,1127159029,random,degree,86,3,0.03488372093023256,2,0.023255813953488372,10
0.8,2419548616,random,degree,86,2,0.023255813953488372,2,0.023255813953488372,13
0.8,3471580821,random,degree,86,2,0.023255813953488372,2,0.023255813953488372,11
0.8,1898140540,random,degree,86,5,0.05813953488372093,2,0.023255813953488372,8
0.8,407712808,random,degree,86,3,0.03488372093023256,3,0.03488372093023256,9
0.8,1971753157,random,degree,86,2,0.023255813953488372,2,0.023255813953488372,11
0.8,2003727100,random,degree,86,4,0.046511627906976744,2,0.023255813953488372,7
0.8,2617821712,random,degree,86,2,0.023255813953488372,2,0.023255813953488372,13
0.8,893639815,random,degree,86,2,0.023255813953488372,1,0.011627906976744186,15
0.8,488725374,random,degree,86,3,0.03488372093023256,2,0.023255813953488372,10
0.8,140885904,random,degree,86,2,0.023255813953488372,2,0.023255813953488372,13
0.8,3088731016,random,degree,86,2,0.023255813953488372,2,0.023255813953488372,11
0.8,3723613016,random,degree,86,3,0.03488372093023256,2,0.023255813953488372,10
0.8,1405280416,random,degree,86,2,0.023255813953488372,2,0.023255813953488372,9
0.8,647806745,random,degree,86,2,0.023255813953488372,2,0.023255813953488372,11
0.8,902795429,random,degree,86,2,0.023255813953488372,2,0.023255813953488372,11
0.8,994700497,random,degree,86,1,0.011627906976744186,1,0.011627906976744186,17
0.8,3575027881,random,degree,86,3,0.03488372093023256,2,0.023255813953488372,6
0.8,3986127199,random,degree,86,2,0.023255813953488372,2,0.023255813953488372,13
0.8,166472472,random,degree,86,3,0.03488372093023256,3,0.03488372093023256,7
0.8,2202213690,random,degree,86,2,0.023255813953488372,2,0.023255813953488372,11
0.8,4212493122,random,degree,86,2,0.023255813953488372,2,0.023255813953488372,11
0.8,1039029022,random,degree,86,3,0.03488372093023256,2,0.023255813953488372,10
0.8,2912688106,random,degree,86,2,0.023255813953488372,2,0.023255813953488372,9
0.8,2480512353,random,degree,86,2,0.023255813953488372,2,0.023255813953488372,13
0.8,189427519,random,degree,86,3,0.03488372093023256,2,0.023255813953488372,10
0.81,139300956,random,degree,86,2,0.023255813953488372,2,0.023255813953488372,6
0.81,80373820,random,degree,86,2,0.023255813953488372,2,0.023255813953488372,12
0.81,3522273841,random,degree,86,2,0.023255813953488372,2,0.023255813953488372,10
0.81,34778292,random,degree,86,2,0.023255813953488372,2,0.023255813953488372,10
0.81,4209519833,random,degree,86,2,0.023255813953488372,2,0.023255813953488372,10
0.81,733277930,random,degree,86,3,0.03488372093023256,2,0.023255813953488372,11
0.81,3527075961,random,degree,86,3,0.03488372093023256,2,0.023255813953488372,9
0.81,36393926,random,degree,86,3,0.03488372093023256,2,0.023255813953488372,9
0.81,3425660886,random,degree,86,2,0.023255813953488372,2,0.023255813953488372,10
0.81,798956670,random,degree,86,2,0.023255813953488372,2,0.023255813953488372,12
0.81,1810440881,random,degree,86,4,0.046511627906976744,3,0.03488372093023256,7
0.81,1751394566,random,degree,86,3,0.03488372093023256,1,0.011627906976744186,13
0.81,1892543975,random,degree,86,2,0.023255813953488372,1,0.011627906976744186,14
0.81,3068194503,random,degree,86,2,0.023255813953488372,2,0.023255813953488372,10
0.81,3076290030,random,degree,86,4,0.046511627906976744,2,0.023255813953488372,8
0.81,4100063749,random,degree,86,1,0.011627906976744186,1,0.011627906976744186,16
0.81,631081222,random,degree,86,4,0.046511627906976744,2,0.023255813953488372,10
0.81,216483542,random,degree,86,2,0.023255813953488372,2,0.023255813953488372,12
0.81,1288547573,random,degree,86,2,0.023255813953488372,1,0.011627906976744186,14
0.81,1306538141,random,degree,86,2,0.023255813953488372,2,0.023255813953488372,12
0.81,548800502,random,degree,86,2,0.023255813953488372,2,0.023255813953488372,10
0.81,1759051395,random,degree,86,2,0.023255813953488372,2,0.023255813953488372,12
0.81,756747018,random,degree,86,2,0.023255813953488372,2,0.023255813953488372,12
0.81,4057740851,random,degree,86,2,0.023255813953488372,2,0.023255813953488372,12
0.81,1396100213,random,degree,86,3,0.03488372093023256,3,0.03488372093023256,6
0.81,753026641,random,degree,86,3,0.03488372093023256,2,0.023255813953488372,7
0.81,601549390,random,degree,86,1,0.011627906976744186,1,0.011627906976744186,16
0.81,3959704071,random,degree,86,4,0.046511627906976744,2,0.023255813953488372,10
0.81,1522122902,random,degree,86,2,0.023255813953488372,2,0.023255813953488372,8
0.81,2851556345,random,degree,86,3,0.03488372093023256,2,0.023255813953488372,9
0.81,3481315181,random,degree,86,3,0.03488372093023256,2,0.023255813953488372,9
0.81,591970862,random,degree,86,5,0.05813953488372093,2,0.023255813953488372,7
0.81,3172332903,random,degree,86,2,0.023255813953488372,2,0.023255813953488372,12
0.81,4198824591,random,degree,86,2,0.023255813953488372,2,0.023255813953488372,10
0.81,612963318,random,degree,86,3,0.03488372093023256,2,0.023255813953488372,11
0.81,122247563,random,degree,86,2,0.023255813953488372,1,0.011627906976744186,14
0.81,3233089778,random,degree,86,2,0.023255813953488372,2,0.023255813953488372,10
0.81,1686452506,random,degree,86,2,0.023255813953488372,1,0.011627906976744186,14
0.81,3719354364,random,degree,86,2,0.023255813953488372,1,0.011627906976744186,14
0.81,3357467243,random,degree,86,2,0.023255813953488372,2,0.023255813953488372,10
0.81,2445149978,random,degree,86,4,0.046511627906976744,2,0.023255813953488372,10
0.81,3445935720,random,degree,86,2,0.023255813953488372,2,0.023255813953488372,10
0.81,2133267511,random,degree,86,2,0.023255813953488372,2,0.023255813953488372,10
0.81,760336621,random,degree,86,2,0.023255813953488372,2,0.023255813953488372,12
0.81,4151444124,random,degree,86,2,0.023255813953488372,2,0.023255813953488372,10
0.81,1069205975,random,degree,86,2,0.023255813953488372,1,0.011627906976744186,14
0.81,2151374773,random,degree,86,3,0.03488372093023256,2,0.023255813953488372,9
0.81,2588167665,random,degree,86,2,0.023255813953488372,2,0.023255813953488372,12
0.81,2995726631,random,degree,86,2,0.023255813953488372,2,0.023255813953488372,12
0.81,3815373183,random,degree,86,4,0.046511627906976744,1,0.011627906976744186,12
0.81,1465024459,random,degree,86,3,0.03488372093023256,2,0.023255813953488372,9
0.81,3157144705,random,degree,86,2,0.023255813953488372,2,0.023255813953488372,10
0.81,3104123984,random,degree,86,2,0.023255813953488372,2,0.023255813953488372,10
0.81,916577897,random,degree,86,2,0.023255813953488372,2,0.023255813953488372,10
0.81,1733441253,random,degree,86,2,0.023255813953488372,1,0.011627906976744186,14
0.81,4091651575,random,degree,86,2,0.023255813953488372,1,0.011627906976744186,14
0.81,1157831660,random,degree,86,2,0.023255813953488372,2,0.023255813953488372,10
0.81,1632095746,random,degree,86,2,0.023255813953488372,2,0.023255813953488372,10
0.81,1664455799,random,degree,86,2,0.023255813953488372,1,0.011627906976744186,14
0.81,2369874676,random,degree,86,4,0.046511627906976744,2,0.023255813953488372,8
0.81,1869721839,random,degree,86,1,0.011627906976744186,1,0.011627906976744186,16
0.81,3810506155,random,degree,86,2,0.023255813953488372,2,0.023255813953488372,10
0.81,735857754,random,degree,86,3,0.03488372093023256,2,0.023255813953488372,9
0.81,4107048025,random,degree,86,2,0.023255813953488372,1,0.011627906976744186,14
0.81,3235097136,random,degree,86,4,0.046511627906976744,3,0.03488372093023256,9
0.81,2578298566,random,degree,86,3,0.03488372093023256,1,0.011627906976744186,13
0.81,2863119638,random,degree,86,5,0.05813953488372093,3,0.03488372093023256,8
0.81,1406940484,random,degree,86,3,0.03488372093023256,2,0.023255813953488372,11
0.81,2806518033,random,degree,86,3,0.03488372093023256,2,0.023255813953488372,11
0.81,2800813953,random,degree,86,2,0.023255813953488372,2,0.023255813953488372,10
0.81,674294311,random,degree,86,2,0.023255813953488372,2,0.023255813953488372,10
0.81,1875658325,random,degree,86,3,0.03488372093023256,1,0.011627906976744186,13
0.81,3277604363,random,degree,86,3,0.03488372093023256,2,0.023255813953488372,11
0.81,134278852,random,degree,86,1,0.011627906976744186,1,0.011627906976744186,16
0.81,1979003634,random,degree,86,1,0.011627906976744186,1,0.011627906976744186,16
0.81,2309010712,random,degree,86,2,0.023255813953488372,2,0.023255813953488372,12
0.81,4024558045,random,degree,86,3,0.03488372093023256,2,0.023255813953488372,9
0.81,595460855,random,degree,86,3,0.03488372093023256,2,0.023255813953488372,9
0.81,2429774455,random,degree,86,3,0.03488372093023256,2,0.023255813953488372,7
0.81,167332433,random,degree,86,2,0.023255813953488372,1,0.011627906976744186,14
0.81,887978774,random,degree,86,2,0.023255813953488372,2,0.023255813953488372,8
0.81,2272305965,random,degree,86,2,0.023255813953488372,1,0.011627906976744186,14
0.81,590577394,random,degree,86,3,0.03488372093023256,2,0.023255813953488372,7
0.81,3400222732,random,degree,86,3,0.03488372093023256,2,0.023255813953488372,9
0.81,3814118665,random,degree,86,2,0.023255813953488372,2,0.023255813953488372,12
0.81,2019314886,random,degree,86,3,0.03488372093023256,2,0.023255813953488372,9
0.81,2911041095,random,degree,86,2,0.023255813953488372,2,0.023255813953488372,12
0.81,2442273527,random,degree,86,2,0.023255813953488372,2,0.023255813953488372,8
0.81,509417403,random,degree,86,5,0.05813953488372093,2,0.023255813953488372,9
0.81,1748704866,random,degree,86,4,0.046511627906976744,2,0.023255813953488372,8
0.81,2940647327,random,degree,86,2,0.023255813953488372,2,0.023255813953488372,12
0.81,116039512,random,degree,86,4,0.046511627906976744,1,0.011627906976744186,12
0.81,1800122920,random,degree,86,2,0.023255813953488372,1,0.011627906976744186,14
0.81,140007960,random,degree,86,1,0.011627906976744186,1,0.011627906976744186,16
0.81,395740272,random,degree,86,3,0.03488372093023256,2,0.023255813953488372,9
0.81,3143617647,random,degree,86,2,0.023255813953488372,1,0.011627906976744186,14
0.81,3288295396,random,degree,86,2,0.023255813953488372,2,0.023255813953488372,10
0.81,1338099376,random,degree,86,2,0.023255813953488372,1,0.011627906976744186,14
0.81,2088975961,random,degree,86,4,0.046511627906976744,2,0.023255813953488372,6
0.81,953023919,random,degree,86,4,0.046511627906976744,2,0.023255813953488372,6
0.82,2383165055,random,degree,86,3,0.03488372093023256,2,0.023255813953488372,8
0.82,122172178,random,degree,86,2,0.023255813953488372,2,0.023255813953488372,9
0.82,380694100,random,degree,86,3,0.03488372093023256,2,0.023255813953488372,10
0.82,2682178419,random,degree,86,2,0.023255813953488372,1,0.011627906976744186,13
0.82,886581387,random,degree,86,1,0.011627906976744186,1,0.011627906976744186,15
0.82,391038638,random,degree,86,2,0.023255813953488372,1,0.011627906976744186,13
0.82,2208730519,random,degree,86,2,0.023255813953488372,2,0.023255813953488372,11
0.82,394364523,random,degree,86,2,0.023255813953488372,2,0.023255813953488372,11
0.82,2237429906,random,degree,86,3,0.03488372093023256,2,0.023255813953488372,6
0.82,2713733965,random,degree,86,5,0.05813953488372093,2,0.023255813953488372,6
0.82,3207673235,random,degree,86,2,0.023255813953488372,2,0.023255813953488372,7
0.82,2524692843,random,degree,86,3,0.03488372093023256,2,0.023255813953488372,10
0.82,2342281037,random,degree,86,2,0.023255813953488372,2,0.023255813953488372,11
0.82,3027597685,random,degree,86,2,0.023255813953488372,2,0.023255813953488372,11
0.82,2933065681,random,degree,86,2,0.023255813953488372,1,0.011627906976744186,13
0.82,3822334399,random,degree,86,6,0.06976744186046512,2,0.023255813953488372,5
0.82,825482018,random,degree,86,2,0.023255813953488372,2,0.023255813953488372,11
0.82,3269271205,random,degree,86,2,0.023255813953488372,1,0.011627906976744186,13
0.82,3098845154,random,degree,86,1,0.011627906976744186,1,0.011627906976744186,15
0.82,1384329926,random,degree,86,2,0.023255813953488372,2,0.023255813953488372,11
0.82,392386010,random,degree,86,3,0.03488372093023256,2,0.023255813953488372,10
0.82,1124616917,random,degree,86,3,0.03488372093023256,2,0.023255813953488372,10
0.82,2113427209,random,degree,86,3,0.03488372093023256,3,0.03488372093023256,9
0.82,3685182551,random,degree,86,1,0.011627906976744186,1,0.011627906976744186,15
0.82,3353625220,random,degree,86,3,0.03488372093023256,2,0.023255813953488372,10
0.82,1688663309,random,degree,86,2,0.023255813953488372,2,0.023255813953488372,11
0.82,2629154498,random,degree,86,2,0.023255813953488372,2,0.023255813953488372,9
0.82,1532561097,random,degree,86,2,0.023255813953488372,2,0.023255813953488372,11
0.82,2771516100,random,degree,86,2,0.023255813953488372,1,0.011627906976744186,13
0.82,1414770059,random,degree,86,3,0.03488372093023256,2,0.023255813953488372,8
0.82,2522138937,random,degree,86,2,0.023255813953488372,1,0.011627906976744186,13
0.82,3846080236,random,degree,86,2,0.023255813953488372,2,0.023255813953488372,9
0.82,1698764447,random,degree,86,2,0.023255813953488372,2,0.023255813953488372,11
0.82,3629573558,random,degree,86,3,0.03488372093023256,2,0.023255813953488372,10
0.82,2237808460,random,degree,86,2,0.023255813953488372,1,0.011627906976744186,13
0.82,821143631,random,degree,86,1,0.011627906976744186,1,0.011627906976744186,15
0.82,3668497428,random,degree,86,2,0.023255813953488372,2,0.023255813953488372,9
0.82,1573017945,random,degree,86,4,0.046511627906976744,2,0.023255813953488372,3
0.82,1040409529,random,degree,86,2,0.023255813953488372,1,0.011627906976744186,13
0.82,2094276291,random,degree,86,2,0.023255813953488372,2,0.023255813953488372,11
0.82,1529708761,random,degree,86,2,0.023255813953488372,1,0.011627906976744186,13
0.82,2859208011,random,degree,86,3,0.03488372093023256,2,0.023255813953488372,8
0.82,4136943667,random,degree,86,2,0.023255813953488372,2,0.023255813953488372,9
0.82,2863709667,random,degree,86,3,0.03488372093023256,1,0.011627906976744186,12
0.82,1319772975,random,degree,86,1,0.011627906976744186,1,0.011627906976744186,15
0.82,404190059,random,degree,86,2,0.023255813953488372,2,0.023255813953488372,9
0.82,3404480065,random,degree,86,2,0.023255813953488372,2,0.023255813953488372,11
0.82,2759404203,random,degree,86,3,0.03488372093023256,2,0.023255813953488372,8
0.82,2115804626,random,degree,86,2,0.023255813953488372,1,0.011627906976744186,13
0.82,1099670159,random,degree,86,2,0.023255813953488372,2,0.023255813953488372,11
0.82,4179669245,random,degree,86,2,0.023255813953488372,1,0.011627906976744186,13
0.82,1522286524,random,degree,86,2,0.023255813953488372,1,0.011627906976744186,13
0.82,976461115,random,degree,86,2,0.023255813953488372,2,0.023255813953488372,11
0.82,1505127077,random,degree,86,2,0.023255813953488372,1,0.011627906976744186,13
0.82,2996967704,random,degree,86,4,0.046511627906976744,2,0.023255813953488372,7
0.82,189306283,random,degree,86,2,0.023255813953488372,2,0.023255813953488372,9
0.82,2178893303,random,degree,86,2,0.023255813953488372,2,0.023255813953488372,9
0.82,2345569941,random,degree,86,3,0.03488372093023256,2,0.023255813953488372,10
0.82,4046083320,random,degree,86,2,0.023255813953488372,2,0.023255813953488372,11
0.82,3409226466,random,degree,86,3,0.03488372093023256,2,0.023255813953488372,10
0.82,1960527670,random,degree,86,3,0.03488372093023256,2,0.023255813953488372,8
0.82,1467170531,random,degree,86,2,0.023255813953488372,1,0.011627906976744186,13
0.82,1862988224,random,degree,86,3,0.03488372093023256,2,0.023255813953488372,10
0.82,882927226,random,degree,86,2,0.023255813953488372,2,0.023255813953488372,9
0.82,1086623327,random,degree,86,3,0.03488372093023256,2,0.023255813953488372,10
0.82,94571006,random,degree,86,3,0.03488372093023256,2,0.023255813953488372,8
0.82,1603057,random,degree,86,3,0.03488372093023256,3,0.03488372093023256,7
0.82,1036423201,random,degree,86,3,0.03488372093023256,2,0.023255813953488372,8
0.82,853297348,random,degree,86,2,0.023255813953488372,1,0.011627906976744186,13
0.82,4118049952,random,degree,86,3,0.03488372093023256,2,0.023255813953488372,10
0.82,362783945,random,degree,86,2,0.023255813953488372,1,0.011627906976744186,13
0.82,263104043,random,degree,86,3,0.03488372093023256,1,0.011627906976744186,12
0.82,3387944017,random,degree,86,2,0.023255813953488372,1,0.011627906976744186,13
0.82,894605686,random,degree,86,2,0.023255813953488372,2,0.023255813953488372,9
0.82,2716871529,random,degree,86,4,0.046511627906976744,2,0.023255813953488372,7
0.82,122830143,random,degree,86,3,0.03488372093023256,1,0.011627906976744186,12
0.82,3745621585,random,degree,86,2,0.023255813953488372,2,0.023255813953488372,11
0.82,1104550831,random,degree,86,3,0.03488372093023256,1,0.011627906976744186,12
0.82,1185664458,random,degree,86,2,0.023255813953488372,2,0.023255813953488372,7
0.82,643531372,random,degree,86,2,0.023255813953488372,2,0.023255813953488372,9
0.82,3171361567,random,degree,86,1,0.011627906976744186,1,0.011627906976744186,15
0.82,443349031,random,degree,86,2,0.023255813953488372,2,0.023255813953488372,11
0.82,3871029913,random,degree,86,2,0.023255813953488372,1,0.011627906976744186,13
0.82,1612585822,random,degree,86,1,0.011627906976744186,1,0.011627906976744186,15
0.82,532930391,random,degree,86,2,0.023255813953488372,2,0.023255813953488372,11
0.82,3301550840,random,degree,86,3,0.03488372093023256,1,0.011627906976744186,12
0.82,26479602,random,degree,86,3,0.03488372093023256,2,0.023255813953488372,10
0.82,602877550,random,degree,86,3,0.03488372093023256,1,0.011627906976744186,12
0.82,1127062597,random,degree,86,2,0.023255813953488372,1,0.011627906976744186,13
0.82,4170169888,random,degree,86,2,0.023255813953488372,1,0.011627906976744186,13
0.82,115657192,random,degree,86,3,0.03488372093023256,3,0.03488372093023256,5
0.82,2925258891,random,degree,86,3,0.03488372093023256,1,0.011627906976744186,12
0.82,608299960,random,degree,86,2,0.023255813953488372,2,0.023255813953488372,11
0.82,3875704918,random,degree,86,2,0.023255813953488372,2,0.023255813953488372,11
0.82,2561441897,random,degree,86,2,0.023255813953488372,2,0.023255813953488372,9
0.82,632677688,random,degree,86,2,0.023255813953488372,2,0.023255813953488372,11
0.82,1596306017,random,degree,86,3,0.03488372093023256,1,0.011627906976744186,12
0.82,819277513,random,degree,86,3,0.03488372093023256,2,0.023255813953488372,10
0.82,2027429351,random,degree,86,4,0.046511627906976744,1,0.011627906976744186,11
0.82,2955534596,random,degree,86,2,0.023255813953488372,1,0.011627906976744186,13
0.83,1273717248,random,degree,86,1,0.011627906976744186,1,0.011627906976744186,15
0.83,2611399358,random,degree,86,3,0.03488372093023256,2,0.023255813953488372,10
0.83,1140150395,random,degree,86,3,0.03488372093023256,1,0.011627906976744186,12
0.83,988396701,random,degree,86,3,0.03488372093023256,2,0.023255813953488372,6
0.83,2781891406,random,degree,86,2,0.023255813953488372,1,0.011627906976744186,13
0.83,1369031536,random,degree,86,2,0.023255813953488372,2,0.023255813953488372,9
0.83,2811733530,random,degree,86,5,0.05813953488372093,2,0.023255813953488372,8
0.83,3252574021,random,degree,86,2,0.023255813953488372,1,0.011627906976744186,13
0.83,3497469345,random,degree,86,2,0.023255813953488372,1,0.011627906976744186,13
0.83,2990357443,random,degree,86,2,0.023255813953488372,2,0.023255813953488372,11
0.83,3268003096,random,degree,86,2,0.023255813953488372,2,0.023255813953488372,11
0.83,3379920862,random,degree,86,2,0.023255813953488372,1,0.011627906976744186,13
0.83,1132879155,random,degree,86,1,0.011627906976744186,1,0.011627906976744186,15
0.83,1464882608,random,degree,86,2,0.023255813953488372,2,0.023255813953488372,11
0.83,4218367165,random,degree,86,3,0.03488372093023256,2,0.023255813953488372,10
0.83,3483650285,random,degree,86,2,0.023255813953488372,1,0.011627906976744186,13
0.83,2410425485,random,degree,86,2,0.023255813953488372,2,0.023255813953488372,9
0.83,3029331257,random,degree,86,2,0.023255813953488372,2,0.023255813953488372,9
0.83,4135385096,random,degree,86,2,0.023255813953488372,2,0.023255813953488372,11
0.83,343413642,random,degree,86,5,0.05813953488372093,1,0.011627906976744186,10
0.83,4011755615,random,degree,86,3,0.03488372093023256,2,0.023255813953488372,8
0.83,830305878,random,degree,86,3,0.03488372093023256,2,0.023255813953488372,10
0.83,37579612,random,degree,86,1,0.011627906976744186,1,0.011627906976744186,15
0.83,3917442069,random,degree,86,2,0.023255813953488372,1,0.011627906976744186,13
0.83,2164150169,random,degree,86,3,0.03488372093023256,1,0.011627906976744186,12
0.83,921550773,random,degree,86,4,0.046511627906976744,4,0.046511627906976744,5
0.83,1734552395,random,degree,86,2,0.023255813953488372,1,0.011627906976744186,13
0.83,2705294849,random,degree,86,2,0.023255813953488372,1,0.011627906976744186,13
0.83,601561931,random,degree,86,3,0.03488372093023256,2,0.023255813953488372,6
0.83,4104274491,random,degree,86,3,0.03488372093023256,2,0.023255813953488372,10
0.83,555116534,random,degree,86,3,0.03488372093023256,2,0.023255813953488372,8
0.83,1458185689,random,degree,86,2,0.023255813953488372,1,0.011627906976744186,13
0.83,3878015426,random,degree,86,2,0.023255813953488372,2,0.023255813953488372,7
0.83,3191919786,random,degree,86,3,0.03488372093023256,2,0.023255813953488372,10
0.83,1031819279,random,degree,86,2,0.023255813953488372,2,0.023255813953488372,11
0.83,2738893687,random,degree,86,2,0.023255813953488372,1,0.011627906976744186,13
0.83,1178897102,random,degree,86,2,0.023255813953488372,1,0.011627906976744186,13
0.83,1087682816,random,degree,86,2,0.023255813953488372,2,0.023255813953488372,11
0.83,1604281499,random,degree,86,2,0.023255813953488372,2,0.023255813953488372,11
0.83,3692038146,random,degree,86,2,0.023255813953488372,2,0.023255813953488372,11
0.83,1825079828,random,degree,86,2,0.023255813953488372,1,0.011627906976744186,13
0.83,2785018379,random,degree,86,2,0.023255813953488372,2,0.023255813953488372,11
0.83,3311588727,random,degree,86,2,0.023255813953488372,2,0.023255813953488372,11
0.83,3923181377,random,degree,86,2,0.023255813953488372,2,0.023255813953488372,9
0.83,1169724845,random,degree,86,2,0.023255813953488372,1,0.011627906976744186,13
0.83,830509186,random,degree,86,2,0.023255813953488372,2,0.023255813953488372,11
0.83,1866533307,random,degree,86,2,0.023255813953488372,1,0.011627906976744186,13
0.83,1242072459,random,degree,86,2,0.023255813953488372,2,0.023255813953488372,11
0.83,643849444,random,degree,86,2,0.023255813953488372,1,0.011627906976744186,13
0.83,2738577950,random,degree,86,2,0.023255813953488372,1,0.011627906976744186,13
0.83,3229041509,random,degree,86,3,0.03488372093023256,1,0.011627906976744186,12
0.83,3451715357,random,degree,86,2,0.023255813953488372,1,0.011627906976744186,13
0.83,1780504174,random,degree,86,3,0.03488372093023256,2,0.023255813953488372,10
0.83,3105469093,random,degree,86,1,0.011627906976744186,1,0.011627906976744186,15
0.83,1343843083,random,degree,86,2,0.023255813953488372,2,0.023255813953488372,9
0.83,3232762239,random,degree,86,3,0.03488372093023256,2,0.023255813953488372,8
0.83,3634694189,random,degree,86,2,0.023255813953488372,1,0.011627906976744186,13
0.83,1115438436,random,degree,86,2,0.023255813953488372,2,0.023255813953488372,11
0.83,2437578827,random,degree,86,1,0.011627906976744186,1,0.011627906976744186,15
0.83,209184414,random,degree,86,2,0.023255813953488372,2,0.023255813953488372,11
0.83,3190269245,random,degree,86,3,0.03488372093023256,2,0.023255813953488372,10
0.83,3409565188,random,degree,86,3,0.03488372093023256,2,0.023255813953488372,10
0.83,3092825084,random,degree,86,2,0.023255813953488372,1,0.011627906976744186,13
0.83,1150986805,random,degree,86,2,0.023255813953488372,2,0.023255813953488372,11
0.83,2256920594,random,degree,86,2,0.023255813953488372,2,0.023255813953488372,9
0.83,1391989811,random,degree,86,4,0.046511627906976744,2,0.023255813953488372,9
0.83,4230250471,random,degree,86,2,0.023255813953488372,1,0.011627906976744186,13
0.83,1044097544,random,degree,86,3,0.03488372093023256,2,0.023255813953488372,10
0.83,4154028865,random,degree,86,3,0.03488372093023256,2,0.023255813953488372,8
0.83,3414684506,random,degree,86,3,0.03488372093023256,2,0.023255813953488372,10
0.83,4217531099,random,degree,86,2,0.023255813953488372,2,0.023255813953488372,9
0.83,830201699,random,degree,86,2,0.023255813953488372,1,0.011627906976744186,13
0.83,3377072914,random,degree,86,2,0.023255813953488372,2,0.023255813953488372,11
0.83,3527386672,random,degree,86,3,0.03488372093023256,2,0.023255813953488372,10
0.83,637864467,random,degree,86,2,0.023255813953488372,1,0.011627906976744186,13
0.83,4196864986,random,degree,86,2,0.023255813953488372,2,0.023255813953488372,9
0.83,1347792419,random,degree,86,2,0.023255813953488372,2,0.023255813953488372,11
0.83,2634470258,random,degree,86,2,0.023255813953488372,1,0.011627906976744186,13
0.83,1562693546,random,degree,86,3,0.03488372093023256,3,0.03488372093023256,7
0.83,1171417219,random,degree,86,3,0.03488372093023256,2,0.023255813953488372,10
0.83,984729785,random,degree,86,2,0.023255813953488372,2,0.023255813953488372,7
0.83,205232057,random,degree,86,3,0.03488372093023256,2,0.023255813953488372,8
0.83,2272709240,random,degree,86,5,0.05813953488372093,2,0.023255813953488372,6
0.83,1176339091,random,degree,86,2,0.023255813953488372,2,0.023255813953488372,9
0.83,3974682531,random,degree,86,3,0.03488372093023256,2,0.023255813953488372,10
0.83,4058842766,random,degree,86,2,0.023255813953488372,1,0.011627906976744186,13
0.83,2262229195,random,degree,86,3,0.03488372093023256,3,0.03488372093023256,7
0.83,118459414,random,degree,86,2,0.023255813953488372,2,0.023255813953488372,11
0.83,4020642068,random,degree,86,2,0.023255813953488372,2,0.023255813953488372,11
0.83,2994543684,random,degree,86,2,0.023255813953488372,1,0.011627906976744186,13
0.83,1635483801,random,degree,86,2,0.023255813953488372,1,0.011627906976744186,13
0.83,2261584232,random,degree,86,2,0.023255813953488372,1,0.011627906976744186,13
0.83,1949010197,random,degree,86,3,0.03488372093023256,2,0.023255813953488372,10
0.83,3053692980,random,degree,86,2,0.023255813953488372,2,0.023255813953488372,11
0.83,3603231752,random,degree,86,2,0.023255813953488372,1,0.011627906976744186,13
0.83,1345090595,random,degree,86,2,0.023255813953488372,1,0.011627906976744186,13
0.83,2379489599,random,degree,86,2,0.023255813953488372,2,0.023255813953488372,11
0.83,3442424,random,degree,86,4,0.046511627906976744,2,0.023255813953488372,7
0.83,3936680154,random,degree,86,3,0.03488372093023256,3,0.03488372093023256,7
0.83,58486802,random,degree,86,5,0.05813953488372093,1,0.011627906976744186,10
0.84,3234523449,random,degree,86,2,0.023255813953488372,2,0.023255813953488372,6
0.84,2106191174,random,degree,86,4,0.046511627906976744,1,0.011627906976744186,10
0.84,4211643287,random,degree,86,3,0.03488372093023256,2,0.023255813953488372,7
0.84,3761084111,random,degree,86,2,0.023255813953488372,1,0.011627906976744186,12
0.84,1289626648,random,degree,86,3,0.03488372093023256,2,0.023255813953488372,7
0.84,326999839,random,degree,86,2,0.023255813953488372,2,0.023255813953488372,8
0.84,3284040555,random,degree,86,2,0.023255813953488372,2,0.023255813953488372,8
0.84,4225438180,random,degree,86,2,0.023255813953488372,2,0.023255813953488372,10
0.84,3141102193,random,degree,86,2,0.023255813953488372,1,0.011627906976744186,12
0.84,1938992354,random,degree,86,2,0.023255813953488372,2,0.023255813953488372,8
0.84,3860112289,random,degree,86,2,0.023255813953488372,1,0.011627906976744186,12
0.84,3243864844,random,degree,86,2,0.023255813953488372,1,0.011627906976744186,12
0.84,3769361746,random,degree,86,4,0.046511627906976744,1,0.011627906976744186,10
0.84,2659167380,random,degree,86,2,0.023255813953488372,2,0.023255813953488372,8
0.84,2760892096,random,degree,86,3,0.03488372093023256,3,0.03488372093023256,8
0.84,1434496701,random,degree,86,2,0.023255813953488372,1,0.011627906976744186,12
0.84,3983676909,random,degree,86,3,0.03488372093023256,2,0.023255813953488372,5
0.84,1244714711,random,degree,86,2,0.023255813953488372,1,0.011627906976744186,12
0.84,569745153,random,degree,86,2,0.023255813953488372,2,0.023255813953488372,8
0.84,2977024981,random,degree,86,3,0.03488372093023256,2,0.023255813953488372,9
0.84,3702219500,random,degree,86,2,0.023255813953488372,2,0.023255813953488372,8
0.84,1352258577,random,degree,86,4,0.046511627906976744,1,0.011627906976744186,10
0.84,3045768266,random,degree,86,2,0.023255813953488372,2,0.023255813953488372,8
0.84,839924286,random,degree,86,2,0.023255813953488372,1,0.011627906976744186,12
0.84,1136110199,random,degree,86,2,0.023255813953488372,1,0.011627906976744186,12
0.84,2731135051,random,degree,86,2,0.023255813953488372,1,0.011627906976744186,12
0.84,4177447841,random,degree,86,1,0.011627906976744186,1,0.011627906976744186,14
0.84,2381734104,random,degree,86,3,0.03488372093023256,2,0.023255813953488372,7
0.84,3087303751,random,degree,86,1,0.011627906976744186,1,0.011627906976744186,14
0.84,2178174716,random,degree,86,2,0.023255813953488372,2,0.023255813953488372,10
0.84,3037027596,random,degree,86,2,0.023255813953488372,2,0.023255813953488372,8
0.84,2952762954,random,degree,86,2,0.023255813953488372,1,0.011627906976744186,12
0.84,122783223,random,degree,86,3,0.03488372093023256,1,0.011627906976744186,11
0.84,467825676,random,degree,86,3,0.03488372093023256,2,0.023255813953488372,7
0.84,812965375,random,degree,86,2,0.023255813953488372,1,0.011627906976744186,12
0.84,3773840693,random,degree,86,2,0.023255813953488372,1,0.011627906976744186,12
0.84,3349789190,random,degree,86,1,0.011627906976744186,1,0.011627906976744186,14
0.84,3236596097,random,degree,86,4,0.046511627906976744,2,0.023255813953488372,6
0.84,2972884675,random,degree,86,2,0.023255813953488372,2,0.023255813953488372,6
0.84,485311173,random,degree,86,2,0.023255813953488372,1,0.011627906976744186,12
0.84,2216838450,random,degree,86,2,0.023255813953488372,2,0.023255813953488372,10
0.84,603945826,random,degree,86,2,0.023255813953488372,1,0.011627906976744186,12
0.84,2299781216,random,degree,86,2,0.023255813953488372,2,0.023255813953488372,8
0.84,2572472754,random,degree,86,3,0.03488372093023256,2,0.023255813953488372,9
0.84,3645065507,random,degree,86,2,0.023255813953488372,1,0.011627906976744186,12
0.84,3565337915,random,degree,86,3,0.03488372093023256,2,0.023255813953488372,5
0.84,2974354031,random,degree,86,3,0.03488372093023256,2,0.023255813953488372,7
0.84,1695191431,random,degree,86,2,0.023255813953488372,2,0.023255813953488372,8
0.84,2534372068,random,degree,86,3,0.03488372093023256,2,0.023255813953488372,9
0.84,536547811,random,degree,86,2,0.023255813953488372,1,0.011627906976744186,12
0.84,2420056757,random,degree,86,2,0.023255813953488372,1,0.011627906976744186,12
0.84,1455537463,random,degree,86,3,0.03488372093023256,2,0.023255813953488372,5
0.84,1721124729,random,degree,86,3,0.03488372093023256,2,0.023255813953488372,9
0.84,2318782672,random,degree,86,2,0.023255813953488372,1,0.011627906976744186,12
0.84,2157116513,random,degree,86,3,0.03488372093023256,2,0.023255813953488372,7
0.84,3528582978,random,degree,86,2,0.023255813953488372,1,0.011627906976744186,12
0.84,1364300577,random,degree,86,2,0.023255813953488372,2,0.023255813953488372,10
0.84,2951011247,random,degree,86,3,0.03488372093023256,2,0.023255813953488372,9
0.84,3457348220,random,degree,86,3,0.03488372093023256,2,0.023255813953488372,9
0.84,4059001358,random,degree,86,2,0.023255813953488372,1,0.011627906976744186,12
0.84,2159266811,random,degree,86,2,0.023255813953488372,2,0.023255813953488372,10
0.84,2028161745,random,degree,86,2,0.023255813953488372,1,0.011627906976744186,12
0.84,973227620,random,degree,86,2,0.023255813953488372,2,0.023255813953488372,8
0.84,416882372,random,degree,86,2,0.023255813953488372,2,0.023255813953488372,10
0.84,2529315482,random,degree,86,2,0.023255813953488372,1,0.011627906976744186,12
0.84,3792528144,random,degree,86,2,0.023255813953488372,2,0.023255813953488372,10
0.84,3958421727,random,degree,86,2,0.023255813953488372,2,0.023255813953488372,6
0.84,619591193,random,degree,86,3,0.03488372093023256,2,0.023255813953488372,7
0.84,3613507202,random,degree,86,1,0.011627906976744186,1,0.011627906976744186,14
0.84,3049962250,random,degree,86,2,0.023255813953488372,2,0.023255813953488372,8
0.84,618325983,random,degree,86,2,0.023255813953488372,2,0.023255813953488372,10
0.84,2445043172,random,degree,86,2,0.023255813953488372,1,0.011627906976744186,12
0.84,406629507,random,degree,86,2,0.023255813953488372,2,0.023255813953488372,8
0.84,3257680130,random,degree,86,2,0.023255813953488372,1,0.011627906976744186,12
0.84,3335576714,random,degree,86,2,0.023255813953488372,1,0.011627906976744186,12
0.84,3217269041,random,degree,86,2,0.023255813953488372,1,0.011627906976744186,12
0.84,2927003438,random,degree,86,2,0.023255813953488372,1,0.011627906976744186,12
0.84,478457257,random,degree,86,2,0.023255813953488372,2,0.023255813953488372,10
0.84,3160632443,random,degree,86,2,0.023255813953488372,2,0.023255813953488372,10
0.84,552795275,random,degree,86,2,0.023255813953488372,2,0.023255813953488372,10
0.84,2909252638,random,degree,86,2,0.023255813953488372,2,0.023255813953488372,10
0.84,2957806723,random,degree,86,2,0.023255813953488372,2,0.023255813953488372,10
0.84,304684702,random,degree,86,2,0.023255813953488372,1,0.011627906976744186,12
0.84,3342035554,random,degree,86,2,0.023255813953488372,2,0.023255813953488372,10
0.84,3184082674,random,degree,86,2,0.023255813953488372,2,0.023255813953488372,8
0.84,830068711,random,degree,86,4,0.046511627906976744,2,0.023255813953488372,8
0.84,1583942589,random,degree,86,2,0.023255813953488372,2,0.023255813953488372,10
0.84,1706297300,random,degree,86,2,0.023255813953488372,2,0.023255813953488372,8
0.84,2983866966,random,degree,86,2,0.023255813953488372,2,0.023255813953488372,10
0.84,3152375468,random,degree,86,3,0.03488372093023256,2,0.023255813953488372,9
0.84,1555502975,random,degree,86,2,0.023255813953488372,2,0.023255813953488372,10
0.84,2645261126,random,degree,86,2,0.023255813953488372,2,0.023255813953488372,10
0.84,3544470105,random,degree,86,2,0.023255813953488372,2,0.023255813953488372,10
0.84,3787405563,random,degree,86,2,0.023255813953488372,1,0.011627906976744186,12
0.84,2101688152,random,degree,86,2,0.023255813953488372,1,0.011627906976744186,12
0.84,3405473246,random,degree,86,2,0.023255813953488372,2,0.023255813953488372,8
0.84,2192758302,random,degree,86,2,0.023255813953488372,2,0.023255813953488372,8
0.84,702959949,random,degree,86,2,0.023255813953488372,2,0.023255813953488372,8
0.84,1042957984,random,degree,86,2,0.023255813953488372,2,0.023255813953488372,10
0.84,2091903027,random,degree,86,3,0.03488372093023256,2,0.023255813953488372,9
0.85,525698223,random,degree,86,2,0.023255813953488372,2,0.023255813953488372,9
0.85,2851191593,random,degree,86,2,0.023255813953488372,1,0.011627906976744186,11
0.85,2230693176,random,degree,86,2,0.023255813953488372,2,0.023255813953488372,7
0.85,2347264954,random,degree,86,2,0.023255813953488372,1,0.011627906976744186,11
0.85,23268518,random,degree,86,3,0.03488372093023256,2,0.023255813953488372,6
0.85,535618802,random,degree,86,3,0.03488372093023256,2,0.023255813953488372,8
0.85,2927716186,random,degree,86,2,0.023255813953488372,1,0.011627906976744186,11
0.85,543825085,random,degree,86,2,0.023255813953488372,1,0.011627906976744186,11
0.85,1156895358,random,degree,86,2,0.023255813953488372,2,0.023255813953488372,5
0.85,4245811598,random,degree,86,2,0.023255813953488372,2,0.023255813953488372,7
0.85,3514875058,random,degree,86,2,0.023255813953488372,2,0.023255813953488372,9
0.85,784467401,random,degree,86,1,0.011627906976744186,1,0.011627906976744186,13
0.85,922997135,random,degree,86,2,0.023255813953488372,2,0.023255813953488372,7
0.85,1159351624,random,degree,86,2,0.023255813953488372,2,0.023255813953488372,7
0.85,521520123,random,degree,86,2,0.023255813953488372,2,0.023255813953488372,9
0.85,3186773278,random,degree,86,2,0.023255813953488372,2,0.023255813953488372,7
0.85,2562236844,random,degree,86,3,0.03488372093023256,2,0.023255813953488372,8
0.85,1244711987,random,degree,86,2,0.023255813953488372,2,0.023255813953488372,5
0.85,990590123,random,degree,86,2,0.023255813953488372,1,0.011627906976744186,11
0.85,2736895163,random,degree,86,3,0.03488372093023256,3,0.03488372093023256,7
0.85,2345976136,random,degree,86,2,0.023255813953488372,2,0.023255813953488372,9
0.85,254650460,random,degree,86,1,0.011627906976744186,1,0.011627906976744186,13
0.85,3617676684,random,degree,86,2,0.023255813953488372,2,0.023255813953488372,9
0.85,698583407,random,degree,86,2,0.023255813953488372,1,0.011627906976744186,11
0.85,2505653051,random,degree,86,2,0.023255813953488372,2,0.023255813953488372,9
0.85,3865658940,random,degree,86,2,0.023255813953488372,2,0.023255813953488372,9
0.85,2262522561,random,degree,86,2,0.023255813953488372,1,0.011627906976744186,11
0.85,1185669107,random,degree,86,3,0.03488372093023256,2,0.023255813953488372,6
0.85,581894688,random,degree,86,2,0.023255813953488372,1,0.011627906976744186,11
0.85,2580561514,random,degree,86,3,0.03488372093023256,1,0.011627906976744186,10
0.85,3281861344,random,degree,86,1,0.011627906976744186,1,0.011627906976744186,13
0.85,2609452076,random,degree,86,2,0.023255813953488372,2,0.023255813953488372,7
0.85,3226371861,random,degree,86,2,0.023255813953488372,1,0.011627906976744186,11
0.85,1803740453,random,degree,86,2,0.023255813953488372,2,0.023255813953488372,7
0.85,2116777812,random,degree,86,2,0.023255813953488372,1,0.011627906976744186,11
0.85,532824958,random,degree,86,1,0.011627906976744186,1,0.011627906976744186,13
0.85,641023199,random,degree,86,3,0.03488372093023256,1,0.011627906976744186,10
0.85,1522867964,random,degree,86,2,0.023255813953488372,2,0.023255813953488372,7
0.85,785848027,random,degree,86,2,0.023255813953488372,2,0.023255813953488372,9
0.85,3496731691,random,degree,86,3,0.03488372093023256,1,0.011627906976744186,10
0.85,4206025482,random,degree,86,1,0.011627906976744186,1,0.011627906976744186,13
0.85,867245686,random,degree,86,2,0.023255813953488372,2,0.023255813953488372,9
0.85,1377918995,random,degree,86,2,0.023255813953488372,1,0.011627906976744186,11
0.85,3522940444,random,degree,86,2,0.023255813953488372,1,0.011627906976744186,11
0.85,1353551809,random,degree,86,2,0.023255813953488372,2,0.023255813953488372,9
0.85,2527924498,random,degree,86,1,0.011627906976744186,1,0.011627906976744186,13
0.85,2496375576,random,degree,86,2,0.023255813953488372,1,0.011627906976744186,11
0.85,279318288,random,degree,86,3,0.03488372093023256,2,0.023255813953488372,6
0.85,394881630,random,degree,86,1,0.011627906976744186,1,0.011627906976744186,13
0.85,4170445433,random,degree,86,1,0.011627906976744186,1,0.011627906976744186,13
0.85,970111534,random,degree,86,2,0.023255813953488372,1,0.011627906976744186,11
0.85,923963450,random,degree,86,4,0.046511627906976744,1,0.011627906976744186,9
0.85,2572082139,random,degree,86,2,0.023255813953488372,1,0.011627906976744186,11
0.85,3537440398,random,degree,86,2,0.023255813953488372,2,0.023255813953488372,9
0.85,3189113763,random,degree,86,2,0.023255813953488372,1,0.011627906976744186,11
0.85,2377589898,random,degree,86,2,0.023255813953488372,1,0.011627906976744186,11
0.85,1921883564,random,degree,86,2,0.023255813953488372,2,0.023255813953488372,9
0.85,3885335393,random,degree,86,2,0.023255813953488372,1,0.011627906976744186,11
0.85,1386082679,random,degree,86,1,0.011627906976744186,1,0.011627906976744186,13
0.85,2754491240,random,degree,86,3,0.03488372093023256,1,0.011627906976744186,10
0.85,4273416829,random,degree,86,4,0.046511627906976744,3,0.03488372093023256,6
0.85,2354337655,random,degree,86,2,0.023255813953488372,2,0.023255813953488372,7
0.85,3808740475,random,degree,86,2,0.023255813953488372,1,0.011627906976744186,11
0.85,1619950036,random,degree,86,3,0.03488372093023256,2,0.023255813953488372,6
0.85,2090223658,random,degree,86,1,0.011627906976744186,1,0.011627906976744186,13
0.85,978120980,random,degree,86,2,0.023255813953488372,1,0.011627906976744186,11
0.85,3901585970,random,degree,86,2,0.023255813953488372,2,0.023255813953488372,9
0.85,3114218956,random,degree,86,2,0.023255813953488372,2,0.023255813953488372,7
0.85,189771014,random,degree,86,2,0.023255813953488372,2,0.023255813953488372,7
0.85,767037608,random,degree,86,2,0.023255813953488372,1,0.011627906976744186,11
0.85,3050032838,random,degree,86,3,0.03488372093023256,2,0.023255813953488372,8
0.85,2068082520,random,degree,86,2,0.023255813953488372,2,0.023255813953488372,9
0.85,1205261566,random,degree,86,2,0.023255813953488372,1,0.011627906976744186,11
0.85,2084152773,random,degree,86,2,0.023255813953488372,1,0.011627906976744186,11
0.85,1839978853,random,degree,86,2,0.023255813953488372,2,0.023255813953488372,9
0.85,3331511267,random,degree,86,2,0.023255813953488372,2,0.023255813953488372,7
0.85,46167293,random,degree,86,2,0.023255813953488372,2,0.023255813953488372,9
0.85,2921156276,random,degree,86,2,0.023255813953488372,2,0.023255813953488372,7
0.85,3029832314,random,degree,86,2,0.023255813953488372,2,0.023255813953488372,9
0.85,4214753556,random,degree,86,2,0.023255813953488372,2,0.023255813953488372,7
0.85,1384960992,random,degree,86,3,0.03488372093023256,2,0.023255813953488372,8
0.85,616690624,random,degree,86,2,0.023255813953488372,1,0.011627906976744186,11
0.85,2064809044,random,degree,86,2,0.023255813953488372,1,0.011627906976744186,11
0.85,3424137847,random,degree,86,2,0.023255813953488372,2,0.023255813953488372,9
0.85,2080135341,random,degree,86,3,0.03488372093023256,2,0.023255813953488372,8
0.85,978255875,random,degree,86,2,0.023255813953488372,2,0.023255813953488372,9
0.85,4189330046,random,degree,86,2,0.023255813953488372,2,0.023255813953488372,9
0.85,3983503791,random,degree,86,2,0.023255813953488372,2,0.023255813953488372,7
0.85,578913449,random,degree,86,2,0.023255813953488372,1,0.011627906976744186,11
0.85,2842439728,random,degree,86,1,0.011627906976744186,1,0.011627906976744186,13
0.85,123463501,random,degree,86,2,0.023255813953488372,2,0.023255813953488372,7
0.85,316521060,random,degree,86,1,0.011627906976744186,1,0.011627906976744186,13
0.85,564681052,random,degree,86,2,0.023255813953488372,1,0.011627906976744186,11
0.85,902747255,random,degree,86,3,0.03488372093023256,1,0.011627906976744186,10
0.85,2043128774,random,degree,86,2,0.023255813953488372,1,0.011627906976744186,11
0.85,341719198,random,degree,86,2,0.023255813953488372,2,0.023255813953488372,7
0.85,3505207839,random,degree,86,2,0.023255813953488372,1,0.011627906976744186,11
0.85,2421447167,random,degree,86,2,0.023255813953488372,1,0.011627906976744186,11
0.85,95942782,random,degree,86,2,0.023255813953488372,1,0.011627906976744186,11
0.85,2495733693,random,degree,86,2,0.023255813953488372,1,0.011627906976744186,11
0.86,980505655,random,degree,86,2,0.023255813953488372,2,0.023255813953488372,8
0.86,2064137296,random,degree,86,2,0.023255813953488372,1,0.011627906976744186,10
0.86,1809731794,random,degree,86,3,0.03488372093023256,1,0.011627906976744186,9
0.86,3746511035,random,degree,86,1,0.011627906976744186,1,0.011627906976744186,12
0.86,3636800307,random,degree,86,2,0.023255813953488372,1,0.011627906976744186,10
0.86,3520205643,random,degree,86,2,0.023255813953488372,1,0.011627906976744186,10
0.86,794531471,random,degree,86,3,0.03488372093023256,2,0.023255813953488372,7
0.86,3397123764,random,degree,86,2,0.023255813953488372,2,0.023255813953488372,8
0.86,2645990258,random,degree,86,2,0.023255813953488372,2,0.023255813953488372,8
0.86,3278918573,random,degree,86,2,0.023255813953488372,2,0.023255813953488372,6
0.86,1696809099,random,degree,86,2,0.023255813953488372,2,0.023255813953488372,6
0.86,3981827266,random,degree,86,2,0.023255813953488372,2,0.023255813953488372,8
0.86,3477029476,random,degree,86,2,0.023255813953488372,2,0.023255813953488372,8
0.86,2077061777,random,degree,86,2,0.023255813953488372,2,0.023255813953488372,8
0.86,2185170414,random,degree,86,2,0.023255813953488372,1,0.011627906976744186,10
0.86,1679501554,random,degree,86,2,0.023255813953488372,1,0.011627906976744186,10
0.86,2148933511,random,degree,86,2,0.023255813953488372,2,0.023255813953488372,6
0.86,1031994246,random,degree,86,2,0.023255813953488372,1,0.011627906976744186,10
0.86,2782726134,random,degree,86,3,0.03488372093023256,2,0.023255813953488372,7
0.86,1331072920,random,degree,86,2,0.023255813953488372,1,0.011627906976744186,10
0.86,2065519091,random,degree,86,1,0.011627906976744186,1,0.011627906976744186,12
0.86,434170056,random,degree,86,2,0.023255813953488372,1,0.011627906976744186,10
0.86,3487251968,random,degree,86,1,0.011627906976744186,1,0.011627906976744186,12
0.86,146223276,random,degree,86,2,0.023255813953488372,1,0.011627906976744186,10
0.86,2791415714,random,degree,86,3,0.03488372093023256,2,0.023255813953488372,7
0.86,541883747,random,degree,86,2,0.023255813953488372,1,0.011627906976744186,10
0.86,2042979353,random,degree,86,2,0.023255813953488372,2,0.023255813953488372,8
0.86,292524457,random,degree,86,2,0.023255813953488372,1,0.011627906976744186,10
0.86,2277327556,random,degree,86,2,0.023255813953488372,1,0.011627906976744186,10
0.86,1839822167,random,degree,86,2,0.023255813953488372,1,0.011627906976744186,10
0.86,1043501563,random,degree,86,2,0.023255813953488372,1,0.011627906976744186,10
0.86,2241353200,random,degree,86,2,0.023255813953488372,2,0.023255813953488372,8
0.86,595416087,random,degree,86,2,0.023255813953488372,1,0.011627906976744186,10
0.86,3984346135,random,degree,86,2,0.023255813953488372,2,0.023255813953488372,6
0.86,2707661705,random,degree,86,2,0.023255813953488372,1,0.011627906976744186,10
0.86,3398225064,random,degree,86,2,0.023255813953488372,2,0.023255813953488372,8
0.86,2893212691,random,degree,86,1,0.011627906976744186,1,0.011627906976744186,12
0.86,3046206651,random,degree,86,2,0.023255813953488372,1,0.011627906976744186,10
0.86,4035200848,random,degree,86,2,0.023255813953488372,1,0.011627906976744186,10
0.86,272923311,random,degree,86,2,0.023255813953488372,2,0.023255813953488372,8
0.86,616116609,random,degree,86,2,0.023255813953488372,1,0.011627906976744186,10
0.86,3204833810,random,degree,86,1,0.011627906976744186,1,0.011627906976744186,12
0.86,2119245435,random,degree,86,2,0.023255813953488372,2,0.023255813953488372,8
0.86,830713955,random,degree,86,2,0.023255813953488372,1,0.011627906976744186,10
0.86,1267932586,random,degree,86,3,0.03488372093023256,1,0.011627906976744186,9
0.86,3325953248,random,degree,86,2,0.023255813953488372,1,0.011627906976744186,10
0.86,1574675256,random,degree,86,1,0.011627906976744186,1,0.011627906976744186,12
0.86,630768647,random,degree,86,2,0.023255813953488372,2,0.023255813953488372,8
0.86,3098627618,random,degree,86,1,0.011627906976744186,1,0.011627906976744186,12
0.86,3390711769,random,degree,86,1,0.011627906976744186,1,0.011627906976744186,12
0.86,2317313344,random,degree,86,3,0.03488372093023256,1,0.011627906976744186,9
0.86,1665305042,random,degree,86,2,0.023255813953488372,1,0.011627906976744186,10
0.86,3730903582,random,degree,86,2,0.023255813953488372,1,0.011627906976744186,10
0.86,1766038190,random,degree,86,2,0.023255813953488372,1,0.011627906976744186,10
0.86,2417413048,random,degree,86,1,0.011627906976744186,1,0.011627906976744186,12
0.86,3013587122,random,degree,86,2,0.023255813953488372,1,0.011627906976744186,10
0.86,4175932067,random,degree,86,2,0.023255813953488372,1,0.011627906976744186,10
0.86,1134920248,random,degree,86,2,0.023255813953488372,2,0.023255813953488372,8
0.86,3361359556,random,degree,86,3,0.03488372093023256,1,0.011627906976744186,9
0.86,3890034813,random,degree,86,1,0.011627906976744186,1,0.011627906976744186,12
0.86,497455996,random,degree,86,1,0.011627906976744186,1,0.011627906976744186,12
0.86,4214588221,random,degree,86,2,0.023255813953488372,2,0.023255813953488372,8
0.86,1746998900,random,degree,86,2,0.023255813953488372,1,0.011627906976744186,10
0.86,1678546851,random,degree,86,2,0.023255813953488372,2,0.023255813953488372,6
0.86,2070661763,random,degree,86,2,0.023255813953488372,1,0.011627906976744186,10
0.86,3732338058,random,degree,86,1,0.011627906976744186,1,0.011627906976744186,12
0.86,4126154414,random,degree,86,1,0.011627906976744186,1,0.011627906976744186,12
0.86,737696971,random,degree,86,2,0.023255813953488372,2,0.023255813953488372,8
0.86,2690234418,random,degree,86,1,0.011627906976744186,1,0.011627906976744186,12
0.86,823841202,random,degree,86,2,0.023255813953488372,2,0.023255813953488372,8
0.86,1276313264,random,degree,86,2,0.023255813953488372,2,0.023255813953488372,8
0.86,2507785911,random,degree,86,2,0.023255813953488372,2,0.023255813953488372,8
0.86,3678741777,random,degree,86,3,0.03488372093023256,2,0.023255813953488372,7
0.86,895289810,random,degree,86,1,0.011627906976744186,1,0.011627906976744186,12
0.86,3192250074,random,degree,86,2,0.023255813953488372,1,0.011627906976744186,10
0.86,2308715583,random,degree,86,2,0.023255813953488372,1,0.011627906976744186,10
0.86,698702420,random,degree,86,1,0.011627906976744186,1,0.011627906976744186,12
0.86,946762055,random,degree,86,2,0.023255813953488372,2,0.023255813953488372,6
0.86,3685083275,random,degree,86,1,0.011627906976744186,1,0.011627906976744186,12
0.86,3148644814,random,degree,86,2,0.023255813953488372,2,0.023255813953488372,8
0.86,3328281454,random,degree,86,2,0.023255813953488372,1,0.011627906976744186,10
0.86,4265768327,random,degree,86,2,0.023255813953488372,1,0.011627906976744186,10
0.86,2850813980,random,degree,86,2,0.023255813953488372,1,0.011627906976744186,10
0.86,4012935402,random,degree,86,2,0.023255813953488372,1,0.011627906976744186,10
0.86,3654279601,random,degree,86,1,0.011627906976744186,1,0.011627906976744186,12
0.86,4208829637,random,degree,86,2,0.023255813953488372,1,0.011627906976744186,10
0.86,2341171760,random,degree,86,2,0.023255813953488372,1,0.011627906976744186,10
0.86,2959940675,random,degree,86,1,0.011627906976744186,1,0.011627906976744186,12
0.86,3489551004,random,degree,86,2,0.023255813953488372,2,0.023255813953488372,8
0.86,3509010279,random,degree,86,2,0.023255813953488372,1,0.011627906976744186,10
0.86,1751887033,random,degree,86,1,0.011627906976744186,1,0.011627906976744186,12
0.86,1035548749,random,degree,86,1,0.011627906976744186,1,0.011627906976744186,12
0.86,3848303140,random,degree,86,2,0.023255813953488372,1,0.011627906976744186,10
0.86,3707550940,random,degree,86,2,0.023255813953488372,1,0.011627906976744186,10
0.86,3327611048,random,degree,86,2,0.023255813953488372,2,0.023255813953488372,8
0.86,3578805885,random,degree,86,2,0.023255813953488372,1,0.011627906976744186,10
0.86,1570675433,random,degree,86,3,0.03488372093023256,2,0.023255813953488372,5
0.86,1939826909,random,degree,86,2,0.023255813953488372,2,0.023255813953488372,8
0.86,426856238,random,degree,86,2,0.023255813953488372,1,0.011627906976744186,10
0.86,2421881134,random,degree,86,2,0.023255813953488372,2,0.023255813953488372,8
0.87,1793894966,random,degree,86,1,0.011627906976744186,1,0.011627906976744186,11
0.87,4774339,random,degree,86,1,0.011627906976744186,1,0.011627906976744186,11
0.87,3604298598,random,degree,86,2,0.023255813953488372,2,0.023255813953488372,7
0.87,193970374,random,degree,86,1,0.011627906976744186,1,0.011627906976744186,11
0.87,2501824603,random,degree,86,1,0.011627906976744186,1,0.011627906976744186,11
0.87,2314285494,random,degree,86,2,0.023255813953488372,2,0.023255813953488372,7
0.87,3753234098,random,degree,86,1,0.011627906976744186,1,0.011627906976744186,11
0.87,1031787557,random,degree,86,2,0.023255813953488372,1,0.011627906976744186,9
0.87,1892137433,random,degree,86,2,0.023255813953488372,1,0.011627906976744186,9
0.87,166155252,random,degree,86,2,0.023255813953488372,1,0.011627906976744186,9
0.87,179752023,random,degree,86,2,0.023255813953488372,1,0.011627906976744186,9
0.87,2265282144,random,degree,86,2,0.023255813953488372,2,0.023255813953488372,5
0.87,3364573796,random,degree,86,3,0.03488372093023256,2,0.023255813953488372,6
0.87,2841730008,random,degree,86,2,0.023255813953488372,2,0.023255813953488372,5
0.87,4136403353,random,degree,86,2,0.023255813953488372,1,0.011627906976744186,9
0.87,835535429,random,degree,86,2,0.023255813953488372,2,0.023255813953488372,7
0.87,3242866116,random,degree,86,2,0.023255813953488372,1,0.011627906976744186,9
0.87,960241089,random,degree,86,1,0.011627906976744186,1,0.011627906976744186,11
0.87,3863590459,random,degree,86,3,0.03488372093023256,2,0.023255813953488372,4
0.87,1907631613,random,degree,86,2,0.023255813953488372,2,0.023255813953488372,3
0.87,1859082318,random,degree,86,2,0.023255813953488372,1,0.011627906976744186,9
0.87,2527042120,random,degree,86,2,0.023255813953488372,2,0.023255813953488372,7
0.87,976457121,random,degree,86,2,0.023255813953488372,1,0.011627906976744186,9
0.87,1959465609,random,degree,86,2,0.023255813953488372,2,0.023255813953488372,7
0.87,1519310484,random,degree,86,1,0.011627906976744186,1,0.011627906976744186,11
0.87,1223623091,random,degree,86,1,0.011627906976744186,1,0.011627906976744186,11
0.87,2425376670,random,degree,86,1,0.011627906976744186,1,0.011627906976744186,11
0.87,326869712,random,degree,86,2,0.023255813953488372,2,0.023255813953488372,5
0.87,1397509471,random,degree,86,2,0.023255813953488372,1,0.011627906976744186,9
0.87,3073859730,random,degree,86,2,0.023255813953488372,1,0.011627906976744186,9
0.87,1918432025,random,degree,86,2,0.023255813953488372,2,0.023255813953488372,5
0.87,452736025,random,degree,86,1,0.011627906976744186,1,0.011627906976744186,11
0.87,1138052202,random,degree,86,3,0.03488372093023256,2,0.023255813953488372,6
0.87,2365378106,random,degree,86,2,0.023255813953488372,1,0.011627906976744186,9
0.87,2127394245,random,degree,86,2,0.023255813953488372,1,0.011627906976744186,9
0.87,2732760387,random,degree,86,1,0.011627906976744186,1,0.011627906976744186,11
0.87,1149182392,random,degree,86,2,0.023255813953488372,2,0.023255813953488372,7
0.87,4006306185,random,degree,86,1,0.011627906976744186,1,0.011627906976744186,11
0.87,3216086642,random,degree,86,2,0.023255813953488372,2,0.023255813953488372,7
0.87,2892148573,random,degree,86,3,0.03488372093023256,2,0.023255813953488372,6
0.87,886894872,random,degree,86,2,0.023255813953488372,2,0.023255813953488372,5
0.87,1616906209,random,degree,86,2,0.023255813953488372,1,0.011627906976744186,9
0.87,2979510461,random,degree,86,2,0.023255813953488372,1,0.011627906976744186,9
0.87,2600556579,random,degree,86,2,0.023255813953488372,2,0.023255813953488372,7
0.87,1422769917,random,degree,86,3,0.03488372093023256,2,0.023255813953488372,4
0.87,2217575972,random,degree,86,2,0.023255813953488372,1,0.011627906976744186,9
0.87,4024039382,random,degree,86,2,0.023255813953488372,1,0.011627906976744186,9
0.87,1426369955,random,degree,86,2,0.023255813953488372,2,0.023255813953488372,7
0.87,1206391033,random,degree,86,2,0.023255813953488372,1,0.011627906976744186,9
0.87,1892270980,random,degree,86,2,0.023255813953488372,2,0.023255813953488372,7
0.87,1692525981,random,degree,86,2,0.023255813953488372,1,0.011627906976744186,9
0.87,4230638889,random,degree,86,2,0.023255813953488372,1,0.011627906976744186,9
0.87,2427927387,random,degree,86,1,0.011627906976744186,1,0.011627906976744186,11
0.87,368458391,random,degree,86,1,0.011627906976744186,1,0.011627906976744186,11
0.87,4069374800,random,degree,86,2,0.023255813953488372,2,0.023255813953488372,7
0.87,2171446436,random,degree,86,2,0.023255813953488372,2,0.023255813953488372,7
0.87,1713821350,random,degree,86,2,0.023255813953488372,1,0.011627906976744186,9
0.87,2691875597,random,degree,86,2,0.023255813953488372,1,0.011627906976744186,9
0.87,3938281148,random,degree,86,2,0.023255813953488372,2,0.023255813953488372,7
0.87,3118789735,random,degree,86,1,0.011627906976744186,1,0.011627906976744186,11
0.87,3766814977,random,degree,86,3,0.03488372093023256,2,0.023255813953488372,6
0.87,1536104665,random,degree,86,2,0.023255813953488372,1,0.011627906976744186,9
0.87,3659665361,random,degree,86,1,0.011627906976744186,1,0.011627906976744186,11
0.87,325481154,random,degree,86,2,0.023255813953488372,2,0.023255813953488372,7
0.87,2402805373,random,degree,86,2,0.023255813953488372,1,0.011627906976744186,9
0.87,1230390804,random,degree,86,1,0.011627906976744186,1,0.011627906976744186,11
0.87,1279158113,random,degree,86,1,0.011627906976744186,1,0.011627906976744186,11
0.87,9576779,random,degree,86,1,0.011627906976744186,1,0.011627906976744186,11
0.87,4224940873,random,degree,86,2,0.023255813953488372,2,0.023255813953488372,7
0.87,2175686488,random,degree,86,2,0.023255813953488372,2,0.023255813953488372,5
0.87,1627622595,random,degree,86,1,0.011627906976744186,1,0.011627906976744186,11
0.87,1113025171,random,degree,86,3,0.03488372093023256,2,0.023255813953488372,6
0.87,1308147185,random,degree,86,1,0.011627906976744186,1,0.011627906976744186,11
0.87,3860605961,random,degree,86,2,0.023255813953488372,1,0.011627906976744186,9
0.87,4156846654,random,degree,86,2,0.023255813953488372,1,0.011627906976744186,9
0.87,1224415399,random,degree,86,2,0.023255813953488372,1,0.011627906976744186,9
0.87,2737016707,random,degree,86,2,0.023255813953488372,1,0.011627906976744186,9
0.87,1619675736,random,degree,86,2,0.023255813953488372,2,0.023255813953488372,7
0.87,230868237,random,degree,86,2,0.023255813953488372,2,0.023255813953488372,7
0.87,1024478916,random,degree,86,2,0.023255813953488372,2,0.023255813953488372,5
0.87,1425135800,random,degree,86,2,0.023255813953488372,1,0.011627906976744186,9
0.87,1629161268,random,degree,86,3,0.03488372093023256,1,0.011627906976744186,8
0.87,464310072,random,degree,86,3,0.03488372093023256,2,0.023255813953488372,4
0.87,3528963062,random,degree,86,1,0.011627906976744186,1,0.011627906976744186,11
0.87,3591789249,random,degree,86,1,0.011627906976744186,1,0.011627906976744186,11
0.87,1612841144,random,degree,86,2,0.023255813953488372,1,0.011627906976744186,9
0.87,156120398,random,degree,86,3,0.03488372093023256,1,0.011627906976744186,8
0.87,2526321754,random,degree,86,1,0.011627906976744186,1,0.011627906976744186,11
0.87,2945474059,random,degree,86,1,0.011627906976744186,1,0.011627906976744186,11
0.87,142971168,random,degree,86,1,0.011627906976744186,1,0.011627906976744186,11
0.87,593525908,random,degree,86,1,0.011627906976744186,1,0.011627906976744186,11
0.87,3623238332,random,degree,86,1,0.011627906976744186,1,0.011627906976744186,11
0.87,2246822005,random,degree,86,2,0.023255813953488372,1,0.011627906976744186,9
0.87,392121189,random,degree,86,1,0.011627906976744186,1,0.011627906976744186,11
0.87,241625321,random,degree,86,2,0.023255813953488372,1,0.011627906976744186,9
0.87,2415385805,random,degree,86,3,0.03488372093023256,1,0.011627906976744186,8
0.87,3413518167,random,degree,86,3,0.03488372093023256,1,0.011627906976744186,8
0.87,2167231766,random,degree,86,2,0.023255813953488372,2,0.023255813953488372,7
0.87,3984640851,random,degree,86,2,0.023255813953488372,2,0.023255813953488372,7
0.87,1274152135,random,degree,86,1,0.011627906976744186,1,0.011627906976744186,11
0.88,1708176455,random,degree,86,1,0.011627906976744186,1,0.011627906976744186,10
0.88,417193444,random,degree,86,3,0.03488372093023256,1,0.011627906976744186,7
0.88,3412294929,random,degree,86,1,0.011627906976744186,1,0.011627906976744186,10
0.88,3466628120,random,degree,86,2,0.023255813953488372,1,0.011627906976744186,8
0.88,3051043164,random,degree,86,2,0.023255813953488372,1,0.011627906976744186,8
0.88,998346381,random,degree,86,1,0.011627906976744186,1,0.011627906976744186,10
0.88,1640779937,random,degree,86,2,0.023255813953488372,2,0.023255813953488372,4
0.88,1971581126,random,degree,86,2,0.023255813953488372,1,0.011627906976744186,8
0.88,2558212010,random,degree,86,2,0.023255813953488372,1,0.011627906976744186,8
0.88,698162850,random,degree,86,2,0.023255813953488372,1,0.011627906976744186,8
0.88,3384902837,random,degree,86,2,0.023255813953488372,2,0.023255813953488372,6
0.88,3191063849,random,degree,86,3,0.03488372093023256,1,0.011627906976744186,7
0.88,191532686,random,degree,86,2,0.023255813953488372,1,0.011627906976744186,8
0.88,2790464571,random,degree,86,2,0.023255813953488372,1,0.011627906976744186,8
0.88,3588783447,random,degree,86,2,0.023255813953488372,1,0.011627906976744186,8
0.88,1820533173,random,degree,86,2,0.023255813953488372,1,0.011627906976744186,8
0.88,1282236056,random,degree,86,2,0.023255813953488372,1,0.011627906976744186,8
0.88,726975537,random,degree,86,2,0.023255813953488372,1,0.011627906976744186,8
0.88,2291806585,random,degree,86,2,0.023255813953488372,1,0.011627906976744186,8
0.88,1127231572,random,degree,86,2,0.023255813953488372,1,0.011627906976744186,8
0.88,2337916281,random,degree,86,2,0.023255813953488372,2,0.023255813953488372,6
0.88,2964483027,random,degree,86,2,0.023255813953488372,1,0.011627906976744186,8
0.88,217171186,random,degree,86,1,0.011627906976744186,1,0.011627906976744186,10
0.88,2995902457,random,degree,86,2,0.023255813953488372,1,0.011627906976744186,8
0.88,3051500672,random,degree,86,2,0.023255813953488372,2,0.023255813953488372,6
0.88,428733659,random,degree,86,1,0.011627906976744186,1,0.011627906976744186,10
0.88,447434757,random,degree,86,1,0.011627906976744186,1,0.011627906976744186,10
0.88,1423580387,random,degree,86,2,0.023255813953488372,1,0.011627906976744186,8
0.88,1803080422,random,degree,86,2,0.023255813953488372,1,0.011627906976744186,8
0.88,2954900537,random,degree,86,3,0.03488372093023256,2,0.023255813953488372,5
0.88,2874445775,random,degree,86,1,0.011627906976744186,1,0.011627906976744186,10
0.88,1148313132,random,degree,86,3,0.03488372093023256,1,0.011627906976744186,7
0.88,2317920746,random,degree,86,2,0.023255813953488372,2,0.023255813953488372,6
0.88,2265343446,random,degree,86,2,0.023255813953488372,2,0.023255813953488372,6
0.88,199710476,random,degree,86,2,0.023255813953488372,1,0.011627906976744186,8
0.88,2269762334,random,degree,86,2,0.023255813953488372,1,0.011627906976744186,8
0.88,2699479472,random,degree,86,2,0.023255813953488372,2,0.023255813953488372,6
0.88,982002590,random,degree,86,3,0.03488372093023256,1,0.011627906976744186,7
0.88,457030393,random,degree,86,1,0.011627906976744186,1,0.011627906976744186,10
0.88,3516179240,random,degree,86,4,0.046511627906976744,1,0.011627906976744186,6
0.88,2810342118,random,degree,86,2,0.023255813953488372,2,0.023255813953488372,6
0.88,3322544942,random,degree,86,2,0.023255813953488372,1,0.011627906976744186,8
0.88,2822946585,random,degree,86,1,0.011627906976744186,1,0.011627906976744186,10
0.88,303552059,random,degree,86,2,0.023255813953488372,1,0.011627906976744186,8
0.88,3373731896,random,degree,86,1,0.011627906976744186,1,0.011627906976744186,10
0.88,3193790433,random,degree,86,2,0.023255813953488372,1,0.011627906976744186,8
0.88,3432587215,random,degree,86,2,0.023255813953488372,1,0.011627906976744186,8
0.88,478738292,random,degree,86,2,0.023255813953488372,1,0.011627906976744186,8
0.88,887678923,random,degree,86,2,0.023255813953488372,1,0.011627906976744186,8
0.88,2674862367,random,degree,86,1,0.011627906976744186,1,0.011627906976744186,10
0.88,1865731447,random,degree,86,1,0.011627906976744186,1,0.011627906976744186,10
0.88,3266550866,random,degree,86,2,0.023255813953488372,1,0.011627906976744186,8
0.88,302087573,random,degree,86,1,0.011627906976744186,1,0.011627906976744186,10
0.88,2712321656,random,degree,86,2,0.023255813953488372,2,0.023255813953488372,6
0.88,3341440126,random,degree,86,1,0.011627906976744186,1,0.011627906976744186,10
0.88,282134082,random,degree,86,1,0.011627906976744186,1,0.011627906976744186,10
0.88,4030094727,random,degree,86,2,0.023255813953488372,1,0.011627906976744186,8
0.88,1696952673,random,degree,86,2,0.023255813953488372,1,0.011627906976744186,8
0.88,3887402066,random,degree,86,2,0.023255813953488372,2,0.023255813953488372,6
0.88,1878056043,random,degree,86,1,0.011627906976744186,1,0.011627906976744186,10
0.88,4186795373,random,degree,86,1,0.011627906976744186,1,0.011627906976744186,10
0.88,1498469810,random,degree,86,1,0.011627906976744186,1,0.011627906976744186,10
0.88,1991039185,random,degree,86,2,0.023255813953488372,1,0.011627906976744186,8
0.88,4061483980,random,degree,86,2,0.023255813953488372,1,0.011627906976744186,8
0.88,3449062802,random,degree,86,1,0.011627906976744186,1,0.011627906976744186,10
0.88,2279213763,random,degree,86,2,0.023255813953488372,2,0.023255813953488372,6
0.88,1058203033,random,degree,86,2,0.023255813953488372,2,0.023255813953488372,4
0.88,2209680310,random,degree,86,1,0.011627906976744186,1,0.011627906976744186,10
0.88,2246726837,random,degree,86,2,0.023255813953488372,2,0.023255813953488372,4
0.88,817475946,random,degree,86,1,0.011627906976744186,1,0.011627906976744186,10
0.88,2853677837,random,degree,86,2,0.023255813953488372,1,0.011627906976744186,8
0.88,3141869959,random,degree,86,2,0.023255813953488372,1,0.011627906976744186,8
0.88,1746397566,random,degree,86,1,0.011627906976744186,1,0.011627906976744186,10
0.88,4115575286,random,degree,86,2,0.023255813953488372,2,0.023255813953488372,4
0.88,2797703786,random,degree,86,1,0.011627906976744186,1,0.011627906976744186,10
0.88,251700250,random,degree,86,1,0.011627906976744186,1,0.011627906976744186,10
0.88,2536131948,random,degree,86,2,0.023255813953488372,1,0.011627906976744186,8
0.88,2150813471,random,degree,86,1,0.011627906976744186,1,0.011627906976744186,10
0.88,1330459651,random,degree,86,2,0.023255813953488372,2,0.023255813953488372,6
0.88,2042535939,random,degree,86,1,0.011627906976744186,1,0.011627906976744186,10
0.88,2274361151,random,degree,86,2,0.023255813953488372,2,0.023255813953488372,6
0.88,3114446409,random,degree,86,3,0.03488372093023256,1,0.011627906976744186,7
0.88,231430279,random,degree,86,1,0.011627906976744186,1,0.011627906976744186,10
0.88,3729536722,random,degree,86,2,0.023255813953488372,1,0.011627906976744186,8
0.88,2348610898,random,degree,86,2,0.023255813953488372,1,0.011627906976744186,8
0.88,847823319,random,degree,86,2,0.023255813953488372,1,0.011627906976744186,8
0.88,1202093154,random,degree,86,1,0.011627906976744186,1,0.011627906976744186,10
0.88,2541492912,random,degree,86,2,0.023255813953488372,2,0.023255813953488372,6
0.88,1522800300,random,degree,86,1,0.011627906976744186,1,0.011627906976744186,10
0.88,2458004411,random,degree,86,2,0.023255813953488372,2,0.023255813953488372,6
0.88,1088997162,random,degree,86,1,0.011627906976744186,1,0.011627906976744186,10
0.88,3949066153,random,degree,86,1,0.011627906976744186,1,0.011627906976744186,10
0.88,1460063037,random,degree,86,2,0.023255813953488372,2,0.023255813953488372,6
0.88,305502216,random,degree,86,2,0.023255813953488372,1,0.011627906976744186,8
0.88,2310980947,random,degree,86,2,0.023255813953488372,1,0.011627906976744186,8
0.88,600482493,random,degree,86,2,0.023255813953488372,1,0.011627906976744186,8
0.88,3205992241,random,degree,86,2,0.023255813953488372,2,0.023255813953488372,6
0.88,712984289,random,degree,86,2,0.023255813953488372,2,0.023255813953488372,6
0.88,3306792588,random,degree,86,2,0.023255813953488372,1,0.011627906976744186,8
0.88,1259782292,random,degree,86,2,0.023255813953488372,1,0.011627906976744186,8
0.89,94598590,random,degree,86,2,0.023255813953488372,1,0.011627906976744186,7
0.89,3412611292,random,degree,86,1,0.011627906976744186,1,0.011627906976744186,9
0.89,430018772,random,degree,86,1,0.011627906976744186,1,0.011627906976744186,9
0.89,2492309728,random,degree,86,2,0.023255813953488372,1,0.011627906976744186,7
0.89,3156181145,random,degree,86,2,0.023255813953488372,1,0.011627906976744186,7
0.89,1710920683,random,degree,86,1,0.011627906976744186,1,0.011627906976744186,9
0.89,1881604875,random,degree,86,1,0.011627906976744186,1,0.011627906976744186,9
0.89,3168677333,random,degree,86,1,0.011627906976744186,1,0.011627906976744186,9
0.89,2229931749,random,degree,86,1,0.011627906976744186,1,0.011627906976744186,9
0.89,4217033719,random,degree,86,3,0.03488372093023256,1,0.011627906976744186,6
0.89,1896724883,random,degree,86,2,0.023255813953488372,2,0.023255813953488372,5
0.89,3836119088,random,degree,86,2,0.023255813953488372,2,0.023255813953488372,5
0.89,215760545,random,degree,86,1,0.011627906976744186,1,0.011627906976744186,9
0.89,114674569,random,degree,86,2,0.023255813953488372,1,0.011627906976744186,7
0.89,2868586995,random,degree,86,1,0.011627906976744186,1,0.011627906976744186,9
0.89,3211975318,random,degree,86,2,0.023255813953488372,2,0.023255813953488372,5
0.89,3172172099,random,degree,86,2,0.023255813953488372,1,0.011627906976744186,7
0.89,3067970944,random,degree,86,1,0.011627906976744186,1,0.011627906976744186,9
0.89,475526934,random,degree,86,2,0.023255813953488372,1,0.011627906976744186,7
0.89,3710482355,random,degree,86,1,0.011627906976744186,1,0.011627906976744186,9
0.89,449911893,random,degree,86,1,0.011627906976744186,1,0.011627906976744186,9
0.89,861925782,random,degree,86,2,0.023255813953488372,1,0.011627906976744186,7
0.89,2422852657,random,degree,86,2,0.023255813953488372,1,0.011627906976744186,7
0.89,2074710090,random,degree,86,2,0.023255813953488372,1,0.011627906976744186,7
0.89,209847523,random,degree,86,2,0.023255813953488372,1,0.011627906976744186,7
0.89,1291589081,random,degree,86,2,0.023255813953488372,1,0.011627906976744186,7
0.89,475912299,random,degree,86,2,0.023255813953488372,1,0.011627906976744186,7
0.89,2833119058,random,degree,86,1,0.011627906976744186,1,0.011627906976744186,9
0.89,292242805,random,degree,86,2,0.023255813953488372,1,0.011627906976744186,7
0.89,246698498,random,degree,86,2,0.023255813953488372,1,0.011627906976744186,7
0.89,2561214223,random,degree,86,2,0.023255813953488372,1,0.011627906976744186,7
0.89,3731848431,random,degree,86,2,0.023255813953488372,1,0.011627906976744186,7
0.89,682338710,random,degree,86,2,0.023255813953488372,2,0.023255813953488372,5
0.89,2132402589,random,degree,86,1,0.011627906976744186,1,0.011627906976744186,9
0.89,3955376899,random,degree,86,2,0.023255813953488372,1,0.011627906976744186,7
0.89,3871425129,random,degree,86,2,0.023255813953488372,1,0.011627906976744186,7
0.89,304791042,random,degree,86,1,0.011627906976744186,1,0.011627906976744186,9
0.89,1228758398,random,degree,86,2,0.023255813953488372,1,0.011627906976744186,7
0.89,1070635286,random,degree,86,1,0.011627906976744186,1,0.011627906976744186,9
0.89,2767330419,random,degree,86,2,0.023255813953488372,1,0.011627906976744186,7
0.89,2089714697,random,degree,86,2,0.023255813953488372,2,0.023255813953488372,5
0.89,1149926659,random,degree,86,2,0.023255813953488372,1,0.011627906976744186,7
0.89,297540018,random,degree,86,2,0.023255813953488372,2,0.023255813953488372,5
0.89,1639744981,random,degree,86,1,0.011627906976744186,1,0.011627906976744186,9
0.89,2743798111,random,degree,86,1,0.011627906976744186,1,0.011627906976744186,9
0.89,2306814985,random,degree,86,2,0.023255813953488372,2,0.023255813953488372,5
0.89,3902374229,random,degree,86,2,0.023255813953488372,1,0.011627906976744186,7
0.89,1095993361,random,degree,86,1,0.011627906976744186,1,0.011627906976744186,9
0.89,3356508685,random,degree,86,2,0.023255813953488372,1,0.011627906976744186,7
0.89,303311062,random,degree,86,1,0.011627906976744186,1,0.011627906976744186,9
0.89,1509579866,random,degree,86,1,0.011627906976744186,1,0.011627906976744186,9
0.89,439706769,random,degree,86,2,0.023255813953488372,1,0.011627906976744186,7
0.89,3308426278,random,degree,86,1,0.011627906976744186,1,0.011627906976744186,9
0.89,2341147984,random,degree,86,1,0.011627906976744186,1,0.011627906976744186,9
0.89,233904767,random,degree,86,2,0.023255813953488372,1,0.011627906976744186,7
0.89,1756495219,random,degree,86,2,0.023255813953488372,1,0.011627906976744186,7
0.89,3050203725,random,degree,86,2,0.023255813953488372,1,0.011627906976744186,7
0.89,2595401324,random,degree,86,1,0.011627906976744186,1,0.011627906976744186,9
0.89,1903429538,random,degree,86,2,0.023255813953488372,1,0.011627906976744186,7
0.89,3282804533,random,degree,86,1,0.011627906976744186,1,0.011627906976744186,9
0.89,2244538666,random,degree,86,1,0.011627906976744186,1,0.011627906976744186,9
0.89,1398220455,random,degree,86,1,0.011627906976744186,1,0.011627906976744186,9
0.89,343000223,random,degree,86,2,0.023255813953488372,1,0.011627906976744186,7
0.89,2180802034,random,degree,86,2,0.023255813953488372,2,0.023255813953488372,5
0.89,1913935783,random,degree,86,3,0.03488372093023256,1,0.011627906976744186,6
0.89,1094657093,random,degree,86,1,0.011627906976744186,1,0.011627906976744186,9
0.89,2986982286,random,degree,86,2,0.023255813953488372,1,0.011627906976744186,7
0.89,208600572,random,degree,86,2,0.023255813953488372,2,0.023255813953488372,5
0.89,1176931844,random,degree,86,2,0.023255813953488372,2,0.023255813953488372,5
0.89,977658226,random,degree,86,2,0.023255813953488372,1,0.011627906976744186,7
0.89,1850288588,random,degree,86,2,0.023255813953488372,1,0.011627906976744186,7
0.89,457121975,random,degree,86,2,0.023255813953488372,1,0.011627906976744186,7
0.89,3875248046,random,degree,86,2,0.023255813953488372,1,0.011627906976744186,7
0.89,3735494225,random,degree,86,1,0.011627906976744186,1,0.011627906976744186,9
0.89,1761766382,random,degree,86,1,0.011627906976744186,1,0.011627906976744186,9
0.89,3555373343,random,degree,86,2,0.023255813953488372,2,0.023255813953488372,5
0.89,2761905890,random,degree,86,2,0.023255813953488372,1,0.011627906976744186,7
0.89,3175534745,random,degree,86,1,0.011627906976744186,1,0.011627906976744186,9
0.89,3464083188,random,degree,86,2,0.023255813953488372,1,0.011627906976744186,7
0.89,3093330979,random,degree,86,1,0.011627906976744186,1,0.011627906976744186,9
0.89,3473770106,random,degree,86,2,0.023255813953488372,1,0.011627906976744186,7
0.89,996650043,random,degree,86,3,0.03488372093023256,1,0.011627906976744186,6
0.89,3083502836,random,degree,86,1,0.011627906976744186,1,0.011627906976744186,9
0.89,397959524,random,degree,86,1,0.011627906976744186,1,0.011627906976744186,9
0.89,1919898778,random,degree,86,2,0.023255813953488372,1,0.011627906976744186,7
0.89,3616712834,random,degree,86,2,0.023255813953488372,1,0.011627906976744186,7
0.89,4128287711,random,degree,86,3,0.03488372093023256,2,0.023255813953488372,4
0.89,4201931817,random,degree,86,2,0.023255813953488372,1,0.011627906976744186,7
0.89,1735131936,random,degree,86,3,0.03488372093023256,1,0.011627906976744186,6
0.89,985223654,random,degree,86,1,0.011627906976744186,1,0.011627906976744186,9
0.89,2897880144,random,degree,86,1,0.011627906976744186,1,0.011627906976744186,9
0.89,437122527,random,degree,86,1,0.011627906976744186,1,0.011627906976744186,9
0.89,979932296,random,degree,86,1,0.011627906976744186,1,0.011627906976744186,9
0.89,2435805131,random,degree,86,2,0.023255813953488372,1,0.011627906976744186,7
0.89,2768454400,random,degree,86,1,0.011627906976744186,1,0.011627906976744186,9
0.89,2815292629,random,degree,86,2,0.023255813953488372,1,0.011627906976744186,7
0.89,746635970,random,degree,86,2,0.023255813953488372,2,0.023255813953488372,5
0.89,2333002384,random,degree,86,2,0.023255813953488372,1,0.011627906976744186,7
0.89,3016713579,random,degree,86,2,0.023255813953488372,2,0.023255813953488372,3
0.89,2250059071,random,degree,86,1,0.011627906976744186,1,0.011627906976744186,9
0.9,3053077280,random,degree,86,2,0.023255813953488372,2,0.023255813953488372,5
0.9,1690171223,random,degree,86,3,0.03488372093023256,2,0.023255813953488372,4
0.9,2429340703,random,degree,86,1,0.011627906976744186,1,0.011627906976744186,9
0.9,2141277199,random,degree,86,1,0.011627906976744186,1,0.011627906976744186,9
0.9,1485675009,random,degree,86,2,0.023255813953488372,2,0.023255813953488372,5
0.9,2351173055,random,degree,86,2,0.023255813953488372,1,0.011627906976744186,7
0.9,1674443987,random,degree,86,2,0.023255813953488372,2,0.023255813953488372,5
0.9,1580391710,random,degree,86,1,0.011627906976744186,1,0.011627906976744186,9
0.9,3695582052,random,degree,86,1,0.011627906976744186,1,0.011627906976744186,9
0.9,413323021,random,degree,86,2,0.023255813953488372,2,0.023255813953488372,5
0.9,789258341,random,degree,86,2,0.023255813953488372,1,0.011627906976744186,7
0.9,1506656707,random,degree,86,1,0.011627906976744186,1,0.011627906976744186,9
0.9,1578482138,random,degree,86,2,0.023255813953488372,2,0.023255813953488372,5
0.9,3511134162,random,degree,86,2,0.023255813953488372,1,0.011627906976744186,7
0.9,1066437156,random,degree,86,2,0.023255813953488372,1,0.011627906976744186,7
0.9,256474987,random,degree,86,1,0.011627906976744186,1,0.011627906976744186,9
0.9,4016262562,random,degree,86,1,0.011627906976744186,1,0.011627906976744186,9
0.9,2471388419,random,degree,86,1,0.011627906976744186,1,0.011627906976744186,9
0.9,3869064352,random,degree,86,2,0.023255813953488372,2,0.023255813953488372,5
0.9,221116481,random,degree,86,2,0.023255813953488372,1,0.011627906976744186,7
0.9,416983210,random,degree,86,1,0.011627906976744186,1,0.011627906976744186,9
0.9,1698382578,random,degree,86,1,0.011627906976744186,1,0.011627906976744186,9
0.9,2713060039,random,degree,86,2,0.023255813953488372,1,0.011627906976744186,7
0.9,3649437684,random,degree,86,1,0.011627906976744186,1,0.011627906976744186,9
0.9,1368604232,random,degree,86,1,0.011627906976744186,1,0.011627906976744186,9
0.9,2408256967,random,degree,86,1,0.011627906976744186,1,0.011627906976744186,9
0.9,4019775182,random,degree,86,1,0.011627906976744186,1,0.011627906976744186,9
0.9,455263180,random,degree,86,1,0.011627906976744186,1,0.011627906976744186,9
0.9,3848773158,random,degree,86,2,0.023255813953488372,1,0.011627906976744186,7
0.9,4167594526,random,degree,86,2,0.023255813953488372,2,0.023255813953488372,5
0.9,3000910358,random,degree,86,2,0.023255813953488372,2,0.023255813953488372,5
0.9,1252923597,random,degree,86,2,0.023255813953488372,1,0.011627906976744186,7
0.9,1704387654,random,degree,86,1,0.011627906976744186,1,0.011627906976744186,9
0.9,178020128,random,degree,86,1,0.011627906976744186,1,0.011627906976744186,9
0.9,452034105,random,degree,86,1,0.011627906976744186,1,0.011627906976744186,9
0.9,1311500232,random,degree,86,1,0.011627906976744186,1,0.011627906976744186,9
0.9,4093173313,random,degree,86,1,0.011627906976744186,1,0.011627906976744186,9
0.9,1596801486,random,degree,86,2,0.023255813953488372,1,0.011627906976744186,7
0.9,1788177717,random,degree,86,2,0.023255813953488372,2,0.023255813953488372,5
0.9,2453876998,random,degree,86,1,0.011627906976744186,1,0.011627906976744186,9
0.9,2345051309,random,degree,86,1,0.011627906976744186,1,0.011627906976744186,9
0.9,2099790309,random,degree,86,2,0.023255813953488372,1,0.011627906976744186,7
0.9,1565979502,random,degree,86,2,0.023255813953488372,2,0.023255813953488372,5
0.9,1315083139,random,degree,86,2,0.023255813953488372,2,0.023255813953488372,5
0.9,1957956721,random,degree,86,3,0.03488372093023256,1,0.011627906976744186,6
0.9,3618476906,random,degree,86,1,0.011627906976744186,1,0.011627906976744186,9
0.9,3057147935,random,degree,86,1,0.011627906976744186,1,0.011627906976744186,9
0.9,1561632460,random,degree,86,2,0.023255813953488372,1,0.011627906976744186,7
0.9,1553909142,random,degree,86,2,0.023255813953488372,2,0.023255813953488372,5
0.9,944564139,random,degree,86,2,0.023255813953488372,1,0.011627906976744186,7
0.9,133797876,random,degree,86,2,0.023255813953488372,2,0.023255813953488372,5
0.9,1413061381,random,degree,86,1,0.011627906976744186,1,0.011627906976744186,9
0.9,3315202677,random,degree,86,1,0.011627906976744186,1,0.011627906976744186,9
0.9,2976257846,random,degree,86,1,0.011627906976744186,1,0.011627906976744186,9
0.9,3586103946,random,degree,86,1,0.011627906976744186,1,0.011627906976744186,9
0.9,2071558553,random,degree,86,2,0.023255813953488372,1,0.011627906976744186,7
0.9,29484064,random,degree,86,2,0.023255813953488372,1,0.011627906976744186,7
0.9,4092021317,random,degree,86,2,0.023255813953488372,1,0.011627906976744186,7
0.9,3470708222,random,degree,86,1,0.011627906976744186,1,0.011627906976744186,9
0.9,2013527748,random,degree,86,2,0.023255813953488372,1,0.011627906976744186,7
0.9,3003094793,random,degree,86,2,0.023255813953488372,1,0.011627906976744186,7
0.9,301221104,random,degree,86,1,0.011627906976744186,1,0.011627906976744186,9
0.9,3461554046,random,degree,86,2,0.023255813953488372,1,0.011627906976744186,7
0.9,2186840452,random,degree,86,2,0.023255813953488372,1,0.011627906976744186,7
0.9,3705083435,random,degree,86,3,0.03488372093023256,1,0.011627906976744186,6
0.9,2720737856,random,degree,86,2,0.023255813953488372,1,0.011627906976744186,7
0.9,3815284116,random,degree,86,2,0.023255813953488372,1,0.011627906976744186,7
0.9,2945735506,random,degree,86,2,0.023255813953488372,1,0.011627906976744186,7
0.9,718637802,random,degree,86,2,0.023255813953488372,1,0.011627906976744186,7
0.9,909485354,random,degree,86,3,0.03488372093023256,1,0.011627906976744186,6
0.9,3654068759,random,degree,86,2,0.023255813953488372,1,0.011627906976744186,7
0.9,3034950214,random,degree,86,3,0.03488372093023256,1,0.011627906976744186,6
0.9,962908578,random,degree,86,2,0.023255813953488372,1,0.011627906976744186,7
0.9,2746618036,random,degree,86,2,0.023255813953488372,1,0.011627906976744186,7
0.9,2569393122,random,degree,86,1,0.011627906976744186,1,0.011627906976744186,9
0.9,2526914960,random,degree,86,2,0.023255813953488372,2,0.023255813953488372,5
0.9,63600461,random,degree,86,1,0.011627906976744186,1,0.011627906976744186,9
0.9,1138917470,random,degree,86,2,0.023255813953488372,2,0.023255813953488372,5
0.9,11514345,random,degree,86,4,0.046511627906976744,2,0.023255813953488372,3
0.9,2427236038,random,degree,86,1,0.011627906976744186,1,0.011627906976744186,9
0.9,2183312549,random,degree,86,2,0.023255813953488372,2,0.023255813953488372,5
0.9,1621976181,random,degree,86,2,0.023255813953488372,1,0.011627906976744186,7
0.9,817338914,random,degree,86,2,0.023255813953488372,1,0.011627906976744186,7
0.9,2196718355,random,degree,86,1,0.011627906976744186,1,0.011627906976744186,9
0.9,2460763107,random,degree,86,2,0.023255813953488372,1,0.011627906976744186,7
0.9,1219298295,random,degree,86,1,0.011627906976744186,1,0.011627906976744186,9
0.9,10032332,random,degree,86,2,0.023255813953488372,1,0.011627906976744186,7
0.9,3103591174,random,degree,86,2,0.023255813953488372,1,0.011627906976744186,7
0.9,956039256,random,degree,86,1,0.011627906976744186,1,0.011627906976744186,9
0.9,1370710044,random,degree,86,2,0.023255813953488372,1,0.011627906976744186,7
0.9,2718140648,random,degree,86,2,0.023255813953488372,2,0.023255813953488372,5
0.9,2872763709,random,degree,86,2,0.023255813953488372,2,0.023255813953488372,5
0.9,3727690645,random,degree,86,2,0.023255813953488372,1,0.011627906976744186,7
0.9,3249686417,random,degree,86,2,0.023255813953488372,1,0.011627906976744186,7
0.9,1961170049,random,degree,86,1,0.011627906976744186,1,0.011627906976744186,9
0.9,1111326964,random,degree,86,2,0.023255813953488372,1,0.011627906976744186,7
0.9,2723221767,random,degree,86,3,0.03488372093023256,2,0.023255813953488372,4
0.9,3052214886,random,degree,86,2,0.023255813953488372,2,0.023255813953488372,5
0.9,2774443568,random,degree,86,1,0.011627906976744186,1,0.011627906976744186,9
0.9,3063787466,random,degree,86,2,0.023255813953488372,1,0.011627906976744186,7
1.0,1687966323,random,degree,86,0,0.0,0,0.0,0
1.0,1391148702,random,degree,86,0,0.0,0,0.0,0
1.0,4073083817,random,degree,86,0,0.0,0,0.0,0
1.0,1037924593,random,degree,86,0,0.0,0,0.0,0
1.0,356259888,random,degree,86,0,0.0,0,0.0,0
1.0,1048866736,random,degree,86,0,0.0,0,0.0,0
1.0,376249907,random,degree,86,0,0.0,0,0.0,0
1.0,3330824373,random,degree,86,0,0.0,0,0.0,0
1.0,1797581337,random,degree,86,0,0.0,0,0.0,0
1.0,2054170432,random,degree,86,0,0.0,0,0.0,0
1.0,753462009,random,degree,86,0,0.0,0,0.0,0
1.0,3176367249,random,degree,86,0,0.0,0,0.0,0
1.0,3945213243,random,degree,86,0,0.0,0,0.0,0
1.0,1772143102,random,degree,86,0,0.0,0,0.0,0
1.0,26501499,random,degree,86,0,0.0,0,0.0,0
1.0,4093612119,random,degree,86,0,0.0,0,0.0,0
1.0,776436245,random,degree,86,0,0.0,0,0.0,0
1.0,2954263108,random,degree,86,0,0.0,0,0.0,0
1.0,2060278448,random,degree,86,0,0.0,0,0.0,0
1.0,982681595,random,degree,86,0,0.0,0,0.0,0
1.0,274515462,random,degree,86,0,0.0,0,0.0,0
1.0,1539040994,random,degree,86,0,0.0,0,0.0,0
1.0,897586924,random,degree,86,0,0.0,0,0.0,0
1.0,2876132060,random,degree,86,0,0.0,0,0.0,0
1.0,1067964053,random,degree,86,0,0.0,0,0.0,0
1.0,1683203409,random,degree,86,0,0.0,0,0.0,0
1.0,1770430148,random,degree,86,0,0.0,0,0.0,0
1.0,846503059,random,degree,86,0,0.0,0,0.0,0
1.0,761631105,random,degree,86,0,0.0,0,0.0,0
1.0,2638873902,random,degree,86,0,0.0,0,0.0,0
1.0,2244072061,random,degree,86,0,0.0,0,0.0,0
1.0,3327111583,random,degree,86,0,0.0,0,0.0,0
1.0,907230722,random,degree,86,0,0.0,0,0.0,0
1.0,398689693,random,degree,86,0,0.0,0,0.0,0
1.0,2305552761,random,degree,86,0,0.0,0,0.0,0
1.0,965638761,random,degree,86,0,0.0,0,0.0,0
1.0,3382245634,random,degree,86,0,0.0,0,0.0,0
1.0,4043861413,random,degree,86,0,0.0,0,0.0,0
1.0,3977066903,random,degree,86,0,0.0,0,0.0,0
1.0,2126211911,random,degree,86,0,0.0,0,0.0,0
1.0,2832666292,random,degree,86,0,0.0,0,0.0,0
1.0,1129986921,random,degree,86,0,0.0,0,0.0,0
1.0,3526982755,random,degree,86,0,0.0,0,0.0,0
1.0,4289173746,random,degree,86,0,0.0,0,0.0,0
1.0,2518158837,random,degree,86,0,0.0,0,0.0,0
1.0,624028214,random,degree,86,0,0.0,0,0.0,0
1.0,4266488646,random,degree,86,0,0.0,0,0.0,0
1.0,3832471305,random,degree,86,0,0.0,0,0.0,0
1.0,2995609326,random,degree,86,0,0.0,0,0.0,0
1.0,2486857047,random,degree,86,0,0.0,0,0.0,0
1.0,3959727547,random,degree,86,0,0.0,0,0.0,0
1.0,2878970013,random,degree,86,0,0.0,0,0.0,0
1.0,1052869867,random,degree,86,0,0.0,0,0.0,0
1.0,509440217,random,degree,86,0,0.0,0,0.0,0
1.0,2306034819,random,degree,86,0,0.0,0,0.0,0
1.0,3837322749,random,degree,86,0,0.0,0,0.0,0
1.0,2391522871,random,degree,86,0,0.0,0,0.0,0
1.0,1212120534,random,degree,86,0,0.0,0,0.0,0
1.0,1244518681,random,degree,86,0,0.0,0,0.0,0
1.0,4292864897,random,degree,86,0,0.0,0,0.0,0
1.0,2046986163,random,degree,86,0,0.0,0,0.0,0
1.0,4107941575,random,degree,86,0,0.0,0,0.0,0
1.0,4208729767,random,degree,86,0,0.0,0,0.0,0
1.0,3026989239,random,degree,86,0,0.0,0,0.0,0
1.0,2431845323,random,degree,86,0,0.0,0,0.0,0
1.0,1921187678,random,degree,86,0,0.0,0,0.0,0
1.0,1483069735,random,degree,86,0,0.0,0,0.0,0
1.0,987658102,random,degree,86,0,0.0,0,0.0,0
1.0,598522656,random,degree,86,0,0.0,0,0.0,0
1.0,3206689428,random,degree,86,0,0.0,0,0.0,0
1.0,3674949536,random,degree,86,0,0.0,0,0.0,0
1.0,2793644150,random,degree,86,0,0.0,0,0.0,0
1.0,2455394471,random,degree,86,0,0.0,0,0.0,0
1.0,1564125603,random,degree,86,0,0.0,0,0.0,0
1.0,280621542,random,degree,86,0,0.0,0,0.0,0
1.0,558156073,random,degree,86,0,0.0,0,0.0,0
1.0,45420381,random,degree,86,0,0.0,0,0.0,0
1.0,885968765,random,degree,86,0,0.0,0,0.0,0
1.0,1299296986,random,degree,86,0,0.0,0,0.0,0
1.0,1750006559,random,degree,86,0,0.0,0,0.0,0
1.0,1533273793,random,degree,86,0,0.0,0,0.0,0
1.0,1469272419,random,degree,86,0,0.0,0,0.0,0
1.0,3680460284,random,degree,86,0,0.0,0,0.0,0
1.0,1540904460,random,degree,86,0,0.0,0,0.0,0
1.0,4290534965,random,degree,86,0,0.0,0,0.0,0
1.0,1412113031,random,degree,86,0,0.0,0,0.0,0
1.0,1564705005,random,degree,86,0,0.0,0,0.0,0
1.0,3571128708,random,degree,86,0,0.0,0,0.0,0
1.0,2688640976,random,degree,86,0,0.0,0,0.0,0
1.0,1045726241,random,degree,86,0,0.0,0,0.0,0
1.0,903892669,random,degree,86,0,0.0,0,0.0,0
1.0,650062378,random,degree,86,0,0.0,0,0.0,0
1.0,980176712,random,degree,86,0,0.0,0,0.0,0
1.0,1843085291,random,degree,86,0,0.0,0,0.0,0
1.0,2980720635,random,degree,86,0,0.0,0,0.0,0
1.0,3063272848,random,degree,86,0,0.0,0,0.0,0
1.0,4198302352,random,degree,86,0,0.0,0,0.0,0
1.0,1369447527,random,degree,86,0,0.0,0,0.0,0
1.0,1189746377,random,degree,86,0,0.0,0,0.0,0
1.0,1828264285,random,degree,86,0,0.0,0,0.0,0
